 Is Child Table,Podređena tabela,
%  Delivered,Isporučeno%,
% Amount Billed,% Naplaćenog iznosa,
% Billed,Naplaćeno%,
% Complete Method,% Complete Način,
% Completed,Završen%,
% Installed,Instalirano%,
% Ordered,% Poruceno,
% Picked,% Odabrano,
% Process Loss,% Procesni Gubitak,
% Progress,% Napredak,
% Received,% Primljeno,
% Returned,% Vraćeno,
% of materials billed against this Sales Order,% Materijala naplaćeno protiv ovog prodajnog naloga,
% of materials delivered against this Sales Order,% Materijala dostavljenih od ovog prodajnog naloga,
(Hour Rate / 60) * Actual Operation Time,(Satnica / 60) * Puna radno vrijeme,
(including),(uključujući),
* Will be calculated in the transaction.,* Hoće li biti izračunata u transakciji.,
1 Loyalty Points = How much base currency?,1 Loyalty Bodovi = Kolika osnovna valuta?,
1 hr,1 h,
2 Yearly,2 Yearly,
3 Yearly,3 Godišnje,
30 mins,30 min,
6 hrs,6 sati,
"<br>
<h4>Note</h4>
<ul>
<li>
You can use <a href=""https://jinja.palletsprojects.com/en/2.11.x/"" target=""_blank"">Jinja tags</a> in <b>Subject</b> and <b>Body</b> fields for dynamic values.
</li><li>
    All fields in this doctype are available under the <b>doc</b> object and all fields for the customer to whom the mail will go to is available under the  <b>customer</b> object.
</li></ul>
<h4> Examples</h4>
<!-- {% raw %} -->
<ul>
    <li><b>Subject</b>:<br><br><pre><code>Statement Of Accounts for {{ customer.customer_name }}</code></pre><br></li>
    <li><b>Body</b>: <br><br>
<pre><code>Hello {{ customer.customer_name }},<br>PFA your Statement Of Accounts from {{ doc.from_date }} to {{ doc.to_date }}.</code> </pre></li>
</ul>
<!-- {% endraw %} -->","<br>
<h4>Napomena</h4>
<ul>
<li>
Možete koristiti <a href=""https://jinja.palletsprojects.com/en/2.11.x/"" target=""_blank"">Jinja Oznake</a> u <b>Predmet</b> i <b>Sadržaj</b> polja za dinamičke vrijednosti.
</li><li>
     Sva polja u ovom tipu dokumenta dostupna su pod objektom <b>doc</b>, a sva polja za klijenta kojem će ići pošta dostupna su pod objektom <b>Klijent</b>.
</li></ul>
<h4> Primjeri</h4>
<!-- {% raw %} -->
<ul>
     <li><b>Predmet</b>:<br><br><pre><code>Izvod računa za {{ customer.customer_name }}</code></pre><br></li>
     <li><b>Tijelo</b>: <br><br>
<pre><code>Zdravo {{ customer.customer_name }},<br>PFA vaš izvod računa od {{ doc.from_date }} do {{ doc.to_date }}.</code> </pre></li>
</ul>
<!-- {% endraw %} -->",
"<div class=""columnHeading"">Other Details</div>","<div class=""columnHeading"">Ostali Detalji</div>",
"<div class=""text-muted text-center"">No Matching Bank Transactions Found</div>","<div class=""text-muted text-center"">Nisu Pronađene Odgovarajuće Bankovne Transakcije</div>",
"<div>
<h3> All dimensions in centimeter only </h3>
</div>","<div>
<h3> Sve dimenzije samo u centimetrima </h3>
</div>",
"<h3>About Product Bundle</h3>

<p>Aggregate group of <b>Items</b> into another <b>Item</b>. This is useful if you are bundling a certain <b>Items</b> into a package and you maintain stock of the packed <b>Items</b> and not the aggregate <b>Item</b>.</p>
<p>The package <b>Item</b> will have <code>Is Stock Item</code> as <b>No</b> and <code>Is Sales Item</code> as <b>Yes</b>.</p>
<h4>Example:</h4>
<p>If you are selling Laptops and Backpacks separately and have a special price if the customer buys both, then the Laptop + Backpack will be a new Product Bundle Item.</p>","<h3>O Paketu Proizvoda</h3>

<p>Spoji grupu <b>artikala</b> u drugi <b>artikal</b>. Ovo je korisno ako spajate određene <b>Artikle</b> u paket i održavate zalihe upakiranih <b>artikala</b>, a ne zbirn <b>artikal</b>.</p>
<p>Paketni <b>Artikal</b> će imati <code>artikle na zalihi</code> kao <b>Ne</b> i <code>Prodajni Artikal</code> kao <b>Da </b>.</p>
<h4>Primjer:</h4>
<p>Ako prodajete prijenosna računala i ruksake odvojeno i imate posebnu cijenu ako Klijent kupi oboje, tada će prijenosno računalo + ruksak biti novi artikal paketa proizvoda.</p>",
"<h3>Currency Exchange Settings Help</h3>
<p>There are 3 variables that could be used within the endpoint, result key and in values of the parameter.</p>
<p>Exchange rate between {from_currency} and {to_currency} on {transaction_date} is fetched by the API.</p>
<p>Example: If your endpoint is exchange.com/2021-08-01, then, you will have to input exchange.com/{transaction_date}</p>","<h3>Pomoć za Postavke Razmjene Valuta</h3>
<p>Postoje 3 varijable koje se mogu koristiti unutar krajnje tačke, ključa rezultata i u vrijednostima parametra.</p>
<p>Razmjenski kurs između {from_currency} i {to_currency} na dan {transaction_date} preuzima API.</p>
<p>Primjer: Ako je vaša krajnja tačka exchange.com/2021-08-01, tada ćete morati unijeti exchange.com/{transaction_date}</p>",
"<h4>Body Text and Closing Text Example</h4>

<div>We have noticed that you have not yet paid invoice {{sales_invoice}} for {{frappe.db.get_value(""Currency"", currency, ""symbol"")}} {{outstanding_amount}}. This is a friendly reminder that the invoice was due on {{due_date}}. Please pay the amount due immediately to avoid any further dunning cost.</div>

<h4>How to get fieldnames</h4>

<p>The fieldnames you can use in your template are the fields in the document. You can find out the fields of any documents via Setup &gt; Customize Form View and selecting the document type (e.g. Sales Invoice)</p>

<h4>Templating</h4>

<p>Templates are compiled using the Jinja Templating Language. To learn more about Jinja, <a class=""strong"" href=""http://jinja.pocoo.org/docs/dev/templates/"">read this documentation.</a></p>","<h4>Sadržajni Tekst i primjer Završnog teksta</h4>

<div>Primijetili smo da još niste platili fakturu {{sales_invoice}} za {{frappe.db.get_value(""Currency"", currency, ""symbol"")}} {{outstanding_amount}}. Ovo je prijateljski podsjetnik da je faktura dospjela na dan {{due_date}}. Molimo vas da odmah platite iznos koji dugujete kako biste izbjegli bilo kakve dodatne troškove opomene.</div>

<h4>Kako dobiti imena polja</h4>

<p>Nazivi polja koje možete koristiti u svom šablonu su polja u dokumentu. Možete saznati polja bilo kojeg dokumenta putem Podešavanja &gt; Prilagodite prikaz obrasca i odabir tipa dokumenta (npr. Prodajna Faktura)</p>

<h4>Šablon</h4>

<p>Šabloni se kompajliraju koristeći Jinja Templating Language. Da saznate više o Jinji, <a class=""strong"" href=""http://jinja.pocoo.org/docs/dev/templates/"">pročitajte ovu dokumentaciju.</a></p>",
"<h4>Contract Template Example</h4>

<pre>Contract for Customer {{ party_name }}

-Valid From : {{ start_date }} 
-Valid To : {{ end_date }}
</pre>

<h4>How to get fieldnames</h4>

<p>The field names you can use in your Contract Template are the fields in the Contract for which you are creating the template. You can find out the fields of any documents via Setup &gt; Customize Form View and selecting the document type (e.g. Contract)</p>

<h4>Templating</h4>

<p>Templates are compiled using the Jinja Templating Language. To learn more about Jinja, <a class=""strong"" href=""http://jinja.pocoo.org/docs/dev/templates/"">read this documentation.</a></p>","<h4>Primjer Šablona Ugovora</h4>

<pre>Ugovor za Kupca {{ party_name }}

-Važi od: {{ start_date }}
-Važi do: {{ end_date }}
</pre>

<h4>Kako dobiti imena polja</h4>

<p>Nazivi polja koje možete koristiti u svom predlošku ugovora su polja u ugovoru za koje kreirate šablon. Možete saznati polja bilo kojeg dokumenta putem Podešavanja &gt; Prilagodite prikaz obrasca i odabir vrste dokumenta (npr. Ugovor)</p>

<h4>Šablon</h4>

<p>Šabloni se kompajliraju koristeći Jinja Templating Language. Da saznate više o Jinji, <a class=""strong"" href=""http://jinja.pocoo.org/docs/dev/templates/"">pročitajte ovu dokumentaciju.</a></p>",
"<h4>Standard Terms and Conditions Example</h4>

<pre>Delivery Terms for Order number {{ name }}

-Order Date : {{ transaction_date }} 
-Expected Delivery Date : {{ delivery_date }}
</pre>

<h4>How to get fieldnames</h4>

<p>The fieldnames you can use in your email template are the fields in the document from which you are sending the email. You can find out the fields of any documents via Setup &gt; Customize Form View and selecting the document type (e.g. Sales Invoice)</p>

<h4>Templating</h4>

<p>Templates are compiled using the Jinja Templating Language. To learn more about Jinja, <a class=""strong"" href=""http://jinja.pocoo.org/docs/dev/templates/"">read this documentation.</a></p>","<h4>Primjer Standardnih Odredbi i Uvjeta</h4>

<pre>Uvjeti dostaveza broj Naloga {{ name }}

- Datum Naloga: {{ transaction_date }}
- Očekivani Datum Dostave: {{ delivery_date }}
</pre>

<h4>Kako preuzeti nazive polja</h4>

<p>Imena polja koja možete koristiti u svom šablonu e-pošte su polja u dokumentu iz kojeg šaljete e-poštu. Polja bilo kojeg dokumenta možete pronaći preko Postavljanje &gt; Prilagodite prikaz forme i odaberite tip dokumenta (npr. Prodajna Faktura)</p>

<h4>Izrada Šablona</h4>

<p>Šabloni su sastavljeni pomoću Jinja Templating Language. Da biste saznali više o Jinji, <a class=""strong"" href=""http://jinja.pocoo.org/docs/dev/templates/"">pročitajte ovu dokumentaciju.</a></p>",
"<h5 class=""text-muted uppercase"">Or</h5>","<h5 class=""text-muted uppercase"">Ili</h5>",
"<label class=""control-label"" style=""margin-bottom: 0px;"">Account Number Settings</label>","<label class=""control-label"" style=""margin-bottom: 0px;"">Postavke broja računa</label>",
"<label class=""control-label"" style=""margin-bottom: 0px;"">Amount In Words</label>","<label class=""control-label"" style=""margin-bottom: 0px;"">Iznos U Riječima</label>",
"<label class=""control-label"" style=""margin-bottom: 0px;"">Date Settings</label>","<label class=""control-label"" style=""margin-bottom: 0px;"">Postavke Datuma</label>",
"<p>In your <b>Email Template</b>, you can use the following special variables:
</p>
<ul>
        <li>
            <code>{{ update_password_link }}</code>: A link where your supplier can set a new password to log into your portal.
        </li>
        <li>
            <code>{{ portal_link }}</code>: A link to this RFQ in your supplier portal.
        </li>
        <li>
            <code>{{ supplier_name }}</code>: The company name of your supplier.
        </li>
        <li>
            <code>{{ contact.salutation }} {{ contact.last_name }}</code>: The contact person of your supplier.
        </li><li>
            <code>{{ user_fullname }}</code>: Your full name.
        </li>
    </ul>
<p></p>
<p>Apart from these, you can access all values in this RFQ, like <code>{{ message_for_supplier }}</code> or <code>{{ terms }}</code>.</p>","<p>U vašem <b>Šablonu e-pošte</b> možete koristiti sljedeće posebne varijable:
</p>
<ul>
 <li>
 <code>{{ update_password_link }}</code>: Veza na kojoj vaš dobavljač može postaviti novu lozinku za prijavu na vaš portal.
 </li>
 <li>
 <code>{{ portal_link }}</code>: Veza na ovaj Zahtjev za ponudu na portalu vašeg dobavljača.
 </li>
 <li>
 <code>{{ supplier_name }}</code>: naziv firme vašeg dobavljača.
 </li>
 <li>
 <code>{{ contact.salutation }} {{ contact.last_name }}</code>: Kontakt osoba vašeg dobavljača.
 </li><li>
 <code>{{ user_fullname }}</code>: Vaše puno ime.
 </li>
 </ul>
<p></p>
<p>Osim ovih, možete pristupiti svim vrijednostima u ovom Zahtjevu za ponudu, kao što su <code>{{ message_for_supplier }}</code> ili <code>{{ terms }}</code>.</p>",
"<pre><h5>Message Example</h5>

&lt;p&gt; Thank You for being a part of {{ doc.company }}! We hope you are enjoying the service.&lt;/p&gt;

&lt;p&gt; Please find enclosed the E Bill statement. The outstanding amount is {{ doc.grand_total }}.&lt;/p&gt;

&lt;p&gt; We don't want you to be spending time running around in order to pay for your Bill.<br>After all, life is beautiful and the time you have in hand should be spent to enjoy it!<br>So here are our little ways to help you get more time for life! &lt;/p&gt;

&lt;a href=""{{ payment_url }}""&gt; click here to pay &lt;/a&gt;

</pre>
","<pre><h5>Primjer poruke</h5>

&lt;p&gt; Hvala vam što ste dio {{ doc.company }}! Nadamo se da uživate u usluzi.&lt;/p&gt;

&lt;p&gt; U prilogu se nalazi izvod E računa. Nepodmireni iznos je {{ doc.grand_total }}.&lt;/p&gt;

&lt;p&gt; Ne želimo da trošite vrijeme na trčanje okolo kako biste platili svoj račun.<br>Uostalom, život je lijep i vrijeme koje imate u ruci treba potrošiti da uživate u njemu!<br>Dakle, evo naših malih načina da vam pomognemo da dobijete više vremena za život! &lt;/p&gt;

&lt;a href=""{{ payment_url }}""&gt; kliknite ovdje da platite &lt;/a&gt;

</pre>",
"<pre><h5>Message Example</h5>

&lt;p&gt;Dear {{ doc.contact_person }},&lt;/p&gt;

&lt;p&gt;Requesting payment for {{ doc.doctype }}, {{ doc.name }} for {{ doc.grand_total }}.&lt;/p&gt;

&lt;a href=""{{ payment_url }}""&gt; click here to pay &lt;/a&gt;

</pre>
","<pre><h5>Primjer poruke</h5>

&lt;p&gt;Poštovani {{ doc.contact_person }},&lt;/p&gt;

&lt;p&gt;Tražim plaćanje za {{ doc.doctype }}, {{ doc.name }} za {{ doc.grand_total }}.&lt;/p&gt;

&lt;a href=""{{ payment_url }}""&gt; kliknite ovdje da platite &lt;/a&gt;

</pre>",
"<table class=""table table-bordered table-condensed"">
<thead>
  <tr>
         <th class=""table-sr"" style=""width: 50%;"">Child Document</th>
         <th class=""table-sr"" style=""width: 50%;"">Non Child Document</th>
   </tr>
</thead>
<tbody>
<tr>
         <td>
                  <p> To access parent document field use parent.fieldname and to access child table document field use doc.fieldname </p>

         </td>
         <td>
                    <p>To access document field use doc.fieldname </p>
         </td>
</tr>
<tr>
        <td>
                   <p><b>Example: </b> parent.doctype == ""Stock Entry"" and doc.item_code == ""Test"" </p>

        </td>
         <td>
                   <p><b>Example: </b> doc.doctype == ""Stock Entry"" and doc.purpose == ""Manufacture""</p>    
          </td>
</tr>

</tbody>
</table>






","<table class=""table table-bordered table-condensed"">
<thead>
 <tr>
 <th class=""table-sr"" style=""width: 50%;"">Podređeni Dokument</th>
 <th class=""table-sr"" style=""width: 50%;"">Nadređeni Dokument </th>
 </tr>
</thead>
<tbody>
<tr>
 <td>
 <p> Za pristup polju nadređenog dokumenta koristite ime parent.field, a za pristup polju dokumenta podređene tabele koristite doc.fieldname </p>

 </td>
 <td>
 <p>Za pristup polju dokumenta koristite doc.fieldname </p>
 </td>
</tr>
<tr>
 <td>
 <p><b>Primjer: </b> parent.doctype == ""Stock Entry"" i doc.item_code == ""Test"" </p>

 </td>
 <td>
 <p><b>Primjer: </b> doc.doctype == ""Stock Entry"" i doc.purpose == ""Proizvodnja""</p>
 </td>
</tr>

</tbody>
</table>",
"A Price List is a collection of Item Prices either Selling, Buying, or both","Cjenovnik je skup cijena artikala za Prodaju, Kupovinu ili oboje",
"A Product or a Service that is bought, sold or kept in stock.","Proizvoda ili usluge koja je kupio, prodati ili držati u čoporu.",
A condition for a Shipping Rule,A uvjet za Shipping Pravilo,
A customer must have primary contact email.,Klijent mora imati primarni kontakt e-poštu.,
A logical Warehouse against which stock entries are made.,A logično Skladište protiv kojih su napravljeni unosa zaliha.,
A third party distributor / dealer / commission agent / affiliate / reseller who sells the companies products for a commission.,A treće strane distributera / trgovca / komisije agent / affiliate / prodavače koji prodaje kompanije proizvoda za proviziju.,
A+,A +,
A-,A-,
A4,A4,
AB+,AB +,
AB-,AB-,
ACC-AML-.YYYY.-,ACC-AML-.YYYY.-,
ACC-ASR-.YYYY.-,ACC-ASR-.YYYY.-,
ACC-ASS-.YYYY.-,ACC-ASS-YYYY.-,
ACC-BTN-.YYYY.-,ACC-BTN-.YYYY.-,
ACC-JV-.YYYY.-,ACC-JV-YYYY.-,
ACC-PAY-.YYYY.-,ACC-PAY-.YYYY.-,
ACC-PINV-.YYYY.-,ACC-PINV-.YYYY.-,
ACC-PINV-RET-.YYYY.-,ACC-PINV-RET-.GGGG.-,
ACC-PRQ-.YYYY.-,ACC-PRQ-YYYY.-,
ACC-PSINV-.YYYY.-,ACC-PSINV-.GGGG.-,
ACC-SH-.YYYY.-,ACC-SH-YYYY.-,
ACC-SINV-.YYYY.-,ACC-SINV-.YYYY.-,
ACC-SINV-RET-.YYYY.-,ACC-SINV-RET-.GGGG.-,
AMC Expiry Date,AMC Datum isteka,
API,API,
API Details,API Detalji,
API Endpoint,API Endpoint,
API Key,API Key,
AWB Number,AWB Broj,
Abbr,Skraćeni naziv,
Abbreviation,Skraćenica,
About,O,
Academics User,akademici korisnika,
Acceptance Criteria Formula,Formula Kriterija Prihvatljivosti,
Acceptance Criteria Value,Vrijednost Kriterija Prihvatljivosti,
Accepted,Prihvaćeno,
Accepted Qty,Prihvaćeno Količina,
Accepted Qty in Stock UOM,Prihvaćena Količina u Jedinici Zaliha,
Accepted Quantity,Prihvaćena količina,
Accepted Warehouse,Prihvaćeno skladište,
Access Key,Pristupni Ključ,
Account,Konto,
Account Balance,Bilans konta,
Account Closing Balance,Završno Stanje Računa,
Account Currency,Valuta račun,
Account Currency (From),Valuta Računa,
Account Currency (To),Valuta Računa (Do),
Account Details,Detalji konta,
Account Head,Zaglavlje konta,
Account Manager,Menadžer računa,
Account Name,Naziv konta,
Account Number,Broj računa,
Account Opening Balance,Početno Stanje Računa,
Account Paid From,Računa isplaćuju iz,
Account Paid To,Račun Paid To,
Account Subtype,Podtip računa,
Account Type,Vrsta konta,
Account for Change Amount,Nalog za promjene Iznos,
Accounting,Računovodstvo,
Accounting Details,Računovodstvo Detalji,
Accounting Dimension,Računovodstvena dimenzija,
Accounting Dimension Detail,Detalji dimenzije računovodstva,
Accounting Dimension Filter,Filter Knjigovodstvenih Dimenzija,
Accounting Dimensions,Računovodstvene dimenzije,
Accounting Dimensions ,Računovodstvene dimenzije,
Accounting Dimensions Filter,Filter Knjigovodstvenih Dimenzija,
Accounting Entries,Računovodstvo unosi,
Accounting Period,Period računovodstva,
Accounting entries are frozen up to this date. Nobody can create or modify entries except users with the role specified below,Knjigovodstvene stavke su zamrznute do danas. Nitko ne može stvarati ili mijenjati unose osim korisnika s ulogom navedenom u nastavku,
Accounts,Konta,
Accounts Closing,Zatvaranje Knjigovodstva,
Accounts Frozen Till Date,Računi zamrznuti do datuma,
Accounts Manager,Računi Manager,
Accounts Payable,Naplativa konta,
Accounts Payable Summary,Računi se plaćaju Sažetak,
Accounts Receivable,Konto potraživanja,
Accounts Receivable Credit Account,Račun za naplatu potraživanja,
Accounts Receivable Discounted Account,Račun s diskontovanim potraživanjima,
Accounts Receivable Summary,Potraživanja Pregled,
Accounts Receivable Unpaid Account,Neplaćeni račun za potraživanja,
Accounts Receivable/Payable,Račun Potraživanja/Obveza,
Accounts Settings,Podešavanja konta,
Accounts User,Računi korisnika,
Accounts to Merge,Računi za Spajanje,
Accumulated Depreciation,Akumuliranu amortizaciju,
Accumulated Depreciation Account,Ispravka vrijednosti računa,
Accumulated Depreciation Amount,Ispravka vrijednosti iznos,
Acquisition Date,akvizicija Datum,
Action,Akcija,
Action If Quality Inspection Is Not Submitted,Akcija ako se inspekcija kvaliteta ne podnese,
Action If Quality Inspection Is Rejected,Radnja ako je Kontrola Kvaliteta odbijena,
Action If Same Rate is Not Maintained,Radnja ako se Ista Cijena ne Održava,
Action if Accumulated Monthly Budget Exceeded on Actual,Akcija ako se akumulirani mesečni budžet premašuje na aktuelnom nivou,
Action if Accumulated Monthly Budget Exceeded on MR,Akcija ako je akumulirani mesečni budžet prešao na MR,
Action if Accumulated Monthly Budget Exceeded on PO,Akcija ako je zbirni mesečni budžet prešao na PO,
Action if Annual Budget Exceeded on Actual,Akcija ako se godišnji budžet premašuje na aktuelnom nivou,
Action if Annual Budget Exceeded on MR,Akcija ako je godišnji budžet prešao na MR,
Action if Annual Budget Exceeded on PO,Akcija ako je godišnji budžet prešao na PO,
Action if Same Rate is Not Maintained Throughout Sales Cycle,Radnja ako se ista stopa marže ne održava tokom prodajnog ciklusa,
Actions,Akcije,
Actions performed,Izvršene akcije,
Active,Aktivan,
Active Status,Aktivan status,
Activities,Aktivnosti,
Activity,Aktivnost,
Activity Cost,Aktivnost troškova,
Activity Type,Tip aktivnosti,
Actual,Aktuelno,
Actual Batch Quantity,Stvarna količina serije,
Actual Date,Stvarni datum,
Actual End Date,Stvarni datum završetka,
Actual End Date (via Timesheet),Stvarni Završni datum (preko Time Sheet),
Actual End Time,Stvarni End Time,
Actual Operating Cost,Stvarni operativnih troškova,
Actual Operation Time,Stvarni Operation Time,
Actual Qty,Stvarna kol,
Actual Qty (at source/target),Stvarna kol (na izvoru/cilju),
Actual Qty in Warehouse,Stvarna Količina u Skladištu,
Actual Start Date,Stvarni datum početka,
Actual Start Date (via Timesheet),Stvarni Ozljede Datum (preko Time Sheet),
Actual Start Time,Stvarni Start Time,
Actual Time,Stvarno Vrijeme,
Actual Time and Cost,Stvarno vrijeme i troškovi,
Actual Time in Hours (via Timesheet),Stvarno vrijeme (u satima),
Add,Dodaj,
Add Corrective Operation Cost in Finished Good Valuation,Dodaj korektivne operativne troškove u Vrijednovanje Gotovog Proizvoda,
Add Local Holidays,Dodaj lokalne praznike,
Add Manually,Dodaj ručno,
Add Or Deduct,Dodaj ili oduzmi,
Add Quote,Dodaj Citat,
Add Serial / Batch Bundle,Dodaj Serijski / Šaržni Paket,
Add Serial / Batch No,Dodaj Serijski / Šaržni Broj,
Add Serial / Batch No (Rejected Qty),Dodaj Serijski / Šaržni Broj (Odbijena Količina),
Add Template,Dodaj šablon,
Add Weekly Holidays,Dodajte Weekly Holidays,
Add or Deduct,Zbrajanje ili oduzimanje,
Add to Holidays,Dodaj u praznike,
Add to Transit,Dodaj u tranzit,
Added By,Dodano Od,
Added On,Dodano,
Additional Asset Cost,Dodatni Trošak Imovine,
Additional Cost,Dodatni trošak,
Additional Cost Per Qty,Dodatni Trošak po Količini,
Additional Costs,Dodatni troškovi,
Additional Data,Dodatni Podaci,
Additional Details,Dodatni Detalji,
Additional Discount,Dodatni popust,
Additional Discount Amount,Dodatni iznos popusta,
Additional Discount Amount (Company Currency),Dodatni popust Iznos (Company valuta),
Additional Discount Percentage,Dodatni postotak popusta,
Additional Info,Dodatne informacije,
Additional Information,Dodatne informacije,
Additional Notes,Dodatne napomene,
Additional Operating Cost,Dodatni operativnih troškova,
Additional information regarding the customer.,Dodatne informacije o kupcu.,
Address,Adresa,
Address & Contact,Adresa i kontakt,
Address & Contacts,Adresa i kontakti,
Address Desc,Adresa silazno,
Address HTML,Adressa u HTML-u,
Address Line 1,Adresa - linija 1,
Address Line 2,Adresa - linija 2,
Address Name,Adresa ime,
Address and Contact,Adresa i kontakt,
Address and Contacts,Adresa i kontakti,
Address used to determine Tax Category in transactions,Adresa koja se koristi za određivanje kategorije poreza u transakcijama,
Administrator,Administrator,
Advance Account,Advance Account,
Advance Amount,Iznos avansa,
Advance Paid,Advance Paid,
Advance Payment Date,Datum Plaćanja Predujma,
Advance Payment Ledger Entry,Unos u Registar Plaćanja Predujma,
Advance Payments,Avansna plaćanja,
Advance Tax,Porez Predujma,
Advance Taxes and Charges,Predujam Poreza i Naknada,
Advance amount,Iznos avansa,
Advance payments allocated against orders will only be fetched,Predujam Uplate dodijeljene naspran Naloga biće samo preuzete,
Advanced Settings,Napredne postavke,
Advances,Avansi,
Affected Transactions,Zahvaćene Transakcije,
Against,Protiv,
Against Account,Protiv računa,
Against Blanket Order,Protiv pokrivača,
Against Delivery Note Item,Protiv stavke naloga za isporuku,
Against Docname,Protiv Docname,
Against Doctype,Protiv DOCTYPE,
Against Document Detail No,Protiv dokumenta Detalj No,
Against Document No,Protiv dokumentu nema,
Against Expense Account,Protiv Rashodi račun,
Against Income Account,Protiv računu dohotka,
Against Sales Invoice,Protiv prodaje fakture,
Against Sales Invoice Item,Protiv prodaje fakture Item,
Against Sales Order,Protiv prodajnog naloga,
Against Sales Order Item,Protiv naloga prodaje Item,
Against Stock Entry,Protiv ulaska u dionice,
Against Voucher,Protiv Voucheru,
Against Voucher No,Naspram Verifikata Broj,
Against Voucher Type,Protiv voucher vrsti,
Ageing Based On,Starenje temelju On,
Agenda,Dnevni red,
Agent Busy Message,Agent Zauzet Poruka,
Agent Details,Detalji o agentu,
Agent Group,Agent Groupa,
Agent Unavailable Message,Agent Nedostupan Poruka,
Agents,Agenti,
Aggregate a group of Items into another Item. This is useful if you are maintaining the stock of the packed items and not the bundled item,"Spakujte grupu artikala u drugu artikal. Ovo je korisno ako održavate zalihe upakovanih artikala, a ne u paketu",
Agriculture Manager,Poljoprivredni menadžer,
Agriculture User,Korisnik poljoprivrede,
Algorithm,Algoritam,
All,Sve,
All Activities,Sve Aktivnosti,
All Activities HTML,Sve Aktivnosti HTML,
All Contact,Svi kontakti,
All Customer Contact,Svi kontakti kupaca,
All Employee (Active),Svi zaposleni (aktivni),
All Lead (Open),Svi potencijalni kupci (aktualni),
All Sales Partner Contact,Svi kontakti distributera,
All Sales Person,Svi prodavači,
All Sales Transactions can be tagged against multiple Sales Persons so that you can set and monitor targets.,Sve prodajne transakcije mogu se označiti naspram više prodajnih osoba kako biste mogli postaviti i nadzirati ciljeve.,
All Supplier Contact,Svi kontakti dobavljača,
All allocations have been successfully reconciled,Sve dodjele su uspješno usaglašene,
All the Comments and Emails will be copied from one document to another newly created document(Lead -> Opportunity -> Quotation) throughout the CRM documents.,Svi komentari i e-pošta kopirat će se iz jednog dokumenta u drugi novostvoreni dokument (Potencijalni Klijent -> Prilika-> Ponuda) kroz dokumente Prodajne Podrške.,
Allocate Advances Automatically (FIFO),Dodjeljivanje unaprijed automatski (FIFO),
Allocate Payment Based On Payment Terms,Dodijelite plaćanje na osnovu uslova plaćanja,
Allocated,Izdvojena,
Allocated Amount,Izdvojena iznosu,
Allocated Entries,Dodijeljeni Unosi,
Allocated amount,Izdvojena iznosu,
Allocation,Alokacija,
Allocations,Dodjele,
Allow,Dozvoli,
Allow Account Creation Against Child Company,Dozvolite otvaranje računa protiv kompanije Child,
Allow Alternative Item,Dozvoli alternativu,
Allow Continuous Material Consumption,Dozvoli kontinuiranu potrošnju materijala,
Allow Excess Material Transfer,Dozvoli Prijenos Viška Materijala,
Allow In Returns,Omogući povratak,
Allow Internal Transfers at Arm's Length Price,Dozvoli interne transfere po tržišnoj cijeni,
Allow Item To Be Added Multiple Times in a Transaction,Omogućite dodavanje predmeta više puta u transakciji,
Allow Item to be Added Multiple Times in a Transaction,Dozvolite da se Artikal doda više puta u transakciji,
Allow Lead Duplication based on Emails,Dozvolite dupliciranje Potencijalnih Klijenata na osnovu e-pošte,
Allow Material Transfer from Delivery Note to Sales Invoice,Omogućite prijenos materijala iz otpremnice na fakturu prodaje,
Allow Material Transfer from Purchase Receipt to Purchase Invoice,Omogućite prijenos materijala sa računa o kupovini na račun za kupovinu,
Allow Multiple Sales Orders Against a Customer's Purchase Order,Omogućite više naloga za prodaju u odnosu na narudžbenice kupca,
Allow Negative Stock,Dopustite negativnu zalihu,
Allow Negative rates for Items,Dozvolite negativne cijene za Artikle,
Allow Or Restrict Dimension,Dozvoli ili ograniči dimenziju,
Allow Overtime,Omogućiti Prekovremeni rad,
Allow Partial Reservation,Dozvoli Djelimičnu Rezervaciju,
Allow Production on Holidays,Dopustite Production o praznicima,
Allow Purchase,Dozvoli Kupovinu,
Allow Purchase Invoice Creation Without Purchase Order,Dozvoli stvaranje računa za kupovinu bez naloga za kupovinu,
Allow Purchase Invoice Creation Without Purchase Receipt,Dozvoli stvaranje računa za kupovinu bez potvrde o kupovini,
Allow Rename Attribute Value,Dozvoli preimenovati vrednost atributa,
Allow Resetting Service Level Agreement,Dozvoli resetiranje sporazuma o nivou usluge,
Allow Sales,Dozvoli Prodaju,
Allow Sales Invoice Creation Without Delivery Note,Dozvoli stvaranje fakture za prodaju bez napomene o isporuci,
Allow Sales Invoice Creation Without Sales Order,Omogućite stvaranje fakture za prodaju bez naloga za prodaju,
Allow Sales Order Creation For Expired Quotation,Dozvoli Kreiranje Prodajnog Naloga za Isteklu Ponudu,
Allow Stale Exchange Rates,Dozvolite stare kurseve,
Allow UOM with Conversion Rate Defined in Item,Dozvoli Jedinicu sa stopom konverzije definiranom u Postavkama Artikla,
Allow User to Edit Discount,Dozvoli Korisniku da Uređuje Popust,
Allow User to Edit Price List Rate in Transactions,Omogućite korisniku da uređuje cijenu cjenika u transakcijama,
Allow User to Edit Rate,Dozvoli Korisniku da Uređuje Cijenu,
Allow Zero Rate,Dozvoli Nultu Cijenu,
Allow Zero Valuation Rate,Dozvolite Zero Vrednovanje Rate,
Allow existing Serial No to be Manufactured/Received again,Dozvoli da se postojeći serijski broj ponovo Proizvede/Primi,
Allow material consumptions without immediately manufacturing finished goods against a Work Order,Dozvoli potrošnju materijala bez trenutne proizvodnje gotovog proizvoda naspram Radnom Nalogu,
Allow multi-currency invoices against single party account ,Dozvoli viševalutne fakture naspram računa jedne stranke,
Allow to Edit Stock UOM Qty for Purchase Documents,Dozvoli Uređivanje Količine Jedinice Zaliha za Dokumente Kupovine,
Allow to Edit Stock UOM Qty for Sales Documents,Dozvoli Uređivanje Količine Jedinice Zaliha za Dokumente Prodaje,
Allow transferring raw materials even after the Required Quantity is fulfilled,Dozvoli prijenos sirovina i nakon što je ispunjena Potrebna Količina,
Allowed,Dozvoljeno,
Allowed Dimension,Dozvoljena dimenzija,
Allowed Doctypes,Dozvoljeni Tipovi Dokumenata,
Allowed To Transact With,Dozvoljeno za transakciju,
Allows to keep aside a specific quantity of inventory for a particular order.,Omogućava zadržavanje određene količine zaliha za određeni Prodajni Nalog.,
Alternative Item Code,Alternativni kod artikla,
Alternative Item Name,Alternativni naziv predmeta,
Amended From,Izmijenjena Od,
Amount,Iznos,
Amount (Company Currency),Iznos (valuta preduzeća),
Amount Difference,iznos Razlika,
Amount Difference with Purchase Invoice,Razlika u Iznosu naspram Kupovne Fakture,
Amount Eligible for Commission,Iznos prihvatljiv za Proviziju,
Amount In Figure,Iznos Na slici,
Amount in Account Currency,Iznos u Valuti Računa,
Amount in party's bank account currency,Iznos u valuti bankovnog računa stranke,
Amount in transaction currency,Iznos u valuti transakcije,
Amounts,Iznosi,
An Item Group is a way to classify items based on types.,Grupa Artikla je način za klasifikaciju Artikala na osnovu tipa.,
Annual Expenses,Godišnji troškovi,
Annual Income,Godišnji prihod,
Annual Revenue,Godišnji Promet,
Applicable Charges,Mjerodavno Optužbe,
Applicable Dimension,Primjenjiva Dimenzija,
Applicable For,primjenjivo za,
Applicable Holiday List,Primjenjivo odmor Popis,
Applicable Modules,Primjenjivi moduli,
Applicable On Account,Primjenjivo na Račun,
Applicable To (Designation),Odnosi se na (Oznaka),
Applicable To (Employee),Odnosi se na (Radnik),
Applicable To (Role),Odnosi se na (uloga),
Applicable To (User),Odnosi se na (Upute),
Applicable for Countries,Za zemlje u,
Applicable for Users,Primenljivo za korisnike,
Applicable for external driver,Važeće za spoljni upravljački program,
Applicable on Material Request,Primenljivo na zahtev za materijal,
Applicable on Purchase Order,Primenljivo na nalogu za kupovinu,
Applicable on booking actual expenses,Primenjuje se prilikom rezervisanja stvarnih troškova,
Applied on each reading.,Primjenjuje se na svako čitanje.,
Applies To,Primjenjuje se na,
Apply Additional Discount On,Nanesite dodatni popust na,
Apply Discount On,Nanesite popusta na,
Apply Discount on Discounted Rate,Primijenite popust na sniženu stopu,
Apply Discount on Rate,Primenite popust na rate,
Apply Multiple Pricing Rules,Primenite višestruka pravila cena,
Apply On,Primjeni na,
Apply Putaway Rule,Primijenite pravilo odlaganja,
Apply Recursion Over (As Per Transaction UOM),Primijeni Rekurziju preko (prema Transakcijskoj Jedinici),
Apply Rule On Brand,Primjeni pravilo na marku,
Apply Rule On Item Code,Primijenite pravilo na kod predmeta,
Apply Rule On Item Group,Primijenite pravilo na grupu predmeta,
Apply Rule On Other,Primijenite Pravilo na ostalo,
Apply SLA for Resolution Time,Primijeni Ugovor o Nivou Usluge za vrijeme rješavanja,
Apply TDS,Primijeni TDS,
Apply Tax Withholding Amount,Primijeniti iznos poreznog štednje,
Apply Tax Withholding Amount ,Primijeni Pdv iznos po Odbitku,
Apply restriction on dimension values,Primijeni ograničenje na vrijednosti dimenzije,
Apply to All Inventory Documents,Primijeniti na sve Dokumente Zaliha,
Apply to Document,Primijeniti na Dokument,
Appointment,Imenovanje,
Appointment Booking Settings,Podešavanja rezervacije termina,
Appointment Booking Slots,Slotovi za rezervaciju termina,
Appointment Details,Detalji sastanka,
Appointment Duration (In Minutes),Trajanje sastanka (u nekoliko minuta),
Appointment With,Sastanak sa,
Approving Role (above authorized value),Odobravanje ulogu (iznad ovlašteni vrijednost),
Approving User  (above authorized value),Odobravanje korisnika (iznad ovlašteni vrijednost),
Approximately match the description/party name against parties,Približno podudaranje opisu/nazivu stranke aspram stranki,
Apps,Aplikacije,
Area,Područje,
Area UOM,Područje UOM,
As per Stock UOM,Kao po burzi UOM,
Assembly Items,Artikli za Motiranje,
Asset,Asset,
Asset Account,Račun imovine,
Asset Activity,Aktivnost Imovine,
Asset Capitalization,Kapitalizacija Imovine,
Asset Capitalization Asset Item,Kapitalizacija Imovine Artikal Imovine,
Asset Capitalization Service Item,Kapitalizacije Imovine Servisni Artikal,
Asset Capitalization Stock Item,Kapitalizacija Imovine Artikal Zalihe,
Asset Category,Asset Kategorija,
Asset Category Account,Asset Kategorija računa,
Asset Category Name,Asset Ime kategorije,
Asset Depreciation Cost Center,Asset Amortizacija troškova Center,
Asset Depreciation Details,Detalji Amortizacije Imovine,
Asset Depreciation Ledger,Asset Amortizacija Ledger,
Asset Depreciation Schedule,Raspored Amortizacije Imovine,
Asset Depreciations and Balances,Imovine Amortizacija i vage,
Asset Details,Detalji o aktivi,
Asset Finance Book,Asset Finance Book,
Asset Location,Lokacija imovine,
Asset Maintenance,Održavanje imovine,
Asset Maintenance Log,Dnevnik o održavanju imovine,
Asset Maintenance Task,Zadatak održavanja sredstava,
Asset Maintenance Team,Tim za održavanje imovine,
Asset Movement,Asset pokret,
Asset Movement Item,Stavka kretanja imovine,
Asset Name,Asset ime,
Asset Naming Series,Serija imenovanja imovine,
Asset Owner,Vlasnik imovine,
Asset Owner Company,Vlasnička kompanija,
Asset Quantity,Količina Imovine,
Asset Received But Not Billed,Imovina je primljena ali nije fakturisana,
Asset Repair,Popravka imovine,
Asset Repair Consumed Item,Potrošeni artikal za popravku imovine,
Asset Settings,Postavke Imovine,
Asset Shift Allocation,Raspodjela Imovine po Smjeni,
Asset Shift Factor,Faktor Smjene Imovine,
Asset Status,Status imovine,
Asset Value,Vrijednost imovine,
Asset Value Adjustment,Podešavanje vrednosti imovine,
Assets,Imovina,
Assign To,Dodijeliti,
Assign to Name,Dodijeli imenu,
Assignment Conditions,Uslovi Dodjele,
"Attach .csv file with two columns, one for the old name and one for the new name","Priložiti .csv datoteku s dvije kolone, jedan za stari naziv i jedna za novo ime",
Attach custom Chart of Accounts file,Priložite datoteku prilagođenog računa računa,
Attachment,Vezanost,
Attendance & Leaves,Prisustvo & Odsustvo,
Attendance Device ID (Biometric/RF tag ID),ID uređaja prisutnosti (ID biometrijske / RF oznake),
Attribute,Atribut,
Attribute Name,Atributi Ime,
Attribute Value,Vrijednost atributa,
Auditor,Revizor,
Authorised By,Ovlašteno od,
Authorization Control,Odobrenje kontrole,
Authorization Rule,Autorizacija Pravilo,
Authorized Value,Ovlašteni Vrijednost,
Auto Create Assets on Purchase,Automatski kreirajte sredstva prilikom kupovine,
Auto Create Exchange Rate Revaluation,Automatsko Kreiranje Revalorizacije Deviznog Kursa,
Auto Create Purchase Receipt,Automatsko Kreiranje Kupovnog Naloga,
Auto Create Serial and Batch Bundle For Outward,Automatsko Kreiranje Serijskog i Šarža paketa za Dostavu,
Auto Create Subcontracting Order,Automatsko Kreiranje Podugovornog Naloga,
Auto Created,Automatski kreiran,
Auto Created Serial and Batch Bundle,Automatski kreirani Serijski i Šaržni Paket,
Auto Creation of Contact,Automatsko kreiranje kontakta,
Auto Insert Item Price If Missing,Automatsko stavljanje cijene artikla ako nedostaje,
Auto Material Request,Auto Materijal Zahtjev,
Auto Name,Automatski naziv,
Auto Opt In (For all customers),Automatsko uključivanje (za sve potrošače),
Auto Reconcile Payments,Automatski Usaglasi Plaćanja,
Auto Reconciliation Job Trigger,Okidač Posla Automatskog Usaglašavanja,
Auto Repeat,Auto Repeat,
Auto Repeat Detail,Auto Repeat Detail,
Auto Reserve Serial and Batch Nos,Automatski Rezerviši Serijski i Šaržni Broj,
Auto Reserve Stock for Sales Order on Purchase,Automatski Rezerviši Zalihu za Prodajni Nalog pri Kupovini,
Auto close Opportunity Replied after the no. of days mentioned above,Automatski zatvori Odgovoran na Mogućnost nakon broja gore navedenih dana,
Auto match and set the Party in Bank Transactions,Automatsko poravnanje i postavljanje Stranke u Bankovnim Transakcijama,
Auto re-order,Autorefiniš reda,
Auto write off precision loss while consolidation,Automatski otpiši gubitke preciznosti tokom konsolidacije,
Automatically Add Filtered Item To Cart,Automatski dodaj filtrirani Artikal u Korpu,
Automatically Add Taxes and Charges from Item Tax Template,Automatski dodajte poreze i pristojbe sa predloška poreza na stavke,
Automatically Create New Batch,Automatski Create New Batch,
Automatically Fetch Payment Terms from Order,Automatski Preuzmi Uslove Plaćanja iz Naloga,
Automatically Process Deferred Accounting Entry,Automatski obradi odgođeni knjigovodstveni unos,
Automatically post balancing accounting entry,Automatski knjiži unos obračunskog stanja,
Availability Of Slots,Dostupnost Slotova,
Available Batch Qty at From Warehouse,Dostupno Batch Količina na Od Skladište,
Available Batch Qty at Warehouse,Dostupno Batch Količina na Skladište,
Available Batch Report,Dostupni Izvještaj o Šarži,
Available Qty,Dostupno Količina,
Available Qty For Consumption,Dostupna količina za Potrošnju,
Available Qty at Company,Dostupna količina u Kompaniji,
Available Qty at Source Warehouse,Dostupno Količina na izvoru Skladište,
Available Qty at Target Warehouse,Dostupna količina u Izabranom Skladištu,
Available Qty at WIP Warehouse,Dostupno Količina u WIP Skladište,
Available Qty at Warehouse,Dostupna količina na skladištu,
Available Qty to Reserve,Dostupna količina za Rezervisanje,
Available Quantity,Dostupna količina,
Available Stock for Packing Items,Raspoloživo stanje za pakirane proizvode,
Available-for-use Date,Datum dostupan za upotrebu,
Average Commission Rate,Prosječna stopa komisija,
Average Discount,Prosječni popust,
Average Response Time,Prosječno vrijeme odziva,
Average time taken by the supplier to deliver,Prosječno vrijeme koje je dobavljač isporuči,
Avg Rate,Prosječna Cijena,
B+,B +,
B-,B-,
BFS,Polovi Kjnigovodstveni Izvod,
BIN Qty,Skladišna Količina,
BOM,BOM,
BOM Comparison Tool,Alat za upoređivanje BOM-a,
BOM Created,Sastavnica Kreirana,
BOM Creator,Konstruktor Sastavnice,
BOM Creator Item,Artikal Sastavnice Konstruktora,
BOM Detail No,BOM detalji - broj,
BOM Explorer,BOM Explorer,
BOM Explosion Item,BOM eksplozije artikla,
BOM Info,Informacija Sastavnice,
BOM Item,BOM proizvod,
BOM No,BOM br.,
BOM No. for a Finished Good Item,BOM broj za Gotovi Dobar točki,
BOM Operation,BOM operacija,
BOM Operations Time,BOM operativno vrijeme,
BOM Scrap Item,BOM otpad Stavka,
BOM Search,BOM pretraga,
BOM Stock Calculated,Obračun BOM-a,
BOM Stock Report,BOM Stock Report,
BOM Tree,Stablo Sastavnice,
BOM Update Batch,Sastavnica Ažurira Šaržu,
BOM Update Log,Zapisnik Ažuriranja Sastavnice,
BOM Update Tool,Alat za ažuriranje BOM,
BOM Update Tool Log with job status maintained,Zapisnik Alata Ažuriranja Sastavnice sa očuvanim statusom posla,
BOM Variance Report,Izveštaj BOM varijacije,
BOM Website Item,BOM Web Stavka,
BOM Website Operation,BOM Web Operacija,
BOM and Production,Sastavnica & Proizvodnja,
BOMs Updated,Sastavnice Ažurirane,
Backflush Raw Materials Based On,Backflush sirovine na osnovu,
Backflush Raw Materials From Work-in-Progress Warehouse,Backflush sirovine iz radnog materijala u skladištu,
Backflush Raw Materials of Subcontract Based On,Backflush sirovine od podizvođača na bazi,
Balance In Account Currency,Balans u valuti računa,
Balance In Base Currency,Bilans u osnovnoj valuti,
Balance Qty,Bilans kol,
Balance Sheet,Završni račun,
Balance Sheet Summary,Sažetak Bilansa Stanja,
Balance Stock Value,Vrijednost Količinskog Stanja,
Balance must be,Bilans mora biti,
Bank,Banka,
Bank / Cash Account,Banka / Cash račun,
Bank A/C No.,Bankovni  A/C br.,
Bank Account,Žiro račun,
Bank Account Details,Detalji o bankovnom računu,
Bank Account Info,Informacije o bankovnom računu,
Bank Account No,Bankarski račun br,
Bank Account Subtype,Podvrsta bankovnog računa,
Bank Account Type,Vrsta bankovnog računa,
Bank Balance,Banka Balance,
Bank Charges,Naknade za banke,
Bank Charges Account,Račun bankovnih naknada,
Bank Clearance,Potvrda banke,
Bank Clearance Detail,Detalji o odobrenju banke,
Bank Clearance Summary,Razmak banka Sažetak,
Bank Credit Balance,Kreditni saldo banke,
Bank Details,Bankovni detalji,
Bank Entry,Bank Entry,
Bank Guarantee,Bankarska garancija,
Bank Guarantee Number,Bankarska garancija Broj,
Bank Guarantee Type,Tip garancije banke,
Bank Name,Naziv banke,
Bank Reconciliation Statement,Izjava banka pomirenja,
Bank Reconciliation Tool,Bankovni Alat Usaglašavanja,
Bank Statement Import,Uvoz Bankovnog Izvoda,
Bank Transaction,Bankovna transakcija,
Bank Transaction Mapping,Mapiranje bankovnih transakcija,
Bank Transaction Payments,Plaćanja putem bankarskih transakcija,
Bank/Cash Account,Bankovni/Gotovinski Račun,
Banking,Bankarstvo,
Barcode,Barkod,
Barcode Type,Tip barkoda,
Barcodes,Barkodovi,
Base Amount,Osnovni Iznos,
Base Amount (Company Currency),Base Iznos (Company Valuta),
Base Change Amount (Company Currency),Base Promijeni Iznos (Company Valuta),
Base Cost Per Unit,Osnovni Trošak po Jedinici,
Base Hour Rate(Company Currency),Base Hour Rate (Company Valuta),
Base Rate,Osnovna Cijena,
Base Tax Withholding Net Total,Neto ukupni PDV po odbitku,
Base Total Billable Amount,Osnovni ukupan iznos za Fakturisanje,
Base Total Billed Amount,Osnovni ukupan Fakturisan iznos,
Base Total Costing Amount,Osnovni Ukupni Obraöunati Iznos,
Base URL,Baza URL,
Based On,Na osnovu,
Based On Payment Terms,Na osnovu uslova plaćanja,
Based On Price List,Na osnovu cjenika,
Based On Value,Na osnovu Vrijednosti,
Basic Amount,Osnovni iznos,
Basic Amount (Company Currency),Osnovni Iznos (Company Valuta),
Basic Rate (Company Currency),Osnovna stopa (valuta preduzeća),
Basic Rate (as per Stock UOM),Basic Rate (kao po akciji UOM),
Batch,Serija,
Batch Description,Batch Opis,
Batch Details,Detalji serije,
Batch ID,ID serije,
Batch Item Expiry Status,Batch Stavka Status isteka,
Batch No,Broj serije,
Batch No.,Broj Šarže,
Batch Number Series,Serija brojeva serija,
Batch Quantity,Serijska količina,
Batch Size,Veličina serije,
Batch UOM,Batch UOM,
Batch and Serial No,Šarža i Serijski Broj,
Batch-Wise Balance History,Batch-Wise bilanca Povijest,
Before reconciliation,Prije nego pomirenje,
Begin On (Days),Početak (dani),
Beginning of the current subscription period,Početak trenutnog perioda pretplate,
Bill Date,Datum računa,
Bill No,Račun br,
Bill for Rejected Quantity in Purchase Invoice,Faktura za odbijenu količinu na Kupovnoj Fakturi,
Billed,Naplaćeno,
Billed Amount,Naplaćeni iznos,
Billed Amt,Naplaćeni izn,
Billed Items To Be Received,Fakturisani Artikli koje treba Primiti,
"Billed, Received & Returned","Fakturisano, Primljeno & Vraćeno",
Billing Address,Adresa za naplatu,
Billing Address Details,Detalji Adrese za Fakturu,
Billing Address Name,Naziv adrese za naplatu,
Billing Amount,Billing Iznos,
Billing City,Billing Grad,
Billing Country,Billing Country,
Billing County,Billing županije,
Billing Currency,Valuta plaćanja,
Billing Details,Billing Detalji,
Billing Email,E-adresa za naplatu,
Billing Hours,Billing Hours,
Billing Interval,Interval zaračunavanja,
Billing Interval Count,Interval broja obračuna,
Billing Rate,Billing Rate,
Billing State,State billing,
Billing Status,Status naplate,
Billing Zipcode,Zipcode za naplatu,
Bin,Kanta,
Bio / Cover Letter,Bio / Cover Letter,
Bisect Accounting Statements,Prepolovi Knjigovodstveni Izvještaj,
Bisect Nodes,Prepolovi Članove,
Bisecting From,Prepolovi Od,
Bisecting To,Prepolovi Do,
Blanket Order,Narudžbina odeće,
Blanket Order Allowance (%),Ugovorni Nalog Dopuštenje (%),
Blanket Order Item,Stavka narudžbe odeće,
Blanket Order Rate,Stopa porudžbine odeće,
Block Supplier,Blok isporučilac,
Blog Subscriber,Blog pretplatnik,
Blood Group,Krvna grupa,
Blue,Plava boja,
Body,Telo,
Body Text,Body Text,
Body and Closing Text Help,Pomoć za tekst i završni tekst,
Bom No,Broj Sastavnice,
Book Advance Payments in Separate Party Account,Knjiži Predujam Uplate na posebnom računu,
Book Asset Depreciation Entry Automatically,Knjiga imovine Amortizacija Entry Automatski,
Book Deferred Entries Based On,Rezervirajte odložene unose na osnovu,
Book Deferred Entries Via Journal Entry,Rezervirajte unose putem dnevnika,
Book Tax Loss on Early Payment Discount,Proknjiži porezni gubitak na popust za prijevremeno plaćanje,
Booked,Rezervirano,
Booked Fixed Asset,Rezervisana osnovna sredstva,
Both,Oboje,
Branch,Ogranak,
Branch Code,Branch Code,
Brand,Brend,
Brand Defaults,Podrazumevane robne marke,
Brand Name,Naziv brenda,
Breakdown,Slom,
Budget,Budžet,
Budget Account,računa budžeta,
Budget Accounts,računa budžeta,
Budget Against,budžet protiv,
Budget Amount,budžet Iznos,
Budget Detail,Proračun Detalj,
Budget Variance Report,Proračun varijance Prijavi,
Bulk Transaction Log,Zapisnik Masovnih Transakcija,
Bulk Transaction Log Detail,Zapisnik Detalja Masovnih Transakcija,
Bundle Items,Paketiraj Artikle,
Busy,Zauzeto,
Buyer of Goods and Services.,Kupac robe i usluga.,
Buying,Nabavka,
Buying & Selling Settings,Postavke Kupovine & Prodaje,
Buying Settings,Podešavanja nabavke,
Buying and Selling,Kupovina & Prodaja,
Bypass Credit Limit Check at Sales Order,Provjerite kreditni limit za obilaznicu na nalogu za prodaju,
CC,Kopija,
CC To,CC To,
CODE-39,KOD-39,
COGS By Item Group,Troškovi izrade prema Arikal Grupi,
CRM,CRM,
CRM Note,Napomena Prodajne Podrške,
CRM Settings,Postavke Prodajne Podrške,
CRM-LEAD-.YYYY.-,CRM-LEAD-.YYYY.-,
CRM-OPP-.YYYY.-,CRM-OPP-YYYY.-,
CUST-.YYYY.-,CUST-YYYY.-,
Calculate Based On,Izračun zasnovan na,
Calculate Depreciation,Izračunajte amortizaciju,
Calculate Estimated Arrival Times,Izračunajte procenjene vremenske prilike,
Calculate Product Bundle Price based on Child Items' Rates,Obračunaj Cijenu Paketa Proizvoda na osnovu cijena Podređenih Artikala,
Calculate daily depreciation using total days in depreciation period,Izračunaj dnevnu amortizaciju koristeći sve dane u periodu amortizacije,
Calculations,Izračunavanje,
Calendar Event,Kalendar događaja,
Calibration,Kalibracija,
Call Details,Detalji poziva,
Call Duration in seconds,Trajanje poziva u sekundi,
Call Handling Schedule,Raspored obrade poziva,
Call Log,Spisak poziva,
Call Received By,Poziv Primljen Od,
Call Receiving Device,Uređaj za primanje poziva,
Call Routing,Usmjeravanje Poziva,
Call Summary,Rezime poziva,
Call Type,Tip poziva,
Campaign,Kampanja,
Campaign Efficiency,kampanja efikasnost,
Campaign Email Schedule,Raspored e-pošte kampanje,
Campaign Item,Artikal Kampanje,
Campaign Name,Naziv kampanje,
Campaign Naming By,Imenovanje kampanja po,
Campaign Schedules,Rasporedi kampanje,
Cancel At End Of Period,Otkaži na kraju perioda,
Cancel Subscription After Grace Period,Otkažite pretplatu nakon počeka,
Cancelation Date,Datum otkazivanja,
Canceled,Otkazano,
Cancelled,Otkazano,
Canonical URI,Kanonski URI,
Capacity,Kapacitet,
Capacity Planning,Planiranje kapaciteta,
Capacity Planning For (Days),Kapacitet planiranje (Dana),
Capacity in Stock UOM,Kapacitet u Jedinici Zaliha,
Capital Work In Progress Account,Kapitalni rad je u toku,
Capital Work in Progress,Kapitalni rad je u toku,
Capitalization Method,Metoda Kapitalizacije,
Capitalize Repair Cost,Kapitaliziraj Troškove Popravke,
Capitalized,Aktiviran,
Cards,Karte,
Carrier,Dostavljač,
Carrier Service,Servis Dostavljača,
Carry Forward Communication and Comments,Prenesi Konverzaciju i Komentare,
Cash,Gotovina,
Cash Entry,Cash Entry,
Cash Flow,Priliv novca,
Cash/Bank Account,Novac / bankovni račun,
Cashier,Blagajna,
Cashier Closing,Zatvaranje blagajnika,
Cashier Closing Payments,Plaćanje plaćanja blagajnika,
Catch All,Catch All,
Category,Kategorija,
Category Details,Detalji o Kategoriji,
Category Name,Naziv kategorije,
Cellphone Number,Broj mobitela,
Certificate,Certifikat,
Certificate Details,Detalji certifikata,
Certificate Limit,Ograničenje certifikata,
Certificate No,Potvrda br,
Certificate Required,Sertifikat je potreban,
Change Amount,Promjena Iznos,
Change in Stock Value,Promjena Vrijednosti Zaliha,
Change this date manually to setup the next synchronization start date,Ručno promenite ovaj datum da biste postavili sledeći datum početka sinhronizacije,
Changes,Promjene,
Channel Partner,Partner iz prodajnog kanala,
Chargeable,Naplativ,
Charges Incurred,Napunjene naknade,
Chart Of Accounts,Kontni Plan,
Chart Of Accounts Template,Kontni plan Template,
Chart Preview,Pregled grafikona,
Chart Tree,Chart Tree,
Chart of Accounts,Chart of Accounts,
Chart of Accounts Importer,Kontni plan računa,
Chassis No,šasija Ne,
Chat,Chat,
Check Supplier Invoice Number Uniqueness,Check Dobavljač Faktura Broj Jedinstvenost,
Check if Asset requires Preventive Maintenance or Calibration,Proverite da li imovina zahteva preventivno održavanje ili kalibraciju,
Check if it is a hydroponic unit,Proverite da li je to hidroponska jedinica,
Check if material transfer entry is not required,Provjerite da li se ne traži upis prenosa materijala,
Check in (group),Check in (grupa),
Check this to disallow fractions. (for Nos),Provjerite to da ne dopušta frakcija. (Za br),
Checked On,Kontrolisano,
Checking this will round off the tax amount to the nearest integer,Odabir ovoga će zaokružiti iznos PDV na najbliži cijeli broj,
Cheque,Ček,
Cheque Date,Datum čeka,
Cheque Height,Ček Visina,
Cheque Number,Broj čeka,
Cheque Print Template,Ček Ispis Template,
Cheque Size,Ček Veličina,
Cheque Width,Ček Širina,
Cheque/Reference Date,Ček / Referentni datum,
Cheque/Reference No,Ček / Reference Ne,
Cheques and Deposits Incorrectly cleared,Čekovi i Depoziti neispravno poravnati,
Child Docname,Ime deteta,
Child Row Reference,Referenca za Podređeni Red,
Choose a WIP composite asset,Odaberi Posao u Toku Objedinjenu Imovinu,
City,Grad,
Class / Percentage,Klasa / Postotak,
Classification of Customers by region,Klasifikacija Kupci po regiji,
Clauses and Conditions,Klauzule i uslovi,
Clear Notifications,Obriši Obavještenja,
Clear Table,Poništi tabelu,
Clearance Date,Razmak Datum,
Click on Import Invoices button once the zip file has been attached to the document. Any errors related to processing will be shown in the Error Log.,Kliknite gumb Uvezi račune nakon što se dokument pridruži. Sve pogreške povezane s obradom bit će prikazane u dnevniku grešaka.,
Client,Klijent,
Close Issue After Days,Zatvori Issue Nakon nekoliko dana,
Close Replied Opportunity After Days,Zatvori Odgovor na Priliku nakon dana,
Closed,Zatvoreno,
Closed Document,Zatvoreni dokument,
Closed Documents,Zatvoreni dokumenti,
Closing,Zatvaranje,
Closing Account Head,Zatvaranje računa šefa,
Closing Amount,Završni iznos,
Closing Balance,Zatvaranje ravnoteže,
Closing Date,Datum zatvaranja,
Closing Text,Završni tekst,
Code,Šifra,
Code List,Lista Kodova,
Collect Progress,Prikupi napredak,
Collection Factor (=1 LP),Faktor sakupljanja (= 1 LP),
Collection Rules,Pravila sakupljanja,
Collection Tier,Kolekcija Tier,
Color,Boja,
Column in Bank File,Stupac u datoteci banke,
Comments,Komentari,
Commission,Provizija,
Commission Rate,Komisija Stopa,
Commission Rate (%),Komisija stopa (%),
Common Code,Zajednički Kod,
Communication,Komunikacija,
Communication Channel,Kanal Konverzacije,
Communication Medium,Srednja komunikacija,
Communication Medium Timeslot,Srednja komunikacija za vreme komunikacije,
Communication Medium Type,Srednja komunikacija,
Companies,Companies,
Company,Preduzeće,
Company Account,Račun kompanije,
Company Address,Company Adresa,
Company Address Display,Prikaz Adrese Kompanije,
Company Address Name,Kompanija adresa Ime,
Company Bank Account,Bankovni račun kompanije,
Company Billing Address,Faktura Adresa Kompanije,
Company Contact Person,Kontakt Osoba Kompaniju,
Company Description,Opis preduzeća,
Company Description for website homepage,Kompanija Opis za web stranice homepage,
Company Details,Detalji o Kompaniji,
Company Email,Zvanični e-mail,
Company Logo,Logo kompanije,
Company Name,Naziv preduzeća,
Company Shipping Address,Dostavna Adresa Kompanije,
Company Tagline for website homepage,Kompanija Tagline za web stranice homepage,
Company Tax ID,Fiskalni Broj Kompanije,
Company registration numbers for your reference. Tax numbers etc.,Tvrtka registracijski brojevi za svoju referencu. Porezni brojevi itd.,
Company which internal customer represents,Kompanija koju predstavlja interni Klijent,
Company which internal customer represents.,Kompanija koju predstavlja interni Klijent.,
Company which internal supplier represents,Kompanija koju predstavlja interni Dobavljač,
Competitor,Konkurent,
Competitor Detail,Detalji o Konkurentu,
Competitor Name,Ime Konkurenta,
Competitors,Konkurenti,
Complete,Kompletan,
Completed,Dovršen,
Completed By,Završio,
Completed On,Završeno,
Completed Qty,Završen Kol,
Completed Time,Vrijeme Obrade,
Completed Work Orders,Završene radne naloge,
Completion By,Završetak,
Completion Date,Završetak Datum,
Completion Status,Završetak Status,
Comprehensive Insurance,Sveobuhvatno osiguranje,
Computer,Računar,
Condition,Stanje,
Conditional Rule,Uslovno Pravilo,
Conditional Rule Examples,Primjeri Uvjetnih Pravila,
Conditions will be applied on all the selected items combined. ,Uvjeti će se primjenjivati na sve odabrane stavke zajedno.,
Configuration,Konfiguracija,
Configure the action to stop the transaction or just warn if the same rate is not maintained.,Konfiguriši akciju za zaustavljanje transakcije ili samo upozorite ako se ista stopa marže ne održava.,
Confirmation Date,potvrda Datum,
Connections,Veze,
Consider Entire Party Ledger Amount,Uzmi u obzir cjelokupni iznos Knjigovodstvenog Registra Stranke,
Consider Minimum Order Qty,Uzmi u obzir Minimalnu Količinu Naloga,
Consider Rejected Warehouses,Uzmi u obzir Odbijena Skladišta,
Consider Tax or Charge for,Razmislite poreza ili pristojbi za,
Considered In Paid Amount,Uzmi u obzir Uplaćeni Iznos,
Consolidate Sales Order Items,Objedini Artikle Prodajnog Naloga,
Consolidate Sub Assembly Items,Objedini Artikle Podsklopa,
Consolidated,Konsolidovano,
Consolidated Credit Note,Konsolidovana kreditna napomena,
Consolidated Financial Statement,Konsolidovana finansijska izjava,
Consolidated Sales Invoice,Konsolidovana faktura prodaje,
Consultant,Konsultant,
Consumable Cost,potrošni cost,
Consumed,Consumed,
Consumed Asset Total Value,Ukupna vrijednost Potrošene Imovine,
Consumed Assets,Potrošena Imovina,
Consumed Items,Potrošeni predmeti,
Consumed Qty,Potrošeno Kol,
Consumed Quantity,Potrošena Količina,
Consumed Stock Items,Potrošeni Artikli Zaliha,
Consumed Stock Total Value,Ukupna Vrijednost Potrošenih Zaliha,
Contact,Kontakt,
Contact Desc,Kontakt ukratko,
Contact Email,Kontakt email,
Contact HTML,Kontakt HTML,
Contact Info,Kontakt Informacije,
Contact Information,Kontakt informacije,
Contact List,Lista kontakata,
Contact Mobile,Mobilni Broj Kontakta,
Contact Mobile No,Kontak GSM,
Contact Name,Kontakt ime,
Contact No.,Kontakt broj,
Contact Person,Kontakt osoba,
Contacts,Kontakti,
Content,Sadržaj,
Content Type,Vrsta sadržaja,
Contra Entry,Contra Entry,
Contract,Ugovor,
Contract Details,Detalji ugovora,
Contract End Date,Ugovor Datum završetka,
Contract Fulfilment Checklist,Kontrolna lista Ispunjavanja ugovora,
Contract Period,Period ugovora,
Contract Template,Template Template,
Contract Template Fulfilment Terms,Uslovi ispunjavanja obrasca ugovora,
Contract Template Help,Pomoć za Šablon Ugovora,
Contract Terms,Uslovi ugovora,
Contract Terms and Conditions,Uslovi i uslovi ugovora,
Contribution (%),Doprinos (%),
Contribution to Net Total,Doprinos neto Ukupno,
Control Action,Kontrolna akcija,
Control Historical Stock Transactions,Kontroliši Prijašnje Transakcije Zaliha,
Conversion Factor,Konverzijski faktor,
Conversion Rate,Stopa konverzije,
Convert Item Description to Clean HTML in Transactions,Pretvori Opis Artikla u čisti HTML u Transakcijama,
Converted,Pretvoreno,
Copied From,kopira iz,
Copy Fields to Variant,Kopiraj polja na varijantu,
Corrective,Korektiv,
Corrective Action,Korektivna akcija,
Corrective Operation,Korektivna Operacija,
Corrective Operation Cost,Troškovi Korektivne Operacije,
Corrective/Preventive,Korektivni / preventivni,
Cost,Troškovi,
Cost Center,Troška,
Cost Center Allocation,Dodjela Centra Troškova,
Cost Center Allocation Percentage,Procenat Alokacije Centra Troškova,
Cost Center Allocation Percentages,Procenti Alokacije Centara Troškova,
Cost Center Name,Troška Name,
Cost Center Number,Broj troškovnog centra,
Cost Configuration,Konfiguracija Troškova,
Cost Per Unit,Trošak po Jedinici,
Cost of Goods Sold,Troškovi prodane robe,
Cost of Poor Quality Report,Izvještaj o Troškovima Lošeg Kvaliteta,
Cost to Company (CTC),Totalni Godišnji Troškovi (CTC),
Costing,Koštanje,
Costing Amount,Costing Iznos,
Costing Details,Detalji Obračuna Troškova,
Costing Rate,Costing Rate,
Costing and Billing,Cijena i naplata,
Count,Brojanje,
Country,Zemlja,
Country of Origin,Zemlja porijekla,
Coupon Code,Kupon kod,
Coupon Code Based,Na osnovu koda kupona,
Coupon Description,Opis kupona,
Coupon Name,Naziv kupona,
Coupon Type,Vrsta kupona,
Create Chart Of Accounts Based On,Napravite Kontni plan na osnovu,
Create Grouped Asset,Kreiraj Grupiranu Imovinu,
Create Job Card based on Batch Size,Kreiraj Radni Nalog na osnovu veličine Šarže,
Create Ledger Entries for Change Amount,Kreiraj Unose u Registar za Kusur,
Create Missing Party,Napravite Missing Party,
Create Receiver List,Kreiraj listu primalaca,
Create User,Kreiranje korisnika,
Create User Permission,Kreirajte dozvolu korisnika,
Create a new composite asset,Kreiraj novu složenu imovinu,
Create in Draft Status,Kreiraj u Statusu Nacrta,
Create missing customer or supplier.,Kreirajte nestalog klijenta ili dobavljača.,
Creation Document No,Stvaranje dokumenata nema,
Credit,Kredit,
Credit Amount,Iznos kredita,
Credit Amount in Account Currency,Iznos kredita u računu valuta,
Credit Amount in Transaction Currency,Kreditni Iznos u Valuti Transakcije,
Credit Card Entry,Credit Card Entry,
Credit Days,Kreditne Dani,
Credit Limit,Kreditni limit,
Credit Limit Settings,Postavke Kreditnog Ograničenja,
Credit Limit and Payment Terms,Kreditni limit i uslovi plaćanja,
Credit Limits,Kreditni limiti,
Credit Months,Kreditni meseci,
Credit Note,Kreditne Napomena,
Credit Note Issued,Kreditne Napomena Zadani,
"Credit Note will update it's own outstanding amount, even if 'Return Against' is specified.","Kreditna Faktura će ažurirati svoj nepodmireni iznos, čak i ako je navedeno 'Povrat Naspram'.",
Credit To,Kreditne Da,
Credit in Company Currency,Credit Company valuta,
Criteria,Kriterijumi,
Criteria Formula,Kriterijum Formula,
Criteria Name,Ime kriterijuma,
Criteria Setup,Postavljanje kriterijuma,
Criteria Weight,Kriterij Težina,
Cross Listing of Item in multiple groups,Cross Oglas tačke u više grupa,
Cumulative Transaction Threshold,Kumulativni prag transakcije,
Currency,Valuta,
Currency Exchange,Mjenjačnica,
Currency Exchange Settings,Postavke razmjene valuta,
Currency Exchange Settings Details,Detalji Postavki Razmjene Valuta,
Currency Exchange Settings Result,Rezultat Postavki Razmjene Valuta,
Currency and Price List,Valuta i cjenik,
Current Address,Trenutna adresa,
Current Address Is,Trenutni Adresa je,
Current Amount,Trenutni iznos,
Current Asset,Trenutna Imovina,
Current Asset Value,Trenutna vrednost aktive,
Current BOM,Trenutni BOM,
Current Exchange Rate,Tekući kurs,
Current Index,Trenutni Index,
Current Invoice End Date,Trenutni datum završetka računa,
Current Invoice Start Date,Trenutni datum početka fakture,
Current Level,Trenutni Nivo,
Current Liability,Tekuće Obaveza,
Current Node,Trenutni Čvor,
Current Qty,Trenutno Količina,
Current Serial / Batch Bundle,Trenutni Serijski / Šarža Paket,
Current Serial No,Trenutni serijski br,
Current State,Trenutna drzava,
Current Stock,Trenutni Stock,
Current Time,Trenutno vrijeme,
Current Valuation Rate,Trenutno Vrednovanje Rate,
Custodian,Skrbnik,
Custody,Starateljstvo,
Custom,Prilagođeno,
Custom HTML,Custom HTML,
Custom Remarks,Prilagođene napomene,
Custom delimiters,Prilagođeni Razdjelnici,
Custom?,Prilagođena?,
Customer,Kupci,
Customer ,Klijent,
Customer / Item / Item Group,Klijent / Artikal / Artikal Grupa,
Customer / Lead Address,Kupac / Adresa Lead-a,
Customer Acquisition and Loyalty,Stjecanje kupaca i lojalnost,
Customer Address,Kupac Adresa,
Customer Code,Kupac Šifra,
Customer Contact,Kontakt kupca,
Customer Contact Email,Email kontakta kupca,
Customer Credit Balance,Customer Credit Balance,
Customer Credit Limit,Limit za klijenta,
Customer Defaults,Standard Postavke Klijenta,
Customer Details,Korisnički podaci,
Customer Feedback,Ocjena Kupca,
Customer Group,Vrsta djelatnosti Kupaca,
Customer Group Item,Artikal Grupa Klijenta,
Customer Group Name,Naziv vrste djelatnosti Kupca,
Customer Groups,Customer grupe,
Customer Item,Artikal Klijenta,
Customer Items,Customer Predmeti,
Customer Ledger Summary,Sažetak knjige klijenta,
Customer Mobile No,Mobilni broj kupca,
Customer Name,Naziv kupca,
Customer Naming By,Kupac Imenovanje By,
Customer PO Details,Kupac PO Detalji,
Customer POS id,Korisnički POS id,
Customer Portal Users,Korisnici Portala za Korisnike,
Customer Primary Address,Primarna adresa klijenta,
Customer Primary Contact,Primarni kontakt klijenta,
Customer Provided,Kupac,
Customer Territory,Teritorija kupaca,
Customer Type,Tip kupca,
Customer Warehouse (Optional),Customer Warehouse (Opcionalno),
Customer or Item,Kupac ili stavka,
Customer's Item Code,Kupca Stavka Šifra,
Customer's Purchase Order,Narudžbenica kupca,
Customer's Purchase Order Date,Kupca narudžbenice Datum,
Customer's Purchase Order No,Kupca Narudžbenica br,
Customer-wise Item Price,Kupcima prilagođena cijena,
Customers,Kupci,
Customers Without Any Sales Transactions,Kupci bez prodajnih transakcija,
Customerwise Discount,Customerwise Popust,
Customs Tariff Number,Carinski tarifni broj,
DT-,DT-,
DUNN-.MM.-.YY.-,DUNN-.MM .-. YY.-,
Daily,Svakodnevno,
Daily Time to send,Dnevno vrijeme za slanje,
Daily Timesheet Summary,Dnevni Timesheet Pregled,
Dashboard,Nadzorna Tabla,
Data Import Configuration,Konfiguracija uvoza podataka,
Date,Datum,
Date ,Datum,
Date Of Retirement,Datum odlaska u mirovinu,
Date Settings,Datum Postavke,
Date of Birth,Datum rođenja,
Date of Commencement,Datum početka,
Date of Establishment,Datum uspostavljanja,
Date of Incorporation,Datum osnivanja,
Date of Issue,Datum izdavanja,
Date of Joining,Datum pristupa,
Dates,Datumi,
Day,dan,
Day Of Week,Dan u nedelji,
Day of Week,Dan Tjedan,
Day to Send,Dan za slanje,
Day(s) after invoice date,Dan (a) nakon datuma fakture,
Day(s) after the end of the invoice month,Dan (i) nakon završetka meseca fakture,
Days,Dani,
Days Until Due,Dani do dospijeća,
Days before the current subscription period,Dana prije trenutnog perioda pretplate,
DeLinked,Odspojen,
Deal Owner,Odgovorni,
Debit,Zaduženje,
Debit Amount,Debit Iznos,
Debit Amount in Account Currency,Debit Iznos u računu valuta,
Debit Amount in Transaction Currency,Debit Iznos u Valuti Transakcije,
Debit Note,Rashodi - napomena,
Debit Note Issued,Debit Napomena Zadani,
"Debit Note will update it's own outstanding amount, even if 'Return Against' is specified.","Debit Faktura će ažurirati svoj nepodmireni iznos, čak i ako je navedeno 'Povrat Naspram'.",
Debit To,Rashodi za,
Debit in Company Currency,Debit u Company valuta,
Debit to,Na teret,
Debit-Credit Mismatch,Debit-Kredit je neusklađeno,
Debit-Credit mismatch,Debit-Kredit je neusklađeno,
Deduct,Odbiti,
Deductee Details,Detalji o odbitku,
Deductions or Loss,Smanjenja ili gubitak,
Default,Podrazumjevano,
Default Account,Podrazumjevani konto,
Default Accounts,Zadani računi,
Default Advance Account,Standard Račun Predujma,
Default Advance Paid Account,Standard Račun za Predujam Plaćanje,
Default Advance Received Account,Standard Račun za Predujam Plaćanje,
Default BOM,Zadani BOM,
Default Bank Account,Zadani bankovni račun,
Default Billing Rate,Uobičajeno Billing Rate,
Default Buying Cost Center,Zadani trošak kupnje,
Default Buying Price List,Zadani cjenik kupnje,
Default Buying Terms,Uvjeti kupnje,
Default Cash Account,Zadani novčani račun,
Default Common Code,Standard Zajednički Kod,
Default Company,Zadana tvrtka,
Default Company Bank Account,Bankovni račun kompanije,
Default Cost Center,Standard Cost Center,
Default Cost of Goods Sold Account,Uobičajeno Nabavna vrednost prodate robe računa,
Default Costing Rate,Uobičajeno Costing Rate,
Default Currency,Zadana valuta,
Default Customer Group,Zadana grupa korisnika,
Default Deferred Expense Account,Podrazumevani odloženi račun za troškove,
Default Deferred Revenue Account,Podrazumevani odloženi porezni račun,
Default Dimension,Podrazumevana dimenzija,
Default Discount Account,Standard Račun za Popust,
Default Distance Unit,Podrazumevana jedinica udaljenosti,
Default Expense Account,Zadani račun rashoda,
Default Finance Book,Osnovna finansijska knjiga,
Default Finished Goods Warehouse,Uobičajeno Gotovi proizvodi skladište,
Default Holiday List,Uobičajeno Holiday List,
Default In-Transit Warehouse,Standard Transportno Skladište,
Default Income Account,Zadani račun prihoda,
Default Inventory Account,Uobičajeno zaliha računa,
Default Item Group,Zadana grupa proizvoda,
Default Item Manufacturer,Zadani proizvođač predmeta,
Default Letter Head,Uobičajeno Letter Head,
Default Manufacturer Part No,Zadani broj dijela proizvođača,
Default Material Request Type,Uobičajeno materijala Upit Tip,
Default Operating Cost Account,Standard Račun Operativnih Troškova,
Default Payable Account,Uobičajeno računa se plaća,
Default Payment Discount Account,Standard Račun Popusta,
Default Payment Request Message,Uobičajeno plaćanje poruka zahtjeva,
Default Payment Terms Template,Podrazumevani obrazac za plaćanje,
Default Price List,Zadani cjenik,
Default Priority,Default Priority,
Default Provisional Account,Standard Privremeni Račun,
Default Purchase Unit of Measure,Podrazumevana jedinica kupovine mjere,
Default Quotation Validity Days,Uobičajeni dani valute kvotiranja,
Default Receivable Account,Uobičajeno Potraživanja račun,
Default Sales Unit of Measure,Podrazumevana jedinica prodaje mjere,
Default Scrap Warehouse,Uobičajeno Scrap Warehouse,
Default Selling Cost Center,Zadani trošak prodaje,
Default Selling Terms,Uobičajeni prodajni uslovi,
Default Service Level Agreement,Standardni ugovor o nivou usluge,
Default Source Warehouse,Zadano izvorno skladište,
Default Stock UOM,Zadana kataloška mjerna jedinica,
Default Supplier,Glavni dobavljač,
Default Supplier Group,Podrazumevana grupa dobavljača,
Default Target Warehouse,Centralno skladište,
Default Territory,Zadani teritorij,
Default Unit of Measure,Zadana mjerna jedinica,
Default Valuation Method,Zadana metoda vrednovanja,
Default Value,Zadana vrijednost,
Default Warehouse,Glavno skladište,
Default Warehouse for Sales Return,Zadani magacin za povratak prodaje,
Default Warehouses for Production,Zadane Skladišta za proizvodnju,
Default Work In Progress Warehouse,Uobičajeno Work in Progress Skladište,
Default Workstation,Uobičajeno Workstation,
Default account will be automatically updated in POS Invoice when this mode is selected.,Podrazumevani nalog će se automatski ažurirati u POS računu kada je izabran ovaj režim.,
Default settings for your stock-related transactions,Standard postavke za vaše transakcije vezane za zalihe,
Default: 10 mins,Zadano: 10 min,
Defaults,Zadani,
Deferred Accounting,Odloženo Knjigovodstvo,
Deferred Accounting Defaults,Standard Odloženog Knjigovodstva,
Deferred Accounting Settings,Postavke odgođenog računovodstva,
Deferred Expense,Odloženi troškovi,
Deferred Expense Account,Odloženi račun za troškove,
Deferred Revenue,Odloženi prihodi,
Deferred Revenue Account,Odgođeni račun za prihode,
Deferred Revenue and Expense,Odgođeni Prihodi i Rashodi,
Delay between Delivery Stops,Kašnjenje između prekida isporuke,
Delayed Item Report,Izvještaj o odloženom predmetu,
Delayed Order Report,Izveštaj o odloženom nalogu,
Delayed Tasks Summary,Sažetak Odgođenih Zadataka,
Delete Accounting and Stock Ledger Entries on deletion of Transaction,Izbriši unose Knjigovodstva i Registra Zaliha pri brisanju Transakcije,
Delete Bins,Izbriši iz Smeća,
Delete Cancelled Ledger Entries,Izbrišite poništene unose iz Registra,
Delete Leads and Addresses,Izriši Potencijalne Klijente i Adrese,
Delete Transactions,Izbriši Transakcije,
Delimiter options,Opcije Razdjelnika,
Delivered,Isporučeno,
Delivered By Supplier,Isporučuje dobavljač,
Delivered Items To Be Billed,Isporučeni proizvodi za naplatiti,
Delivered Qty,Isporučena količina,
Delivered by Supplier (Drop Ship),Isporučuje Dobavljač (Drop Ship),
Delivery,Isporuka,
Delivery Date,Datum isporuke,
Delivery Details,Detalji isporuke,
Delivery Manager,Upravitelj Dostave,
Delivery Note,Otpremnica,
Delivery Note Item,Stavka otpremnice,
Delivery Note No,Otpremnica br,
Delivery Note Packed Item,Paket Artikal Dostavnice,
Delivery Note Trends,Trendovi otpremnica,
Delivery Settings,Postavke isporuke,
Delivery Status,Status isporuke,
Delivery Stop,Dostava Stop,
Delivery Stops,Dostava je prestala,
Delivery To,Dostava za,
Delivery Trip,Dostava putovanja,
Delivery User,Korisnik Dostave,
Delivery Warehouse,Isporuka Skladište,
Delivery to,Dostava do,
Demo Company,Demo Kompanija,
Department,Odjel,
Departure Time,Vrijeme odlaska,
Dependant SLE Voucher Detail No,Zavisni SLE Verifikat Broj,
Dependencies,Zavisnosti,
Dependent Task,Zavisna Task,
Dependent Tasks,Zavisni zadaci,
Depends on Tasks,Ovisi o Zadaci,
Deposit,Depozit,
Depreciate based on daily pro-rata,Amortizacija na osnovu dnevnih proporcija,
Depreciate based on shifts,Amortizacija na osnovu Smjena,
Depreciation,Amortizacija,
Depreciation Amount,Amortizacija Iznos,
Depreciation Details,Detalji Amortizacije,
Depreciation Entry,Amortizacija Entry,
Depreciation Entry Posting Status,Status Knjiženja Unosa Amortizacije,
Depreciation Expense Account,Troškovi amortizacije računa,
Depreciation Method,Način Amortizacija,
Depreciation Options,Opcije amortizacije,
Depreciation Posting Date,Datum knjiženja amortizacije,
Depreciation Schedule,Amortizacija Raspored,
Depreciation Schedule View,Pregled Rasporeda Amortizacije,
Description,Opis,
Description of Content,Opis Sadržaja,
Designation,Oznaka,
Desk User,Korisnik Radne Površine,
Detailed Reason,Detaljan razlog,
Details,Detalji,
Determine Address Tax Category From,Odredite kategoriju adrese poreza od,
Diesel,dizel,
Difference,Razlika,
Difference (Dr - Cr),Razlika ( dr. - Cr ),
Difference Account,Konto razlike,
Difference Amount,Razlika Iznos,
Difference Amount (Company Currency),Razlika Iznos (Company Valuta),
Difference Posting Date,Datum Knjiženja Razlike,
Dimension Defaults,Zadane dimenzije,
Dimension Details,Detalji Dimenzije,
Dimension Filter Help,Pomoć Filter Dimenzije,
Dimension Name,Ime dimenzije,
Dimension-wise Accounts Balance Report,Izvještaj o stanju računa po dimenzijama,
Dimensions,Dimenzije,
Direct Expense,Direktni Troškak,
Direct Income,Direktni prihodi,
Disable,Ugasiti,
Disable Capacity Planning,Onemogući planiranje kapaciteta,
Disable In Words,Onemogućena u Words,
Disable Last Purchase Rate,Onemogući posljednju Kupovnu Cijenu,
Disable Rounded Total,Ugasiti zaokruženi iznos,
Disable Serial No And Batch Selector,Onemogući Serijski i Šaržni Odabirač,
Disable auto setting Grand Total to default Payment Mode,Onemogući automatsko postavljanje ukupnog iznosa za standard način plaćanja,
Disabled,Ugašeno,
Disables auto-fetching of existing quantity,Onemogućuje automatsko preuzimanje postojeće količine,
Disassemble,Rastavi,
Disbursed,Isplaceno,
Discount,Popust,
Discount (%) on Price List Rate with Margin,Popust (%) na Cjenovnik objekta sa margina,
Discount Account,Račun Popusta,
Discount Amount,Iznos rabata,
Discount Date,Datum Popusta,
Discount Percentage,Postotak rabata,
Discount Settings,Postavke Popusta,
Discount Type,Tip popusta,
Discount Validity,Valjanost Popusta,
Discount Validity Based On,Valjanost Popusta na osnovu,
Discount and Margin,Popust i Margin,
Discount on Other Item,Popust na drugi artikl,
Discount on Price List Rate (%),Popust na cijenu List stopa (%),
Discounted Amount,Iznos Popusta,
Discounted Invoice,Račun s popustom,
Discounts,Popusti,
"Discounts to be applied in sequential ranges like buy 1 get 1, buy 2 get 2, buy 3 get 3 and so on","Popusti koji se primjenjuju u uzastopnim rasponima kao što je kupiš1 dobiješ 1, kupiš 2 dobiješ 2, kupiš 3 dobiješ 3 i tako dalje",
Discrepancy between General and Payment Ledger,Nesklad između Knjigovodstvenog Registra i Registra Plaćanja,
Dislikes,Ne voli,
Dispatch Address,Otpremna Adresa,
Dispatch Address Name,Naziv Otpremne Adrese,
Dispatch Information,Informacije o otpremi,
Dispatch Notification Attachment,Prilog za obavještenje o otpremi,
Dispatch Notification Template,Šablon za obavještenje o otpremi,
Dispatch Settings,Dispečerske postavke,
Disposal Date,odlaganje Datum,
Distance,Razdaljina,
Distance UOM,Udaljenost UOM,
Distance from left edge,Udaljenost od lijevog ruba,
Distance from top edge,Udaljenost od gornje ivice,
Distinct Item and Warehouse,Posebni Artikal i Skladište,
Distinct unit of an Item,Različite jedinice strane jedinice,
Distribute Additional Costs Based On ,Raspodijeli dodatne troškove na osnovu,
Distribute Charges Based On,Podijelite Optužbe na osnovu,
Distribute Manually,Raspodjeli Ručno,
Distribution Name,Naziv distribucije,
Divorced,Rastavljen,
Do Not Contact,Ne kontaktirati,
Do Not Explode,Ne Rastavljati,
Do Not Update Serial / Batch on Creation of Auto Bundle,Ne ažuriraj Serijski / Šaržu pri kreiranju Automatskog Paketa,
Do Not Use Batch-wise Valuation,Ne koristi Šaržno Vrijednovanje,
Do not show any symbol like $ etc next to currencies.,Ne pokazati nikakav simbol poput $ iza valute.,
Do not update variants on save,Ne ažurirajte varijante prilikom štednje,
DocField,Dokument Polje,
DocType,DocType,
Doctype,Vrsta dokumenta,
Document Name,Dokument Ime,
Document Type,Tip dokumenta,
Document Type ,Tip dokumenta,
Documents,Dokumenti,
Documents Processed on each trigger. Queue Size should be between 5 and 100,Dokumenti se obrađuju na svakom okidaču. Veličina Reda treba biti između 5 i 100,
Domain,Domena,
Don't Enforce Free Item Qty,Ne nameći Besplatnu Količinu Artikla,
Don't Reserve Sales Order Qty on Sales Return,Ne rezerviši Količinu Prodajnog Naloga na povratu Prodaje,
Don't Send Emails,Ne šalji e-poštu,
Done,Gotovo,
Dont Recompute tax,Ne obračunavaj ponovo PDV,
Doors,vrata,
Double Declining Balance,Double degresivne,
Download Required Materials,Preuzmite potrebne materijale,
Download Template,Preuzmite predložak,
Downtime,Zaustavljanje,
Downtime Analysis,Analiza zastoja,
Downtime Entry,Ulazak u stanke,
Downtime Reason,Razlog zastoja,
Draft,Draft,
Driver,Vozač,
Driver Address,Adresa vozača,
Driver Email,E-adresa vozača,
Driver Name,Ime vozača,
Driver licence class,Klasa vozačke dozvole,
Driving License Categories,Vozačke dozvole Kategorije,
Driving License Category,Kategorija vozačke dozvole,
Drop Ship,Drop Ship,
Due Date,Datum dospijeća,
Due Date Based On,Due Date Based On,
Dunning,Dunning,
Dunning Amount,Iznos za izlazak,
Dunning Amount (Company Currency),Iznos Opomene (Valuta Kompanije),
Dunning Fee,Naknada za Dunning,
Dunning Letter,Dunning Letter,
Dunning Letter Text,Dunning Letter Text,
Dunning Level,Nivo Opomene,
Dunning Type,Dunning Type,
Duration,Trajanje,
Duration (Days),Trajanje (dani),
Dynamic Condition,Dinamički Uvjet,
EAN,EAN,
ERPNext Integrations,ERPNext Integrations,
ERPNext User ID,ERPNext User ID,
Each Transaction,Svaka transakcija,
Edit Posting Date and Time,Edit knjiženja datuma i vremena,
Education,Obrazovanje,
Educational Qualification,Obrazovne kvalifikacije,
Electric,Electric,
Electricity Cost,Troškovi struje,
Electricity down,Ispala struja,
Electronic Invoice Register,Registar elektroničkih računa,
Email,Email,
Email Account,Email nalog,
Email Address,E-mail adresa,
Email Campaign,Kampanja e-pošte,
Email Campaign For ,Kampanja e-pošte za,
Email Details,Detalji e-pošte,
Email Digest,E-pošta,
Email Digest Recipient,Primatelj sažetka e-pošte,
Email Digest Settings,E-pošta Postavke,
Email Group,E-mail Group,
Email Id,Email ID,
Email Sent,E-mail poslan,
Email Settings,Postavke e-pošte,
Email Template,Email Template,
Email sent to,E-mail poslat,
Emergency Contact,Hitni kontakt,
Emergency Contact Name,Ime kontakta za hitne slučajeve,
Emergency Phone,Hitna Telefon,
Employee,Radnik,
Employee ,Radnik,
Employee Advance,Advance Employee,
Employee Billing Summary,Sažetak naplate zaposlenika,
Employee Detail,Detalji o radniku,
Employee Education,Obrazovanje zaposlenog,
Employee External Work History,Istorija rada zaposlenog izvan preduzeća,
Employee Group,Employee Group,
Employee Group Table,Tabela grupe zaposlenih,
Employee Internal Work History,Istorija rada zaposlenog u preduzeću,
Employee Name,Ime i prezime radnika,
Employee Number,Broj radnika,
Employee User Id,Korisnički ID Personala,
Enable Appointment Scheduling,Omogući zakazivanje termina,
Enable Auto Email,Omogućite automatsku e-poštu,
Enable Automatic Party Matching,Omogući Automatsko Poravnanje Stranaka,
Enable Capital Work in Progress Accounting,Omogućite kapitalni rad u računovodstvu u toku,
Enable Common Party Accounting,Omogući Zajedničko Knjigovodstvo Stranki,
Enable Deferred Expense,Omogućite odloženi trošak,
Enable Deferred Revenue,Omogućite odloženi prihod,
Enable Discount Accounting for Selling,Omogući Knjigovodstvo Prodajnog Popusta,
Enable European Access,Omogućiti evropski pristup,
Enable Fuzzy Matching,Omogući nejasno podudaranje,
Enable Health Monitor,Omogući Nadgledanje Sistema,
Enable Immutable Ledger,Omogući Nepromjenjivo Knjigovodstvo,
Enable Perpetual Inventory,Omogućiti vječni zaliha,
Enable Provisional Accounting For Non Stock Items,Omogući Privremeno Knjigovodstvo za Artikle za koje se nevode Zalihe,
Enable Stock Reservation,Omogući Rezervaciju Zaliha,
Enable YouTube Tracking,Omogućite YouTube praćenje,
Enable it if users want to consider rejected materials to dispatch.,Omogući ako korisnici žele da uzmu u obzir odbijene materijale za slanje.,
Enable this checkbox even if you want to set the zero priority,Omogući ovo polje ako želite da postavite nulti prioritet,
"Enable this option to calculate daily depreciation by considering the total number of days in the entire depreciation period, (including leap years) while using daily pro-rata based depreciation",Omogući ovu opciju za izračunavanje dnevne amortizacije uzimajući u obzir ukupan broj dana u cijelom periodu amortizacije (uključujući prijestupne godine) dok koristite dnevnu proporcionalnu amortizaciju,
Enabled,Omogućeno,
Enabling this ensures each Purchase Invoice has a unique value in Supplier Invoice No. field within a particular fiscal year,Omogućavanje ovoga osigurava da svaka Kupovna Faktura ima jedinstvenu vrijednost u polju Broj Fakture Dobavljača unutar određene fiskalne godine,
Enabling this option will allow you to record - <br><br> 1. Advances Received in a <b>Liability Account</b> instead of the <b>Asset Account</b><br><br>2. Advances Paid in an <b>Asset Account</b> instead of the <b> Liability Account</b>,Omogućavanje ove opcije omogućit će vam zapisivanje - <br><br> 1. Predujam primljen na <b>Račun Obaveza</b> umjesto na <b>Račun Imovine</b><br><br>2. Predujam uplaćen na <b>Račun Imovine</b> umjesto na <b>Račun Obaveza</b>,
Enabling this will allow creation of multi-currency invoices against single party account in company currency,Omogućavanje će omogućiti kreiranje viševalutnih faktura naspram računa jedne stranke u valuti kompanije,
Encashment Date,Encashment Datum,
End Date,Datum završetka,
End Time,End Time,
End date of current invoice's period,Kraj datum tekućeg razdoblja dostavnice,
End of Life,Kraj života,
End of the current subscription period,Kraj trenutnog perioda pretplate,
Enough Parts to Build,Dosta dijelova za izgradnju,
Ensure Delivery Based on Produced Serial No,Osigurati isporuku zasnovanu na serijskom br,
Enter name of campaign if source of enquiry is campaign,"Unesite naziv kampanje, ako je izvor upit je kampanja",
Entity,Entitet,
Entity Type,Tip entiteta,
Entry Type,Entry Tip,
Equity,pravičnost,
Equity/Liability Account,Račun kapitala / obaveza,
Error,Pogreška,
Error Description,Opis greške,
Error Log,Error Log,
Error Message,Poruka o grešci,
Errors Notification,Obavjest o Greškama,
Estimated Arrival,Procijenjeni dolazak,
Estimated Cost,Procijenjeni troškovi,
Estimated Time and Cost,Procijenjena vremena i troškova,
Evaluation Period,Period evaluacije,
Event,Događaj,
Example URL,Primjer URL-a,
"Example: ABCD.#####
If series is set and Serial No is not mentioned in transactions, then automatic serial number will be created based on this series. If you always want to explicitly mention Serial Nos for this item. leave this blank.","Primjer: ABCD.#####
Ako je serija postavljena, a serijski broj nije postavljen u transakcijama, tada će se automatski serijski broj kreirati na osnovu ove serije. Ako uvijek želite eksplicitno postaviti serijske brojeve za ovaj artikal ostavite ovo prazno.",
"Example: ABCD.#####. If series is set and Batch No is not mentioned in transactions, then automatic batch number will be created based on this series. If you always want to explicitly mention Batch No for this item, leave this blank. Note: this setting will take priority over the Naming Series Prefix in Stock Settings.","Primer: ABCD. #####. Ako je serija postavljena i Batch No se ne pominje u transakcijama, na osnovu ove serije će se kreirati automatski broj serije. Ako uvek želite da eksplicitno navedete Batch No za ovu stavku, ostavite ovo praznim. Napomena: ovo podešavanje će imati prioritet nad Prefiksom naziva serije u postavkama zaliha.",
Exception Budget Approver Role,Izuzetna budžetska uloga odobravanja,
Excessive machine set up time,Pretjerano vrijeme postavljanja stroja,
Exchange Gain / Loss,Rezultat Deviznog Kursa,
Exchange Gain / Loss Account,Exchange dobitak / gubitak računa,
Exchange Gain Or Loss,Rezultat Deviznog Kursa,
Exchange Gain/Loss,Exchange dobitak / gubitak,
Exchange Rate,Tečaj,
Exchange Rate Revaluation,Revalorizacija deviznog kursa,
Exchange Rate Revaluation Account,Račun revalorizacije kursa,
Exchange Rate Revaluation Settings,Postavke Revalorizacije Deviznog Kursa,
Excise Entry,Akcizama Entry,
Excise Page Number,Trošarina Broj stranice,
Excluded DocTypes,Izuzeti DocTypes,
Existing Company,Postojeća kompanija,
Existing Company ,postojeći Company,
Exit Interview Held On,Izlazni intervju održan,
Expected Amount,Očekivani iznos,
Expected Closing Date,Očekivani datum zatvaranja,
Expected Delivery Date,Očekivani rok isporuke,
Expected End Date,Očekivani Datum završetka,
Expected Hrs,Očekivana h,
Expected Start Date,Očekivani datum početka,
Expected Time (in hours),Očekivano trajanje (u satima),
Expected Time Required (In Mins),Očekivano Potrebno Vrijeme (u minutama),
Expected Value After Useful Life,Očekivana vrijednost Nakon Korisni Life,
Expense,rashod,
Expense Account,Rashodi račun,
Expense Claim,Rashodi polaganja,
Expense Head,Rashodi voditelj,
Expenses Included In Asset Valuation,Uključeni troškovi u procenu aktive,
Expenses Included In Valuation,Troškovi uključeni u vrednovanje,
Expired,Istekla,
Expiry,Istek Roka,
Expiry Date,Datum isteka,
Expiry Duration (in days),Trajanje isteka (u danima),
Exploded Items,Eksplodirani predmeti,
Exponential Smoothing Forecasting,Eksponencijalno izglađivanje predviđanja,
External Work History,Vanjski History Work,
FIFO,FIFO,
FIFO Queue vs Qty After Transaction Comparison,Poređenje FIFO reda u odnosu na Količinu Nakon Transakcije,
"FIFO Stock Queue (qty, rate)","FIFO red Zaliha (količina, cjena)",
Failed,Nije uspio,
Failure Date,Datum otkaza,
Failure Description,Opis Kvara,
Family Background,Obitelj Pozadina,
Fax,Fax,
Feedback,Povratna veza,
Feedback By,Povratne informacije od,
Fees,Naknade,
Fetch Customers,Dohvatite kupce,
Fetch Timesheet in Sales Invoice,Preuzmi Radni List u Fakturu Prodaje,
Fetch Value From,Preuzmi Vrijednost od,
Fetch items based on Default Supplier.,Dohvatite stavke na osnovu zadanog dobavljača.,
Field,polje,
Field Mapping,Mapiranje polja,
Field Name,Naziv polja,
Field in Bank Transaction,Polje u bankovnoj transakciji,
Fieldname,"Podataka, Naziv Polja",
Fields,Polja,
Fields will be copied over only at time of creation.,Polja će se kopirati samo u trenutku kreiranja.,
Fieldtype,Polja,
File to Rename,File da biste preimenovali,
Filter Duration (Months),Trajanje filtra (mjeseci),
Filter by Reference Date,Filtriraj po Referentnom Datumu,
Filter on Invoice,Filtrer na Fakturi,
Filter on Payment,Filter na Plaćanju,
Filters,Filteri,
Final Product,Finalni Proizvod,
Finance Book,Finansijska knjiga,
Finance Book Detail,Knjiga finansija Detail,
Finance Book Id,Id Book of Finance,
Finance Books,Finansijske knjige,
Financial Ratios,Finansijski Pokazatelji,
Financial reports will be generated using GL Entry doctypes (should be enabled if Period Closing Voucher is not posted for all years sequentially or missing) ,Finansijski izvještaji će se generirati korištenjem  doctypes Knjgovodstvenog Unosa (trebalo bi biti omogućeno ako se verifikat za zatvaranje perioda nije objavljen za sve godine uzastopno ili nedostaje),
Finished Good,Finished Good,
Finished Good BOM,Sastavnica Gotovog Proizvoda,
Finished Good Item,Artikal Gotovog Proizvoda,
Finished Good Item Quantity,Količina Artikla Gotovog Proizvoda,
Finished Good Qty,Količina Gotovog Proizvoda,
Finished Good Quantity ,Količina Gotovog Proizvoda,
Finished Good UOM,Jedinica Gotovog Proizvoda,
Finished Goods,Gotovih proizvoda,
Finished Goods Based Operating Cost,Operativni troškovi zasnovani na Gotovom Proizvodu,
Finished Goods Item,Gotov Proizvod Artikal,
Finished Goods Reference,Referenca za Gotov Proizvod,
Finished Goods Warehouse,Skladište gotove robe,
Finished Goods based Operating Cost,Operativni troškovi zasnovani na Gotovom Proizvodu,
First Email,Prva e-pošta,
First Name,Ime,
First Responded On,Prvi put odgovorio dana,
First Response Due,Rok za Prvi Odgovor,
First Response Time,Vrijeme prvog odgovora,
First Response Time for Issues,Vrijeme prvog odgovora na izdanja,
First Response Time for Opportunity,Prvo vrijeme odgovora za priliku,
Fiscal Year,Fiskalna godina,
Fiscal Year Company,Fiskalna godina Company,
Fixed,Fiksna,
Fixed Asset,Dugotrajne imovine,
Fixed Asset Account,Osnovnih sredstava računa,
Fixed Asset Defaults,Standard Postavke Fiksne Imovine,
Fixed Asset Register,Registar fiksne imovine,
Fixed Deposit Number,Fiksni depozitni broj,
Fixed Rate,Fiksna stopa,
Fixed Time,Fiksno Vrijeme,
Fleet Manager,Fleet Manager,
Floor,Sprat,
Floor Name,Naziv Sprata,
Folio no.,Folio br.,
Follow Calendar Months,Pratite mjesece kalendara,
For Buying,Za kupovinu,
For Company,Za tvrtke,
For Job Card,Za Radnu Karticu,
For Operation,Za Operaciju,
For Price List,Za Cjeniku,
For Production,Za proizvodnju,
For Selling,Za prodaju,
For Warehouse,Za galeriju,
For dunning fee and interest,Za Naknadu Opomene i Kamatu,
"For e.g. 2012, 2012-13","Za npr. 2012, 2012-13",
For how much spent = 1 Loyalty Point,Za koliko je potrošeno = 1 lojalnost,
For individual supplier,Za pojedinačne dobavljač,
For reference,Za referencu,
"For the convenience of customers, these codes can be used in print formats like Invoices and Delivery Notes","Za praktičnost kupaca, te kodovi mogu se koristiti u tiskanim formata kao što su fakture i otpremnice",
Foreign Trade Details,Vanjske trgovine Detalji,
Formula Based Criteria,Kriterijumi Zasnovani na Formuli,
Forum Posts,Forum Posts,
Forum URL,Forum URL,
Frappe Support,Frappe podrška,
Free Item,Free Item,
Free Item Rate,Cijena Besplatnog Artikla,
Freeze Stocks Older Than (Days),Zamrznite zalihe starije od (dana),
Frequency,frekvencija,
Frequency To Collect Progress,Frekvencija za sakupljanje napretka,
Frequency of Depreciation (Months),Učestalost amortizacije (mjeseci),
Friday,Petak,
From,Od,
From BOM,Iz BOM,
From Company,Iz Društva,
From Corrective Job Card,Iz Popravnog Radnog Naloga,
From Currency,Od novca,
From Customer,Od kupca,
From Date,Od datuma,
From Delivery Date,Od Datuma Dostave,
From Doctype,Iz Doctype,
From Employee,Od zaposlenika,
From Folio No,Od Folio No,
From Invoice Date,Iz Datum računa,
From Lead,Od Lead-a,
From No,Od br,
From Opportunity,Iz Prilike,
From Package No.,Iz paketa broj,
From Payment Date,Od Datuma Plaćanja,
From Prospect,Iz Prospekta,
From Range,Od Range,
From Reference Date,Od Referentnog Datuma,
From Shareholder,Od dioničara,
From Template,Iz šablona,
From Time,S vremena,
From Time ,S vremena,
From Value,Od Vrijednost,
From Voucher Detail No,Od Detalja Verifikata Broj,
From Voucher No,Od Verifikata Broj,
From Voucher Type,Od Tipa Verifikata,
From Warehouse,Od Skladište,
Frozen,Zaleđeni,
Fuel Type,Vrsta goriva,
Fuel UOM,gorivo UOM,
Fulfilled,Ispunjeno,
Fulfillment User,Fulfillment User,
Fulfilment Deadline,Rok ispunjenja,
Fulfilment Details,Ispunjavanje Detalji,
Fulfilment Status,Status ispune,
Fulfilment Terms,Uslovi ispunjenja,
Fulfilment Terms and Conditions,Uslovi ispunjavanja uslova,
Full Name,Ime i prezime,
Full and Final Statement,Potpuna i Konačna Izjava,
Fully Billed,Potpuno Naplaćeno,
Fully Completed,Potpuno Završeni,
Fully Delivered,Potpuno Isporučeno,
Fully Depreciated,potpuno je oslabio,
GL Entry,GL ulaz,
GL Entry Processing Status,Status Obrade Unosa u Knjigovodstveni Registar,
GL reposting index,Knjigovodstveni Registar Indeks ponovnog knjiženja,
Gain/Loss,Dobit / gubitak,
Gain/Loss Account on Asset Disposal,Dobitak / gubitak računa na Asset Odlaganje,
Gain/Loss accumulated in foreign currency account. Accounts with '0' balance in either Base or Account currency,Rezultat akumuliran na deviznom računu. Računi sa stanjem '0' u osnovnoj ili valuti računa,
Gain/Loss already booked,Rezultat je već uknjižen,
Gain/Loss from Revaluation,Rezultat od Revalorizacije,
Gender,Rod,
General,Opšti,
General Ledger,Glavna knjiga,
General Settings,General Settings,
General and Payment Ledger Comparison,Poređenje Knjigovodstvenog Registra i Registra Plaćanja,
General and Payment Ledger mismatch,Nepodudaranje Knjigovodstvenog Registra i Registra Plaćanja,
Generate Invoice At,Generiši Fakturu,
Generate New Invoices Past Due Date,Generirajte nove fakture s rokom dospijeća,
Generate Schedule,Generiranje Raspored,
"Generate packing slips for packages to be delivered. Used to notify package number, package contents and its weight.","Generirajte pakovanje Slips za pakete dostaviti. Koristi se za obavijesti paket broja, sadržaj paket i njegove težine.",
Generated,Generisano,
Get Advances Paid,Kreiraj avansno plaćanje,
Get Advances Received,Kreiraj avansno primanje,
Get Allocations,Preuzmi Dodjele,
Get Current Stock,Kreiraj trenutne zalihe,
Get Entries,Get Entries,
Get Finished Goods for Manufacture,Preuzmi Artikle za Proizvodnju,
Get Item Locations,Dohvati lokacije predmeta,
Get Items,Kreiraj proizvode,
Get Items From,Get stavke iz,
Get Items From Purchase Receipts,Get Predmeti iz otkupa Primici,
Get Items from Open Material Requests,Saznajte Predmeti od Open materijala Zahtjevi,
Get Latest Query,Najnoviji upit,
Get Material Request,Get materijala Upit,
Get Outstanding Invoices,Kreiraj neplaćene račune,
Get Outstanding Orders,Preuzmi Nepodmirene Naloge,
Get Raw Materials Cost from Consumption Entry,Preuzmi Trošak Sirovina iz Unosa Potrošnje,
Get Raw Materials for Purchase,Preuzmi Sirovine za Kupovinu,
Get Raw Materials for Transfer,Preuzmi Sirovine za Transfer,
Get Sales Orders,Kreiraj narudžbe,
Get Scrap Items,Preuzmi Otpadne Artikle,
Get Started Sections,Započnite sekcije,
Get Sub Assembly Items,Preuzmi Artikle Podsklopa,
Gift Card,Poklon kartica,
Give free item for every N quantity,Dodjeli besplatan artikal za svaku N količinu,
Global Defaults,Globalne zadane postavke,
Goal,Cilj,
Goods,Proizvod,
Grace Period,Grace Period,
Graduate,Diplomski,
Grand Total,Ukupno za platiti,
Grand Total (Company Currency),Sveukupno (valuta tvrtke),
Grant Commission,Odobri Proviziju,
Green,Zelenilo,
Greeting Message,Poruka Dobrodošlice,
Greeting Subtitle,Pozdravni titl,
Greeting Title,Pozdravni naslov,
Greetings Section,Pozdravni odjeljak,
Gross Margin,Bruto marža,
Gross Margin %,Bruto marža %,
Gross Profit,Bruto dobit,
Gross Purchase Amount,Bruto Kupovina Iznos,
Gross Weight,Bruto težina,
Gross Weight UOM,Bruto težina UOM,
Gross and Net Profit Report,Izvještaj o bruto i neto dobiti,
Group Same Items,Grupiši iste Artikle,
Group same items,Grupa iste stavke,
HR Manager,Šef ljudskih resursa,
HR User,HR korisnika,
HR-DRI-.YYYY.-,HR-DRI-.YYYY.-,
HR-EMP-,HR-EMP-,
Half Yearly,Polu godišnji,
Half-yearly,Polugodišnje,
Has Alternative Item,Ima Alternativni Artikal,
Has Batch No,Je Hrpa Ne,
Has Certificate ,Ima certifikat,
Has Corrective Cost,Ima Korektivne Troškove,
Has Expiry Date,Ima datum isteka,
Has Item Scanned,Ima Skenirani Artikal,
Has Print Format,Ima Print Format,
Has Priority,Ima Prioritet,
Has Serial No,Ima serijski br,
Has Variants,Ima Varijante,
Have Default Naming Series for Batch ID?,Standard Serija Imenovanja za Šaržu?,
Heads (or groups) against which Accounting Entries are made and balances are maintained.,Heads (ili grupe) protiv kojih Računovodstvo unosi se izrađuju i sredstva se održavaju.,
Health Details,Zdravlje Detalji,
Heatmap,Toplotna karta,
Height (cm),Visina (cm),
Help,Pomoć,
Help Article,Pomoć član,
Help Section,Help Section,
Help Text,Tekst pomoći,
Helps you distribute the Budget/Target across months if you have seasonality in your business.,Pomaže vam da raspodijelite Budžet/Cilj po mjesecima ako imate sezonski karakter u vašem poslovanju.,
"Here you can maintain family details like name and occupation of parent, spouse and children","Ovdje možete održavati obiteljske pojedinosti kao što su ime i okupacije roditelja, supružnika i djecu",
"Here you can maintain height, weight, allergies, medical concerns etc","Ovdje možete održavati visina, težina, alergije, medicinske brige itd.",
Hero Image,Image Hero,
Hero Section,Sekcija heroja,
Hero Section Based On,Odjeljak za heroje zasnovan na,
Hidden list maintaining the list of contacts linked to Shareholder,Skrivena lista održavajući listu kontakata povezanih sa akcionarima,
Hide Currency Symbol,Sakrij simbol valute,
Hide Customer's Tax ID from Sales Transactions,Sakrijte poreski broj kupca iz prodajnih transakcija,
Hide Images,Sakrij Slike,
Hide Unavailable Items,Sakrij nedostupne stavke,
Hide timesheets,Sakrij Radne Listove,
High,Visok,
"Higher the number, higher the priority","Veći broj, veći prioritet",
History In Company,Povijest tvrtke,
Hold Invoice,Držite fakturu,
Hold Type,Tip držanja,
Holiday,Odmor,
Holiday List,Lista odmora,
Holiday List Name,Naziv liste odmora,
Holidays,Praznici,
Homepage,homepage,
Homepage Section,Odjeljak početne stranice,
Homepage Section Card,Kartica odsjeka za početnu stranicu,
Homepage Slideshow,Prezentacija početne stranice,
Hour Rate,Cijena sata,
Hourly,Po satu,
Hours,Hours,
How frequently?,Koliko često?,
How often should Project and Company be updated based on Sales Transactions?,Koliko često treba ažurirati projekat i kompaniju na osnovu prodajnih transakcija?,
How often should Project be updated of Total Purchase Cost ?,Koliko često treba ažurirati Projekat od Ukupnih Troškova Kupovine?,
Hrs,Hrs,
IBAN,IBAN,
ID,ID,
IP Address,IP adresa,
IRS 1099,IRS 1099,
ISS-.YYYY.-,ISS-.GGGG.-,
Identification of the package for the delivery (for print),Identifikacija paketa za dostavu (za tisak),
Idle,Besposlen,
"If ""Months"" is selected, a fixed amount will be booked as deferred revenue or expense for each month irrespective of the number of days in a month. It will be prorated if deferred revenue or expense is not booked for an entire month","Ako je odabrano &quot;Mjeseci&quot;, fiksni iznos knjižiti će se kao odgođeni prihod ili rashod za svaki mjesec, bez obzira na broj dana u mjesecu. Proportirat će se ako odgođeni prihodi ili rashodi ne budu knjiženi cijeli mjesec",
"If <b>Enabled</b> - Reconciliation happens on the <b>Advance Payment posting date</b><br>
If <b>Disabled</b> - Reconciliation happens on oldest of 2 Dates: <b>Invoice Date</b> or the <b>Advance Payment posting date</b><br>
","Ako je <b>Omogućeno</b> - Usaglašavanje se dešava na <b>Datum Knjiženja Predujma</b><br>
Ako je <b>Onemogućeno <b> - Usglašavanje se dešava na kasnijem datumu knjiženja: <b>Datum Fakture</b> ili <b>Datum Knjiženja Predujma</b><br>",
If Income or Expense,Ako prihoda i rashoda,
"If blank, parent Warehouse Account or company default will be considered in transactions","Ako je prazno, u transakcijama će se uzeti u obzir matični račun skladišta ili zadana vrijednost kompanije",
"If checked, Rejected Quantity will be included while making Purchase Invoice from Purchase Receipt.","Ako je označeno, Odbijena Količina će biti uključena prilikom izrade Kupovne Fakture iz Kupovnog Računa.",
"If checked, Stock will be reserved on <b>Submit</b>","Ako je označeno, Zalihe će biti rezervisane na <b>Podnesi</b>",
"If checked, picked qty won't automatically be fulfilled on submit of pick list.","Ako je označeno, odabrana količina neće biti automatski ispunjena prilikom podnošenja liste odabira.",
"If checked, the tax amount will be considered as already included in the Paid Amount in Payment Entry","Ako je označeno, iznos PDV-a će se smatrati već uključenim u Uplaćeni iznos u Unosu Plaćanja",
"If checked, the tax amount will be considered as already included in the Print Rate / Print Amount","Ako je označeno, iznos poreza će se smatrati već uključena u Print Rate / Ispis Iznos",
If different than customer address,Ako se razlikuje od kupaca adresu,
"If disable, 'In Words' field will not be visible in any transaction","Ako onemogućite, &#39;riječima&#39; polju neće biti vidljivi u bilo koju transakciju",
"If disable, 'Rounded Total' field will not be visible in any transaction","Ako onemogućite, &#39;Ukupno&#39; Zaobljeni polje neće biti vidljiv u bilo kojoj transakciji",
If enabled then system won't apply the pricing rule on the delivery note which will be create from the pick list,"Ako je omogućeno, sistem neće primijeniti pravilo cijena na dostavnicu koja će biti kreirana sa liste odabira",
"If enabled, a print of this document will be attached to each email","Ako je omogućeno, ispis ovog dokumenta će biti priložen uz svaku e-poštu",
"If enabled, additional ledger entries will be made for discounts in a separate Discount Account","Ako je omogućeno, dodatni unosi u registar će biti napravljeni za popuste na posebnom računu za popust",
"If enabled, all files attached to this document will be attached to each email","Ako je omogućeno, sve datoteke priložene ovom dokumentu bit će priložene svakoj e-pošti",
"If enabled, do not update serial / batch values in the stock transactions on creation of auto Serial 
 / Batch Bundle. ","Ako je omogućeno, nemojte ažurirati serijske/šarža vrijednosti u transakcijama zaliha prilikom kreiranja automatskog serijskog 
 / šarža paketa.",
"If enabled, ledger entries will be posted for change amount in POS transactions","Ako je omogućeno, unosi registra će biti knjiženi za iznos promjene u Kasa transakcijama",
"If enabled, the consolidated invoices will have rounded total disabled","Ako je omogućeno, objedinjene fakture će imati onemogućeno zaokruženo ukupno",
"If enabled, the item rate won't adjust to the valuation rate during internal transfers, but accounting will still use the valuation rate.","Ako je omogućeno, cijena artikla se neće prilagođavati stopi vrednovanja tokom internih transfera, ali će knjigovodstvo i dalje koristiti stopu vrednovanja.",
"If enabled, the system will allow selecting UOMs in sales and purchase transactions only if the conversion rate is set in the item master.","Ako je omogućeno, sistem će dozvoliti izbor jedinica u transakcijama prodaje i kupovine samo ako je stopa konverzije postavljena u postavkama artikla.",
"If enabled, the system will create material requests even if the stock exists in the 'Raw Materials Warehouse'.","Ako je omogućeno, sistem će kreirati materijalne naloge čak i ako zaliha postoji u 'Skladištu Sirovina'.",
"If enabled, the system will use the moving average valuation method to calculate the valuation rate for the batched items and will not consider the individual batch-wise incoming rate.","Ako je omogućeno, sistem će koristiti metodu vrednovanja pokretnog prosjeka za izračunavanje stope vrednovanja za šaržne artikle i neće uzeti u obzir pojedinačnu dolaznu cijenu u paketu.",
"If enabled, then system will only validate the pricing rule and not apply automatically. User has to manually set the discount percentage / margin / free items to validate the pricing rule","Ako je omogućeno, sistem će samo potvrditi pravilo cijena i neće se automatski primjenjivati. Korisnik mora ručno podesiti postotak popusta / maržu / besplatne artikle kako bi potvrdio pravilo cijena",
"If item is a variant of another item then description, image, pricing, taxes etc will be set from the template unless explicitly specified","Ako proizvod varijanta druge stavke onda opis, slike, cijene, poreze itd će biti postavljena iz predloška, osim ako izričito navedeno",
"If mentioned, the system will allow only the users with this Role to create or modify any stock transaction earlier than the latest stock transaction for a specific item and warehouse. If set as blank, it allows all users to create/edit back-dated transactions.","Ako je postavljeno, sistem će dozvoliti samo korisnicima sa ovom ulogom da kreiraju ili modifikuju bilo koju transakciju zaliha ranije od poslednje transakcije zaliha za određeni artikal i skladište. Ako je postavljeno kao prazno, omogućava svim korisnicima da kreiraju/uređuju transakcije sa datumom unazad.",
If more than one package of the same type (for print),Ako je više od jedan paket od iste vrste (za tisak),
"If rate is zero then item will be treated as ""Free Item""","Ako je cijena nula, artikal će se tretirati kao ""Besplatni Artikal""",
If subcontracted to a vendor,Ako podizvođača na dobavljača,
"If the account is frozen, entries are allowed to restricted users.","Ako je račun zamrznut , unosi dopušteno ograničene korisnike .",
"If there is no assigned timeslot, then communication will be handled by this group","Ako nema dodeljenog vremenskog intervala, komunikacija će upravljati ovom grupom",
"If this checkbox is checked, paid amount will be splitted and allocated as per the amounts in payment schedule against each payment term","Ako je ovo polje potvrđeno, uplaćeni iznos podijelit će se i rasporediti prema iznosima u rasporedu plaćanja prema svakom roku plaćanja",
"If this checkbox is enabled, then the system won’t run the MRP for the available sub-assembly items.","Ako je ovo polje omogućeno, sistem neće pokrenuti Materijalni Zahtjev Plan za dostupne artikle podsklopa.",
If this is checked subsequent new invoices will be created on calendar  month and quarter start dates irrespective of current invoice start date,"Ako je ovo potvrđeno, kreirat će se nove fakture na datum početka kalendarskog mjeseca i kvartala, bez obzira na datum početka tekuće fakture",
If this is unchecked Journal Entries will be saved in a Draft state and will have to be submitted manually,"Ako ovo nije označeno, unosi u dnevnik bit će spremljeni u stanje nacrta i morat će se slati ručno",
"If this is unchecked, direct GL entries will be created to book deferred revenue or expense","Ako ovo nije označeno, stvorit će se izravni GL unosi za knjiženje odgođenih prihoda ili troškova",
"If this item has variants, then it cannot be selected in sales orders etc.","Ako ova stavka ima varijante, onda ne može biti izabran u prodaji naloge itd",
"If yes, then this warehouse will be used to store rejected materials","Ako da, onda će se ovo skladište koristiti za skladištenje odbijenog materijala",
"If you need to reconcile particular transactions against each other, then please select accordingly. If not, all the transactions will be allocated in FIFO order.","Ako trebate usaglasiti određene transakcije jedne s drugima, odaberite u skladu s tim. U suprotnom, sve transakcije će biti dodijeljene FIFO redoslijedom.",
"If your CSV uses a different delimiter, add that character here, ensuring no spaces or additional characters are included.","Ako vaš CSV koristi drugačiji razdjelnik, dodajte taj znak ovdje, pazeći da nema razmaka ili dodatnih znakova.",
Ignore,Ignorirati,
Ignore Account Closing Balance,Zanemari Stanje Perioda Zatvaranju Računa,
Ignore Available Stock,Zanemari Dostupne Zalihe,
Ignore Default Payment Terms Template,Zanemari Šablon Standard Uslova Plaćanja,
Ignore Employee Time Overlap,Prezreti vremensko preklapanje radnika,
Ignore Is Opening check for reporting,Zanemari Početno kontrolu za izvještaj,
Ignore Pricing Rule,Ignorirajte Cijene pravilo,
Ignore System Generated Credit / Debit Notes,Zanemari Sistemske Kreditne/Debitne Napomene,
Ignore User Time Overlap,Isključiti preklapanje korisničkog vremena,
Ignore Voucher Type filter and Select Vouchers Manually,Zanemari filter tipa verifikat i odaberi verifikate ručno,
Ignore Workstation Time Overlap,Prezreti vremensko preklapanje radne stanice,
Ignores legacy Is Opening field in GL Entry that allows adding opening balance post the system is in use while generating reports,Zanemaruje naslijeđe polje 'Početno' u unosu Knjigovodstva koje omogućava dodavanje početnog stanja nakon što je sistem u upotrebi prilikom generiranja izvještaja,
Image,Slika,
Image View,Prikaz slike,
Import Chart of Accounts from a csv file,Uvoz računa sa CSV datoteke,
Import File,Uvezi Datoteku,
Import File Errors and Warnings,Greške i Upozorenja pri Uvozu Datoteka,
Import Invoices,Uvoz računa,
Import Log,Uvoz Prijavite,
Import Log Preview,Pregled Zapisnika Uvoza,
Import Preview,Pregled Uvoza,
Import Supplier Invoice,Uvoz fakture dobavljača,
Import Type,Tip Uvoza,
Import Warnings,Import Upozorenja,
Import from Google Sheets,Importiraj iz Google Sheets,
In House,Interno,
In Maintenance,U održavanju,
In Mins,In Mins,
In Minutes,U Minutama,
In Percentage,U procentima,
In Process,U procesu,
In Progress,U toku,
In Stock Qty,Na skladištu Količina,
In Transit,U prolazu,
In Words,Riječima,
In Words (Company Currency),Riječima (valuta tvrtke),
In Words (Export) will be visible once you save the Delivery Note.,Riječima (izvoz) će biti vidljivo nakon što spremite otpremnicu.,
In Words will be visible once you save the Delivery Note.,Riječima će biti vidljivo nakon što spremite otpremnicu.,
In Words will be visible once you save the Sales Invoice.,U riječi će biti vidljiv nakon što spremite prodaje fakture.,
In Words will be visible once you save the Sales Order.,U riječi će biti vidljiv nakon što spremite prodajnog naloga.,
In mins,U Minutama,
In minutes,Za nekoliko minuta,
Inactive,Neaktivan,
Inactive Customers,neaktivnih kupaca,
Inactive Sales Items,Neaktivni artikli prodaje,
Inactive Status,Neaktivan Status,
Incentives,Poticaji,
Include Ageing Summary,Uključite sažetak starenja,
Include Exploded Items,Uključite eksplodirane predmete,
Include Item In Manufacturing,Uključi stavku u proizvodnju,
Include Non Stock Items,Uključite stavke bez zaliha,
Include POS Transactions,Uključite POS transakcije,
Include Payment (POS),Uključuju plaćanje (POS),
Include Reconciled Entries,Uključi pomirio objave,
Include Safety Stock in Required Qty Calculation,Uključi sigurnosne zalihe u kalkulaciju potrebne količine,
Include Subcontracted Items,Uključite predmete sa podugovaračima,
Include UOM,Uključite UOM,
Include in gross,Uključuju se u bruto,
Including items for sub assemblies,Uključujući i stavke za pod sklopova,
Income,Prihod,
Income Account,Konto prihoda,
Incoming,Dolazni,
Incoming Call Handling Schedule,Raspored Obrade Dolaznih Poziva,
Incoming Call Settings,Postavke Dolaznog Poziva,
Incoming Rate,Dolazni Stopa,
Incoming Rate (Costing),Kupovna Cijena (Obračun Troškova),
Incorrect Balance Qty After Transaction,Netačna količina stanja nakon transakcije,
Incorrect Serial No Valuation,Netačno Vrijednovanje Serijskog Broja,
Incorrect Serial and Batch Bundle,Pogrešan Serijski i Šaržni Paket,
Incorrect Stock Value Report,Netačan Izvještaj o Vrijednosti Zaliha,
Increase In Asset Life(Months),Povećanje Vijeka Trajanja Imovine (mjeseci),
Increment,Prirast,
Indicates that the package is a part of this delivery (Only Draft),Ukazuje da je paket je dio ove isporuke (samo nacrti),
Indicator Color,Boja boje,
Indirect Expense,Indirektni Troškak,
Indirect Income,Neizravni dohodak,
Individual,Pojedinac,
Industry,Industrija,
Industry Type,Industrija Tip,
Initial Email Notification Sent,Poslato je prvo obaveštenje o e-mailu,
Initialize Summary Table,Inicijaliziraj Tabelu Sažetka,
Initiated,Inicirao,
Insert New Records,Ubaci Nove Zapise,
Inspected By,Provjereno od strane,
Inspection Required,Inspekcija Obvezno,
Inspection Required before Delivery,Inspekcija Potrebna prije isporuke,
Inspection Required before Purchase,Inspekcija Obavezno prije kupnje,
Inspection Type,Inspekcija Tip,
Installation Date,Instalacija Datum,
Installation Note,Napomena instalacije,
Installation Note Item,Napomena instalacije proizvoda,
Installation Status,Status instalacije,
Installation Time,Vrijeme instalacije,
Installed Qty,Instalirana kol,
Instruction,Uputstvo,
Instructions,Instrukcije,
Insurance Company,Insurance Company,
Insurance Details,osiguranje Detalji,
Insurance End Date,Krajnji datum osiguranja,
Insurance Start Date,Datum početka osiguranja,
Insurance details,Detalji osiguranja,
Insured value,Osigurana vrijednost,
Insurer,Osiguravač,
Integration Details,Detalji integracije,
Integration ID,ID integracije,
Inter Company Invoice Reference,Referenca interne kompanije,
Inter Company Journal Entry,Inter Company Journal Entry,
Inter Company Journal Entry Reference,Referenca za unos dnevnika Inter Company,
Inter Company Order Reference,Referentna narudžba kompanije,
Inter Company Reference,Inter Company Reference,
Inter Transfer Reference,Referenca Prenosa Inter Kompanija,
Inter Warehouse Transfer Settings,Postavke prijenosa Inter Warehouse,
Interest,interes,
Interested,Zainteresovan,
Internal Customer,Interni Klijent,
Internal Supplier,Interni Dobavljač,
Internal Transfer,Interna Transfer,
Internal Work History,Interni History Work,
Interval should be between 1 to 59 MInutes,Interval bi trebao biti između 1 i 59 minuta,
Introduction,Uvod,
Invalid Ledger Entries,Nevažeći unosi u Registar,
Inventory,Inventar,
Inventory Dimension,Dimenzija Zaliha,
Inventory Settings,Postavke Zaliha,
Invoice,Faktura,
Invoice Cancellation,Otkazivanje Fakture,
Invoice Date,Datum fakture,
Invoice Discounting,Popust na fakture,
Invoice Limit,Ograničenje Fakture,
Invoice Number,Račun broj,
Invoice Portion,Portfelj fakture,
Invoice Portion (%),Udio Fakture (%),
Invoice Series,Serija fakture,
Invoice Type,Tip fakture,
Invoice and Billing,Faktura & Fakturisanje,
Invoices,Fakture,
Invoices and Payments have been Fetched and Allocated,Fakture i Plaćanja su Preuzeti i Dodijeljeni,
Invoicing Features,Funkcije Fakturisanja,
Inward,Unutra,
Is Account Payable,Je nalog plaćaju,
Is Active,Je aktivan,
Is Adjustment Entry,Unos Podešavanja,
Is Advance,Je avans,
Is Alternative,Alternativa,
Is Billable,Da li se može naplatiti,
Is Cancelled,Je otkazan,
Is Cash or Non Trade Discount,Gotovinski ili Netrgovčki Popust,
Is Company,Je kompanija,
Is Company Account,Račun kompanije,
Is Composite Asset,Objedinjena Imovina,
Is Consolidated,Konsolidovan je,
Is Container,Je kontejner,
Is Corrective Job Card,Popravni Radni Nalog,
Is Corrective Operation,Popravna Operacija,
Is Cumulative,Je kumulativno,
Is Customer Provided Item,Da li je predmet koji pruža klijent,
Is Default,Je podrazumjevani,
Is Default Account,Je zadani račun,
Is Default Language,To je zadani jezik,
Is Delivery Note Required for Sales Invoice Creation?,Da li je za izradu fakture za prodaju potrebna dostavnica?,
Is Discounted,Se snižava,
Is Exchange Gain / Loss?,Dobitak/Gubitak Deviznog Kursa?,
Is Existing Asset,Je Postojeći imovine,
Is Expandable,Proširivo,
Is Finished Item,Gotov Artikal,
Is Fixed Asset,Fiksni Asset,
Is Free Item,Je besplatna stavka,
Is Frozen,Je zamrznut,
Is Fully Depreciated,Potpuno Amortizovano,
Is Group,Is Group,
Is Group Warehouse,Grupno Skladište,
Is Internal Customer,Je interni korisnik,
Is Internal Supplier,Je interni snabdevač,
Is Mandatory,Je obavezna,
Is Milestone,je Milestone,
Is Old Subcontracting Flow,Stari Tok Podugovaranja,
Is Opening,Je Otvaranje,
Is Opening Entry,Je Otvaranje unos,
Is Outward,Dostava,
Is Paid,plaća,
Is Period Closing Voucher Entry,Unos Verifikata za Yatvaranje Perioda,
Is Purchase Order Required for Purchase Invoice & Receipt Creation?,Da li je narudžbenica potrebna za fakturisanje i izradu računa?,
Is Purchase Receipt Required for Purchase Invoice Creation?,Da li je za izradu računa za kupovinu potrebna potvrda o kupovini?,
Is Rate Adjustment Entry (Debit Note),Unos Korekcije Artikla (Debit Faktura),
Is Recursive,Rekuruzivno,
Is Rejected,Odbijeno,
Is Rejected Warehouse,Odbijeno Skladište,
Is Return,Je li povratak,
Is Return (Credit Note),Je povratak (kreditna beleška),
Is Return (Debit Note),Je povratak (obaveštenje o zaduživanju),
Is Sales Order Required for Sales Invoice & Delivery Note Creation?,Da li je narudžbenica za kupovinu potrebna za izradu fakture i naloga za isporuku?,
Is Scrap Item,Otpadni Artikal,
Is Short/Long Year,Kratka/Duga Godina,
Is Standard,Standard,
Is Stock Item,Artikal Zaliha,
Is Subcontracted,Je podugovarati,
Is System Generated,Sistem Generisno,
Is Tax Withholding Account,Račun po Odbitku PDV,
Is Template,Šablon,
Is Transporter,Je transporter,
Is a Subscription,Je Pretplata,
Is this Tax included in Basic Rate?,Je li ovo pristojba uključena u osnovne stope?,
Issue,Tiketi,
Issue Analytics,Analiza Slučaja,
Issue Credit Note,Izdajte kreditnu poruku,
Issue Date,Datum izdavanja,
Issue Priority,Prioritet pitanja,
Issue Split From,Izdanje Split From,
Issue Summary,Sažetak Slučaja,
Issue Type,Vrsta izdanja,
Issue a debit note with 0 qty against an existing Sales Invoice,Izdaj Zadužnicu sa 0 količinom na postojeću Prodajnu Fakturu,
Issued,Izdao,
Issued Items Against Work Order,Izdate stavke protiv radnog naloga,
Issues,Pitanja,
Issuing Date,Datum izdavanja,
Item,Artikl,
Item Alternative,Artikal Alternative,
Item Attribute,Stavka Atributi,
Item Attribute Value,Stavka vrijednost atributa,
Item Attribute Values,Stavka Atributi vrijednosti,
Item Balance (Simple),Balans predmeta (Jednostavno),
Item Barcode,Barkod artikla,
Item Code,Šifra artikla,
Item Customer Detail,Artikal - detalji kupca,
Item Default,Stavka Default,
Item Defaults,Item Defaults,
Item Description,Opis artikla,
Item Details,Detalji artikla,
Item Group,Grupa artikla,
Item Group Defaults,Podrazumevana postavka grupe,
Item Group Name,Naziv grupe artikla,
Item Group wise Discount,Popust po Grupni Artikla,
Item Groups,stavka grupe,
Item Image (if not slideshow),Slika proizvoda (ako nije slide prikaz),
Item Locations,Lokacije predmeta,
Item Manager,Stavka Manager,
Item Manufacturer,artikal Proizvođač,
Item Name,Naziv predmeta,
Item Naming By,Artikal imenovan po,
Item Price,Cijena artikla,
Item Price Settings,Postavke Cijene Artikla,
Item Price Stock,Stavka cijena Stock,
Item Prices,Cijene artikala,
Item Quality Inspection Parameter,Parametar provjere kvalitete artikala,
Item Reference,Referenca Artikla,
Item Reorder,Ponovna narudžba artikla,
Item Serial No,Serijski broj artikla,
Item Shortage Report,Nedostatak izvješća za artikal,
Item Supplier,Dobavljač artikla,
Item Tax,Porez artikla,
Item Tax Amount Included in Value,Iznos poreza uključen u vrijednost,
Item Tax Rate,Poreska stopa artikla,
Item Tax Template,Predložak poreza na stavku,
Item Tax Template Detail,Detalj predloška predloška poreza,
Item To Manufacture,Artikal za proizvodnju,
Item UOM,Mjerna jedinica artikla,
Item Variant,Stavka Variant,
Item Variant Attribute,Stavka Variant Atributi,
Item Variant Details,Detalji varijante proizvoda,
Item Variant Settings,Postavke varijante postavki,
Item Website Specification,Specifikacija web stranice artikla,
Item Weight Details,Detaljna težina stavke,
Item Wise Tax Detail,Stavka Wise Porezna Detalj,
Item and Warehouse,Artikal i Skladište,
Item and Warranty Details,Stavka i garancija Detalji,
Item operation,Rad operacija,
Item to be manufactured or repacked,Artikal će biti proizveden ili prepakiran,
Item-wise Price List Rate,Stavka - mudar Cjenovnik Ocijenite,
Item-wise Purchase History,Stavka-mudar Kupnja Povijest,
Item-wise Purchase Register,Stavka-mudar Kupnja Registracija,
Item-wise Sales History,Stavka-mudar Prodaja Povijest,
Item-wise Sales Register,Stavka-mudri prodaja registar,
Items,Artikli,
Items To Be Requested,Potraživani artikli,
Items to Be Repost,Artikli koje treba ponovo objaviti,
Items under this warehouse will be suggested,Predlozi ispod ovog skladišta bit će predloženi,
Itemwise Discount,Itemwise Popust,
Itemwise Recommended Reorder Level,Itemwise Preporučio redoslijeda Level,
Job Capacity,Radni Kapacitet,
Job Card,Job Card,
Job Card Item,Stavka za karticu posla,
Job Card Operation,Operacija Radne Kartice,
Job Card Scheduled Time,Zakazano Vrijeme Radne Kartice,
Job Card Scrap Item,Otpadni Artikal Radne Kartice,
Job Card Summary,Sažetak kartice posla,
Job Card Time Log,Vremenski dnevnik radne kartice,
Job Card and Capacity Planning,Radne Kartice i Planiranje Kapaciteta,
Job Cards,Radne Kartice,
Job Started,Započeo posao,
Job Title,Titula,
Job Worker,Podizvođač,
Job Worker Address,Adresa Podizvođača,
Job Worker Address Details,Detalji Adrese Podizvođača,
Job Worker Contact,Kontakt Podizvođača,
Job Worker Delivery Note,Dostavnica Podizvođača,
Job Worker Name,Naziv Podizvođača,
Job Worker Warehouse,Skladište Podizvođača,
Joining,Pridruživanje,
Journal Entry,Časopis Stupanje,
Journal Entry Account,Journal Entry račun,
Journal Entry Template,Predložak unosa u časopis,
Journal Entry Template Account,Račun predloška unosa u dnevnik,
Journal Entry Type,Vrsta unosa u časopis,
Journal Entry for Scrap,Journal Entry za otpad,
Journals,Žurnali,
"Keep Track of Sales Campaigns. Keep track of Leads, Quotations, Sales Order etc from Campaigns to gauge Return on Investment. ","Pratite prodajne kampanje. Pratite Lead-ove, Ponude, Porudžbenice itd iz Kampanje i procijeniti povrat investicije.",
Key,Ključ,
Keyboard Shortcuts,Prečice na tastaturi,
Label,Oznaka,
Landed Cost Help,Sleteo Cost Pomoć,
Landed Cost Item,Sletio Troškovi artikla,
Landed Cost Purchase Receipt,Sletio Trošak Kupnja Potvrda,
Landed Cost Taxes and Charges,Sleteo Troškovi poreza i naknada,
Landed Cost Voucher,Sleteo Cost vaučera,
Landed Cost Voucher Amount,Sleteo Cost vaučera Iznos,
Landscape,Pejzaž,
Language,Jezik,
Lapsed,Propušteno,
Last Carbon Check,Zadnji Carbon Check,
Last Completion Date,Zadnji datum završetka,
Last Integration Date,Datum posljednje integracije,
Last Name,Prezime,
Last Purchase Rate,Zadnja kupovna cijena,
Latitude,Latitude,
Lead,Potencijalni kupac,
Lead Details,Detalji potenciajalnog kupca,
Lead Name,Ime Lead-a,
Lead Owner,Vlasnik Lead-a,
Lead Owner Efficiency,Lead Vlasnik efikasnost,
Lead Source,Izvor potencijalnog kupca,
Lead Time,Vodeće vrijeme,
Lead Time Date,Datum i vrijeme Lead-a,
Lead Time in days,Potencijalni kupac u danima,
Lead Type,Tip potencijalnog kupca,
Leads,Potencijalni Klijenti,
"Learn about <a href=""https://docs.erpnext.com/docs/v13/user/manual/en/accounts/articles/common_party_accounting#:~:text=Common%20Party%20Accounting%20in%20ERPNext,Invoice%20against%20a%20primary%20Supplier."">Common Party</a>","Saznaj više o <a href=""https://docs.erpnext.com/docs/v13/user/manual/en/accounts/articles/common_party_accounting#:~:text=Common%20Party%20Accounting%20in%20ERPNext,Invoice%20against%20a%20primary%20Supplier."">Zajedniča Stranka</a>",
Leave Encashed?,Ostavite Encashed?,
"Leave blank for home.
This is relative to site URL, for example ""about"" will redirect to ""https://yoursitename.com/about""","Ostavite prazno za Početna. Ovo se odnosi na URL web-lokacije, na primjer ""o"" će preusmjeriti na ""https://yoursitename.com/about""",
Leave blank if the Supplier is blocked indefinitely,Ostavite prazno ako je Dobavljač blokiran na neodređeno vreme,
Leave blank to use the standard Delivery Note format,Ostavite prazno da biste koristili standardni format isporuke,
Ledger Health,Status Registra,
Ledger Health Monitor,Prati Status Registra,
Ledger Health Monitor Company,Kompanija Praćenja Statusa Registra,
Ledger Merge,Spoji Registre,
Ledger Merge Accounts,Računi Spojenih Registara,
Left,Lijevo,
Left Child,Lijevo Podređen,
Left Index,Lijevi indeks,
Legal Entity / Subsidiary with a separate Chart of Accounts belonging to the Organization.,Pravna osoba / Podružnica sa zasebnim kontnom pripadaju Organizacije.,
Length (cm),Dužina (cm),
Letter Head,Zaglavlje,
Letter or Email Body Text,Tekst pisma ili e-pošte,
Letter or Email Closing Text,Završni tekst pisma ili e-pošte,
Level,Nivo,
Level (BOM),Nivo (Sastavnica),
Lft,Lft,
Liability,Odgovornost,
License Details,Detalji o licenci,
License Number,Broj licence,
License Plate,registarska tablica,
Likes,Like,
Limit timeslot for Stock Reposting,Ograniči vremenski termin za ponovno Knjiženje Zaliha,
Limited to 12 characters,Ograničena na 12 znakova,
Limits don't apply on,Ograničenja se ne primjenjuju na,
Line spacing for amount in words,Prored za iznos u riječima,
Link,Veza,
Link Options,Link Options,
Link existing Quality Procedure.,Povežite postojeći postupak kvaliteta.,
Linked Documents,Povezani dokumenti,
Linked Invoices,Povezane fakture,
Linked Location,Povezana lokacija,
Links,Veze,
List items that form the package.,Popis stavki koje čine paket.,
Load All Criteria,Učitaj sve kriterije,
Loan,Loan,
Loan End Date,Datum završetka zajma,
Loan Period (Days),Period zajma (Dani),
Loan Start Date,Datum početka zajma,
Location,Lokacija,
Location Details,Detalji o lokaciji,
Location Name,Ime lokacije,
Locked,Zaključano,
Log Entries,Unosi Zapisa,
Log out,Odjava,
Log the selling and buying rate of an Item,Zabilježi prodajnu i kupovnu cijenu artikla,
Logo,Logo,
Longitude,Dužina,
Lost,Izgubljen,
Lost Opportunity,Izgubljena prilika,
Lost Quotation,Lost Ponuda,
Lost Quotations,Izgubljene Ponude,
Lost Reason,Razlog gubitka,
Lost Reason Detail,Detalj izgubljenog razloga,
Lost Reasons,Izgubljeni razlozi,
Low,Nizak,
Lower Deduction Certificate,Potvrda o nižem odbitku,
Loyalty Amount,Lojalnost,
Loyalty Point Entry,Ulaz lojalnosti,
Loyalty Point Entry Redemption,Povlačenje ulazne točke na lojalnost,
Loyalty Points,Točke lojalnosti,
Loyalty Points Redemption,Povlačenje lojalnosti,
Loyalty Program,Program lojalnosti,
Loyalty Program Collection,Zbirka programa lojalnosti,
Loyalty Program Help,Pomoć programa za lojalnost,
Loyalty Program Name,Ime programa lojalnosti,
Loyalty Program Tier,Nivo programa lojalnosti,
Loyalty Program Type,Vrsta programa lojalnosti,
MAT-DN-.YYYY.-,MAT-DN-YYYY.-,
MAT-DN-RET-.YYYY.-,MAT-DN-RET-.GGGG.-,
MAT-DT-.YYYY.-,MAT-DT-YYYY.-,
MAT-INS-.YYYY.-,MAT-INS-.YYYY.-,
MAT-LCV-.YYYY.-,MAT-LCV-YYYY.-,
MAT-MR-.YYYY.-,MAT-MR-.YYYY.-,
MAT-MSH-.YYYY.-,MAT-MSH-YYYY.-,
MAT-MVS-.YYYY.-,MAT-MVS-YYYY.-,
MAT-PAC-.YYYY.-,MAT-PAC-YYYY.-,
MAT-PR-RET-.YYYY.-,MAT-PR-RET-.GGGG.-,
MAT-PRE-.YYYY.-,MAT-PRE-YYYY.-,
MAT-QA-.YYYY.-,MAT-QA-YYYY.-,
MAT-RECO-.YYYY.-,MAT-RECO-YYYY.-,
MAT-STE-.YYYY.-,MAT-STE-YYYY.-,
MFG-BLR-.YYYY.-,MFG-BLR-YYYY.-,
MFG-PP-.YYYY.-,MFG-PP-YYYY.-,
MFG-WO-.YYYY.-,MFG-WO-.YYYY.-,
Machine malfunction,Kvar mašine,
Machine operator errors,Greške rukovaoca mašine,
Main Cost Center,Matični Centar Troškova,
Maintain Same Rate Throughout Sales Cycle,Održavati ista stopa Tijekom cijele prodajni ciklus,
Maintain Same Rate Throughout the Purchase Cycle,Održavajte istu stopu tokom ciklusa kupovine,
Maintain Stock,Održavati Stock,
Maintenance,Održavanje,
Maintenance Date,Održavanje Datum,
Maintenance Details,Detalji Održavanja,
Maintenance Manager,Održavanje Manager,
Maintenance Manager Name,Ime menadžera održavanja,
Maintenance Required,Potrebno održavanje,
Maintenance Role,Uloga održavanja,
Maintenance Schedule,Raspored održavanja,
Maintenance Schedule Detail,Raspored održavanja detaljno,
Maintenance Schedule Item,Raspored održavanja stavki,
Maintenance Schedules,Rasporedi održavanja,
Maintenance Status,Održavanje statusa,
Maintenance Task,Zadatak održavanja,
Maintenance Tasks,Zadaci održavanja,
Maintenance Team,Tim za održavanje,
Maintenance Team Member,Član tima za održavanje,
Maintenance Team Members,Članovi tima za održavanje,
Maintenance Team Name,Naziv tima za održavanje,
Maintenance Time,Održavanje Vrijeme,
Maintenance Type,Održavanje Tip,
Maintenance User,Održavanje korisnika,
Maintenance Visit,Posjeta za odrzavanje,
Maintenance Visit Purpose,Svrha posjete za odrzavanje,
Major/Optional Subjects,Glavni / Izborni predmeti,
Make,Napraviti,
Make Depreciation Entry,Make Amortizacija Entry,
Make Difference Entry,Čine razliku Entry,
Make Payment via Journal Entry,Izvršiti uplatu preko Journal Entry,
Make Sales Invoice,Ostvariti prodaju fakturu,
Make Serial No / Batch from Work Order,Napravi Serijski Broj / Šaržu iz Radnog Naloga,
Manage cost of operations,Upravljanje troškove poslovanja,
Mandatory,Obavezan,
Mandatory Depends On,Obavezno zavisi od,
Mandatory For Balance Sheet,Obavezno za bilans stanja,
Mandatory For Profit and Loss Account,Obavezno za račun dobiti i gubitka,
Mandatory Section,Obavezna Sekcija,
Manual,priručnik,
Manual Inspection,Manualna Kontrola,
Manufacture,Proizvodnja,
Manufacture against Material Request,Proizvodnja protiv Materijal Upit,
Manufactured Qty,Proizvedeno Kol,
Manufacturer,Proizvođač,
Manufacturer Part Number,Proizvođač Broj dijela,
Manufacturers used in Items,Proizvođači se koriste u Predmeti,
Manufacturing,Proizvodnja,
Manufacturing Date,Datum proizvodnje,
Manufacturing Manager,Proizvodnja Manager,
Manufacturing Section,Odjel za proizvodnju,
Manufacturing Settings,Proizvodnja Settings,
Manufacturing Type,Tip Proizvodnje,
Manufacturing User,Proizvodnja korisnika,
Margin,Marža,
Margin Money,Margin Money,
Margin Rate or Amount,Margina Rate ili iznos,
Margin Type,Margina Tip,
Marital Status,Bračni status,
Market Segment,Tržišni segment,
Married,Oženjen,
Mask,Maska,
Material Consumption for Manufacture,Potrošnja materijala za proizvodnju,
Material Issue,Materijal Issue,
Material Receipt,Materijal Potvrda,
Material Request,Materijal zahtjev,
Material Request Date,Materijal Upit Datum,
Material Request Detail,Zahtev za materijal za materijal,
Material Request Item,Materijal Zahtjev artikla,
Material Request Plan Item,Zahtev za materijalni zahtev za materijal,
Material Request Planning,Planiranje zahtjeva za materijal,
Material Request Type,Materijal Zahtjev Tip,
Material Request used to make this Stock Entry,Materijal Zahtjev se koristi da bi se ova Stock unos,
Material Requested,Zahtevani materijal,
Material Requests,materijal Zahtjevi,
Material Requests for which Supplier Quotations are not created,Materijalni Zahtjevi za koje Supplier Citati nisu stvorene,
Material Transfer,Materijal transfera,
Material Transfer for Manufacture,Prijenos materijala za izradu,
Material Transferred,Prenos materijala,
Material Transferred for Manufacture,Materijal za Preneseni Proizvodnja,
Material Transferred for Manufacturing,Materijal Prebačen za izradu,
Material Transferred for Subcontract,Preneseni materijal za podugovaranje,
Materials Required (Exploded),Materijali Obavezno (eksplodirala),
Max Amount,Maksimalni iznos,
Max Amt,Max Amt,
Max Discount (%),Max rabat (%),
Max Grade,Max Grade,
Max Qty,Max kol,
Max Qty (As Per Stock UOM),Maksimalna Količina (prema Jedinici Zaliha),
Max Sample Quantity,Maksimalna količina uzorka,
Max Score,Max Score,
Maximum Invoice Amount,Maksimalni iznos fakture,
Maximum Net Rate,Maksimalna Neto Cijena,
Maximum Payment Amount,Maksimalni Iznos Uplate,
Maximum Use,Maksimalna upotreba,
Maximum Value,Minimalna Vrijednost,
Maximum sample quantity that can be retained,Maksimalna količina uzorka koja se može zadržati,
Medium,Srednji,
Mention if non-standard Receivable account,Navedite ako Račun Potraživanja nije standard,
Mention if non-standard payable account,Navesti ukoliko nestandardnog plaća račun,
Mention if non-standard receivable account applicable,Spomenite ako nestandardnih potraživanja računa važećim,
Merge Invoices Based On,Spoji Fakture na osnovu,
Merge Similar Account Heads,Spoji Slične Račune,
Merged,Spojeno,
Message,Poruka,
Message Examples,Primjeri poruka,
Message for Supplier,Poruka za dobavljača,
Message to show,Poruke za prikaz,
Message will be sent to the users to get their status on the Project,Korisnicima će se poslati poruka da dobiju svoj status na Projektu,
Messages greater than 160 characters will be split into multiple messages,Poruka veća od 160 karaktera će biti odvojena u više poruka,
Middle Name,Srednje ime,
Min Amount,Min. Iznos,
Min Amt,Min Amt,
Min Grade,Min razred,
Min Order Qty,Min Red Kol,
Min Qty,Min kol,
Min Qty (As Per Stock UOM),Minimalna Količina (prema Jedinici Zaliha),
Minimum Invoice Amount,Minimalni iznos fakture,
Minimum Net Rate,Minimalna Neto Cijena,
Minimum Order Qty,Minimalna količina za naručiti,
Minimum Order Quantity,Minimalna količina narudžbine,
Minimum Payment Amount,Minimalni Iznos Plaćanja,
Minimum Total Spent,Minimalno ukupno potrošeno,
Minimum Value,Minimalna Vrijednost,
Minimum quantity should be as per Stock UOM,Minimalna količina treba biti prema zalihama UOM-a,
Minute,Minuta,
Minutes,Minute,
Mixed Conditions,Mešani uslovi,
Mobile,Mobilni,
Mobile No,Br. mobilnog telefona,
Mode of Payment,Način plaćanja,
Mode of Payment Account,Način plaćanja računa,
Model,Model,
Modes of Payment,Načini plaćanja,
Monday,Ponedjeljak,
Monitor Progress,Napredak monitora,
Monitor for Last 'X' days,Prati zadnjih 'X' dana,
Monitoring Frequency,Frekvencija praćenja,
Month,Mjesec,
Month(s) after the end of the invoice month,Mesec (i) nakon kraja mjeseca fakture,
Monthly,Mjesečno,
Monthly Distribution,Mjesečni Distribucija,
Monthly Distribution Percentage,Mjesečni Distribucija Postotak,
Monthly Distribution Percentages,Mjesečni Distribucija Procenat,
Monthly Rate,Mjesečna stopa,
Monthly Sales Target,Mesečni cilj prodaje,
Months,Mjeseci,
More Info,Više informacija,
More Information,Više informacija,
More/Less than 12 months.,Duže/Kraće od 12 mjeseci.,
Moving Average,Moving Average,
Multi Currency,Multi Valuta,
Multiple Tier Program,Multiple Tier Program,
Must be Whole Number,Mora biti cijeli broj,
Must be a publicly accessible Google Sheets URL and adding Bank Account column is necessary for importing via Google Sheets,Mora biti javno dostupan URL Google Sheets i dodavanje kolone Bankovnog Računa je neophodno za import preko Google Sheets,
Mute Email,Mute-mail,
My Profile,Moj profil,
My Settings,Moje postavke,
N/A,N / A,
Name,Ime,
Name and Employee ID,Ime i ID zaposlenika,
Name of Beneficiary,Ime korisnika,
Name of the Monthly Distribution,Naziv Mjesečni distribucije,
Named Place,Mjesto,
Naming Series,Imenovanje serije,
Naming Series Prefix,Prefiks naziva serije,
Naming Series and Price Defaults,Serija Imenovanja & Standard Cijene,
Natural Gas,prirodni gas,
Net Amount,Neto iznos,
Net Amount (Company Currency),Neto iznos (Company valuta),
Net Hour Rate,Neto Hour Rate,
Net Purchase Amount,Neto Kupovni Iznos,
Net Rate,Neto stopa,
Net Rate (Company Currency),Neto stopa (Company valuta),
Net Total,Osnovica,
Net Total (Company Currency),Neto Ukupno (Društvo valuta),
Net Weight,Neto težina,
Net Weight UOM,Težina mjerna jedinica,
New Asset Value,Nova vrijednost imovine,
New BOM,Novi BOM,
New Balance In Account Currency,Novo Stanje u Valuti Računa,
New Balance In Base Currency,Novo stanje u osnovnoj valuti,
New Exchange Rate,Novi kurs,
New Expenses,novi Troškovi,
New Income,novi prihod,
New Purchase Invoice,Nova faktura za kupovinu,
New Purchase Orders,Novi narudžbenice kupnje,
New Quotations,Nove ponude,
New Sales Invoice,Prodaja novih Račun,
New Sales Orders,Nove narudžbenice,
New Workplace,Novi radnom mjestu,
New invoices will be generated as per schedule even if current invoices are unpaid or past due date,"Nove fakture generirat će se prema rasporedu, čak i ako su tekuće fakture neplaćene ili su istekle",
Next Depreciation Date,Sljedeća Amortizacija Datum,
Next Due Date,Sljedeći datum roka,
Next email will be sent on:,Sljedeća e-mail će biti poslan na:,
No,Ne,
No Answer,Bez Odgovora,
No of Docs,Broj Dokumenata,
No of Employees,Personalni Broj,
No of Months (Expense),Broj Mjeseci (Troškovi),
No of Months (Revenue),Broj Mjeseci (Prihodi),
No of Requested SMS,Nema traženih SMS,
No of Sent SMS,Ne poslanih SMS,
No of Shares,Broj akcija,
No of Visits,Bez pregleda,
No stock transactions can be created or modified before this date.,Nikakve transakcije Zalihama se ne mogu kreirati ili mijenjati prije ovog datuma.,
No. of Employees,Personalni Broj,
Non Conformance,Neusklađenost,
None,Ništa,
Not Applicable,Nije primjenjivo,
Not Billed,Ne Naplaćeno,
Not Delivered,Ne Isporučeno,
Not Started,Nije počela,
Note,Biljeske,
Note: Email will not be sent to disabled users,Napomena: E-mail neće biti poslan invalide,
Notes,Bilješke,
Notes HTML,HTML Napomene,
Notice (days),Obavijest (dani ),
Notify Employee,Obavesti zaposlenika,
Notify Other,Obavesti drugu,
Notify Reposting Error to Role,Obavijesti o Grešci Ponovnog Knjiženja sljedećoj Ulozi,
Notify Supplier,Obavijestiti dobavljača,
Notify Via Email,Obavijesti putem e-pošte,
Notify by Email on Creation of Automatic Material Request,Obavijestite e-poštom o stvaranju automatskog zahtjeva za materijalom,
Notify customer and agent via email on the day of the appointment.,Obavijestite kupca i agenta putem e-maila na dan sastanka.,
Number of Columns,Broj stupaca,
Number of Concurrent Appointments,Broj istodobnih imenovanja,
Number of Days,Broj Dana,
Number of columns for this section. 3 cards will be shown per row if you select 3 columns.,Broj stupaca za ovaj odjeljak. Po 3 kartice prikazat će se u svakom retku ako odaberete 3 stupca.,
Number of days after invoice date has elapsed before canceling subscription or marking subscription as unpaid,Broj dana od dana kada je faktura protekla prije otkazivanja pretplate ili obilježavanja pretplate kao neplaćenog,
Number of days appointments can be booked in advance,Broj dana termina može se unaprijed rezervirati,
Number of days that the subscriber has to pay invoices generated by this subscription,Broj dana kada pretplatnik mora platiti fakture koje generiše ova pretplata,
"Number of intervals for the interval field e.g if Interval is 'Days' and Billing Interval Count is 3, invoices will be generated every 3 days","Broj intervala za intervalno polje npr. Ako je Interval &quot;Dani&quot; i broj intervala obračuna je 3, fakture će biti generirane svakih 3 dana",
Numeric,Numerički,
Numeric Inspection,Numerička Inspekcija,
Numeric Values,Brojčane vrijednosti,
O+,O +,
O-,O-,
Objective,Cilj,
Objectives,Ciljevi,
Odometer Value (Last),Odometar vrijednost (Zadnje),
Off,Isključen,
Offer Date,ponuda Datum,
Offsetting Account,Prijebojni Račun,
Old Parent,Stari Roditelj,
Oldest Of Invoice Or Advance,Najstarija od Faktura ili Predujam,
On Hold,Na čekanju,
On Hold Since,Na čekanju od,
On Item Quantity,Na Količina predmeta,
On Net Total,Na Net Total,
On Paid Amount,Na Plaćeni Iznos,
On Previous Row Amount,Na prethodnu Row visini,
On Previous Row Total,Na prethodni redak Ukupno,
On enabling this cancellation entries will be posted on the actual cancellation date and reports will consider cancelled entries as well,"Nakon omogućavanja ovog otkazivanja, unosi će biti uknjiženi na datum stvarnog otkazivanja, a izvještaji će uzeti u obzir i otkazane unose",
"On submission of the stock transaction, system will auto create the Serial and Batch Bundle based on the Serial No / Batch fields.","Pri podnošenju transakcije zaliha, sistem će automatski kreirati Serijski i Šaržni Paket na osnovu polja Serijskog Broja / Šarže.",
On-machine press checks,Provjere tiska na mašini,
"Once set, this invoice will be on hold till the set date","Jednom podešen, ovaj račun će biti na čekanju do određenog datuma",
Only 'Payment Entries' made against this advance account are supported.,Podržani su samo 'Unosi Plaćanja' naspram ovog predujam računa.,
Only Deduct Tax On Excess Amount ,Odbij porez samo na višak Iznosa,
Only Include Allocated Payments,Uzmi u obzir samo Dodijeljena Plaćanja,
Only applies for Normal Payments,Primjenjuje se samo za Normalna Plaćanja,
Only leaf nodes are allowed in transaction,Samo leaf čvorovi su dozvoljeni u transakciji,
Only show Customer of these Customer Groups,Pokaži samo kupca ovih grupa kupaca,
Only show Items from these Item Groups,Prikažite samo stavke iz ovih grupa predmeta,
"Only values between [0,1) are allowed. Like {0.00, 0.04, 0.09, ...}
Ex: If allowance is set at 0.07, accounts that have balance of 0.07 in either of the currencies will be considered as zero balance account","Dozvoljene su samo vrijednosti između [0,1). Kao {0,00, 0,04, 0,09, ...}
Primjer: Ako je odobrenje postavljeno na 0,07, računi koji imaju stanje od 0,07 u bilo kojoj od valuta će se smatrati nultim stanjem računa",
Open,Otvoreno,
Open Activities HTML,Otvorene HTML Aktivnosti,
Open Issues,Otvorena izdanja,
Open Notifications,Otvorena obavjestenja,
Open Projects,Otvoreni projekti,
Open Quotations,Open Quotations,
Open To Do,Otvoreno za obaviti,
Open Work Orders,Otvorite radne naloge,
Opening Accumulated Depreciation,Otvaranje Ispravka vrijednosti,
Opening Amount,Iznos otvaranja,
Opening Balance Details,Detalji o početnom stanju,
Opening Date,Otvaranje Datum,
Opening Entry,Otvaranje unos,
Opening Invoice Creation Tool,Otvaranje alata za kreiranje fakture,
Opening Invoice Creation Tool Item,Stavka o otvaranju fakture kreiranja stavke,
Opening Number of Booked Depreciations,Početni broj knjiženih amortizacija,
Opening Stock,otvaranje Stock,
Opening Time,Radno vrijeme,
Operating Cost,Operativni troškovi,
Operating Cost (Company Currency),Operativni trošak (Company Valuta),
Operating Cost Per BOM Quantity,Operativni trošak po količini Sastavnice,
Operating Cost(Company Currency),Operativni trošak (Company Valuta),
Operating Costs,Operativni troškovi,
Operation,Operacija,
Operation Cost,Operacija Cost,
Operation Description,Operacija Opis,
Operation ID,ID operacije,
Operation Row Number,Broj reda operacije,
Operation Time,Operacija Time,
Operation completed for how many finished goods?,Operacija završena za koliko gotovih proizvoda?,
Operation time does not depend on quantity to produce,Vrijeme Operacije ne ovisi o količini za proizvodnju,
Operations,Operacije,
Operator,Operater,
Opportunities,Prilike,
Opportunity,Prilika (Opportunity),
Opportunity Amount,Mogućnost Iznos,
Opportunity Amount (Company Currency),Iznos Prilike (Valuta Kompanije),
Opportunity Date,Datum prilike,
Opportunity From,Prilika od,
Opportunity Item,Poslovna prilika artikla,
Opportunity Lost Reason,Prilika izgubljen razlog,
Opportunity Lost Reason Detail,Detalji izgubljenog razloga za priliku,
Opportunity Owner,Odgovorni Prilike,
Opportunity Summary by Sales Stage,Sažetak Prilike prema Fazi Prodaje,
Opportunity Type,Vrsta prilike,
Opportunity Value,Vrijednost Prilike,
Optimize Route,Optimizirajte rutu,
Options,Opcije,
Orange,Narandžasta,
Order Confirmation Date,Datum potvrđivanja porudžbine,
Order Confirmation No,Potvrda o porudžbini br,
Order Date,Datum Naloga,
Order Information,Informacije o porudžbini,
Order No,Broj Naloga,
Order Status,Status Nalog,
Order Type,Vrsta narudžbe,
"Order in which sections should appear. 0 is first, 1 is second and so on.","Redoslijed u kojim će se odjeljcima pojaviti. 0 je prvo, 1 je drugo itd.",
Ordered,Naručeno,
Ordered Qty,Naručena kol,
Ordered Quantity,Naručena količina,
Organization,Organizacija,
Organization Name,Naziv organizacije,
Orientation,orijentacija,
Original Item,Original Item,
Other,Drugi,
Other Details,Ostali detalji,
Other Info,Ostale Informacije,
Other Settings,Ostale postavke,
Out of AMC,Od AMC,
Out of Order,Ne radi,
Out of Warranty,Od jamstvo,
Outgoing,Društven,
Outgoing Rate,Odlazni Rate,
Outstanding,izvanredan,
Outstanding (Company Currency),Nepodmireno (Valuta Tvrtke),
Outstanding Amount,Izvanredna Iznos,
Outward,Napolju,
Over Billing Allowance (%),Dodatak za naplatu (%),
Over Delivery/Receipt Allowance (%),Nadoknada za isporuku / primanje (%),
Over Picking Allowance,Dozvola za prekomjernu Odabir,
Over Transfer Allowance,Dozvola za prekomjerni Prenos,
Over Transfer Allowance (%),Dodatak za prebacivanje (%),
Overdue,Istekao,
Overdue Days,Zakašnjeli dani,
Overdue Payment,Dospjelo Plaćanje,
Overdue Payments,Dospjela Plaćanja,
Overdue and Discounted,Zakašnjeli i sniženi,
Overproduction Percentage For Sales Order,Procenat prekomerne proizvodnje za porudžbinu prodaje,
Overproduction Percentage For Work Order,Procent prekomerne proizvodnje za radni nalog,
Overproduction for Sales and Work Order,Prekomerna proizvodnja za prodaju i radni nalog,
Overview,Pregled,
Owned,U vlasništvu,
PAN No,PAN br,
PDF Name,PDF Naziv,
PIN,PIN,
PMO-,PMO-,
PO Supplied Item,PO isporučeni artikal,
PO-JOB.#####,POZIV. #####,
POS,POS,
POS Closing Entry,Zatvaranje ulaza u POS,
POS Closing Entry Detail,Detalji o zatvaranju POS-a,
POS Closing Entry Taxes,POS porez na zatvaranje,
POS Customer Group,POS kupaca Grupa,
POS Field,POS polje,
POS Invoice,POS faktura,
POS Invoice Item,POS faktura,
POS Invoice Merge Log,Dnevnik spajanja POS faktura,
POS Invoice Reference,Referenca POS računa,
POS Invoices,POS fakture,
POS Item Group,POS Stavka Group,
POS Opening Entry,POS otvaranje,
POS Opening Entry Detail,Detalji o otvaranju POS-a,
POS Payment Method,POS način plaćanja,
POS Profile,POS profil,
POS Profile User,POS korisnik profila,
POS Register,POS registar,
POS Search Fields,Kasa Polja za Pretragu,
POS Setting,Kasa Postavke,
POS Settings,POS Settings,
POS Transactions,POS transakcije,
POS-CLO-,POS-CLO-,
PSOA Cost Center,PSOA centar troškova,
PSOA Project,PSOA projekat,
PU-SSP-.YYYY.-,PU-SSP-YYYY.-,
PUR-ORD-.YYYY.-,PUR-ORD-YYYY.-,
PUR-RFQ-.YYYY.-,PUR-RFQ-.YYYY.-,
PUR-SQTN-.YYYY.-,PUR-SQTN-YYYY.-,
Package Weight Details,Težina paketa - detalji,
Packed Item,Dostava Napomena Pakiranje artikla,
Packed Items,Pakirano Predmeti,
Packed Qty,Upakovani Kvantitet,
Packing List,Popis pakiranja,
Packing Slip,Odreskom,
Packing Slip Item,Odreskom predmet,
Packing Unit,Jedinica za pakovanje,
Page Break,Prijelom stranice,
Page Break After Each SoA,Prijelom stranice nakon svake SoA,
Paid,Plaćen,
Paid Amount,Plaćeni iznos,
Paid Amount (Company Currency),Uplaćeni iznos (poduzeća Valuta),
Paid Amount After Tax,Plaćeni Iznos nakon Oporezivanja,
Paid Amount After Tax (Company Currency),Plaćeni Iznos nakon Oporezivanja (Valuta Kompanije),
Paid From Account Type,Plaćeno sa Tipa Računa,
Paid Loan,Paid Loan,
Paid To Account Type,Plaćeno na Tip Računa,
Pallets,Paleta,
Parameter,Parametar,
Parameter Group,Parametar Grupe,
Parameter Group Name,Naziv Parametara Grupe,
Parameter Name,Ime parametra,
Parameters,Parametri,
Parcel Template,Dostavni Paket Šablon,
Parcel Template Name,Naziv Dostavnog Paketa Šablona,
Parcels,Paket,
Parent,Roditelj,
Parent Account,Roditelj račun,
Parent Batch,roditelja Batch,
Parent Company,Matična kompanija,
Parent Cost Center,Roditelj troška,
Parent Customer Group,Roditelj Kupac Grupa,
Parent Department,Odeljenje roditelja,
Parent Detail docname,Roditelj Detalj docname,
Parent Document,Nadređeni Dokument,
Parent Item,Roditelj artikla,
Parent Item Group,Roditelj artikla Grupa,
Parent Location,Lokacija roditelja,
Parent Procedure,Postupak roditelja,
Parent Row No,Nadređeni Red Broj,
Parent Sales Person,Roditelj Prodaja Osoba,
Parent Supplier Group,Matična grupa dobavljača,
Parent Task,Zadatak roditelja,
Parent Territory,Roditelj Regija,
Parent Warehouse,Parent Skladište,
Partial Material Transferred,Djelomični Prenesen Materijal,
Partial Success,Djelimičan uspjeh,
"Partial stock can be reserved. For example, If you have a Sales Order of 100 units and the Available Stock is 90 units then a Stock Reservation Entry will be created for 90 units. ","Djelomične zalihe mogu se rezervirati. Na primjer, ako imate Prodajni Nalog od 100 jedinica, a Raspoloživa Zaliha je 90 jedinica, tada će se kreirati unos rezervacije zaliha za 90 jedinica.",
Partially Completed,Djelomično Završeni,
Partially Delivered,Djelomično Dostavljeno,
Partially Depreciated,Djelomično oslabio,
Partially Fulfilled,Delimično ispunjeno,
Partially Ordered,Djelomično naređeno,
Partially Paid,Djelomično plaćeno,
Partially Received,Djelomično primljeno,
Partially Reconciled,Djelimično Usaglašeno,
Partially Reserved,Djelomično Rezervisano,
Partly Billed,Djelomično Naplaćeno,
Partly Delivered,Djelomično Isporučeno,
Partly Paid,Delimično Plaćeno,
Partly Paid and Discounted,Djelomično Plaćeno i Sniženo,
Partner Type,Partner Tip,
Partner website,website partner,
Partnership,Partnerstvo,
Party,Stranka,
Party Account,Party račun,
Party Account Currency,Party računa valuta,
Party Account No. (Bank Statement),Broj Računa Stranke (Izvod iz Banke),
Party Balance,Party Balance,
Party Bank Account,Bankovni račun stranke,
Party Details,Party Detalji,
Party IBAN (Bank Statement),IBAN Stranke (Izvod iz Banke),
Party Information,Informacije o zabavi,
Party Item Code,Kod Artikla Stranke,
Party Link,Veza Stranke,
Party Name,Party ime,
Party Name/Account Holder (Bank Statement),Ime Stranke/Vlasnik Računa (Izvod iz Banke),
Party Specific Item,Specifični Artikal Stranke,
Party Type,Party Tip,
Party User,Party User,
Passed,Prošao,
Passport Details,Detalji Pasoša,
Passport Number,Putovnica Broj,
Past Due Date,Datum prošlosti,
Path,Put,
Pause,pause,
Pause SLA On Status,Pauzirajte SLA na statusu,
Paused,Pauzirano,
Pay,Platiti,
Pay To / Recd From,Platiti Da / RecD Od,
Payable,Plativ,
Payables,Obveze,
Payer Settings,Payer Postavke,
Payment,Plaćanje,
Payment Account,Plaćanje računa,
Payment Amount,Plaćanje Iznos,
Payment Amount (Company Currency),Iznos Plaćanja (Valuta Kompanije),
Payment Channel,Kanal plaćanja,
Payment Deductions or Loss,Plaćanje Smanjenja ili gubitak,
Payment Document,plaćanje Document,
Payment Due Date,Plaćanje Due Date,
Payment Entries,plaćanje unosi,
Payment Entry,plaćanje Entry,
Payment Entry Deduction,Plaćanje Entry Odbitak,
Payment Entry Reference,Plaćanje Entry Reference,
Payment From / To,Plaćanje Od / Do,
Payment Gateway,Payment Gateway,
Payment Gateway Account,Payment Gateway računa,
Payment Gateway Details,Payment Gateway Detalji,
Payment Ledger,Registar Uplata,
Payment Ledger Entry,Unos Registra Uplate,
Payment Limit,Ograničenje Plaćanja,
Payment Methods,metode plaćanja,
Payment Order,Nalog za plaćanje,
Payment Order Reference,Referentni nalog za plaćanje,
Payment Order Status,Status naloga za plaćanje,
Payment Order Type,Vrsta naloga za plaćanje,
Payment Ordered,Raspored plaćanja,
Payment Period Based On Invoice Date,Razdoblje za naplatu po Datum fakture,
Payment Plan,Plan placanja,
Payment Reconciliation,Pomirenje plaćanja,
Payment Reconciliation Allocation,Dodjela Usaglašavanja Plaćanja,
Payment Reconciliation Invoice,Pomirenje Plaćanje fakture,
Payment Reconciliation Payment,Pomirenje Plaćanje Plaćanje,
Payment Reconciliation Settings,Postavke Usaglašavanje Plaćanja,
Payment Reference,Reference za plaćanje,
Payment References,plaćanje Reference,
Payment Request,Plaćanje Upit,
Payment Request Outstanding,Nerješeni Zahtjev Plaćanja,
Payment Request Type,Tip zahtjeva za plaćanje,
Payment Request created from Sales Order or Purchase Order will be in Draft status. When disabled document will be in unsaved state.,"Platni Nalog je kreiran iz Prodajnog ili Kupovnog Naloga bit će u statusu Nacrta. Kada je onemogućen, dokument će biti u nespremljnom stanju.",
Payment Schedule,Raspored plaćanja,
Payment Term,Rok plaćanja,
Payment Term Name,Naziv termina plaćanja,
Payment Term Outstanding,Neizmireni Rok Plaćanja,
Payment Terms,Uslovi plaćanja,
Payment Terms Status for Sales Order,Status Uslova Plaćanja Prodajnog Naloga,
Payment Terms Template,Šablon izraza plaćanja,
Payment Terms Template Detail,Detail Template Template,
Payment Terms from orders will be fetched into the invoices as is,Uslovi plaćanja iz Naloga će biti preneseni u Fakture takvi kakvi jesu,
Payment Type,Vrsta plaćanja,
Payments,Plaćanja,
Payroll Entry,Unos plata,
Payslip,Payslip,
Pending,Čekanje,
Pending Amount,Iznos na čekanju,
Pending Qty,U očekivanju Količina,
Pending Review,Na čekanju,
Pending SO Items For Purchase Request,Otvorena SO Proizvodi za zahtjev za kupnju,
Per Month,Mjesečno,
Per Received,Po Primljenom,
Per Transferred,Per Transferred,
Per Week,Po tjednu,
Per Year,Godišnje,
Percentage,Postotak,
Percentage (%),Procentualno (%),
Percentage Allocation,Postotak Raspodjela,
Percentage you are allowed to order beyond the Blanket Order quantity.,Procenat s kojim vam je dozvoljeno da naručite iznad količine Ugovornog Naloga.,
Percentage you are allowed to sell beyond the Blanket Order quantity.,Procenat s kojim vam je dozvoljeno da prodate iznad količine Ugovornog Naloga.,
Percentage you are allowed to transfer more against the quantity ordered. For example: If you have ordered 100 units. and your Allowance is 10% then you are allowed to transfer 110 units.,"Postotak koji vam je dozvoljen da prenesete više u odnosu na naručenu količinu. Na primjer: Ako ste naručili 100 jedinica. a vaš dodatak iznosi 10%, tada vam je dozvoljeno prenijeti 110 jedinica.",
Period Closing Settings,Postavke Zatvaranja Perioda,
Period Closing Voucher,Razdoblje Zatvaranje bon,
Period Details,Detalji Perioda,
Period End Date,Datum završetka perioda,
Period Name,Ime perioda,
Period Score,Ocena perioda,
Period Settings,Podešavanja razdoblja,
Period Start Date,Datum početka perioda,
Period To Date,Period do Datuma,
Period_from_date,Period od Datuma,
Periodicity,Periodičnost,
Permanent Address,Stalna adresa,
Permanent Address Is,Stalna adresa je,
Personal Details,Osobni podaci,
Personal Email,Osobni e,
Petrol,benzin,
Phone,Telefon,
Phone Ext.,Telefon Ext.,
Phone No,Telefonski broj,
Phone Number,Telefonski broj,
Pick List,Popis liste,
Pick List Item,Izaberite stavku popisa,
Pick Manually,Odaberi Ručno,
Pick Serial / Batch Based On,Odaberi Serijski / Šaržu na osnovu,
Pick Serial / Batch No,Odaberi Serijski/Šaržni Broj,
Picked Qty,Izabrani broj,
Picked Qty (in Stock UOM),Odabrana Količina (u Jedinici Zaliha),
Pickup,Preuzimanje,
Pickup Contact Person,Kontakt Osoba za Preuzimanje,
Pickup Date,Datum Preuzimanja,
Pickup From,Preuzimanje od,
Pickup Type,Tip Preuzimanja,
Pickup from,Preuzimanje od,
Pickup to,Preuzimanje do,
Place of Issue,Mjesto izdavanja,
Plaid Access Token,Plaid Access Token,
Plaid Client ID,Plaid ID klijenta,
Plaid Environment,Plaid Environment,
Plaid Secret,Plaid Secret,
Plaid Settings,Plaid Settings,
Plan,Plan,
Plan Name,Ime plana,
Plan material for sub-assemblies,Plan materijal za podsklopove,
Plan operations X days in advance,Planirajte operacije X dana unaprijed,
Plan time logs outside Workstation working hours,Planirajte evidenciju vremena izvan radnog vremena radne stanice,
Plan to Request Qty,Planirana Količina,
Planned,Planirano,
Planned End Date,Planirani Završni datum,
Planned End Time,Planirani End Time,
Planned Operating Cost,Planirani operativnih troškova,
Planned Qty,Planirani Kol,
Planned Quantity,Planirana količina,
Planned Start Date,Planirani Ozljede Datum,
Planned Start Time,Planirani Start Time,
Planning,Planiranje,
Plans,Planovi,
Plant Dashboard,Nadzorna Tabla Postrojenja,
Plant Floor,Proizvodna Površina,
Point Of Sale,Mjestu prodaje,
Policy No,Politika Nema,
Policy number,Broj police,
Portal,Portal,
Portal User,Korisnik Portala,
Portal Users,Korisnici Portala,
Portrait,Portret,
Post Description Key,Post Opis Ključ,
Post Graduate,Post diplomski,
Post Route Key,Post Route Key,
Post Route Key List,Lista spiska ključeva,
Post Route String,Post String niz,
Post Title Key,Ključ posta za naslov,
Posting Date,Objavljivanje Datum,
Posting Date Inheritance for Exchange Gain / Loss,Datum knjiženja nasljeđen za Devizni Kurs Rezultata,
Posting Datetime,Datuma Knjiženja,
Posting Time,Objavljivanje Vrijeme,
Potential Sales Deal,Potencijalni Sales Deal,
Prefered Contact Email,Prefered Kontakt mail,
Prefered Email,Prefered mail,
Prevdoc DocType,Prevdoc DOCTYPE,
Prevent POs,Sprečite PO,
Prevent Purchase Orders,Sprečite kupovne naloge,
Prevent RFQs,Sprečite RFQs,
Preventive,Preventivno,
Preventive Action,Preventivna akcija,
Preventive Maintenance,Preventivno održavanje,
Preview,Pregled,
Preview Email,Pregled e-pošte,
Preview Required Materials,Pregledaj Obavezne Materijale,
Previous Work Experience,Radnog iskustva,
Price,Cijena,
Price Discount Scheme,Shema popusta na cijene,
Price Discount Slabs,Ploče s popustom cijena,
Price List,Cjenik,
Price List Country,Cijena Lista država,
Price List Currency,Cjenik valuta,
Price List Defaults,Standard Cijenovnika,
Price List Exchange Rate,Cjenik tečajna,
Price List Name,Cjenik Ime,
Price List Rate,Cjenik Stopa,
Price List Rate (Company Currency),Cjenik stopa (Društvo valuta),
Price Not UOM Dependent,Cijena nije UOM zavisna,
Price or Product Discount,Cijena ili popust na proizvod,
Pricing Rule,cijene Pravilo,
Pricing Rule Brand,Marka pravila o cijenama,
Pricing Rule Detail,Detalj pravila o cijenama,
Pricing Rule Help,Cijene Pravilo Pomoć,
Pricing Rule Item Code,Pravilo cijene Šifra predmeta,
Pricing Rule Item Group,Skupina pravila pravila o cijenama,
Pricing Rules,Pravila cijena,
Primary Address,Primarna adresa,
Primary Address and Contact,Primarna Adresa i Kontakt,
Primary Contact,Primarni Kontakt,
Primary Contact Email,Primarna kontakt adresa e-pošte,
Primary Party,Primarna Stranka,
Primary Role,Primarna Uloga,
Primary Settings,primarni Postavke,
Print Format,Format ispisa,
Print Heading,Ispis Naslov,
Print Language,print Jezik,
Print Preferences,Postavke ispisa,
Print Receipt on Order Complete,Ispiši Račun pri dovršenju Naloga,
Print Settings,Postavke ispisa,
Print Without Amount,Ispis Bez visini,
Printing Details,Printing Detalji,
Printing Settings,Printing Settings,
Priorities,Prioriteti,
Priority,Prioritet,
Probability,Vjerovatnoća,
Probability (%),Verovatnoća (%),
Problem,Problem,
Procedure,Procedura,
Process Deferred Accounting,Obraditi odgođeno računovodstvo,
Process Description,Opis procesa,
Process Loss,Procesni Gubitak,
Process Loss Qty,Količinski Gubitak Procesa,
Process Loss Report,Izvještaj Gubitka Procesa,
Process Owner,Vlasnik procesa,
Process Owner Full Name,Puno ime vlasnika procesa,
Process Payment Reconciliation,Obradi Usaglašavanja Plaćanja,
Process Payment Reconciliation Log,Zapisnik Obrade Usaglašavanja Plaćanja,
Process Payment Reconciliation Log Allocations,Dodjele Zapisnika Obrade Usaglašavanja Plaćanja,
Process Statement Of Accounts,Obraditi izvod računa,
Process Statement Of Accounts CC,Obradi Kopiju Izvoda Računa,
Process Statement Of Accounts Customer,Obradite izvod računa,
Process Subscription,Obradi Pretplatu,
Process in Single Transaction,Obrada u Jednoj Transakciji,
Processed BOMs,Obrađene Sastavnice,
Processes,Procesi,
Procurement Tracker,Praćenje nabavke,
Produced,Proizvedeno,
Produced Qty,Proizveden količina,
Produced Quantity,Proizvedena količina,
Product,Proizvod,
Product Bundle,Bundle proizvoda,
Product Bundle Balance,Bilans proizvoda,
Product Bundle Help,Proizvod Bundle Pomoć,
Product Bundle Item,Proizvod Bundle Stavka,
Product Discount Scheme,Shema popusta na proizvode,
Product Discount Slabs,Ploče s popustom na proizvode,
Product Enquiry,Na upit,
Product Price ID,ID Cijene Proizvoda,
Production,Proizvodnja,
Production Analytics,proizvodnja Analytics,
Production Item,Proizvodnja Item,
Production Plan,Plan proizvodnje,
Production Plan Item,Proizvodnja plan artikla,
Production Plan Item Reference,Referenca Artikla Plana Proizvodnje,
Production Plan Material Request,Proizvodni plan materijala Upit,
Production Plan Material Request Warehouse,Skladište zahtjeva za planom proizvodnje,
Production Plan Qty,Količina Plana Proizvodnje,
Production Plan Sales Order,Proizvodnja plan prodajnog naloga,
Production Plan Sub Assembly Item,Artikal Podsklopa Plana Proizvodnje,
Production Plan Sub-assembly Item,Artikal Podsklopa Plana Proizvodnje,
Production Plan Summary,Sažetak Plana Proizvodnje,
Production Planning Report,Izvještaj o planiranju proizvodnje,
Profile,Profil,
Profit & Loss,Dobiti i gubitka,
Profit and Loss,Račun dobiti i gubitka,
Profit and Loss Statement,Račun dobiti i gubitka,
Profit and Loss Summary,Sažetak Rezultata,
Profitability Analysis,Analiza profitabilnosti,
Progress,Napredak,
Project,Projekat,
Project Billing Summary,Sažetak naplate projekta,
Project Name,Naziv projekta,
Project Status,Status projekta,
Project Summary,Sažetak projekta,
Project Template,Predložak projekta,
Project Template Task,Zadatak predloška projekta,
Project Type,Vrsta projekta,
Project Update,Ažuriranje projekta,
Project User,Korisnik projekta,
Project will be accessible on the website to these users,Projekt će biti dostupna na web stranici ovih korisnika,
Project wise Stock Tracking,Projektno mudro praćenje zaliha,
Projected,Projektovan,
Projected Qty,Projected Qty,
Projected Quantity as Source,Projektovanih količina kao izvor,
Projects,Projekti,
Projects Manager,Projektni menadzer,
Projects Settings,Postavke projekata,
Projects User,Projektni korisnik,
Promotional,Promotivni,
Promotional Scheme,Promotivna šema,
Promotional Scheme Id,Id promotivne šeme,
Promotional Scheme Price Discount,Popust na promotivne šeme,
Promotional Scheme Product Discount,Popust na promotivne šeme proizvoda,
Prompt Qty,Količina,
Prorate,Prorate,
Prospect,Potencijal,
Prospect Lead,Pperspektivan Potencijalni Klijent,
Prospect Opportunity,Perspektivna Prilika,
Prospect Owner,Potencijal vlasnik,
Prospects Engaged But Not Converted,Izgledi Engaged Ali ne pretvaraju,
Provide Email Address registered in company,Osigurati mail registrovan u kompaniji Adresa,
Provider,Provajder,
Providing,Pružanje,
Provisional Expense Account,Račun Privremenih Troškova,
Publish Date,Datum objave,
Publisher,Izdavač,
Publisher ID,ID Izdavača,
Purchase,Kupiti,
Purchase Amount,Kupovina Iznos,
Purchase Analytics,Kupnja Analytics,
Purchase Date,Datum kupovine,
Purchase Defaults,Kupovina Defaults,
Purchase Details,Detalji kupovine,
Purchase Invoice,Narudzbine,
Purchase Invoice Advance,Narudzbine avans,
Purchase Invoice Item,Narudzbine stavki,
Purchase Invoice Trends,Trendovi kupnje proizvoda,
Purchase Manager,Kupovina Manager,
Purchase Master Manager,Kupovina Master Manager,
Purchase Order,Narudžbenica,
Purchase Order Analysis,Analiza narudžbenice,
Purchase Order Item,Narudžbenica predmet,
Purchase Order Item Supplied,Narudžbenica artikla Isporuka,
Purchase Order Pricing Rule,Pravilo o cenama narudžbe,
Purchase Order Trends,Trendovi narudžbenica kupnje,
Purchase Orders Items Overdue,Nalozi za kupovinu narudžbine,
Purchase Orders to Bill,Narudžbe za kupovinu,
Purchase Orders to Receive,Narudžbe za kupovinu,
Purchase Receipt,Račun kupnje,
Purchase Receipt (Draft) will be auto-created on submission of Subcontracting Receipt.,Kupovni Račun (nacrt) će se automatski kreirati pri podnošenju Podugovornog Računa.,
Purchase Receipt Detail,Detalji potvrde o kupnji,
Purchase Receipt Item,Kupnja Potvrda predmet,
Purchase Receipt Item Supplied,Kupnja Prijem artikla Isporuka,
Purchase Receipt Items,Primka proizvoda,
Purchase Receipt No,Primka br.,
Purchase Receipt Trends,Račun kupnje trendovi,
Purchase Receipts,Kupovina Primici,
Purchase Register,Kupnja Registracija,
Purchase Tax Template,Porez na promet Template,
Purchase Taxes and Charges,Kupnja Porezi i naknade,
Purchase Taxes and Charges Template,Kupiti poreza i naknada Template,
Purchase User,Kupovina korisnika,
Purchased,Kupljeno,
Purchasing,Nabava,
Purple,Ljubičasta,
Purpose,Svrha,
Purposes,Namjene,
Putaway Rule,Pravilo Odlaganja,
Qty,Kol,
Qty (Company),Količina (Kompanija),
Qty (Warehouse),Količina (Skladište),
Qty After Transaction,Količina Nakon Transakcije,
Qty As Per BOM,Količina prema Sastavnici,
Qty Change,Promjena Količine,
Qty Consumed Per Unit,Kol Potrošeno po jedinici,
Qty In Stock,Količina na Zalihama,
Qty To Manufacture,Količina za proizvodnju,
Qty To Produce,Količina za Proizvesti,
Qty and Rate,Količina i Cijena,
Qty as Per Stock UOM,Količina po Jedinici Zaliha,
Qty as per Stock UOM,Količina po burzi UOM,
Qty for which recursion isn't applicable.,Količina za koju rekurzija nije primjenjiva.,
Qty in Stock UOM,Količina u Jedinici Zaliha,
Qty of Finished Goods Item,Količina proizvoda gotove robe,
Qty of raw materials will be decided based on the qty of the Finished Goods Item,Količina sirovina odlučivat će se na osnovu količine proizvoda Gotove robe,
Qty to Be Consumed,Količina za Potrošnju,
Qty to Transfer,Količina za prijenos,
Qualification,Kvalifikacija,
Qualification Status,Status Kvalifikacije,
Qualified,Kvalificiran,
Qualified By,Kvalificirao,
Qualified on,Kvalificiran,
Quality,Kvalitet,
Quality Action,Kvalitetna akcija,
Quality Action Resolution,Kvalitetna rezolucija akcije,
Quality Feedback,Kvalitetne povratne informacije,
Quality Feedback Parameter,Parametar povratne informacije o kvalitetu,
Quality Feedback Template,Predložak kvalitetne povratne informacije,
Quality Feedback Template Parameter,Parametar predloška za povratne informacije o kvalitetu,
Quality Goal,Cilj kvaliteta,
Quality Goal Objective,Cilj kvaliteta kvaliteta,
Quality Inspection,Provjera kvalitete,
Quality Inspection Parameter,Parametar Kontrole Kvaliteta,
Quality Inspection Parameter Group,Grupa Parametara Kontrole Kvaliteta,
Quality Inspection Reading,Kvaliteta Inspekcija čitanje,
Quality Inspection Required,Potrebna inspekcija kvaliteta,
Quality Inspection Settings,Postavke Kontrole Kvaliteta,
Quality Inspection Summary,Sažetak inspekcije kvaliteta,
Quality Inspection Template,Šablon za proveru kvaliteta,
Quality Inspection Template Name,Kvalitetno ime za proveru kvaliteta,
Quality Management,upravljanja kvalitetom,
Quality Manager,Quality Manager,
Quality Meeting,Sastanak kvaliteta,
Quality Meeting Agenda,Agenda za kvalitetni sastanak,
Quality Meeting Minutes,Zapisnici sa kvalitetom sastanka,
Quality Procedure,Postupak kvaliteta,
Quality Procedure Process,Proces postupka kvaliteta,
Quality Review,Pregled kvaliteta,
Quality Review Objective,Cilj pregleda kvaliteta,
Quantity,Količina,
Quantity  that must be bought or sold per UOM,Količina koja se mora kupiti ili prodati po UOM,
Quantity & Stock,Količina i zalihe,
Quantity Difference,Količina Razlika,
Quantity and Amount,Količina i količina,
Quantity and Description,Količina i opis,
Quantity and Rate,Količina i stopa,
Quantity and Warehouse,Količina i skladišta,
Quantity of item obtained after manufacturing / repacking from given quantities of raw materials,Količina predmeta dobije nakon proizvodnju / pakiranje od navedenih količina sirovina,
Quarterly,Kvartalno,
Query Options,Opcije upita,
Query Route String,String string upita,
Queued,Na čekanju,
Quick Stock Balance,Brzi bilans stanja,
Quotation,Ponude,
Quotation Item,Artikl iz ponude,
Quotation Lost Reason,Razlog nerealizirane ponude,
Quotation Lost Reason Detail,Detalj izgubljenog razloga ponude,
Quotation Number,Broj Ponude,
Quotation To,Ponuda za,
Quotation Trends,Trendovi ponude,
Quote Status,Quote Status,
Raise Material Request When Stock Reaches Re-order Level,Podignite zahtjev za materijal kada zalihe dosegnu nivo narudžbe,
Raised By,Povišena Do,
Raised By (Email),Pokrenuo (E-mail),
Random,Slučajno,
Range,Domet,
Rate,Cijena,
Rate & Amount,Cijena i količina,
Rate (Company Currency),Cijena (Valuta kompanije),
Rate Of Materials Based On,Stopa materijali na temelju,
Rate Of TDS As Per Certificate,Stopa TDS-a prema certifikatu,
Rate Section,Sekcija Cijena,
Rate With Margin,Stopu sa margina,
Rate With Margin (Company Currency),Rate With Margin (Valuta kompanije),
Rate and Amount,Kamatna stopa i iznos,
Rate at which Customer Currency is converted to customer's base currency,Stopa po kojoj Kupac valuta se pretvaraju u kupca osnovne valute,
Rate at which Price list currency is converted to company's base currency,Stopa po kojoj Cjenik valute se pretvaraju u tvrtke bazne valute,
Rate at which Price list currency is converted to customer's base currency,Stopa po kojoj Cjenik valute se pretvaraju u kupca osnovne valute,
Rate at which customer's currency is converted to company's base currency,Stopa po kojoj se valuta klijenta se pretvaraju u tvrtke bazne valute,
Rate at which supplier's currency is converted to company's base currency,Stopa po kojoj supplier valuta se pretvaraju u tvrtke bazne valute,
Rate at which this tax is applied,Stopa po kojoj je taj porez se primjenjuje,
Rate of Depreciation,Stopa amortizacije,
Rate of Depreciation (%),Stopa Amortizacije (%),
Rate of Interest (%) Yearly,Kamatnu stopu (%) Godišnji,
Rate of Stock UOM,Cijena Jedinice Zaliha,
Rate or Discount,Stopa ili popust,
Rates,Cijene,
Rating,Ocjena,
Raw Material Cost,Troškovi sirovina,
Raw Material Cost (Company Currency),Trošak sirovina (Kompanija valuta),
Raw Material Cost Per Qty,Cijena Sirovine po Količini,
Raw Material Item Code,Sirovine Stavka Šifra,
Raw Materials,Sirovine,
Raw Materials Actions,Akcije Sirovina,
Raw Materials Consumed,Potrošena sirovina,
Raw Materials Supplied,Sirovine nabavlja,
Raw Materials Supplied Cost,Sirovine Isporuka Troškovi,
Raw Materials Warehouse,Skladište Sirovina,
Re-order Level,Re-order Level,
Re-order Qty,Re-order Količina,
Read Only,Read Only,
Reading 1,Čitanje 1,
Reading 10,Čitanje 10,
Reading 2,Čitanje 2,
Reading 3,Čitanje 3,
Reading 4,Čitanje 4,
Reading 5,Čitanje 5,
Reading 6,Čitanje 6,
Reading 7,Čitanje 7,
Reading 8,Čitanje 8,
Reading 9,Čitanje 9,
Reading Value,Vrijednost Čitanja,
Readings,Očitavanja,
Reason For Putting On Hold,Razlog za stavljanje na čekanje,
Reason for Leaving,Razlog za odlazak,
Recalculate Incoming/Outgoing Rate,Preračunaj Kupovnu/Prodajnu Cijenu,
Receipt,priznanica,
Receipt Document,dokument o prijemu,
Receipt Document Type,Prijem Document Type,
Receivable,Potraživanja,
Receivable / Payable Account,Potraživanja / Account plaćaju,
Receivable/Payable Account,Račun Potraživanja / Plaćanja,
Receivables,Potraživanja,
Receive,Primiti,
Received,primljen,
Received Amount,Primljeni Iznos,
Received Amount (Company Currency),Primljeni Iznos (Company Valuta),
Received Amount After Tax,Primljeni Iznos nakon PDV-a,
Received Amount After Tax (Company Currency),Primljeni iznos nakon PDV-a (Valuta Kompanije),
Received Items To Be Billed,Primljeni Proizvodi se naplaćuje,
Received Qty,Pozicija Kol,
Received Qty in Stock UOM,Primljena Količina u Jedinici Zaliha,
Received Quantity,Primljena količina,
Received and Accepted,Primljeni i prihvaćeni,
Receiver List,Lista primalaca,
Receiving,Primanje,
Recipient,Primalac,
Recipient Message And Payment Details,Primalac poruka i plaćanju,
Recipients,Primatelji,
Reconcile,pomiriti,
Reconcile All Serial Nos / Batches,Usaglasi sve Serijske Brojeve / Šarže,
Reconcile Effect On,Usaglašavanje stupa na snagu,
Reconcile on Advance Payment Date,Usaglasi na Datum Uplate Predujma,
Reconciled,Pomirjen,
Reconciled Entries,Usaglašeni Unosi,
Reconciliation Date,Datum Usaglašavanja,
Reconciliation Error Log,Zapisnik Grešaka Usaglašavanja,
Reconciliation Queue Size,Veličina reda Usaglašavanja,
Reconciliation Takes Effect On,Usaglašavanje Stupa na Snagu,
Recording HTML,HTML Snimanja,
Recording URL,URL za snimanje,
Recreate Stock Ledgers,Ponovno kreiraj Registar Zaliha,
Recurse Every (As Per Transaction UOM),Povrati Svaki (prema Jedinici Transakcije),
Red,Crven,
Redeem Against,Iskoristi protiv,
Redeem Loyalty Points,Iskoristite lojalnostne tačke,
Redeemed Points,Iskorišćene tačke,
Redemption,Otkupljenje,
Redemption Account,Račun za otkup,
Redemption Cost Center,Centar za isplatu troškova,
Redemption Date,Datum otkupljenja,
Ref Code,Ref. Šifra,
Reference,Upućivanje,
Reference Date,Referentni datum,
Reference Detail,Referentni Detalj,
Reference Detail No,Referentni detalj br,
Reference Doctype,Referentna DOCTYPEhtml,
Reference Document,referentni dokument,
Reference Document Name,Referentni naziv dokumenta,
Reference Document Type,Referentni dokument Tip,
Reference Due Date,Referentni rok za dostavljanje,
Reference Exchange Rate,Referentni Devizni Kurs,
Reference Name,Referentno ime,
Reference No,Referentni Broj,
Reference Number,Referentni broj,
Reference Purchase Receipt,Referentna kupovina,
Reference Row,referentni Row,
Reference Row #,Reference Row #,
Reference Type,Referentna Tip,
Reference number of the invoice from the previous system,Referentni Broj Fakture iz prethodnog sistema,
References,Reference,
Referral Code,Kod preporuke,
Referral Sales Partner,Preporuka prodajni partner,
Refresh Google Sheet,Osvježite Google Sheet,
Regional,regionalni,
Registration Details,Registracija Brodu,
Regular,redovan,
Rejected,Odbijen,
Rejected Qty,odbijena Količina,
Rejected Quantity,Odbijen Količina,
Rejected Serial No,Odbijen Serijski br,
Rejected Serial and Batch Bundle,Odbijen Serijski i Šaržni Paket,
Rejected Warehouse,Odbijen galerija,
Relation,Odnos,
Release Date,Datum izdavanja,
Relieving Date,Rasterećenje Datum,
Reload,Ponovo učitaj,
Remark,Primjedba,
Remarks,Primjedbe,
Remarks Column Length,Dužina Kolone Napomene,
Rename Attribute Value in Item Attribute.,Preimenuj vrijednost atributa u atributu predmeta.,
Rename Log,Preimenovanje Prijavite,
Rename Tool,Preimenovanje alat,
Rent Cost,Rent cost,
Rented,Iznajmljuje,
Reorder level based on Warehouse,Nivo Ponovno red zasnovan na Skladište,
Repack,Prepakovati,
Repair Cost,Troškovi popravki,
Repair Details,Detalji Popravke,
Repair Status,Status popravke,
Replace,Zamijeniti,
Replace BOM,Zamijenite BOM,
"Replace a particular BOM in all other BOMs where it is used. It will replace the old BOM link, update cost and regenerate ""BOM Explosion Item"" table as per new BOM.
It also updates latest price in all the BOMs.","Zamijeni određenu Sastavnicu u svim ostalim Sastavnicama gdje se koristi. Zamijenit će staru vezu Sastavnice, ažurirati troškove i regenerirati tabelu ""Artikal Nestavljene Sastavnice"" prema novoj Sastavnici.
Također ažurira najnoviju cijenu u svim Sastavnicama.",
Replied,Odgovorio,
Report,Izvjestaj,
Report Date,Prijavi Datum,
Report Filters,Izvještajni Filteri,
Report Type,Tip izvjestaja,
Reports,Izvještaji,
Reports to,Izvještaji za,
Repost Accounting Ledger,Ponovo knjiži Knjigovodstveni Registar,
Repost Accounting Ledger Items,Unosi Ponovnog Knjiženja Knjigovodstvenog Registra,
Repost Accounting Ledger Settings,Postavke ponovnog knjiženja Knjigovodstvenog Registra,
Repost Allowed Types,Dozvoljeni Tipovi Ponovnog Knjiženja,
Repost Error Log,Zapisnik Grešaka Ponovnog Knjiženja,
Repost Item Valuation,Ponovo Knjiži Vrijednost Artikla,
Repost Payment Ledger,Ponovo Knjiži Registar Plaćanja,
Repost Payment Ledger Items,Artikal Ponovnog Knjiženja Registra Plaćanja,
Repost Status,Status Ponovnog Knjiženja,
Reposting Data File,Datoteke Podataka Ponovnog Knjiženja,
Reposting Info,Informacija Ponovnog Knjiženja,
Represents Company,Predstavlja kompaniju,
Represents a Financial Year. All accounting entries and other major transactions are tracked against the Fiscal Year.,Predstavlja Finansijsku Godinu. Svi knjigovodstveni unosi i druge velike transakcije prate se naspram Fiskalne Godine.,
Request Parameters,Parametri Zahtjeva,
Request Type,Zahtjev Tip,
Request for,Zahtjev za,
Request for Information,Zahtjev za informacije,
Request for Quotation,Zahtjev za ponudu,
Request for Quotation Item,Zahtjev za ponudu artikla,
Request for Quotation Supplier,Zahtjev za ponudu dobavljač,
Requested,Tražena,
Requested Items To Be Transferred,Traženi stavki za prijenos,
Requested Items to Order and Receive,Tražene stavke za naručivanje i primanje,
Requested Numbers,Traženi brojevi,
Requested Qty,Traženi Kol,
Required By,Potrebna Do,
Required Date,Potrebna Datum,
Required Items,potrebna Predmeti,
Required Qty,Potrebna Kol,
Requirement,Zahtev,
Requires Fulfilment,Zahteva ispunjenje,
"Reselect, if the chosen address is edited after save","Ponovo odaberite, ako je izabrana adresa uređena nakon čuvanja",
"Reselect, if the chosen contact is edited after save","Ponovo izaberi, ako je odabrani kontakt uređen nakon čuvanja",
Reservation Based On,Rezervacija Na Osnovu,
Reserve Stock,Rezerviši Zalihe,
Reserve Warehouse,Rezervni skladište,
Reserved,Rezervirano,
Reserved Qty,Rezervirano Kol,
Reserved Qty for Production,Rezervirano Količina za proizvodnju,
Reserved Qty for Production Plan,Rezervisana Količina za Plan Proizvodnje,
Reserved Qty for Subcontract,Rezervisana Količina za Podugovor,
Reserved Stock,Rezervisane Zalihe,
Reset Company Default Values,Poništi Standard Vrijednosti Kompanije,
Reset Raw Materials Table,Poništi Tabelu Sirovina,
Reset Service Level Agreement,Vratite ugovor o nivou usluge,
Resignation Letter Date,Ostavka Pismo Datum,
Resolution,Rezolucija,
Resolution By,Rezolucija,
Resolution Date,Rezolucija Datum,
Resolution Details,Detalji o rjesenju problema,
Resolution Due,Rok Rješenja,
Resolution Time,Vreme rezolucije,
Resolutions,Rezolucije,
Resolved,Riješeno,
Resolved By,Riješen Do,
Response By,Odgovor By,
Response Details,Detalji odgovora,
Response Key List,Lista ključnih reagovanja,
Response Options,Opcije odgovora,
Response Result Key Path,Response Result Key Path,
Response and Resolution,Odgovor i Rezolucija,
Responsible,Odgovorno,
Restrict,Ograniči,
Restrict Items Based On,Ograniči Artikle na osnovu,
Restrict to Countries,Ograničiti zemlje,
Result Key,Ključ Rezultata,
Result Preview Field,Polje za pregled rezultata,
Result Route Field,Polje trase rezultata,
Result Title Field,Polje rezultata rezultata,
Retain Sample,Zadrži uzorak,
Retried,Ponovo pokušao,
Return,Povratak,
Return Against,Povrat Naspram,
Return Against Delivery Note,Vratiti protiv Isporuka Napomena,
Return Against Purchase Invoice,Vratiti protiv fakturi,
Return Against Purchase Receipt,Vratiti protiv Kupovina prijem,
Return Against Subcontracting Receipt,Povrat naspram Podizvođačkog Računa,
Return Issued,Povrat Izdat,
Return Qty from Rejected Warehouse,Povratna Količina iz Odbijenog Skladišta,
Returned,Vraćeno,
Returned Against,Povrat naspram,
Returned Qty,Vraćeni Količina,
Returned Qty ,Vraćeno Količina,
Returned Qty in Stock UOM,Vraćena količina u Jedinici Zaliha,
Returns,povraćaj,
Reversal Of,Suprotno od,
Review,Pregled,
Review Date,Datum pregleda,
Reviews,Recenzije,
Rgt,Rgt,
Right Child,Desno Podređen,
Right Index,Desni indeks,
Ringing,Zvuči,
Role Allowed to Create/Edit Back-dated Transactions,Uloga dozvoljena da Kreira/Uređuje Transakcije s prijašnjim datumom,
Role Allowed to Edit Frozen Stock,Dopuštena uloga za uređivanje smrznutih zaliha,
Role Allowed to Over Bill ,Uloga dozvoljena da prekomjerno Fakturiše,
Role Allowed to Over Deliver/Receive,Uloga dozvoljena za prekomjernu Dostavu/Primanje,
Role Allowed to Override Stop Action,Uloga dozvoljena da Poništi Akciju Zaustavljanja,
Role Allowed to Set Frozen Accounts and Edit Frozen Entries,Dopuštena uloga za postavljanje zamrznutih računa i uređivanje zamrznutih unosa,
Role allowed to bypass Credit Limit,Uloga dozvoljena da zaobiđe Kreditno Ograničenje,
Root,Korijen,
Root Type,korijen Tip,
Round Free Qty,Zaoktuži Besplatnu Kolićinu,
Round Off,Zaokružiti,
Round Off Account,Zaokružiti račun,
Round Off Cost Center,Zaokružimo troškova Center,
Round Off Tax Amount,Zaokruženi Iznos PDV-a,
Round Off for Opening,Zaokruži Početno,
Round Tax Amount Row-wise,Zaokruži Iznos PDV-a po redovima,
Rounded Total,Zaokruženi iznos,
Rounded Total (Company Currency),Zaobljeni Ukupno (Društvo valuta),
Rounding Adjustment,Prilagođavanje zaokruživanja,
Rounding Adjustment (Company Currency,Prilagođavanje zaokruživanja (valuta kompanije,
Rounding Adjustment (Company Currency),Prilagođavanje zaokruživanja (valuta kompanije),
Rounding Loss Allowance,Dozvola Zaokruživanja Gubitka,
Route,ruta,
Routing,Routing,
Routing Name,Ime rutiranja,
Rows with Same Account heads will be merged on Ledger,Redovi sa unosom istog računa će se spojiti u Registru,
Rule Applied,Pravilo se primjenjuje,
Rule Description,Opis pravila,
Run parallel job cards in a workstation,Pokreni paralelne radne kartice na radnom mjestu,
Running,Obrađivanje u toku,
SAL-CAM-.YYYY.-,SAL-CAM-YYYY.-,
SAL-ORD-.YYYY.-,SAL-ORD-YYYY.-,
SAL-QTN-.YYYY.-,SAL-QTN-YYYY-,
SCO Supplied Item,Dostavljeni Artikal Podizvođačkog Naloga,
SER-WRN-.YYYY.-,SER-WRN-.YYYY.-,
SLA Fulfilled On,Standard Nivo Servisa Ispunjen,
SLA Fulfilled On Status,Standard Nivo Servisa Ispunjen na Status,
SLA Paused On,Standard Nivo Servisa Pauziran,
SMS Center,SMS centar,
SMS Log,SMS log,
STO-ITEM-.YYYY.-,STO-ITEM-.YYYY.-,
STO-PICK-.YYYY.-,STO-PICK-.YYYY.-,
SUP-.YYYY.-,SUP-.YYYY.-,
SWIFT Number,SWIFT broj,
SWIFT number,SWIFT broj,
Safety Stock,Sigurnost Stock,
Salary,Plata,
Salary Currency,Valuta Plate,
Salary Mode,Plaća način,
Sales,Prodaja,
Sales Analytics,Prodajna analitika,
Sales Contributions and Incentives,Doprinosi prodaji i podsticaji,
Sales Defaults,Sales Defaults,
Sales Funnel,Tok prodaje (Funnel),
Sales Incoming Rate,Prodajna Ulazna Cijena,
Sales Invoice,Faktura prodaje,
Sales Invoice Advance,Predujam prodajnog računa,
Sales Invoice Item,Stavka fakture prodaje,
Sales Invoice No,Faktura prodaje br,
Sales Invoice Payment,Prodaja fakture za plaćanje,
Sales Invoice Timesheet,Prodaja Račun Timesheet,
Sales Invoice Trends,Trendovi prodajnih računa,
Sales Manager,Sales Manager,
Sales Master Manager,Sales Manager Master,
Sales Monthly History,Prodaja mesečne istorije,
Sales Order,Narudžbe kupca,
Sales Order Analysis,Analiza naloga za prodaju,
Sales Order Date,Datum narudžbe kupca,
Sales Order Item,Stavka narudžbe kupca,
Sales Order Packed Item,Pakovani Artikal Prodajnog Naloga,
Sales Order Reference,Referenca Prodajnog Naloga,
Sales Order Status,Status Prodajnog Naloga,
Sales Order Trends,Prodajnog naloga trendovi,
Sales Orders,Sales Orders,
Sales Orders to Bill,Prodajni nalogi za Bill,
Sales Orders to Deliver,Prodajna narudžbina za isporuku,
Sales Partner,Prodajni partner,
Sales Partner ,Partner Prodaje,
Sales Partner Commission Summary,Rezime Komisije za prodajne partnere,
Sales Partner Item,Artikal Prodajnog Partnera,
Sales Partner Name,Prodaja Ime partnera,
Sales Partner Target,Prodaja partner Target,
Sales Partner Target Variance based on Item Group,Ciljna varijanta prodajnog partnera na temelju grupe proizvoda,
Sales Partner Transaction Summary,Sažetak transakcije prodajnog partnera,
Sales Partner Type,Vrsta prodajnog partnera,
Sales Partners Commission,Prodaja Partneri komisija,
Sales Payment Summary,Sažetak prodaje plata,
Sales Person,Prodajno lice,
Sales Person Commission Summary,Povjerenik Komisije za prodaju,
Sales Person Name,Ime referenta prodaje,
Sales Person Target Variance Based On Item Group,Ciljna varijacija prodajnog lica na osnovu grupe predmeta,
Sales Person Targets,Prodaje osobi Mete,
Sales Person-wise Transaction Summary,Prodaja Osobne mudar Transakcija Sažetak,
Sales Pipeline Analytics,Analiza Prodaje,
Sales Register,Prodaja Registracija,
Sales Stage,Prodajna scena,
Sales Tax Template,Porez na promet Template,
Sales Taxes and Charges,Prodaja Porezi i naknade,
Sales Taxes and Charges Template,Prodaja poreza i naknada Template,
Sales Team,Prodajni tim,
Sales Update Frequency in Company and Project,Učestalost Ažuriranja Prodaje u Kompaniji i Projektu,
Sales User,Sales korisnika,
Salutation,Pozdrav,
Salvage Value Percentage,Procentualna Vrijednosti Recikliže,
Same Item,Ista stavka,
Sample Quantity,Količina uzorka,
Sample Retention Warehouse,Skladište za zadržavanje uzorka,
Sample Size,Veličina uzorka,
Sanctioned,sankcionisani,
Saturday,Subota,
Scan Barcode,Skenirajte bar kod,
Scan Mode,Način Skeniranja,
Scanned Cheque,skeniranim Ček,
Schedule,Raspored,
Schedule Date,Raspored Datum,
Scheduled,Planirano,
Scheduled Date,Planski datum,
Scheduled Time,Zakazano vreme,
Scheduled Time Logs,Zapisi Planiranog Vremena,
Schedules,Rasporedi,
Scheduling,Raspored,
School/University,Škola / Univerzitet,
Score,skor,
Scorecard Actions,Action Scorecard,
"Scorecard variables can be used, as well as:
{total_score} (the total score from that period),
{period_number} (the number of periods to present day)
","Mogu se koristiti varijable Bodovne Tablice, kao i:
{total_score} (ukupno bodovanje iz tog razdoblja),
{period_number} (broj razdoblja do današnjeg dana).",
Scoring Criteria,Kriteriji bodovanja,
Scoring Setup,Podešavanje bodova,
Scoring Standings,Tabelarni stavovi,
Scrap & Process Loss,Otpad & Gubitak u Procesu,
Scrap Cost Per Qty,Trošak Otpada po Količini,
Scrap Item Code,Kod Artikla Otpada,
Scrap Item Name,Naziv Artikla Otpada,
Scrap Items,Scrap Predmeti,
Scrap Material Cost,Otpadnog materijala troškova,
Scrap Material Cost(Company Currency),Otpadnog materijala troškova (poduzeća Valuta),
Scrap Warehouse,Scrap Skladište,
Scrapped,odbačen,
Search APIs,API pretraživanja,
Search Term Param Name,Termin za pretragu Param Ime,
Second Email,Druga e-pošta,
Secondary Party,Sekundarna Stranka,
Secondary Role,Sekundarna Uloga,
Section Based On,Odeljak na osnovu,
Section Cards,Karte odsjeka,
Section HTML,Odjeljak HTML,
Section Order,Odredba odjeljka,
Select Billing Address,Odaberite Adresa za naplatu,
Select Customers By,Odaberite Kupce prema,
Select DocType,Odaberite DocType,
Select Items to Manufacture,Odaberi stavke za proizvodnju,
Select Job Worker Address,Odaberi Adresu Podizvođača,
Select Shipping Address,Izaberite Dostava Adresa,
Select Supplier Address,Izaberite dobavljač adresa,
Select company name first.,Prvo odaberite naziv preduzeća.,
Select the Bank Account to reconcile.,Odaberite bankovni račun da biste ga uskladili.,
"Select, to make the customer searchable with these fields",Izaberite da biste potrošaču omogućili pretragu sa ovim poljima,
Selected Vouchers,Odabrani Verifikati,
Self delivery,Samostalna Dostava,
Selling,Prodaja,
Selling Settings,Podešavanja prodaje,
Send After (days),Pošaljite nakon (dana),
Send Attached Files,Pošalji priložene datoteke,
Send Document Print,Pošalji Ispis,
Send Email,Pošaljite e-mail,
Send SMS,Pošalji SMS,
Send To,Pošalji na adresu,
Send To Primary Contact,Pošalji primarnom kontaktu,
Send regular summary reports via Email.,Pošalji redovne zbirne izvještaje putem e-maila.,
Send to Subcontractor,Pošaljite podizvođaču,
Send with Attachment,Pošaljite sa Prilogom,
Sender,Pošiljaoc,
Sender Name,Ime / Naziv pošiljaoca,
Sent,Poslano,
Sent On,Poslano na adresu,
Sent To,Poslati,
Sequence ID,ID sekvence,
Sequence Id,Sekvenca Id,
Sequential,Sekvencijalno,
Serial & Batch Item,Serijski & Šaržni Artikal,
Serial & Batch Item Settings,Postavke za Serijski & Šaržni Artikal,
Serial / Batch Bundle,Serijski / Šaržni Paket,
Serial / Batch No,Serijski / Šaržni Broj,
Serial No,Serijski br,
Serial No / Batch,Serijski Ne / Batch,
Serial No Ledger,Serijski Broj Registar,
Serial No Service Contract Expiry,Serijski Bez isteka Ugovor o pružanju usluga,
Serial No Status,Serijski Bez Status,
Serial No Warranty Expiry,Serijski Nema jamstva isteka,
Serial No and Batch,Serijski broj i Batch,
Serial No and Batch for Finished Good,Serijski Broj i Šarža Gotovog Proizvoda,
Serial Nos and Batches,Serijski brojevi i Paketi,
Serial Number Series,Serijski broj serije,
Serial and Batch,Serijski i Šarža,
Serial and Batch Bundle,Serijski i Šaržni Paket,
Serial and Batch Details,Detalji Serijskog Broja i Šarže,
Serial and Batch Entry,Unos Serijskog Broja i Šarže,
Serial and Batch No,Serijski i Šaržni Broj,
Serial and Batch Nos will be auto-reserved based on <b>Pick Serial / Batch Based On</b>,Serijski i Šaržni brojevi će biti automatski rezervisani na osnovu <b>Odaberi Serijski / Šaržu na osnovu</b>,
Serial and Batch Reservation,Serijska i Šaržna Rezervacija,
Serial and Batch Summary,Sažetak Serije i Šarže,
Series,Serija,
Series for Asset Depreciation Entry (Journal Entry),Serija za unos sredstava za amortizaciju (dnevnik),
Service Address,Usluga Adresa,
Service Cost Per Qty,Cijena Servisa po Kolicini,
Service Day,Dan usluge,
Service End Date,Datum završetka usluge,
Service Expense Total Amount,Ukupan Iznos Troškova Servisa,
Service Expenses,Servisni Troškovi,
Service Item,Servisni Artikal,
Service Item Qty,Količina Servisnog Artikla,
Service Item Qty / Finished Good Qty,Količina Servisnog Artikla / Količina Gotovog Proizvoda,
Service Item UOM,Jedinica Servisnog Artikla,
Service Items,Servisni Artikli,
Service Level Agreement,Ugovor o nivou usluge,
Service Level Agreement Creation,Izrada sporazuma o nivou usluge,
Service Level Agreement Details,Detalji sporazuma o nivou usluge,
Service Level Agreement Status,Status sporazuma o nivou usluge,
Service Level Agreements,Ugovori o nivou usluge,
Service Level Name,Naziv Servisnog Nivoa,
Service Level Priority,Prioritet na nivou usluge,
Service Provider,Dobavljač Servisa,
Service Received But Not Billed,"Usluga primljena, ali ne naplaćena",
Service Start Date,Datum početka usluge,
Service Stop Date,Datum zaustavljanja usluge,
Services,Usluge,
Session Defaults,Sesije zadano,
Set Accepted Warehouse,Postavite Prihvaćeno skladište,
Set Advances and Allocate (FIFO),Postavite napredak i dodelite (FIFO),
Set Basic Rate Manually,Ručno postavite osnovnu stopu,
Set From Warehouse,Postavi Iz Skladišta,
Set Item Group-wise budgets on this Territory. You can also include seasonality by setting the Distribution.,Postavite Stavka Grupa-mudre proračune na ovom području. Također možete uključiti sezonalnost postavljanjem Distribution.,
Set Landed Cost Based on Purchase Invoice Rate,Odredi obračunatu cijenu na temelju cijene Kupovne Fakture,
Set Operating Cost / Scrap Items From Sub-assemblies,Postavi Operativni Trošak / Otpadne Artikle iz podsklopova,
Set Operating Cost Based On BOM Quantity,Postavi Operativni Trošak na osnovu količine Sastavnice,
Set Posting Date,Postavite datum knjiženja,
Set Reserve Warehouse,Postavite rezervnu magacinu,
Set Serial and Batch Bundle Naming Based on Naming Series,Postavi Imenovanje Serijskog i Šaržnog Paketa na osnovu Imenovanja Serije,
Set Source Warehouse,Podesite Source Warehouse,
Set Target Warehouse,Postavite Target Warehouse,
Set Valuation Rate Based on Source Warehouse,Postavi Stopu Vrednovanja na osnovu Izvornog Skladišta,
Set fieldname from which you want to fetch the data from the parent form.,Postavi ime polja iz kojeg želite da preuzmete podatke iz nadređenog obrasca.,
Set rate of sub-assembly item based on BOM,Postavite brzinu stavke podkomponenta na osnovu BOM-a,
Set targets Item Group-wise for this Sales Person.,Set cilja predmet Grupa-mudar za ovaj prodavač.,
Set the status manually.,Postavi Status Ručno.,
Sets 'Accepted Warehouse' in each row of the Items table.,Postavlja 'Prihvaćeno Skladište' u svakom redu tabele Artikala.,
Sets 'Rejected Warehouse' in each row of the Items table.,Postavlja 'Odbijeno Skladište' u svaki red tabele Artikala.,
Sets 'Reserve Warehouse' in each row of the Supplied Items table.,Postavlja 'Rezervisano Skladište' u svakom redu tabele Dostavljeni Artikli.,
Sets 'Source Warehouse' in each row of the items table.,Postavlja &#39;Izvorno skladište&#39; u svaki red tablice stavki.,
Sets 'Target Warehouse' in each row of the items table.,Postavlja &#39;Target Warehouse&#39; u svaki red tablice stavki.,
Sets 'Warehouse' in each row of the Items table.,Postavlja &#39;Skladište&#39; u svaki red tabele Predmeti.,
Setting Account Type helps in selecting this Account in transactions.,Postavljanje Vrsta računa pomaže u odabiru ovaj račun u prometu.,
Setting the account as a Company Account is necessary for Bank Reconciliation,Postavljanje računa kao Računa Kompanije je neophodno za Bankovno Usaglašavanje,
Settings,Podešavanja,
Settings for Selling Module,Postavke za prodaju modul,
Settled,Riješeni,
Setup,Podešavanje,
Share Balance,Podeli Balans,
Share Ledger,Share Ledger,
Share Transfer,Share Transfer,
Share Type,Tip deljenja,
Shareholder,Akcionar,
Shelf Life In Days,Rok trajanja u danima,
Shift,Smjena,
Shift Factor,Faktor Smjene,
Shift Name,Naziv Smjene,
Shipment,Pošiljka,
Shipment Amount,Iznos Pošiljke,
Shipment Delivery Note,Dostavnica Pošiljke,
Shipment ID,ID Pošiljke,
Shipment Information,Informacije Pošiljke,
Shipment Parcel,Paket Pošiljke,
Shipment Parcel Template,Šablon Paketa Pošiljke,
Shipment Type,Tip Pošiljke,
Shipment details,Detalji Pošiljke,
Shipping Account,Konto transporta,
Shipping Address,Adresa isporuke,
Shipping Address Details,Detalji Adrese Pošiljke,
Shipping Address Name,Dostava adresa Ime,
Shipping Address Template,Šablon Adrese Pošiljke,
Shipping Amount,Iznos transporta,
Shipping City,Dostava City,
Shipping Country,Dostava Country,
Shipping County,Dostava županije,
Shipping Rule,Pravilo transporta,
Shipping Rule Condition,Uslov pravila transporta,
Shipping Rule Conditions,Uslovi pravila transporta,
Shipping Rule Country,Dostava Pravilo Country,
Shipping Rule Label,Naziv pravila transporta,
Shipping Rule Type,Tip pravila isporuke,
Shipping State,State dostava,
Shipping Zipcode,Isporuka Zipcode,
Shopping Cart,Korpa,
Short Name,Kratki naziv,
Short Term Loan Account,Kratkoročni račun zajma,
Short biography for website and other publications.,Kratka biografija za web stranice i druge publikacije.,
Show Balances in Chart Of Accounts,Prikaz Stanja u Kontnom Planu,
Show Barcode Field in Stock Transactions,Prikaži polje Barkoda u Transakcijama Artikala,
Show Failed Logs,Prikaži Neuspjele Zapise,
Show In Website,Pokaži Na web stranice,
Show Inclusive Tax in Print,Prikaži uključeni porez u štampi,
Show Items,Pokaži Predmeti,
Show Latest Forum Posts,Prikaži najnovije poruke foruma,
Show Net Values in Party Account,Prikaži Neto Vrijednosti na Računu Stranke,
Show Operations,Pokaži operacije,
Show Pay Button in Purchase Order Portal,Prikaži Dugme za Plaćanje na Portalu Kupovnog Naloga,
Show Payment Schedule in Print,Prikaži raspored plaćanja u štampanju,
Show Remarks,Prikaži Napomene,
Show Taxes as Table in Print,Prikaži PDV kao Kolonu u Ispisu,
Show in Website,Prikaži na web lokaciji,
Signatory Position,potpisnik Pozicija,
Signed,Potpisano,
Signed By (Company),Potpisao (kompanija),
Signed On,Signed On,
Signee,Signee,
Signee (Company),Potpisnik (kompanija),
Signee Details,Signee Detalji,
"Simple Python Expression, Example: doc.status == 'Open' and doc.issue_type == 'Bug'","Jednostavan Python izraz, primjer: doc.status == 'Open' i doc.issue_type == 'Bug'",
"Simple Python Expression, Example: territory != 'All Territories'","Jednostavan Python izraz, primjer: teritorij! = &#39;Sve teritorije&#39;",
"Simple Python formula applied on Reading fields.<br> Numeric eg. 1: <b>reading_1 &gt; 0.2 and reading_1 &lt; 0.5</b><br>
Numeric eg. 2: <b>mean &gt; 3.5</b> (mean of populated fields)<br>
Value based eg.:  <b>reading_value in (""A"", ""B"", ""C"")</b>","Jednostavna Python formula primijenjena na polja za čitanje.<br> Numerička npr. 1: <b>čitanje_1 &gt; 0,2 i čitanje_1 &lt; 0,5
Numerički npr. 2: <b>srednje &gt; 3.5</b> (srednja vrijednost popunjenih polja)<br>
Na temelju vrijednosti npr.: <b>reading_value u (""A"", ""B"", ""C"")</b>",
Simultaneous,Istovremeno,
Single,Singl,
Single Tier Program,Jednostavni program,
Single Transaction Threshold,Pojedinačni transakcioni prag,
Skip Available Sub Assembly Items,Preskoči Dostupne Artikle Podsklopa,
Skip Delivery Note,Preskočite dostavnicu,
Skip Material Transfer to WIP Warehouse,Preskočite transfer materijala u WIP skladište,
Skipped,Preskočeno,
Skype ID,Skype ID,
Slideshow,Slideshow,
Sold,prodan,
Source,Izvor,
Source DocType,Source DocType,
Source Document Name,Izvor Document Name,
Source Document Type,Izvor Document Type,
Source Exchange Rate,Izvorni Kurs,
Source Fieldname,Naziv Izvornog Polja,
Source Location,Izvor Lokacija,
Source Name,izvor ime,
Source Type,Tip izvora,
Source Warehouse,Izvorno skladište,
Source Warehouse Address,Adresa skladišta izvora,
Source Warehouse Address Link,Veza Adrese Izvornog Skladišta,
Sourced by Supplier,Izvor dobavljača,
South Africa VAT Account,Južnoafrički PDV Račun,
South Africa VAT Settings,Postavke PDV-a u Južnoj Africi,
Spacer,Razmak,
Specify Exchange Rate to convert one currency into another,Odredite Exchange Rate pretvoriti jedne valute u drugu,
Specify conditions to calculate shipping amount,Odredite uvjete za izračunavanje iznosa shipping,
Split Early Payment Discount Loss into Income and Tax Loss,Podijeli Gubitak Popusta Prijevremenog Plaćanja na Prihod i Gubitak PDV-a,
Split From,Podjeli od,
Stage,Faza,
Stage Name,Ime faze,
Stale Days,Zastareli dani,
Standard Selling Rate,Standard prodajni kurs,
Standard Template,standard Template,
"Standard Terms and Conditions that can be added to Sales and Purchases. Examples: Validity of the offer, Payment Terms, Safety and Usage, etc.","Standard Uslovi i Odredbe koji se mogu navesti u Prodaju i Kupovinu. Primjeri: Valjanost Ponude, Uslovi Plaćanja, Sigurnost i Korištenje itd.",
"Standard tax template that can be applied to all Purchase Transactions. This template can contain a list of tax heads and also other expense heads like ""Shipping"", ""Insurance"", ""Handling"", etc.","Standard PDV šablon koji se može primijeniti na sve kupovne transakcije. Ovaj šablon može sadržavati listu PDV računa, kao i drugih računa troškova kao što su ""Pošiljka"", ""Osiguranje"", ""Rukovanje"", itd.",
"Standard tax template that can be applied to all Sales Transactions. This template can contain a list of tax heads and also other expense/income heads like ""Shipping"", ""Insurance"", ""Handling"" etc.","Standardni PDV šablon koji se može primijeniti na sve Prodajne Transakcije. Ovaj šablon može sadržavati listu PDV Računa, kao i drugih računa rashoda/prihoda kao što su ""Poštarina"", ""Osiguranje"", ""Rukovanje"" itd.",
Standing Name,Stalno ime,
Start Date,Datum početka,
Start Time,Start Time,
Start and End Dates,Datume početka i završetka,
Start date of current invoice's period,Početak datum tekućeg razdoblja dostavnice,
Started Time,Started Time,
Starting location from left edge,Početna lokacija od lijevog ruba,
Starting position from top edge,Početne pozicije od gornje ivice,
State/Province,Država/Pokrajina,
Status,Status,
Status Details,Detalji Statusa,
Status Illustration,Prikaz Statusa,
Statutory info and other general information about your Supplier,Zakonska info i druge opće informacije o vašem Dobavljaču,
Stock,Zaliha,
Stock Adjustment,Stock Podešavanje,
Stock Adjustment Account,Stock Adjustment račun,
Stock Ageing,Kataloški Starenje,
Stock Analytics,Stock Analytics,
Stock Balance,Kataloški bilanca,
Stock Closing,Zamrzavanje Zaliha,
Stock Consumed During Repair,Zalihe Potrošene Tokom Popravke,
Stock Consumption Details,Detalji Potrošnje Zaliha,
Stock Details,Stock Detalji,
Stock Entry,Kataloški Stupanje,
Stock Entry (Outward GIT),Unos dionica (vanjski GIT),
Stock Entry Child,Dijete ulaska na zalihe,
Stock Entry Detail,Kataloški Stupanje Detalj,
Stock Entry Type,Vrsta unosa zaliha,
Stock Frozen Upto,Kataloški Frozen Upto,
Stock Items,Stock Predmeti,
Stock Ledger,Stock Ledger,
Stock Ledger Entry,Stock Ledger Stupanje,
Stock Ledger Invariant Check,Kontrola Nepromjenjivog Registra Zaliha,
Stock Ledger Variance,Odstupanja Registra Zaliha,
Stock Manager,Stock Manager,
Stock Planning,Planiranje Zaliha,
Stock Projected Qty,Projektovana kolicina na zalihama,
Stock Qty,zalihama Količina,
Stock Qty vs Serial No Count,Količina zaliha u odnosu na serijski broj,
Stock Received But Not Billed,Stock primljeni Ali ne Naplaćeno,
Stock Reconciliation,Kataloški pomirenje,
Stock Reconciliation Item,Stock Pomirenje Item,
Stock Reposting Settings,Postavke Ponovnog Knjiženja Zaliha,
Stock Reservation,Rezervacija Zaliha,
Stock Reservation Entry,Unos Rezervacije Zaliha,
Stock Reserved Qty (in Stock UOM),Rezervisana Količina Zaliha (u Jedinici Zaliha),
Stock Settings,Stock Postavke,
Stock Summary,Stock Pregled,
Stock Transactions Settings,Postavke Transakcija Zaliha,
Stock UOM,Kataloški UOM,
Stock UOM Quantity,Količina u Skladišnoj Jedinici,
Stock Uom,Kataloški UOM,
Stock User,Stock korisnika,
Stock Validations,Provjera Zaliha,
Stock Value,Stock vrijednost,
Stock and Account Value Comparison,Poređenje vrednosti akcija i računa,
Stock and Manufacturing,Zalihe i Proizvodnja,
Stock transactions that are older than the mentioned days cannot be modified.,Transakcije Zaliha koje su starije od navedenih dana ne mogu se mijenjati.,
Stock will be reserved on submission of <b>Purchase Receipt</b> created against Material Request for Sales Order.,Zalihe će biti rezervisane po podnošenju <b>Kupovnog Računa</b> kreirane naspram Materijalnog Naloga za Prodajni Nalog.,
Stop,zaustaviti,
Stop Reason,Stop razumu,
Stopped,Zaustavljen,
Straight Line,Duž,
Sub Assemblies & Raw Materials,Podsklopovi i Sirovine,
Sub Assembly Item Code,Kod Artikla Podsklopa,
Sub Assembly Items,Artikli Podsklopa,
Sub Assembly Warehouse,Skladište Podsklopa,
Sub Operation,Podoperacija,
Sub Operations,Podoperacije,
Sub Procedure,Potprocedura,
Subcontract,Podugovor,
Subcontract BOM,Sastavnica Podizvođača,
Subcontract Order Summary,Sažetak Podizvođačkog Naloga,
Subcontracted Item,Predmet podizvođača,
Subcontracted Item To Be Received,Podugovarački predmet koji treba primiti,
Subcontracted Quantity,Podizvođačka Količina,
Subcontracted Raw Materials To Be Transferred,Podugovarane sirovine koje treba prenijeti,
Subcontracting BOM,Sastavnica Podizvođača,
Subcontracting Conversion Factor,Faktor Konverzije Podizvođača,
Subcontracting Order,Podizvođački Nalog,
Subcontracting Order (Draft) will be auto-created on submission of Purchase Order.,Podizvođački Nalog (nacrt) će biti automatski kreiran nakon podnošenja Kupovnog Naloga.,
Subcontracting Order Item,Artikal Podizvođačkog Naloga,
Subcontracting Order Service Item,Servisni Artikal Podizvođačkog Naloga,
Subcontracting Order Supplied Item,Dostavljeni Artikal Podizvođačkog Naloga,
Subcontracting Purchase Order,Podizvođački Kupovni Nalog,
Subcontracting Receipt,Podizvođački Račun,
Subcontracting Receipt Item,Artikal Podizvođačkog Računa,
Subcontracting Receipt Supplied Item,Dostavljeni Artikal Podizvođačkog Računa,
Subcontracting Settings,Postavke Podizvođača,
Subdivision,Pododjeljenje,
Subject,Predmet,
Submit After Import,Podnesi Nakon Uvoza,
Submit ERR Journals?,Podnesi ERR Žurnale?,
Submit Generated Invoices,Podnesi Generirane Fakture,
Submit Journal Entries,Pošaljite članke u časopisu,
Submitted,Potvrđeno,
Subscription,Pretplata,
Subscription End Date,Datum završetka pretplate,
Subscription Invoice,Pretplata faktura,
Subscription Period,Period pretplate,
Subscription Plan,Plan pretplate,
Subscription Plan Detail,Detalji pretplate,
Subscription Plans,Planovi pretplate,
Subscription Price Based On,Cijena pretplate na osnovu,
Subscription Section,Subscription Section,
Subscription Settings,Podešavanja pretplate,
Subscription Start Date,Datum početka pretplate,
Subtitle,Podnaslov,
Succeeded,Uspjelo,
Success,Uspeh,
Success Redirect URL,URL za preusmeravanje uspeha,
Success Settings,Postavke uspjeha,
Successful,Uspešno,
Suggestions,Prijedlozi,
Sum of Repair Cost and Value of Consumed Stock Items.,Iznos Troškova Popravke i Vrijednost Potrošenih Zaliha.,
Summary,Sažetak,
Sunday,Nedjelja,
Supplied Items,Isporučenog pribora,
Supplied Qty,Isporučeni Količina,
Supplier,Dobavljači,
Supplier Address,Dobavljač Adresa,
Supplier Address Details,Detalji Adrese Dostavljača,
Supplier Contact,Kontakt Dobavljača,
Supplier Delivery Note,Napomena o isporuci dobavljača,
Supplier Details,Dobavljač Detalji,
Supplier Group,Grupa dobavljača,
Supplier Group Item,Artikal Grupa Dobavljača,
Supplier Group Name,Ime grupe dobavljača,
Supplier Info,Informacije Dobavljača,
Supplier Invoice,Faktura Dobavljača,
Supplier Invoice Date,Dobavljač Datum fakture,
Supplier Invoice No,Dobavljač Račun br,
Supplier Item,Artikal Dobavljača,
Supplier Items,Dobavljač Predmeti,
Supplier Lead Time (days),Vrijeme isporuke dobavljača (dana),
Supplier Ledger Summary,Sažetak knjige dobavljača,
Supplier Name,Dobavljač Ime,
Supplier Naming By,Dobavljač nazivanje,
Supplier Part No,Dobavljač dio br,
Supplier Part Number,Dobavljač Broj dijela,
Supplier Portal Users,Korisnici Portala Dobavljača,
Supplier Primary Address,Primarna Adresa Dobavljača,
Supplier Primary Contact,Primarni Kontakt Dobavljača,
Supplier Quotation,Dobavljač Ponuda,
Supplier Quotation Comparison,Usporedba ponuda dobavljača,
Supplier Quotation Item,Dobavljač ponudu artikla,
Supplier Score,Ocjena dobavljača,
Supplier Scorecard,Scorecard dobavljača,
Supplier Scorecard Criteria,Kriterijumi za ocenjivanje dobavljača,
Supplier Scorecard Period,Period perioda ocenjivanja dobavljača,
Supplier Scorecard Scoring Criteria,Kriterijumi bodovanja rezultata ocenjivanja dobavljača,
Supplier Scorecard Scoring Standing,Postupak Scorecard Scoreing Standing,
Supplier Scorecard Scoring Variable,Dobavljač Scorecard Scoring Variable,
Supplier Scorecard Setup,Podešavanje Scorecard-a,
Supplier Scorecard Standing,Standing Scorecard Standing,
Supplier Scorecard Variable,Varijabilni pokazatelj dobavljača,
Supplier Type,Dobavljač Tip,
Supplier Warehouse,Dobavljač galerija,
Supplier delivers to Customer,Dobavljač dostavlja kupaca,
Supplier of Goods or Services.,Dobavljač robe ili usluga.,
Supplier-Wise Sales Analytics,Supplier -mudar prodaje Analytics,
Suppliers,Dobavljači,
Supply Raw Materials for Purchase,Supply sirovine za kupovinu,
Support,Podrška,
Support Hour Distribution,Podrška Distribucija sata,
Support Portal,Portal za podršku,
Support Search Source,Podrška za pretragu,
Support Settings,podrška Postavke,
Support Team,Tim za podršku,
Suspended,Suspendirano,
Synchronize all accounts every hour,Sinkronizirajte sve račune na svakih sat vremena,
System Manager,System Manager,
"System User (login) ID. If set, it will become default for all HR forms.","ID korisnika sustava. Ako je postavljen, postat će zadani za sve HR oblike.",
System will automatically create the serial numbers / batch for the Finished Good on submission of work order,Sistem će automatski kreirati serijske brojeve/šaržu za Gotov Proizvod nakon predaje Radnog Naloga,
System will fetch all the entries if limit value is zero.,Sustav će preuzeti sve unose ako je granična vrijednost jednaka nuli.,
System will notify to increase or decrease quantity or amount ,Sistem će obavijestiti da poveća ili smanji količinu ili količinu,
TDS Computation Summary,Pregled TDS računa,
TS-.YYYY.-,TS-.YYYY.-,
Table for Item that will be shown in Web Site,Sto za stavku koja će se prikazati u Web Site,
Tag Line,Tag Line,
Target,Meta,
Target  Amount,Ciljani iznos,
Target Asset,Ciljana Imovina,
Target Asset Location,Lokacija Ciljane Imovine,
Target Batch No,Ciljni Broj Šarže,
Target Detail,Ciljana Detalj,
Target Distribution,Ciljana Distribucija,
Target Exchange Rate,Ciljani Devizni Kurs,
Target Fieldname (Stock Ledger Entry),Naziv ciljnog polja (Unos Registra Zaliha),
Target Fixed Asset Account,Račun Fiksne Imovine,
Target Has Batch No,Odabrano ima Broj Šarže,
Target Has Serial No,Ima Serijski Broj,
Target Incoming Rate,Kupovna Cijena,
Target Is Fixed Asset,Fiksna Imovina,
Target Item Code,Kod Artikla,
Target Item Name,Naziv Artikla,
Target Location,Ciljna lokacija,
Target Qty,Ciljana Kol,
Target Serial No,Serijski Broj,
Target Warehouse,Ciljana galerija,
Target Warehouse Address,Adresa ciljne magacine,
Target Warehouse Address Link,Veza Adrese Skladišta,
Targets,Mete,
Tariff Number,tarifni broj,
Task,Zadatak,
Task Assignee Email,E-pošta Nosioca Zadatka,
Task Completion,zadatak Završetak,
Task Depends On,Zadatak ovisi o,
Task Description,Opis zadatka,
Task Name,Task Name,
Task Progress,zadatak Napredak,
Task Type,Tip zadatka,
Task Weight,zadatak Težina,
Tasks,zadataka,
Tax,Porez,
Tax Account,Poreski račun,
Tax Amount After Discount Amount,Iznos poreza Nakon iznosa popusta,
Tax Amount After Discount Amount (Company Currency),Iznos PDV-a Nakon Popust Iznos (Company valuta),
Tax Amount will be rounded on a row(items) level,Iznos PDV-a će biti zaokružen na nivou reda (artikala).,
Tax Breakup,porez Raspad,
Tax Category,Porezna kategorija,
Tax ID,Porez ID,
Tax Id,Tax ID,
Tax Rate,Porezna stopa,
Tax Rates,Porezne stope,
Tax Rule,Porez pravilo,
Tax Settings,PDV Postavke,
Tax Type,Vrste poreza,
Tax Withheld Vouchers,Verifikati PDV Odbitka,
Tax Withholding Account,Porez na odbitak,
Tax Withholding Category,Kategorija za oduzimanje poreza,
Tax Withholding Details,Detalji Odbitka PDV,
Tax Withholding Net Total,Neto Ukupno PDV Odbitka,
Tax Withholding Rate,Stopa zadržavanja poreza,
Tax Withholding Rates,Poreske stope odbijanja,
"Tax detail table fetched from item master as a string and stored in this field.
Used for Taxes and Charges","Tabela PDV detalja preuzeta iz postavke artikla kao niz i pohranjena u ovom polju.
Koristi se za PDV i Naknade",
Tax will be withheld only for amount exceeding the cumulative threshold,PDV će biti odbijen samo za iznos koji premašuje kumulativni prag,
Taxable Amount,Oporezivi iznos,
Taxes,Porezi,
Taxes and Charges,Porezi i naknade,
Taxes and Charges Added,Porezi i naknade Dodano,
Taxes and Charges Added (Company Currency),Porezi i naknade uvrštenja (Društvo valuta),
Taxes and Charges Calculation,Porezi i naknade Proračun,
Taxes and Charges Deducted,Porezi i naknade oduzeti,
Taxes and Charges Deducted (Company Currency),Porezi i naknade Umanjenja (Društvo valuta),
Team,Tim,
Team Member,Član tima,
Telephony Call Type,Tip Telefonskog Poziva,
Template,Predložak,
Template Name,template Name,
Template Options,Šablon Opcije,
Template Task,Šablon Zadatka,
Template Title,Naslov predloška,
Template Warnings,Šablon Upozorenja,
Temporary,Privremen,
Temporary Opening Account,Privremeni račun za otvaranje,
Term Details,Oročeni Detalji,
Terms,Uvjeti,
Terms & Conditions,Odredbe & Uslovi,
Terms Template,Šablon Uslova,
Terms and Conditions,Odredbe i uvjeti,
Terms and Conditions Content,Uvjeti sadržaj,
Terms and Conditions Details,Uvjeti Detalji,
Terms and Conditions Help,Uslovi Pomoć,
Territory,Regija,
Territory Item,Artikal Distrikta,
Territory Manager,Manager teritorije,
Territory Name,Regija Ime,
Territory Target Variance Based On Item Group,Varijacija ciljne teritorije na osnovu grupe predmeta,
Territory Targets,Teritorij Mete,
Territory-wise Sales,Prodaja na teritoriji,
The BOM which will be replaced,BOM koji će biti zamijenjen,
"The account head under Liability or Equity, in which Profit/Loss will be booked","Glava račun pod odgovornošću ili Equity, u kojoj će se rezervirati Dobit / Gubitak",
The gross weight of the package. Usually net weight + packaging material weight. (for print),Bruto težina paketa. Obično neto težina + ambalaža težina. (Za tisak),
The net weight of this package. (calculated automatically as sum of net weight of items),Neto težina tog paketa. (Automatski izračunava kao zbroj neto težini predmeta),
The new BOM after replacement,Novi BOM nakon zamjene,
"The percentage you are allowed to bill more against the amount ordered. For example, if the order value is $100 for an item and tolerance is set as 10%, then you are allowed to bill up to $110 ","Procenat koji vam je dozvoljen da naplatite više u odnosu na naručeni iznos. Na primjer, ako vrijednost narudžbe iznosi 100 USD za artikl, a tolerancija je postavljena na 10%, tada možete naplatiti do 110 USD",
The percentage you are allowed to pick more items in the pick list than the ordered quantity.,Procenat kojim je dozvoljeno da odaberete više artikala na listi odabira od naručene količine.,
"The percentage you are allowed to receive or deliver more against the quantity ordered. For example, if you have ordered 100 units, and your Allowance is 10%, then you are allowed to receive 110 units.","Procenat koji smijete primiti ili isporučiti više u odnosu na naručenu količinu. Na primjer, ako ste naručili 100 jedinica, a Vaš dodatak je 10%, tada možete primiti 110 jedinica.",
"The percentage you are allowed to transfer more against the quantity ordered. For example, if you have ordered 100 units, and your Allowance is 10%, then you are allowed transfer 110 units.","Procenat kojim vam je dozvoljeno prenijeti više naspram naručene količine. Na primjer, ako ste naručili 100 jedinica, a vaš dodatak iznosi 10%, onda vam je dozvoljen prijenos 110 jedinica.",
"The users with this Role are allowed to create/modify a stock transaction, even though the transaction is frozen.","Korisnicima sa ovom ulogom je dozvoljeno da kreiraju/modifikuju transakciju zaliha, iako su transakcije zamrznute.",
This Account has '0' balance in either Base Currency or Account Currency,Račun ima stanje '0' u Osnovnoj Valuti ili u Valuti Računa,
This filter will be applied to Journal Entry.,Ovaj filter će se primijeniti na Nalog Knjiženja.,
This is a location where final product stored.,Ovo je mjesto na kojem se sprema krajnji proizvod.,
This is a location where operations are executed.,Ovo je lokacija na kojoj se izvode operacije.,
This is a location where raw materials are available.,To je mjesto gdje su dostupne sirovine.,
This is a location where scraped materials are stored.,Ovo je mjesto gdje se čuvaju strugani materijali.,
"This section allows the user to set the Body and Closing text of the Dunning Letter for the Dunning Type based on language, which can be used in Print.","Ovaj odjeljak omogućava korisniku da postavi tekst tijela i završni tekst Pisma za upozoravanje za vrstu odbojke na osnovu jezika, koji se može koristiti u Ispisu.",
This tool helps you to update or fix the quantity and valuation of stock in the system. It is typically used to synchronise the system values and what actually exists in your warehouses.,Ovaj alat pomaže vam da ažurirate ili popraviti količinu i vrednovanje zaliha u sistemu. To se obično koristi za usklađivanje vrijednosti sistema i ono što zaista postoji u skladištima.,
This value shall be used when no matching Common Code for a record is found.,Ova vrijednost će se koristiti kada se ne pronađe odgovarajući Zajednički Kod za zapis.,
"This will be appended to the Item Code of the variant. For example, if your abbreviation is ""SM"", and the item code is ""T-SHIRT"", the item code of the variant will be ""T-SHIRT-SM""","Ovo će biti dodan na Šifra za varijantu. Na primjer, ako je vaš skraćenica ""SM"", a stavka kod je ""T-SHIRT"", stavka kod varijante će biti ""T-SHIRT-SM""",
This will restrict user access to other employee records,Ovo će ograničiti pristup korisnika drugim zapisima zaposlenih,
Threshold for Suggestion,Prag za sugestiju,
Threshold for Suggestion (In Percentage),Prag za Prijedlog (u Procentima),
Thumbnail,Thumbnail,
Thursday,Četvrtak,
Tier Name,Tier Name,
Time,Vreme,
Time (In Mins),Vrijeme (u minutama),
Time Between Operations (Mins),Vrijeme između operacija (minuta),
Time In Mins,Vrijeme u minutima,
Time Logs,Time Dnevnici,
Time Sheet,Time Sheet,
Time Sheet List,Time Sheet List,
Time Sheets,Time listovi,
Time at which materials were received,Vrijeme u kojem su materijali primili,
Time in mins,Vrijeme u minutama,
Time in mins.,Vrijeme u minutama.,
Timeline,Vremenska linija,
Timesheet,kontrolna kartica,
Timesheet Detail,Timesheet Detail,
Timesheets,Timesheets,
Timeslots,Timeslots,
Title,Naslov,
To,To,
To Bill,To Bill,
To Currency,Valutno,
To Date,Za datum,
To Deliver,Dostaviti,
To Deliver and Bill,Dostaviti i Bill,
To Delivery Date,Do Datuma Dostave,
To Doctype,Za Doctype,
To Employee,Za zaposlene,
To Folio No,Za Folio No,
To Invoice Date,Da biste Datum računa,
To No,Da ne,
To Package No.,Za Paket br,
To Payment Date,Do Datuma Plaćanja,
To Produce,proizvoditi,
To Range,U rasponu,
To Receive,Da Primite,
To Receive and Bill,Da primi i Bill,
To Reference Date,Do Referentnog Datuma,
To Rename,Preimenovati,
To Shareholder,Za dioničara,
To Time,Za vrijeme,
To Track inbound purchase,Da biste pratili ulaznu kupovinu,
To Value,Za vrijednost,
To Warehouse (Optional),Da Warehouse (Opcionalno),
To apply condition on parent field use parent.field_name and to apply condition on child table use doc.field_name. Here field_name could be based on the actual column name of the respective field.,Za primjenu uvjeta na nadređeno polje koristite parent.field_name i za primjenu uvjeta na podređenu tablicu koristite doc.field_name. Ovdje field_name može biti zasnovano na stvarnom imenu kolone odgovarajućeg polja.,
To be Delivered to Customer,Dostava Klijentu,
"To include sub-assembly costs and scrap items in Finished Goods on a work order without using a job card, when the 'Use Multi-Level BOM' option is enabled.","Za uključivanje troškova podmontaže i otpadnih artikala u Gotov Proizvod na radnom nalogu bez upotrebe radne kartice, kada je omogućena opcija 'Koristi Višeslojnu Sastavnicu'.",
Toggle Full Width,Prebaci punu širinu,
Toggle Theme,Prebaci temu,
Tools,Alati,
Total,Ukupno,
Total (Company Currency),Ukupno (Company valuta),
Total Additional Costs,Ukupno dodatnih troškova,
Total Advance,Ukupno predujma,
Total Allocated Amount,Ukupan dodijeljeni iznos,
Total Allocated Amount (Company Currency),Ukupan dodijeljeni iznos (Company Valuta),
Total Allocations,Ukupno Dodjeljeno,
Total Amount,Ukupan iznos,
Total Amount Currency,Ukupan iznos valute,
Total Amount in Words,Ukupan iznos riječima,
Total Asset Cost,Ukupni Trošak Imovine,
Total Billable Amount,Ukupno naplative iznos,
Total Billable Amount (via Timesheet),Ukupan iznos iznosa (preko Timesheeta),
Total Billable Hours,Ukupno naplative Hours,
Total Billed Amount,Ukupno Fakturisana iznos,
Total Billed Amount (via Sales Invoice),Ukupan fakturisani iznos (preko faktura prodaje),
Total Billed Hours,Ukupno Fakturisana Hours,
Total Billing Amount,Ukupan iznos naplate,
Total Billing Hours,Ukupno Fakturisanih Sati,
Total Characters,Ukupno Likovi,
Total Commission,Ukupno komisija,
Total Completed Qty,Ukupno završeno Količina,
Total Consumed Material Cost (via Stock Entry),Ukupni troškovi potrošnje materijala (preko zaliha zaliha),
Total Cost,Ukupan trošak,
Total Cost (Company Currency),Ukupni trošak (valuta kompanije),
Total Costing Amount,Ukupno Costing iznos,
Total Costing Amount (via Timesheet),Ukupni iznos troškova (preko Timesheeta),
Total Credit,Ukupna kreditna,
Total Debit,Ukupno zaduženje,
Total Estimated Distance,Ukupna procenjena rastojanja,
Total Experience,Ukupno Iskustvo,
Total Gain/Loss,Ukupni dobitak / gubitak,
Total Hold Time,Ukupno vrijeme zadržavanja,
Total Holidays,Total Holidays,
Total Incoming Value (Receipt),Ukupna ulazna vrijednost (Račun),
Total Interest,Ukupna Kamata,
Total Message(s),Ukupno poruka ( i),
Total Monthly Sales,Ukupna mesečna prodaja,
Total Net Weight,Ukupna neto težina,
Total Number of Booked Depreciations ,Ukupan broj Knjiženih Amortizacija,
Total Number of Depreciations,Ukupan broj Amortizacija,
Total Operating Cost,Ukupni trošak,
Total Operation Time,Ukupno Vrijeme Rada,
Total Outgoing Value (Consumption),Ukupna Izlazna Vrijednost (Potrošnja),
Total Outstanding,Total Outstanding,
Total Planned Qty,Ukupna planirana količina,
Total Produced Qty,Ukupno proizvedeni količina,
Total Projected Qty,Ukupni planirani Količina,
Total Purchase Cost (via Purchase Invoice),Ukupno TROŠKA (preko fakturi),
Total Qty,Ukupno Qty,
Total Quantity,Ukupna količina,
Total Repair Cost,Ukupni Troškovi Popravke,
Total Reposting Count,Ukupan broj Ponovnog Unosa,
Total Sales Amount (via Sales Order),Ukupan iznos prodaje (preko prodajnog naloga),
Total Stock Summary,Ukupno Stock Pregled,
Total Supplied Qty,Ukupna Isporučena Količina,
Total Taxes and Charges,Ukupno Porezi i naknade,
Total Taxes and Charges (Company Currency),Ukupno Porezi i naknade (Društvo valuta),
Total Time in Mins,Ukupno vrijeme u minima,
Total Value,Ukupna Vrijednost,
Total Value Difference (Incoming - Outgoing),Ukupna Vrijednost Razlike (Dolazni- Odlazni),
Total Weight,Ukupna tezina,
Total Weight (kg),Ukupna Težina (kg),
Total Working Hours,Ukupno Radno vrijeme,
Totals,Ukupan rezultat,
Track Service Level Agreement,Sporazum o nivou usluge za praćenje,
Track separate Income and Expense for product verticals or divisions.,Pratite odvojene prihoda i rashoda za vertikala proizvod ili podjele.,
Tracking Status,Status Praćenja,
Tracking Status Info,Status Praćenja Informacija,
Tracking URL,URL Praćenja,
Transaction,Transakcija,
Transaction Currency,transakcija valuta,
Transaction Date,Transakcija Datum,
Transaction Deletion Record,Zapis Brisanju Transakcije,
Transaction Deletion Record Details,Detalji Zapisa Brisanja Transakcije,
Transaction Deletion Record Item,Artikal Zapisa Brisanja Transakcije,
Transaction Details,Detalji transakcije,
Transaction Exchange Rate,Transakcioni Devizni Kurs,
Transaction ID,transakcija ID,
Transaction Settings,Postavke Transakcije,
Transaction Type,Tip transakcije,
Transactions Annual History,Godišnja istorija transakcija,
Transfer,Prijenos,
Transfer Material Against,Prenos materijala protiv,
Transfer Status,Status prijenosa,
Transfer Type,Tip prenosa,
Transferred,prebačen,
Transferred Qty,prebačen Kol,
Transit,Tranzit,
Transport Receipt Date,Datum prijema prevoza,
Transport Receipt No,Transportni prijem br,
Transporter,Transporter,
Transporter Details,Transporter Detalji,
Transporter Info,Transporter Info,
Transporter Name,Transporter Ime,
Tree Details,Tree Detalji,
Trial Balance,Pretresno bilanca,
Trial Balance (Simple),Probni balans (jednostavan),
Trial Balance for Party,Suđenje Balance za stranke,
Trial Period End Date,Datum završetka probnog perioda,
Trial Period Start Date,Datum početka probnog perioda,
Trialling,Trialling,
Truncates 'Remarks' column to set character length,Skraćuje kolonu 'Napomene' radi postavljanja dužine znakova,
Tuesday,Utorak,
Twice Daily,Twice Daily,
Two-way,Dvosmerno,
Type,Vrsta,
Type Of Call,Tip Poziva,
Type of Payment,Vrsta plaćanja,
Type of Transaction,Tip Transakcije,
Type of document to rename.,Vrsta dokumenta za promjenu naziva.,
UAE VAT 201,UAE PDV 201,
UAE VAT Account,Račun PDV-a UAE PDV,
UAE VAT Accounts,Računi PDV-a UAE,
UAE VAT Settings,Postavke PDV-a UAE,
UOM,UOM,
UOM Category,Kategorija UOM,
UOM Conversion Detail,UOM pretvorbe Detalj,
UOM Conversion Factor,UOM konverzijski faktor,
UOM Name,UOM Ime,
UOMs,UOMs,
UPC-A,UPC-A,
URL,URL,
Unallocated Amount,neraspoređenih Iznos,
Under AMC,Pod AMC,
Under Graduate,Pod diplomski,
Under Warranty,Pod jamstvo,
Unfulfilled,Neispunjeno,
Units of Measure,Jedinice mjere,
Unlink Advance Payment on Cancellation of Order,Prekinite vezu s avansnim plaćanjem nakon otkazivanja narudžbe,
Unlink Payment on Cancellation of Invoice,Odvajanje Plaćanje o otkazivanju fakture,
Unlinked,Nepovezano,
Unpaid,Neplaćeno,
Unpaid and Discounted,Neplaćeno i sniženo,
Unplanned machine maintenance,Neplanirano održavanje mašine,
Unqualified,Nekvalificiran,
Unrealized Exchange Gain/Loss Account,Nerealizirani račun za dobitak / gubitak,
Unrealized Profit / Loss Account,Nerealizovani Račun Rezultata,
Unrealized Profit / Loss account for intra-company transfers,Nerealizovani Račun Rezultata za transfere intra-kompanije,
Unrealized Profit/Loss account for intra-company transfers,Nerealizovani Račun Rezultata za transfere unutar kompanije,
Unreconcile Payment,Otkaži Usaglašavanje Plaćanja,
Unreconcile Payment Entries,Otkaži Unose Usaglašavanja Plaćanja,
Unreconciled,Neusklađeno,
Unreconciled Amount,Neusaglešeni Iznos,
Unreconciled Entries,Neusaglašeni Unosi,
Unresolved,Neriješeno,
Unscheduled,Neplanski,
Unsigned,Unsigned,
Unsubscribed,Pretplatu,
Unverified,Neprovereno,
Upcoming Calendar Events,Nadolazeći kalendarski događaji,
Update Auto Repeat Reference,Ažurirajte Auto Repeat Reference,
Update BOM Cost Automatically,Ažurirajte BOM trošak automatski,
"Update BOM cost automatically via scheduler, based on the latest Valuation Rate/Price List Rate/Last Purchase Rate of raw materials","Ažurirajte BOM troškove automatski putem planera, na osnovu najnovije stope procjene / stope cjenika / stope zadnje kupovine sirovina",
Update Billed Amount in Delivery Note,Ažuriraj Fakturisani Iznos Dostavnice,
Update Billed Amount in Purchase Order,Ažuriraj Fakturisani Iznos Kupovnog Naloga,
Update Billed Amount in Purchase Receipt,Ažuriraj Fakturisani Iznos Kupovnog Raöuna,
Update Billed Amount in Sales Order,Ažurirajte naplaćeni iznos u prodajnom nalogu,
Update Consumed Material Cost In Project,Ažurirajte potrošene troškove materijala u projektu,
Update Cost,Update cost,
Update Existing Price List Rate,Ažuriraj postojeću Cijenu Cijenovnika,
Update Existing Records,Ažuriraj Postojeće Zapise,
Update Outstanding for Self,Ažuriraj neplaćeni iznos za ovaj dokument,
Update Rate and Availability,Ažuriranje Rate i raspoloživost,
Update Stock,Ažurirajte Stock,
Update Type,Tip ažuriranja,
Update frequency of Project,Ažuriraj Učestalost Projekta,
Update latest price in all BOMs,Ažurirajte najnoviju cenu u svim BOM,
Update the modified timestamp on new communications received in Lead & Opportunity.,Ažuriraj izmijenjenu vremensku oznaku za novu korespondenciju primljene u Potencijalni Klijent & Prilici.,
Update timestamp on new communication,Ažuriraj vremensku oznaku za novu korespondenciju,
Updated via 'Time Log' (In Minutes),Ažurirano putem 'Vremenski Zapisnik' (u minutama),
Upload XML Invoices,Pošaljite XML fakture,
Urgent,Hitan,
Use Batch-wise Valuation,Koristi Šaržno Vrijednovanje,
Use Company Default Round Off Cost Center,Koristi Standard Centar Troškova Zaokruživanja kompanije,
Use Company default Cost Center for Round off,Koristi Standard Centar Troškova Zaokruživanja kompanije,
Use Google Maps Direction API to calculate estimated arrival times,Koristite API za Google Maps Direction za izračunavanje predviđenih vremena dolaska,
Use Google Maps Direction API to optimize route,Koristite API za usmjeravanje Google Maps za optimizaciju rute,
Use HTTP Protocol,Koristi HTTP Protokol,
Use Item based reposting,Koristi Ponovno Knjiženje na osnovu Artikla,
Use Multi-Level BOM,Koristite multi-level BOM,
Use Serial / Batch Fields,Koristi Serijske Brojeve / Šaržna Polja,
Use Serial No / Batch Fields,Koristi Serijske Brojeve / Šaržna Polja,
Use Transaction Date Exchange Rate,Koristi Devizni Kurs Datuma Transakcije,
Use for Shopping Cart,Koristiti za Košarica,
Use this field to render any custom HTML in the section.,Upotrijebite ovo polje za prikaz bilo kojeg prilagođenog HTML-a u odjeljku.,
Used,Rabljeni,
Used for Production Plan,Koristi se za plan proizvodnje,
User,User,
User Details,Detalji o korisniku,
User ID,Korisnički ID,
User Remark,Upute Zabilješka,
User Resolution Time,Vrijeme razlučivanja korisnika,
Users,Korisnici,
Users can enable the checkbox If they want to adjust the incoming rate (set using purchase receipt) based on the purchase invoice rate.,Korisnici mogu omogućiti potvrdni okvir Ako žele prilagoditi ulaznu cijenu (podešenu pomoću kupovnog računa) na osnovu cijene kupovne fakture.,
Users with this role are allowed to over bill above the allowance percentage,Korisnicima sa ovom ulogom je dozvoljeno da fakturišu iznad procentualnog odobrenja,
Users with this role are allowed to over deliver/receive against orders above the allowance percentage,Korisnicima sa ovom ulogom je dozvoljena prekomjerna Dostava/Primanje naspram narudžbi iznad procentualnog odobrenja,
Users with this role are allowed to set frozen accounts and create / modify accounting entries against frozen accounts,Korisnici s ovom ulogom smiju postaviti zamrznute račune i izradu / izmjenu računovodstvenih unosa protiv zamrznutih računa,
Utilities,Komunalne usluge,
VAT Accounts,PDV Računi,
VAT Audit Report,Izvještaj revizije PDV-a,
Valid From,Vrijedi od,
Valid Till,Valid Till,
Valid Upto,Vrijedi do,
Valid for Countries,Vrijedi za zemlje,
Validate Applied Rule,Potvrdite primijenjeno pravilo,
Validate Components and Quantities Per BOM,Potvrdi Komponente i Količine po Listi Materijala,
Validate Negative Stock,Potvrdi Negativne Zalihe,
Validate Pricing Rule,Potvrdi Pravilo Cijena,
Validate Selling Price for Item Against Purchase Rate or Valuation Rate,Potvrdite prodajnu cijenu za stavku naspram stope kupovine ili stope procjene,
Validate Stock on Save,Potvrdi Zalihe na Spremi,
Validity,Punovažnost,
Validity Details,Detalji valjanosti,
Validity and Usage,Rok valjanosti i upotreba,
Validity in Days,Valjanost u Dani,
Valuation,Procjena,
Valuation Method,Vrednovanje metoda,
Valuation Rate,Vrednovanje Stopa,
Valuation and Total,Vrednovanje i Total,
Valuation rate for the item as per Sales Invoice (Only for Internal Transfers),Stopa Vrednovanja artikla prema Prodajnoj Fakturi (samo za interne transfere),
Value,Vrijednost,
Value After Depreciation,Vrijednost Nakon Amortizacija,
Value Based Inspection,Kontrola zasnovana na Vrijednosti,
Value Details,Detalji Vrijednosti,
Value of Goods,Vrijednost Proizvoda,
Variable Name,Ime promenljive,
Variables,Varijable,
Variant Attributes,Varijanta atributi,
Variant Based On,Varijanta na osnovu,
Variant Field,Varijantsko polje,
Variant Of,Variant Of,
Variants,Varijante,
Vehicle,vozilo,
Vehicle Date,Vozilo Datum,
Vehicle No,Ne vozila,
Vehicle Number,Broj vozila,
Vehicle Value,Vrijednost vozila,
Verified By,Ovjeren od strane,
Version,Verzija,
Via Customer Portal,Preko portala za kupce,
Via Landed Cost Voucher,Preko Obračunatih Troškova Verifikata,
Video,Video,
Video Settings,Video Settings,
View Website,Pogledaj web stranicu,
View attachments,Pregledajte priloge,
Views,Pregledi,
Vimeo,Vimeo,
Visited,Posjetio,
Voice,Glas,
Voice Call Settings,Postavke Telefonskog Poziva,
Voucher Detail No,Bon Detalj Ne,
Voucher Name,Naziv Verifikata,
Voucher No,Bon Ne,
Voucher Qty,Količina,
Voucher Subtype,Podtip Verifikata,
Voucher Type,Bon Tip,
Voucher-wise Balance,Stanje prema Verifikatu,
Vouchers,Vaučeri,
WIP Composite Asset,Objedinjena Imovina Posla u Toku,
WIP Warehouse,WIP skladište,
Wages,Plata,
Wages per hour,Plaće po satu,
Warehouse,Skladište,
Warehouse Contact Info,Kontakt informacije skladišta,
Warehouse Detail,Detalji o skladištu,
Warehouse Details,Detalji Skladišta,
Warehouse Name,Naziv skladišta,
Warehouse Settings,Postavke Skladišta,
Warehouse Type,Tip skladišta,
Warehouse Wise Stock Balance,Stanje Zaliha prema Skladištu,
Warehouse and Reference,Skladište i upute,
Warehouse wise Item Balance Age and Value,Skladno mudro Stavka Balansno doba i vrijednost,
Warehouses,Skladišta,
Warn,Upozoriti,
Warn POs,Upozorite PO,
Warn Purchase Orders,Upozoravajte narudžbenice,
Warn RFQs,Upozorite RFQs,
Warn for new Purchase Orders,Upozoriti na nova narudžbina,
Warn for new Request for Quotations,Upozorite na novi zahtev za citate,
Warranty / AMC Details,Jamstveni / AMC Brodu,
Warranty / AMC Status,Jamstveni / AMC Status,
Warranty Claim,Garantni  rok,
Warranty Expiry Date,Datum isteka jamstva,
Warranty Period (Days),Jamstveni period (dani),
Warranty Period (in days),Jamstveni period (u danima),
Website,Web stranica,
Website Attribute,Atributi web lokacije,
Website Description,Web stranica Opis,
Website Filter Field,Polje filtera za web stranicu,
Website Image,Slika web stranice,
Website Item Group,Web stranica artikla Grupa,
Website Manager,Web Manager,
Website Specifications,Web Specifikacije,
Wednesday,Srijeda,
Week,sedmica,
Weekday,Radnim danom,
Weekly,Tjedni,
Weekly Off,Tjedni Off,
Weekly Time to send,Sedmično vrijeme za slanje,
Weight,težina,
Weight (kg),Težina (kg),
Weight Per Unit,Težina po jedinici,
Weight UOM,Težina UOM,
Weighting Function,Funkcija ponderiranja,
Welcome email sent,E-mail dobrodošlice,
WhatsApp,WhatsApp,
Wheels,Wheels,
"When a parent warehouse is chosen, the system conducts stock checks against the associated child warehouses","Kada se izabere Nadređeno skladište, sistem provodi provjere zaliha naspram pridruženih podređenih skladišta",
"While making Purchase Invoice from Purchase Order, use Exchange Rate on Invoice's transaction date rather than inheriting it from Purchase Order. Only applies for Purchase Invoice.","Dok pravite Kupovnu Fakturu iz Kupovnog Naloga, koristi Devizni Kurs na datum transakcije Kupovne Fakture umjesto da ga preuzmete iz Kupovnog Naloga. Primjenjuje se samo na Kupovnu Fakturu.",
Widowed,Udovički,
Width (cm),Širina (cm),
Width of amount in word,Širina iznos u riječi,
Will also apply for variants,Primjenjivat će se i za varijante,
Will also apply for variants unless overrridden,Primjenjivat će se i za varijante osim overrridden,
With Operations,Uz operacije,
Withdrawal,Isplata,
Work Done,Rad Done,
Work In Progress,Radovi u toku,
Work Order,Radni nalog,
Work Order Consumed Materials,Potrošeni Materijali Radnog Naloga,
Work Order Item,Work Order Item,
Work Order Operation,Operacija rada,
Work Order Qty,Work Order Količina,
Work Order Stock Report,Izveštaj o radnom nalogu,
Work Order Summary,Sažetak radnog naloga,
Work Orders in Progress,Radni nalogi u toku,
Work in Progress,Radovi u toku,
Work-in-Progress Warehouse,Rad u tijeku Warehouse,
Workday,Radni dan,
Working,U toku,
Working Hours,Radno vrijeme,
Workstation,Workstation,
Workstation / Machine,Radna stanica / mašina,
Workstation Dashboard,Kontrolna Tabla Radne Stanice,
Workstation Name,Ime Workstation,
Workstation Status,Status Radne Stanice,
Workstation Type,Tip Radne Stanice,
Workstation Working Hour,Workstation Radno vrijeme,
Workstations,Radne Stanice,
Write Off,Otpisati,
Write Off Account,Napišite Off račun,
Write Off Amount,Otpis iznosa,
Write Off Amount (Company Currency),Otpis Iznos (poduzeća Valuta),
Write Off Based On,Otpis na temelju,
Write Off Cost Center,Otpis troška,
Write Off Difference Amount,Otpis Razlika Iznos,
Write Off Entry,Napišite Off Entry,
Write Off Limit,Ograničenje Otpisa,
Write Off Outstanding Amount,Otpisati preostali iznos,
Writeoff,Otpisati,
Written Down Value,Pisanje vrednosti,
Year,Godina,
Year End Date,Završni datum godine,
Year Name,Naziv godine,
Year Start Date,Početni datum u godini,
Year of Passing,Tekuća godina,
Yearly,Godišnji,
Yellow,Žuta,
Yes,Da,
YouTube,YouTube,
YouTube Interactions,YouTube interakcije,
Youtube ID,Youtube ID,
Youtube Statistics,Youtube Statistika,
Zero Balance,Nulto Stanje,
Zip File,Zip File,
description,opis,
development,razvoj,
"e.g. ""Summer Holiday 2019 Offer 20""",npr. &quot;Ljetni odmor 201 ponuda 20&quot;,
example: Next Day Shipping,Primjer: Sljedeći dan Dostava,
image,slika,
lft,LFT,
material_request_item,material_request_item,
old_parent,old_parent,
per hour,na sat,
product bundle item row's name in sales order. Also indicates that picked item is to be used for a product bundle,naziv reda artikla paketa proizvoda u prodajnom nalogu. Također označava da odabrani artikal treba koristiti za paket proizvoda,
production,proizvodnja,
quotation_item,Artikal Ponude,
rgt,RGT,
sandbox,peskovnik,
temporary name,privremeno ime,
title,naslov,
unique e.g. SAVE20  To be used to get discount,jedinstveni npr. SAVE20 Da biste koristili popust,
