 Is Child Table,Ist Untertabelle,
%  Delivered,% Geliefert,
% Amount Billed,% des Betrages berechnet,
% Billed,% verrechnet,
% Complete Method,Fertigstellung bemessen nach,
% Completed,% abgeschlossen,
% Installed,% installiert,
% Ordered,% bestellt,
% Picked,% Kommissioniert,
% Process Loss,% Prozessverlust,
% Progress,% Fortschritt,
% Received,% erhalten,
% Returned,% Zurückgegeben,
% of materials billed against this Sales Order,% der Materialien welche zu diesem Auftrag gebucht wurden,
% of materials delivered against this Sales Order,% der für diesen Auftrag gelieferten Materialien,
(Hour Rate / 60) * Actual Operation Time,(Stundensatz / 60) * tatsächliche Betriebszeit,
(including),(einschliesslich),
* Will be calculated in the transaction.,* Wird in der Transaktion berechnet.,
1 Loyalty Points = How much base currency?,1 Treuepunkte = Wie viel Echtgeld?,
1 hr,1 Std,
2 Yearly,Alle 2 Jahre,
3 Yearly,Alle 3 Jahre,
30 mins,30 Minuten,
6 hrs,6 Std,
"<br>
<h4>Note</h4>
<ul>
<li>
You can use <a href=""https://jinja.palletsprojects.com/en/2.11.x/"" target=""_blank"">Jinja tags</a> in <b>Subject</b> and <b>Body</b> fields for dynamic values.
</li><li>
    All fields in this doctype are available under the <b>doc</b> object and all fields for the customer to whom the mail will go to is available under the  <b>customer</b> object.
</li></ul>
<h4> Examples</h4>
<!-- {% raw %} -->
<ul>
    <li><b>Subject</b>:<br><br><pre><code>Statement Of Accounts for {{ customer.customer_name }}</code></pre><br></li>
    <li><b>Body</b>: <br><br>
<pre><code>Hello {{ customer.customer_name }},<br>PFA your Statement Of Accounts from {{ doc.from_date }} to {{ doc.to_date }}.</code> </pre></li>
</ul>
<!-- {% endraw %} -->","<br>
<h4>Hinweis</h4>
<ul>
<li>
Sie können <a href=""https://jinja.palletsprojects.com/en/2.11.x/"" target=""_blank"">Jinja-Tags</a> in den Feldern <b>Betreff</b> und <b>Body</b> für dynamische Werte verwenden.
</li><li>
    Alle Felder in diesem DocType sind über das Objekt <b>doc</b> verfügbar und alle Felder für den Kunden, an den die Mail gehen soll, sind über das Objekt  <b>customer</b> verfügbar.
</li></ul>
<h4> Beispiele</h4>
<!-- {% raw %} -->
<ul>
    <li><b>Betreff</b>:<br><br><pre><code>Kontoauszug für {{ customer.customer_name }}</code></pre><br></li>
    <li><b>Body</b>: <br><br>
<pre><code>Hallo {{ customer.customer_name }},<br>Im Anhang finden Sie Ihren Kontoauszug von {{ doc.from_date }} bis {{ doc.to_date }}.</code> </pre></li>
</ul>
<!-- {% endraw %} -->",
"<div class=""columnHeading"">Other Details</div>","<div class=""columnHeading"">Weitere Details</div>",
"<div class=""text-muted text-center"">No Matching Bank Transactions Found</div>","<div class=""text-muted text-center"">Keine übereinstimmenden Banktransaktionen gefunden</div>",
"<div>
<h3> All dimensions in centimeter only </h3>
</div>","<div>
<h3> Alle Abmessungen nur in Zentimeter </h3>
</div>",
"<h3>About Product Bundle</h3>

<p>Aggregate group of <b>Items</b> into another <b>Item</b>. This is useful if you are bundling a certain <b>Items</b> into a package and you maintain stock of the packed <b>Items</b> and not the aggregate <b>Item</b>.</p>
<p>The package <b>Item</b> will have <code>Is Stock Item</code> as <b>No</b> and <code>Is Sales Item</code> as <b>Yes</b>.</p>
<h4>Example:</h4>
<p>If you are selling Laptops and Backpacks separately and have a special price if the customer buys both, then the Laptop + Backpack will be a new Product Bundle Item.</p>","<h3>Über Produktbündel</h3>

<p>Bündeln Sie eine Gruppe von <b>Artikeln</b> zu einem anderen <b>Artikel</b>. Dies ist nützlich, wenn Sie bestimmte <b>Artikel</b> zu einem Paket bündeln und Sie den Bestand der einzelnen <b>Artikel</b> und nicht den des Bündels führen.</p>
<p>Der Bündel-<b>Artikel</b> wird <code>Ist Lagerartikel</code> auf <b>Nein</b> und <code>Ist Verkaufsartikel</code> auf <b>Ja</b> gesetzt haben.</p>
<h4>Beispiel:</h4>
<p>Wenn Sie Laptops und Rucksäcke separat verkaufen und einen Sonderpreis anbieten, wenn der Kunde beides zusammen kauft, dann ist der Laptop + Rucksack ein Produktbündel.</p>",
"<h3>Currency Exchange Settings Help</h3>
<p>There are 3 variables that could be used within the endpoint, result key and in values of the parameter.</p>
<p>Exchange rate between {from_currency} and {to_currency} on {transaction_date} is fetched by the API.</p>
<p>Example: If your endpoint is exchange.com/2021-08-01, then, you will have to input exchange.com/{transaction_date}</p>","<h3>Wechselkurseinstellungen Hilfe</h3>
<p>Es gibt 3 Variablen, die innerhalb des Endpunkts, des Ergebnisschlüssels und in den Werten des Parameters verwendet werden können.</p>
<p>Der Wechselkurs zwischen {from_currency} und {to_currency} am {transaction_date} wird von der API abgefragt.</p>
<p>Beispiel: Wenn Ihr Endpunkt exchange.com/2021-08-01 lautet, dann müssen Sie exchange.com/{transaction_date} eingeben.</p>",
"<h4>Body Text and Closing Text Example</h4>

<div>We have noticed that you have not yet paid invoice {{sales_invoice}} for {{frappe.db.get_value(""Currency"", currency, ""symbol"")}} {{outstanding_amount}}. This is a friendly reminder that the invoice was due on {{due_date}}. Please pay the amount due immediately to avoid any further dunning cost.</div>

<h4>How to get fieldnames</h4>

<p>The fieldnames you can use in your template are the fields in the document. You can find out the fields of any documents via Setup &gt; Customize Form View and selecting the document type (e.g. Sales Invoice)</p>

<h4>Templating</h4>

<p>Templates are compiled using the Jinja Templating Language. To learn more about Jinja, <a class=""strong"" href=""http://jinja.pocoo.org/docs/dev/templates/"">read this documentation.</a></p>","<h4>Textkörper und Schlusstext Beispiel</h4>

<div>Wir haben festgestellt, dass Sie die Rechnung {{sales_invoice}} für {{frappe.db.get_value(""Currency"", currency, ""symbol"")}} {{outstanding_amount}} noch nicht bezahlt haben. Dies ist eine freundliche Erinnerung daran, dass die Rechnung am {{due_date}}fällig war. Bitte zahlen Sie den fälligen Betrag sofort, um weitere Mahngebühren zu vermeiden.</div>

<h4>Feldnamen herausfinden</h4>

<p>Die Feldnamen, die Sie in Ihrer Vorlage verwenden können, sind die Felder im Dokument. Sie können die Feldnamen aller Dokumente finden, indem Sie Setup &gt; Formular anpassen öffen und den DocTyp (z.B. Ausgangsrechnung) auswählen</p>

<h4>Vorlagen</h4>

<p>Vorlagen werden mithilfe von Jinja erstellt. Wenn Sie mehr über Jinja erfahren möchten, <a class=""strong"" href=""http://jinja.pocoo.org/docs/dev/templates/"">lesen Sie diese Dokumentation.</a></p>",
"<h4>Contract Template Example</h4>

<pre>Contract for Customer {{ party_name }}

-Valid From : {{ start_date }} 
-Valid To : {{ end_date }}
</pre>

<h4>How to get fieldnames</h4>

<p>The field names you can use in your Contract Template are the fields in the Contract for which you are creating the template. You can find out the fields of any documents via Setup &gt; Customize Form View and selecting the document type (e.g. Contract)</p>

<h4>Templating</h4>

<p>Templates are compiled using the Jinja Templating Language. To learn more about Jinja, <a class=""strong"" href=""http://jinja.pocoo.org/docs/dev/templates/"">read this documentation.</a></p>","<h4>Beispiel für eine Vertragsvorlage</h4>

<pre>Vertrag für einen Kunden {{ party_name }}

-Gültig von : {{ start_date }} 
-Gültig bis : {{ end_date }}
</pre>

<h4>So erhalten Sie Feldnamen</h4>

<p>Die Feldnamen, die Sie in Ihrer Vertragsvorlage verwenden können, sind die Felder des Vertrags, für den Sie die Vorlage erstellen. Sie können die Felder aller Dokumente über Setup &gt; Formularansicht anpassen und den Dokumententyp (z.B. Vertrag) auswählen</p>

<h4>Vorlagenerstellung</h4>

<p>Vorlagen werden mit der Jinja-Vorlagensprache erstellt. Wenn Sie mehr über Jinja erfahren möchten, <a class=""strong"" href=""http://jinja.pocoo.org/docs/dev/templates/"">lesen Sie diese Dokumentation.</a></p>",
"<h4>Standard Terms and Conditions Example</h4>

<pre>Delivery Terms for Order number {{ name }}

-Order Date : {{ transaction_date }} 
-Expected Delivery Date : {{ delivery_date }}
</pre>

<h4>How to get fieldnames</h4>

<p>The fieldnames you can use in your email template are the fields in the document from which you are sending the email. You can find out the fields of any documents via Setup &gt; Customize Form View and selecting the document type (e.g. Sales Invoice)</p>

<h4>Templating</h4>

<p>Templates are compiled using the Jinja Templating Language. To learn more about Jinja, <a class=""strong"" href=""http://jinja.pocoo.org/docs/dev/templates/"">read this documentation.</a></p>","<h4>Allgemeine Geschäftsbedingungen Beispiel</h4>

<pre>Lieferbedingungen für Bestellnummer {{ name }}

-Bestelldatum : {{ transaction_date }} 
-erwartetes Lieferdatum : {{ delivery_date }}
</pre>

<h4>So erhalten Sie Feldnamen</h4>

<p>Die Feldnamen, die Sie in Ihrer E-Mail-Vorlage verwenden können, sind die Felder in dem Dokument, aus dem Sie die E-Mail versenden. Sie können die Felder aller Dokumente über Setup &gt; Formularansicht anpassen und den Dokumententyp (z.B. Ausgangsrechnung) auswählen</p>

<h4>Vorlagen</h4>

<p>Vorlagen werden mit der Jinja-Vorlagensprache erstellt. Wenn Sie mehr über Jinja erfahren möchten, <a class=""strong"" href=""http://jinja.pocoo.org/docs/dev/templates/"">lesen Sie diese Dokumentation.</a></p>",
"<h5 class=""text-muted uppercase"">Or</h5>","<h5 class=""text-muted uppercase"">Oder</h5>",
"<label class=""control-label"" style=""margin-bottom: 0px;"">Account Number Settings</label>","<label class=""control-label"" style=""margin-bottom: 0px;"">Kontonummerneinstellungen</label>",
"<label class=""control-label"" style=""margin-bottom: 0px;"">Amount In Words</label>","<label class=""control-label"" style=""margin-bottom: 0px;"">Betrag in Worten</label>",
"<label class=""control-label"" style=""margin-bottom: 0px;"">Date Settings</label>","<label class=""control-label"" style=""margin-bottom: 0px;"">Datumseinstellungen</label>",
"<p>In your <b>Email Template</b>, you can use the following special variables:
</p>
<ul>
        <li>
            <code>{{ update_password_link }}</code>: A link where your supplier can set a new password to log into your portal.
        </li>
        <li>
            <code>{{ portal_link }}</code>: A link to this RFQ in your supplier portal.
        </li>
        <li>
            <code>{{ supplier_name }}</code>: The company name of your supplier.
        </li>
        <li>
            <code>{{ contact.salutation }} {{ contact.last_name }}</code>: The contact person of your supplier.
        </li><li>
            <code>{{ user_fullname }}</code>: Your full name.
        </li>
    </ul>
<p></p>
<p>Apart from these, you can access all values in this RFQ, like <code>{{ message_for_supplier }}</code> or <code>{{ terms }}</code>.</p>","<p>In Ihrer <b>E-Mail Vorlage</b>, Sie können folgende Sondervariablen verwenden:
</p>
<ul>
        <li>
            <code>{{ update_password_link }}</code>: Ein Link, mit dem Ihr Lieferant ein neues Passwort festlegen kann, um sich in Ihr Portal einzuloggen.
        </li>
        <li>
            <code>{{ portal_link }}</code>: Ein Link zu diesem RFQ in Ihrem Lieferantenportal.
        </li>
        <li>
            <code>{{ supplier_name }}</code>: Der Firmenname Ihres Anbieters.
        </li>
        <li>
            <code>{{ contact.salutation }} {{ contact.last_name }}</code>: Der Ansprechpartner Ihres Lieferanten.
        </li><li>
            <code>{{ user_fullname }}</code>: Ihr vollständiger Name.
        </li>
    </ul>
<p></p>
<p>Davon abgesehen, Sie können auf alle Werte in diesem RFQ zugreifen, wie <code>{{ message_for_supplier }}</code> oder <code>{{ terms }}</code>.</p>",
"<pre><h5>Message Example</h5>

&lt;p&gt; Thank You for being a part of {{ doc.company }}! We hope you are enjoying the service.&lt;/p&gt;

&lt;p&gt; Please find enclosed the E Bill statement. The outstanding amount is {{ doc.grand_total }}.&lt;/p&gt;

&lt;p&gt; We don't want you to be spending time running around in order to pay for your Bill.<br>After all, life is beautiful and the time you have in hand should be spent to enjoy it!<br>So here are our little ways to help you get more time for life! &lt;/p&gt;

&lt;a href=""{{ payment_url }}""&gt; click here to pay &lt;/a&gt;

</pre>
","<pre><h5>Beispiel für eine Nachricht</h5>

&lt;p&gt; Vielen Dank, dass Sie Teil von {{ doc.company }}sind! Wir hoffen, Sie genießen den Service.&lt;/p&gt;

&lt;p&gt; Anbei finden Sie die E-Rechnung. Der ausstehende Betrag beträgt {{ doc.grand_total }}.&lt;/p&gt;

&lt;p&gt; Wir möchten nicht, dass Sie unnötig viel Zeit damit verbringen, Ihre Rechnung zu bezahlen.<br>Schließlich ist das Leben schön und die Zeit, die Sie zur Verfügung haben, sollten Sie nutzen, um es zu genießen!<br>Hier sind also unsere kleinen Möglichkeiten, um Ihnen zu helfen, mehr Zeit für das Leben zu haben! &lt;/p&gt;

&lt;a href=""{{ payment_url }}""&gt; klicken Sie hier, um zu bezahlen &lt;/a&gt;

</pre>",
"<pre><h5>Message Example</h5>

&lt;p&gt;Dear {{ doc.contact_person }},&lt;/p&gt;

&lt;p&gt;Requesting payment for {{ doc.doctype }}, {{ doc.name }} for {{ doc.grand_total }}.&lt;/p&gt;

&lt;a href=""{{ payment_url }}""&gt; click here to pay &lt;/a&gt;

</pre>
","<pre><h5>Beispiel Nachricht</h5>

&lt;p&gt;Lieber {{ doc.contact_person }},&lt;/p&gt;

&lt;p&gt;wir würden Sie bitten, die {{ doc.doctype }}, {{ doc.name }} für {{ doc.grand_total }}.&lt;/p&gt; zu begleichen.

&lt;a href=""{{ payment_url }}""&gt; Bitte klicken Sie hier zur Bezahlung &lt;/a&gt;

</pre>",
"<table class=""table table-bordered table-condensed"">
<thead>
  <tr>
         <th class=""table-sr"" style=""width: 50%;"">Child Document</th>
         <th class=""table-sr"" style=""width: 50%;"">Non Child Document</th>
   </tr>
</thead>
<tbody>
<tr>
         <td>
                  <p> To access parent document field use parent.fieldname and to access child table document field use doc.fieldname </p>

         </td>
         <td>
                    <p>To access document field use doc.fieldname </p>
         </td>
</tr>
<tr>
        <td>
                   <p><b>Example: </b> parent.doctype == ""Stock Entry"" and doc.item_code == ""Test"" </p>

        </td>
         <td>
                   <p><b>Example: </b> doc.doctype == ""Stock Entry"" and doc.purpose == ""Manufacture""</p>    
          </td>
</tr>

</tbody>
</table>






","<table class=""table table-bordered table-condensed"">
<thead>
  <tr>
         <th class=""table-sr"" style=""width: 50%;"">Dokument für die untergeordneten Eintragungen</th>
         <th class=""table-sr"" style=""width: 50%;"">kein untergeordnetes Dokument</th>
   </tr>
</thead>
<tbody>
<tr>
         <td>
                  <p> Für den Zugriff auf das Feld des übergeordneten Dokuments verwenden Sie parent.fieldname und für den Zugriff auf das Feld des Dokuments der untergeordneten Tabelle verwenden Sie doc.fieldname </p>

         </td>
         <td>
                    <p>Für den Zugriff auf ein Dokumentfeld verwenden Sie doc.fieldname </p>
         </td>
</tr>
<tr>
        <td>
                   <p><b>Beispiel: </b> parent.doctype == ""Lagereintrag"" und doc.item_code == ""Test"" </p>

        </td>
         <td>
                   <p><b>Beispiel: </b> doc.doctype == ""Lagereintrag"" und doc.purpose == ""Herstellung""</p>    
          </td>
</tr>

</tbody>
</table>",
"A Price List is a collection of Item Prices either Selling, Buying, or both","Eine Preisliste ist eine Sammlung von Artikelpreisen, entweder für den Verkauf, den Einkauf oder für beides",
"A Product or a Service that is bought, sold or kept in stock.","Produkt oder Dienstleistung, die gekauft, verkauft oder auf Lager gehalten wird.",
A condition for a Shipping Rule,Bedingung für eine Versandregel,
A customer must have primary contact email.,Ein Kunde muss über eine primäre Kontakt-E-Mail-Adresse verfügen.,
A logical Warehouse against which stock entries are made.,Ein logisches Lager zu dem Lagerbuchungen gemacht werden.,
A third party distributor / dealer / commission agent / affiliate / reseller who sells the companies products for a commission.,"Ein Drittanbieter/Händler/Kommissionär/verbundenes Unternehmen/Wiederverkäufer, der die Produkte auf Provisionsbasis verkauft.",
A+,A+,
A-,A-,
A4,A4,
AB+,AB+,
AB-,AB-,
ACC-AML-.YYYY.-,ACC-AML-.JJJJ.-,
ACC-ASR-.YYYY.-,ACC-ASR-.JJJJ.-,
ACC-ASS-.YYYY.-,ACC-ASS-.JJJJ.-,
ACC-BTN-.YYYY.-,ACC-BTN-.YYYY.-,
ACC-JV-.YYYY.-,ACC-JV-.JJJJ.-,
ACC-PAY-.YYYY.-,ACC-PAY-.JJJJ.-,
ACC-PINV-.YYYY.-,ACC-PINV-.JJJJ.-,
ACC-PINV-RET-.YYYY.-,ACC-PINV-RET-.YYYY.-,
ACC-PRQ-.YYYY.-,ACC-PRQ-.JJJJ.-,
ACC-PSINV-.YYYY.-,ACC-PSINV-.YYYY.-,
ACC-SH-.YYYY.-,ACC-SH-.JJJJ.-,
ACC-SINV-.YYYY.-,ACC-SINV-.JJJJ.-,
AMC Expiry Date,Verfalldatum des jährlichen Wartungsvertrags,
API,API,
API Endpoint,API-Endpunkt,
API Key,API-Schlüssel,
AWB Number,Luftfrachtbrief Nr.,
Abbr,Kürzel,
Abbreviation,Abkürzung,
About,Über,
Academics User,Benutzer: Lehre,
Acceptance Criteria Formula,Akzeptanzkriterien Formel,
Acceptance Criteria Value,Akzeptanzkriterien Wert,
Accepted,Genehmigt,
Accepted Qty,Akzeptierte Menge,
Accepted Qty in Stock UOM,Angenommene Menge in Lagereinheit,
Accepted Quantity,Angenommene Menge,
Accepted Warehouse,Annahmelager,
Access Key,Zugriffsschlüssel,
Account,Konto,
Account Balance,Kontostand,
Account Balance (From),Kontostand (Ausgangskonto),
Account Balance (To),Kontostand (Eingangskonto),
Account Closing Balance,Kontoabschlusssaldo,
Account Currency,Kontenwährung,
Account Currency (From),Kontowährung (Ausgangskonto),
Account Currency (To),Kontowährung (Eingangskonto),
Account Details,Kontendaten,
Account Head,Kontobezeichnung,
Account Manager,Kundenberater,
Account Name,Kontenname,
Account Number,Kontonummer,
Account Opening Balance,Kontoeröffnungssaldo,
Account Paid From,Ausgangskonto,
Account Paid To,Eingangskonto,
Account Subtype,Kontosubtyp,
Account Type,Kontentyp,
Account for Change Amount,Konto für Änderungsbetrag,
Accounting,Buchhaltung,
Accounting Details,Buchhaltungs-Details,
Accounting Dimension,Abrechnungsdimension,
Accounting Dimension Detail,Buchhaltungsdimensionsdetail,
Accounting Dimension Filter,Filter für Buchhaltungsdimension,
Accounting Dimensions,Abrechnungsdimensionen,
Accounting Dimensions ,Buchhaltung Dimensionen,
Accounting Dimensions Filter,Filter für Buchhaltungsdimensionen,
Accounting Entries,Buchungen,
Accounting Period,Abrechnungszeitraum,
Accounting entries are frozen up to this date. Nobody can create or modify entries except users with the role specified below,Buchhaltungseinträge werden bis zu diesem Datum eingefroren. Niemand außer Benutzern mit der unten angegebenen Rolle kann Einträge erstellen oder ändern,
Accounts,Rechnungswesen,
Accounts Closing,Kontenabschluss,
Accounts Frozen Till Date,Konten bis zum Datum eingefroren,
Accounts Manager,Buchhalter,
Accounts Payable,Verbindlichkeiten,
Accounts Payable Summary,Übersicht der Verbindlichkeiten,
Accounts Receivable,Forderungen,
Accounts Receivable Credit Account,Debitorenkreditkonto,
Accounts Receivable Discounted Account,Debitorenkonto mit Rabatt,
Accounts Receivable Summary,Übersicht der Forderungen,
Accounts Receivable Unpaid Account,Debitorenbuchhaltung Unbezahltes Konto,
Accounts Receivable/Payable,Forderungen/Verbindlichkeiten,
Accounts Settings,Konteneinstellungen,
Accounts User,Rechnungswesen Benutzer,
Accounts to Merge,Zu verschmelzende Konten,
Accumulated Depreciation,Kumulierte Abschreibungen,
Accumulated Depreciation Account,Abschreibungskonto,
Accumulated Depreciation Amount,Aufgelaufener Abschreibungsbetrag,
Acquisition Date,Kaufdatum,
Action,Aktion,
Action If Quality Inspection Is Not Submitted,Maßnahme Wenn keine Qualitätsprüfung eingereicht wird,
Action If Quality Inspection Is Rejected,Maßnahmen bei Ablehnung der Qualitätsprüfung,
Action If Same Rate is Not Maintained,"Maßnahmen, wenn derselbe Preis nicht beibehalten wird",
Action if Accumulated Monthly Budget Exceeded on Actual,Aktion bei Überschreitung des kumulierten monatlichen Budgets für das Ist-Budget,
Action if Accumulated Monthly Budget Exceeded on MR,"Aktion, wenn das kumulierte monatliche Budget für MR überschritten wurde",
Action if Accumulated Monthly Budget Exceeded on PO,"Aktion, wenn das kumulierte monatliche Budget für die Bestellung überschritten wurde",
Action if Annual Budget Exceeded on Actual,"Aktion, wenn das Jahresbudget für den tatsächlichen Betrag überschritten wurde",
Action if Annual Budget Exceeded on MR,"Aktion, wenn das Jahresbudget für MR überschritten wurde",
Action if Annual Budget Exceeded on PO,"Aktion, wenn das Jahresbudget für die Bestellung überschritten wurde",
Action if Same Rate is Not Maintained Throughout Sales Cycle,"Maßnahmen, wenn derselbe Preis nicht während des gesamten Verkaufszyklus beibehalten wird",
Actions,Aktionen,
Actions performed,Aktionen ausgeführt,
Active,Aktiv,
Active Status,Aktiver Status,
Activities,Aktivitäten,
Activity,Aktivität,
Activity Cost,Aktivitätskosten,
Activity Type,Aktivitätsart,
Actual,Tatsächlich,
Actual Batch Quantity,Tatsächliche Chargenmenge,
Actual Date,Tatsächliches Datum,
Actual End Date,Tatsächliches Enddatum,
Actual End Date (via Timesheet),Tatsächliches Enddatum (Zeiterfassung),
Actual End Time,Tatsächliche Endzeit,
Actual Operating Cost,Tatsächliche Betriebskosten,
Actual Operation Time,Tatsächliche Betriebszeit,
Actual Qty,Tatsächliche Anzahl,
Actual Qty (at source/target),Tatsächliche Anzahl (am Ursprung/Ziel),
Actual Qty in Warehouse,IST Menge im Lager,
Actual Start Date,Tatsächliches Startdatum,
Actual Start Date (via Timesheet),Tatsächliches Startdatum (Zeiterfassung),
Actual Start Time,Tatsächliche Startzeit,
Actual Time,IST Zeit,
Actual Time and Cost,Tatsächliche Laufzeit und Kosten,
Actual Time in Hours (via Timesheet),Tatsächliche Dauer in Stunden (Zeiterfassung),
Add,Hinzufügen,
Add Corrective Operation Cost in Finished Good Valuation,Fügen Sie die Kosten für Korrekturmaßnahmen zur Bewertung der Fertigerzeugnisse hinzu,
Add Local Holidays,Lokale Feiertage hinzufügen,
Add Manually,Manuell hinzufügen,
Add Or Deduct,Hinzufügen oder Abziehen,
Add Quote,Angebot hinzufügen,
Add Serial / Batch Bundle,Serien-/Chargenbündel hinzufügen,
Add Serial / Batch No,Serien-/Chargennummer hinzufügen,
Add Serial / Batch No (Rejected Qty),Serien-/Chargennummer hinzufügen (Abgelehnte Menge),
Add Template,Vorlage einfügen,
Add Weekly Holidays,Wöchentlich freie Tage hinzufügen,
Add or Deduct,Addieren/Subtrahieren,
Add to Holidays,Zu freien Tagen hinzufügen,
Add to Transit,Zum Transit hinzufügen,
Added By,Hinzugefügt von,
Added On,Hinzugefügt am,
Additional Asset Cost,Zusätzliche Kosten,
Additional Cost,Zusätzliche Kosten,
Additional Cost Per Qty,Zusätzliche Kosten je Einheit,
Additional Costs,Zusätzliche Kosten,
Additional Data,Zusätzliche Daten,
Additional Details,Weitere Details,
Additional Discount,Zusätzlicher Rabatt,
Additional Discount Amount,Zusätzlicher Rabattbetrag,
Additional Discount Amount (Company Currency),Zusätzlicher Rabatt (Unternehmenswährung),
Additional Discount Percentage,Zusätzlicher Rabatt in Prozent,
Additional Info,Zusätzliche Informationen,
Additional Information,zusätzliche Information,
Additional Notes,Zusätzliche Bemerkungen,
Additional Operating Cost,Zusätzliche Betriebskosten,
Additional information regarding the customer.,Zusätzliche Informationen bezüglich des Kunden.,
Address,Adresse,
Address & Contact,Adresse & Kontakt,
Address & Contacts,Adresse & Kontaktinformationen,
Address Desc,Adresszusatz,
Address HTML,Adresse im HTML-Format,
Address Line 1,Adresse Zeile 1,
Address Line 2,Adresse Zeile 2,
Address Name,Adress-Name,
Address and Contact,Adresse und Kontakt,
Address and Contacts,Adresse und Kontaktinformationen,
Address used to determine Tax Category in transactions,Adresse zur Bestimmung der Steuerkategorie in Transaktionen,
Administrator,Administrator,
Advance Account,Vorauskonto,
Advance Amount,Anzahlungsbetrag,
Advance Paid,Angezahlt,
Advance Payment Date,Datum der Vorauszahlung,
Advance Payment Ledger Entry,Vorauszahlungsbucheintrag,
Advance Payments,Anzahlungen,
Advance Tax,Steuervorauszahlung,
Advance Taxes and Charges,Weitere Steuern und Abgaben,
Advance amount,Anzahlungsbetrag,
Advance payments allocated against orders will only be fetched,Vorauszahlungen für Bestellungen werden nur abgerufen,
Advanced Settings,Erweiterte Einstellungen,
Advances,Anzahlungen,
Affected Transactions,Betroffene Transaktionen,
Against,Zu,
Against Account,Gegenkonto,
Against Blanket Order,Gegen Pauschalauftrag,
Against Delivery Note Item,Gegen Lieferschein,
Against Docname,Zu Dokumentenname,
Against Doctype,Zu DocType,
Against Document Detail No,Zu Dokumentendetail Nr.,
Against Document No,Zu Dokument Nr.,
Against Expense Account,Zu Aufwandskonto,
Against Income Account,Zu Ertragskonto,
Against Sales Invoice,Zu Ausgangsrechnung,
Against Sales Invoice Item,Zu Ausgangsrechnungs-Position,
Against Sales Order,Zu Auftrag,
Against Sales Order Item,Zu Auftragsposition,
Against Stock Entry,Gegen Lagerbuchung,
Against Voucher,Gegenbeleg,
Against Voucher No,Belegnr.,
Against Voucher Type,Gegenbeleg-Art,
Ageing Based On,Alter basierend auf,
Agenda,Agenda,
Agent Busy Message,Meldung „Agent besetzt“,
Agent Details,Agentendetails,
Agent Group,Agentengruppe,
Agent Unavailable Message,Meldung „Agent nicht verfügbar“,
Agents,Agenten,
Aggregate a group of Items into another Item. This is useful if you are maintaining the stock of the packed items and not the bundled item,"Fassen Sie eine Gruppe von Artikeln in einem anderen Artikel zusammen. Dies ist nützlich, wenn Sie den Bestand der verpackten Artikel und nicht den der gebündelten Artikel verwalten",
Agriculture Manager,Landwirtschaftsmanager,
Agriculture User,Benutzer Landwirtschaft,
Algorithm,Algorithmus,
All,Alle,
All Activities,Alle Aktivitäten,
All Activities HTML,Alle Aktivitäten HTML,
All Contact,Alle Kontakte,
All Customer Contact,Alle Kundenkontakte,
All Employee (Active),Alle Mitarbeiter (Aktiv),
All Lead (Open),Alle Leads (offen),
All Sales Partner Contact,Alle Vertriebspartnerkontakte,
All Sales Person,Alle Vertriebsmitarbeiter,
All Sales Transactions can be tagged against multiple Sales Persons so that you can set and monitor targets.,"Alle Verkaufstransaktionen können mehreren Verkäufern zugeordnet werden, so dass Sie Ziele festlegen und überwachen können.",
All Supplier Contact,Alle Lieferantenkontakte,
All allocations have been successfully reconciled,Alle Zuweisungen wurden erfolgreich abgeglichen,
All the Comments and Emails will be copied from one document to another newly created document(Lead -> Opportunity -> Quotation) throughout the CRM documents.,Alle Kommentare und E-Mails werden von einem Dokument zu einem anderen neu erstellten Dokument kopiert (Lead -> Opportunity -> Quotation) über alle CRM-Dokumente.,
Allocate Advances Automatically (FIFO),Zuweisungen automatisch zuordnen (FIFO),
Allocate Payment Based On Payment Terms,Ordnen Sie die Zahlung basierend auf den Zahlungsbedingungen zu,
Allocated,Zugewiesen,
Allocated Amount,Zugewiesene Menge,
Allocated Entries,Zugeordnete Einträge,
Allocated amount,Zugewiesene Menge,
Allocation,Zuweisung,
Allocations,Zuweisungen,
Allow,Zulassen,
Allow Account Creation Against Child Company,Kontoerstellung für untergeordnete Unternehmen zulassen,
Allow Alternative Item,Alternative Artikel zulassen,
Allow Continuous Material Consumption,Kontinuierlichen Materialverbrauch zulassen,
Allow Excess Material Transfer,Transfer von überschüssigem Material zulassen,
Allow In Returns,Rückgabe zulassen,
Allow Internal Transfers at Arm's Length Price,Interne Übertragungen zum Fremdvergleichspreis zulassen,
Allow Item To Be Added Multiple Times in a Transaction,"Zulassen, dass ein Element in einer Transaktion mehrmals hinzugefügt wird",
Allow Item to be Added Multiple Times in a Transaction,"Zulassen, dass Artikel in einer Transaktion mehrmals hinzugefügt werden",
Allow Lead Duplication based on Emails,Mehrere Interessenten mit derselben E-Mail-Adresse erlauben,
Allow Material Transfer from Delivery Note to Sales Invoice,Materialübertragung vom Lieferschein zur Ausgangsrechnung zulassen,
Allow Material Transfer from Purchase Receipt to Purchase Invoice,Materialübertragung vom Eingangsbeleg zur Eingangsrechnung zulassen,
Allow Multiple Sales Orders Against a Customer's Purchase Order,Erlauben Sie mehrere Aufträge für die Bestellung eines Kunden,
Allow Negative Stock,Negativen Lagerbestand zulassen,
Allow Negative rates for Items,Negative Preise für Artikel zulassen,
Allow Or Restrict Dimension,Dimension zulassen oder einschränken,
Allow Overtime,Überstunden zulassen,
Allow Partial Reservation,Teilweise Reservierung zulassen,
Allow Production on Holidays,Fertigung im Urlaub zulassen,
Allow Purchase,Einkauf zulassen,
Allow Purchase Invoice Creation Without Purchase Order,Erstellen von Eingangsrechnung ohne Bestellung zulassen,
Allow Purchase Invoice Creation Without Purchase Receipt,Erstellen von Eingangsrechnung ohne Eingangsbeleg zulassen,
Allow Rename Attribute Value,Umbenennen von Attributwert zulassen,
Allow Resetting Service Level Agreement,Zurücksetzen des Service Level Agreements zulassen,
Allow Sales,Verkauf zulassen,
Allow Sales Invoice Creation Without Delivery Note,Ermöglichen Sie die Erstellung von Ausgangsrechnungen ohne Lieferschein,
Allow Sales Invoice Creation Without Sales Order,Ermöglichen Sie die Erstellung von Ausgangsrechnungen ohne Auftrag,
Allow Sales Order Creation For Expired Quotation,Erstellung von Aufträgen aus abgelaufenen Angeboten zulassen,
Allow Stale Exchange Rates,Alte Wechselkurse zulassen,
Allow User to Edit Discount,Benutzern das Bearbeiten von Rabatten erlauben,
Allow User to Edit Price List Rate in Transactions,Benutzer darf Preisliste in Transaktionen bearbeiten,
Allow User to Edit Rate,Benutzer dürfen Preise ändern,
Allow Zero Rate,Null-Bewertung erlauben,
Allow Zero Valuation Rate,Nullbewertung zulassen,
Allow existing Serial No to be Manufactured/Received again,"Erlauben, dass bestehende Seriennummern erneut hergestellt/empfangen werden",
Allow material consumptions without immediately manufacturing finished goods against a Work Order,Materialverbrauch gegen einen Arbeitsauftrag ohne sofortige Herstellung von Fertigwaren zulassen,
Allow multi-currency invoices against single party account ,Rechnungswährung darf sich von Kontowährung unterscheiden,
Allow to Edit Stock UOM Qty for Purchase Documents,Bearbeitung der Menge in Lager-ME für Einkaufsdokumente zulassen,
Allow to Edit Stock UOM Qty for Sales Documents,Bearbeitung der Menge in Lager-ME für Verkaufsdokumente zulassen,
Allow transferring raw materials even after the Required Quantity is fulfilled,Rohstoffübertragung auch nach Erfüllung der erforderlichen Menge erlauben,
Allowed,Erlaubt,
Allowed Dimension,Erlaubte Dimension,
Allowed Doctypes,Erlaubte DocTypes,
Allowed To Transact With,Erlaubt Transaktionen mit,
Allows to keep aside a specific quantity of inventory for a particular order.,"Ermöglicht es, eine bestimmte Lagerbestandsmenge für eine bestimmte Bestellung zurückzubehalten.",
Alternative Item Code,Alternativer Artikelcode,
Alternative Item Name,Alternativer Artikelname,
Amended From,Abgeändert von,
Amount,Betrag,
Amount (Company Currency),Betrag (Unternehmenswährung),
Amount Difference,Mengendifferenz,
Amount Eligible for Commission,Provisionsfähiger Betrag,
Amount In Figure,Betrag als Zahl,
Amount in Account Currency,Betrag in Kontowährung,
Amount in party's bank account currency,Betrag in der Währung des Bankkontos des Beteiligten,
Amount in transaction currency,Betrag in Transaktionswährung,
Amounts,Beträge,
An Item Group is a way to classify items based on types.,"Artikelgruppen bieten die Möglichkeit, Artikel nach Typ zu klassifizieren.",
Annual Expenses,Jährliche Kosten,
Annual Income,Jährliches Einkommen,
Annual Revenue,Jährlicher Umsatz,
Applicable Charges,Anfallende Gebühren,
Applicable Dimension,Anwendbare Dimension,
Applicable For,Anwenden für,
Applicable Holiday List,Geltende Feiertagsliste,
Applicable Modules,Anwendbare Module,
Applicable On Account,Auf Konto anwendbar,
Applicable To (Designation),Anwenden auf (Position),
Applicable To (Employee),Anwenden auf (Mitarbeiter),
Applicable To (Role),Anwenden auf (Rolle),
Applicable To (User),Anwenden auf (Benutzer),
Applicable for Countries,Anwenden für Länder,
Applicable for Users,Anwendbar für Benutzer,
Applicable for external driver,Anwendbar für externen Treiber,
Applicable on Material Request,Anwendbar auf Materialanforderung,
Applicable on Purchase Order,Anwendbar auf Bestellung,
Applicable on booking actual expenses,Anwendbar bei Buchung der tatsächlichen Ausgaben,
Applied on each reading.,Wird bei jedem Ablesen angewendet.,
Applies To,Gilt für,
Apply Additional Discount On,Zusätzlichen Rabatt gewähren auf,
Apply Discount On,Rabatt anwenden auf,
Apply Discount on Discounted Rate,Wenden Sie einen Rabatt auf den ermäßigten Preis an,
Apply Discount on Rate,Rabatt auf Rate anwenden,
Apply Multiple Pricing Rules,Mehrere Preisregeln anwenden,
Apply On,Anwenden auf,
Apply Putaway Rule,Einlagerungsregel anwenden,
Apply Recursion Over (As Per Transaction UOM),Rekursion anwenden über (gemäß Transaktions-ME),
Apply Rule On Brand,Regel auf Marke anwenden,
Apply Rule On Item Code,Regel auf Artikelcode anwenden,
Apply Rule On Item Group,Regel auf Artikelgruppe anwenden,
Apply Rule On Other,Regel auf andere anwenden,
Apply SLA for Resolution Time,SLA für Lösungszeit anwenden,
Apply TDS,Quellensteuer (TDS) anwenden,
Apply Tax Withholding Amount,Steuereinbehaltungsbetrag anwenden,
Apply Tax Withholding Amount ,Quellensteuerbetrag anwenden,
Apply restriction on dimension values,Einschränkung auf Dimensionswerte anwenden,
Apply to All Inventory Documents,Auf alle Inventardokumente anwenden,
Apply to Document,Auf Dokument anwenden,
Appointment,Termin,
Appointment Booking Settings,Terminbuchungseinstellungen,
Appointment Booking Slots,Terminbuchung Slots,
Appointment Details,Termindetails,
Appointment Duration (In Minutes),Termindauer (in Minuten),
Appointment With,Termin mit,
Approving Role (above authorized value),Genehmigende Rolle (über dem autorisierten Wert),
Approving User  (above authorized value),Genehmigender Benutzer (über dem autorisierten Wert),
Approximately match the description/party name against parties,Partei automatisch anhand grober Übereinstimmung des Namens zuordnen,
Apps,Apps,
Area,Bereich,
Area UOM,Bereichs-Maßeinheit,
As per Stock UOM,Gemäß Lagermaßeinheit,
Assembly Items,Montageartikel,
Asset,Vermögenswert,
Asset Account,Anlagenkonto,
Asset Activity,Vermögensgegenstand Aktivität,
Asset Capitalization,Vermögensgegenstand-Aktivierung,
Asset Capitalization Asset Item,Zu aktivierender Vermögensgegenstand,
Asset Capitalization Service Item,Dienstleistung für Anlagenaktivierung,
Asset Capitalization Stock Item,Lagerartikel für Vermögensgegenstand-Aktivierung,
Asset Category,Anlagekategorie,
Asset Category Account,Anlagekategorie Konto,
Asset Category Name,Name Vermögenswertkategorie,
Asset Depreciation Cost Center,Kostenstelle für Vermögenswertabschreibung,
Asset Depreciation Details,Details zur Abschreibung von Vermögensgegenständen,
Asset Depreciation Ledger,Anlagenabschreibungensbuch,
Asset Depreciation Schedule,Zeitplan für die Abschreibung von Vermögensgegenständen,
Asset Depreciations and Balances,Vermögenswertabschreibungen und -Blianz,
Asset Details,Details Vermögenswert,
Asset Finance Book,Anlagenfinanzierungsbuch,
Asset Location,Standort Vermögenswert,
Asset Maintenance,Wartung Vermögenswert,
Asset Maintenance Log,Wartungsprotokoll Vermögenswert,
Asset Maintenance Task,Wartungsauftrag Vermögenswert,
Asset Maintenance Team,Wartungsteam Vermögenswert,
Asset Movement,Asset-Bewegung,
Asset Movement Item,Vermögensbewegungsgegenstand,
Asset Name,Name Vermögenswert,
Asset Naming Series,Nummernkreis Vermögenswert,
Asset Owner,Eigentümer des Vermögenswertes,
Asset Owner Company,Eigentümergesellschaft,
Asset Quantity,Anzahl,
Asset Received But Not Billed,"Vermögenswert erhalten, aber nicht in Rechnung gestellt",
Asset Repair,Reparatur Vermögenswert,
Asset Repair Consumed Item,Vermögensgegenstand Reparatur Verbrauchter Artikel,
Asset Settings,Vermögensgegenstand Einstellungen,
Asset Shift Allocation,Sachanlagen-Schicht-Zuweisung,
Asset Shift Factor,Sachanlagen-Schichtfaktor,
Asset Status,Status Vermögenswert,
Asset Value,Vermögenswert,
Asset Value Adjustment,Anpassung Vermögenswert,
Assets,Vermögenswerte,
Assign To,Zuweisen zu,
Assign to Name,Dem Namen zuweisen,
Assignment Conditions,Zuweisungsbedingungen,
"Attach .csv file with two columns, one for the old name and one for the new name",".csv-Datei mit zwei Zeilen, eine für den alten und eine für den neuen Namen, anhängen",
Attach custom Chart of Accounts file,Benutzerdefinierte Kontenplandatei anhängen,
Attachment,Anhang,
Attendance & Leaves,Anwesenheit & Urlaub,
Attendance Device ID (Biometric/RF tag ID),Anwesenheitsgeräte-ID (biometrische / RF-Tag-ID),
Attribute,Attribut,
Attribute Name,Attributname,
Attribute Value,Attributwert,
Auditor,Prüfer,
Authorised By,Authorisiert von,
Authorization Control,Berechtigungskontrolle,
Authorization Rule,Autorisierungsregel,
Authorized Value,Autorisierter Wert,
Auto Create Assets on Purchase,Assets beim Kauf automatisch erstellen,
Auto Create Exchange Rate Revaluation,Wechselkursneubewertung automatisch erstellen,
Auto Create Purchase Receipt,Eingangsbeleg automatisch erstellen,
Auto Create Serial and Batch Bundle For Outward,Seriennummern und Chargenbündel für den Ausgang automatisch erstellen,
Auto Create Subcontracting Order,Unterauftrag automatisch erstellen,
Auto Created,Automatisch erstellt,
Auto Created Serial and Batch Bundle,Automatisch erstelltes Serien- und Chargenbündel,
Auto Creation of Contact,Automatische Kontakterstellung,
Auto Insert Item Price If Missing,"Artikelpreis automatisch einfügen, falls er fehlt",
Auto Material Request,Automatische Materialanfrage,
Auto Name,Automatische Benennung,
Auto Opt In (For all customers),Automatische Anmeldung (für alle Kunden),
Auto Reconcile Payments,Zahlungen automatisch abgleichen,
Auto Reconciliation Job Trigger,Auslöser für automatischen Abgleichsjob,
Auto Repeat,Automatische Wiederholung,
Auto Repeat Detail,Auto-Wiederholung Detail,
Auto Reserve Serial and Batch Nos,Serien- und Chargennummern automatisch reservieren,
Auto Reserve Stock for Sales Order on Purchase,Automatische Bestandsreserve für Auftrag bei Kauf,
Auto close Opportunity Replied after the no. of days mentioned above,Automatische Schließungschaltung antwortete nach der oben genannten Anzahl von Tagen,
Auto match and set the Party in Bank Transactions,Partei automatisch anhand der Kontonummer bzw. IBAN zuordnen,
Auto re-order,Automatische Nachbestellung,
Auto write off precision loss while consolidation,Präzisionsverluste bei der Konsolidierung automatisch abschreiben,
Automatically Add Filtered Item To Cart,Gefilterten Artikel automatisch zum Warenkorb hinzufügen,
Automatically Add Taxes and Charges from Item Tax Template,Steuern und Gebühren aus Artikelsteuervorlage automatisch hinzufügen,
Automatically Create New Batch,Automatisch neue Charge erstellen,
Automatically Fetch Payment Terms from Order,Zahlungsbedingungen aus Auftrag in die Rechnung übernehmen,
Automatically Process Deferred Accounting Entry,Aufgeschobene Buchungsbuchung automatisch verarbeiten,
Automatically post balancing accounting entry,Ausgleichsbuchung automatisch vornehmen,
Availability Of Slots,Verfügbarkeit von Slots,
Available Batch Qty at From Warehouse,Verfügbare Chargenmenge im Ausgangslager,
Available Batch Qty at Warehouse,Verfügbare Losgröße im Lager,
Available Batch Report,Verfügbare Chargen,
Available Qty,Verfügbare Menge,
Available Qty For Consumption,Verfügbare Menge zum Verbrauch,
Available Qty at Company,Verfügbare Menge im Unternehmen,
Available Qty at Source Warehouse,Verfügbare Menge bei Source Warehouse,
Available Qty at Target Warehouse,Verfügbare Menge im Ziellager,
Available Qty at WIP Warehouse,Verfügbare Menge bei WIP Warehouse,
Available Qty at Warehouse,Verfügbarer Lagerbestand,
Available Qty to Reserve,Verfügbare Menge zum Reservieren,
Available Quantity,verfügbare Anzahl,
Available Stock for Packing Items,Verfügbarer Bestand für Verpackungsartikel,
Available-for-use Date,Verfügbarkeitsdatum,
Average Commission Rate,Durchschnittlicher Provisionssatz,
Average Discount,Durchschnittlicher Rabatt,
Average Response Time,Durchschnittliche Reaktionszeit,
Average time taken by the supplier to deliver,Durchschnittliche Lieferzeit des Lieferanten,
Avg Rate,Durchschnittspreis,
B+,B+,
B-,B-,
BFS,Breitensuche,
BIN Qty,BIN Menge,
BOM,Stückliste,
BOM Comparison Tool,Stücklisten-Vergleichstool,
BOM Created,Stückliste erstellt,
BOM Creator,Stücklistenersteller,
BOM Creator Item,Stücklistenerstellerelement,
BOM Detail No,Stückliste Detailnr.,
BOM Explorer,Stücklisten-Explorer,
BOM Explosion Item,Position der aufgelösten Stückliste,
BOM Info,Stücklisten-Infos,
BOM Item,Stücklisten-Artikel,
BOM No,Stücklisten-Nr.,
BOM No. for a Finished Good Item,Stücklisten-Nr. für einen fertigen Artikel,
BOM Operation,Stücklisten-Vorgang,
BOM Operations Time,Stücklistenbetriebszeit,
BOM Scrap Item,BOM Ausschussartikel,
BOM Search,Stücklisten-Suche,
BOM Stock Calculated,Stücklistenbestand berechnet,
BOM Stock Report,BOM Stock Report,
BOM Tree,Stücklistenbaum,
BOM Update Batch,Stücklisten-Aktualisierungsstapel,
BOM Update Log,Stücklistenaktualisierungsprotokoll,
BOM Update Tool,BOM Update Tool,
BOM Update Tool Log with job status maintained,Stücklisten Update Tool Protokoll mit gepflegtem Auftragsstatus,
BOM Variance Report,Stücklistenabweichungsbericht,
BOM Website Item,BOM Webseitenartikel,
BOM Website Operation,BOM Webseite Vorgang,
BOM and Production,Stückliste und Produktion,
BOMs Updated,Stücklisten aktualisiert,
Backflush Raw Materials Based On,Rückmeldung Rohmaterialien auf Basis von,
Backflush Raw Materials From Work-in-Progress Warehouse,Rückmeldung von Rohstoffen aus dem Work-in-Progress-Warehouse,
Backflush Raw Materials of Subcontract Based On,Rückmeldung der Rohmaterialien des Untervertrages basierend auf,
Balance In Account Currency,Guthaben in Kontowährung,
Balance In Base Currency,Guthaben in der Basiswährung,
Balance Qty,Bilanzmenge,
Balance Sheet,Bilanz,
Balance Sheet Summary,Bilanzübersicht,
Balance Stock Value,Bestandswert,
Balance must be,Saldo muss sein,
Bank,Bank,
Bank / Cash Account,Bank / Geldkonto,
Bank A/C No.,Bankkonto-Nr.,
Bank Account,Bankkonto,
Bank Account Details,Bankkonto Daten,
Bank Account Info,Bankkontodaten,
Bank Account No,Bankkonto Nr,
Bank Account Subtype,Subtyp Bankkonto,
Bank Account Type,Bankkontotyp,
Bank Balance,Kontostand,
Bank Charges,Bankkosten,
Bank Charges Account,Bankgebühren-Konto,
Bank Clearance,Bankfreigabe,
Bank Clearance Detail,Bankfreigabedetail,
Bank Clearance Summary,Zusammenfassung Bankabwicklungen,
Bank Credit Balance,Bankguthaben,
Bank Details,Bankdaten,
Bank Entry,Bankbuchung,
Bank Guarantee,Bankgarantie,
Bank Guarantee Number,Bankgarantie Nummer,
Bank Guarantee Type,Art der Bankgarantie,
Bank Name,Name der Bank,
Bank Reconciliation Statement,Kontoauszug zum Kontenabgleich,
Bank Reconciliation Tool,Bankabstimmungswerkzeug,
Bank Statement Import,Kontoauszug Import,
Bank Transaction,Bank Transaktion,
Bank Transaction Mapping,Bank Transaction Mapping,
Bank Transaction Payments,Banküberweisung Zahlungen,
Bank/Cash Account,Bank- / Kassenkonto,
Banking,Bankwesen,
Barcode,Barcode,
Barcode Type,Barcode-Typ,
Barcodes,Barcodes,
Base Amount,Basisbetrag,
Base Amount (Company Currency),Basisbetrag (Unternehmenswährung),
Base Change Amount (Company Currency),Base-Änderungsbetrag (Unternehmenswährung),
Base Cost Per Unit,Grundkosten pro Einheit,
Base Hour Rate(Company Currency),Basis Stundensatz (Unternehmenswährung),
Base Rate,Basispreis,
Base Tax Withholding Net Total,Basis-Steuereinbehalt-Nettosumme,
Base Total Billable Amount,Basis Gesamter abrechenbarer Betrag,
Base Total Billed Amount,Insg. abgerechneter Betrag in Basiswährung,
Base Total Costing Amount,Gesamtkosten in Basiswährung,
Base URL,Basis-URL,
Based On,Basiert auf,
Based On Payment Terms,Basierend auf Zahlungsbedingungen,
Based On Price List,Basierend auf Preisliste,
Based On Value,Basierend auf Wert,
Basic Amount,Grundbetrag,
Basic Amount (Company Currency),Grundbetrag (Unternehmenswährung),
Basic Rate (Company Currency),Grundpreis (Unternehmenswährung),
Basic Rate (as per Stock UOM),Grundbetrag (nach Lagermaßeinheit),
Batch,Charge,
Batch Description,Chargenbeschreibung,
Batch Details,Chargendetails,
Batch ID,Chargen-ID,
Batch Item Expiry Status,Stapelobjekt Ablauf-Status,
Batch No,Chargennummer,
Batch No.,Chargennummer.,
Batch Number Series,Chargennummer Serie,
Batch Quantity,Chargenmenge,
Batch Size,Batch-Größe,
Batch UOM,Batch UOM,
Batch and Serial No,Chargen- und Seriennummer,
Batch-Wise Balance History,Chargenbezogener Bestandsverlauf,
Before reconciliation,Vor Ausgleich,
Begin On (Days),Beginn an (Tage),
Beginning of the current subscription period,Beginn des aktuellen Abonnementzeitraums,
Bill Date,Rechnungsdatum,
Bill No,Rechnungsnr.,
Bill for Rejected Quantity in Purchase Invoice,Rechnung für abgelehnte Menge in der Eingangsrechnung,
Billed,Abgerechnet,
Billed Amount,Rechnungsbetrag,
Billed Amt,Rechnungsbetrag,
Billed Items To Be Received,Zu erhaltende abgerechnete Artikel,
"Billed, Received & Returned","Abgerechnet, empfangen & zurückgegeben",
Billing Address,Rechnungsadresse,
Billing Address Details,Vorschau Rechnungsadresse,
Billing Address Name,Name der Rechnungsadresse,
Billing Amount,Rechnungsbetrag,
Billing City,Stadt laut Rechnungsadresse,
Billing Country,Land laut Rechnungsadresse,
Billing County,Rechnung: Landesbezirk - Gemeinde - Kreis,
Billing Currency,Abrechnungswährung,
Billing Details,Rechnungsdetails,
Billing Email,Abrechnung per E-Mail,
Billing Hours,Abgerechnete Stunden,
Billing Interval,Abrechnungsintervall,
Billing Interval Count,Abrechnungsintervall Anzahl,
Billing Rate,Abrechnungsbetrag,
Billing State,Verwaltungsbezirk laut Rechnungsadresse,
Billing Status,Abrechnungsstatus,
Billing Zipcode,Rechnungs Postleitzahl,
Bin,Lagerfach,
Bio / Cover Letter,Lebenslauf / Anschreiben,
Bisect Accounting Statements,Buchhaltungsberichte teilen,
Bisect Nodes,Knoten halbieren,
Bisecting From,Teilen ab,
Bisecting To,Teilen bis,
Blanket Order,Blankoauftrag,
Blanket Order Allowance (%),Rahmenauftrag Zulage (%),
Blanket Order Item,Rahmenauftragsposition,
Blanket Order Rate,Pauschale Bestellrate,
Block Supplier,Lieferant blockieren,
Blog Subscriber,Blog-Abonnent,
Blood Group,Blutgruppe,
Blue,Blau,
Body,Körper,
Body Text,Hauptteil,
Body and Closing Text Help,Body und Closing Text Hilfe,
Bom No,Stücklisten-Nr.,
Book Advance Payments in Separate Party Account,Anzahlungen als Verbindlichkeit buchen,
Book Asset Depreciation Entry Automatically,Vermögensabschreibung automatisch verbuchen,
Book Deferred Entries Based On,Buch verzögerte Einträge basierend auf,
Book Deferred Entries Via Journal Entry,Separaten Buchungssatz für latente Buchungen erstellen,
Book Tax Loss on Early Payment Discount,Umsatzsteueranteil bei Skonto berücksichtigen,
Booked,Gebucht,
Booked Fixed Asset,Gebuchtes Anlagevermögen,
Both,Beide,
Branch,Betrieb,
Branch Code,Bankleitzahl / BIC,
Brand,Marke,
Brand Defaults,Markenstandards,
Brand Name,Bezeichnung der Marke,
Breakdown,Ausfall,
Budget,Budget,
Budget Account,Budget Konto,
Budget Accounts,Budget Konten,
Budget Against,Budget gegen,
Budget Amount,Budgetbetrag,
Budget Detail,Budget-Detail,
Budget Variance Report,Budget-Abweichungsbericht,
Bulk Transaction Log,Massentransaktion Log,
Bulk Transaction Log Detail,Massentransaktion Log-Detail,
Bundle Items,Bündelartikel,
Busy,Beschäftigt,
Buyer of Goods and Services.,Käufer von Waren und Dienstleistungen.,
Buying,Einkauf,
Buying & Selling Settings,Einkaufs- & Verkaufseinstellungen,
Buying Settings,Einkaufs-Einstellungen,
Buying and Selling,Kaufen und Verkaufen,
Bypass Credit Limit Check at Sales Order,Kreditlimitprüfung im Auftrag umgehen,
CC,CC,
CC To,CC To,
COGS By Item Group,Herstellungskosten nach Artikelgruppe,
CRM,CRM,
CRM Note,CRM Notiz,
CRM Settings,CRM-Einstellungen,
CRM-LEAD-.YYYY.-,CRM-LEAD-.YYYY.-,
CRM-OPP-.YYYY.-,CRM-OPP-.YYYY.-,
Calculate Based On,Berechnen auf Grundlage von,
Calculate Depreciation,Abschreibung berechnen,
Calculate Estimated Arrival Times,Berechnen Sie die voraussichtliche Ankunftszeit,
Calculate Product Bundle Price based on Child Items' Rates,Preis der Produktbündel basierend auf den Preisen der enthaltenen Artikel berechnen,
Calculate daily depreciation using total days in depreciation period,Tägliche Abschreibung anhand der Gesamttage im Abschreibungszeitraum berechnen,
Calculations,Berechnungen,
Calendar Event,Kalenderereignis,
Calibration,Kalibrierung,
Call Details,Anrufdetails,
Call Duration in seconds,Anrufdauer in Sekunden,
Call Handling Schedule,Zeitplan für die Bearbeitung von Anrufen,
Call Log,Anrufliste,
Call Received By,Anruf empfangen von,
Call Receiving Device,Anrufempfangsgerät,
Call Routing,Anrufweiterleitung,
Call Summary,Zusammenfassung aufrufen,
Call Type,Anruftyp,
Campaign,Kampagne,
Campaign Efficiency,Effizienz der Kampagne,
Campaign Email Schedule,Kampagnen-E-Mail-Zeitplan,
Campaign Item,Kampagne Element,
Campaign Name,Kampagnenname,
Campaign Naming By,Benennung der Kampagnen nach,
Campaign Schedules,Kampagnenpläne,
Cancel At End Of Period,Am Ende der Periode abbrechen,
Cancel Subscription After Grace Period,Abonnement nach Nachfrist kündigen,
Cancelation Date,Stornierungsdatum,
Canceled,Abgebrochen,
Cancelled,Abgesagt,
Capacity,Kapazität,
Capacity Planning,Kapazitätsplanung,
Capacity Planning For (Days),Kapazitätsplanung für (Tage),
Capacity in Stock UOM,Kapazität in Lager-ME,
Capital Work In Progress Account,Laufendes Konto des laufenden Kapitals,
Capital Work in Progress,Capital Work in Progress,
Capitalization Method,Aktivierungsmethode,
Capitalize Repair Cost,Reparaturkosten aktivieren,
Capitalized,Aktiviert,
Cards,Karten,
Carrier,Anbieter,
Carrier Service,Versanddienst,
Carry Forward Communication and Comments,Kommunikation und Kommentare mitschleifen,
Cash,Bargeld,
Cash Entry,Kassenbuchung,
Cash Flow,Cash Flow,
Cash/Bank Account,Bar-/Bankkonto,
Cashier,Kasse,
Cashier Closing,Kassenschluss,
Cashier Closing Payments,Kassenschließende Zahlungen,
Catch All,Fang alle,
Category,Kategorie,
Category Details,Kategorie Details,
Category Name,Kategoriename,
Cellphone Number,Handynummer,
Certificate,Zertifikat,
Certificate Details,Zertifikatdetails,
Certificate Limit,Zertifikatslimit,
Certificate No,Zertifikatsnummer,
Certificate Required,Zertifikat erforderlich,
Change Amount,Rückgeld,
Change in Stock Value,Änderung des Lagerwerts,
Change this date manually to setup the next synchronization start date,"Ändern Sie dieses Datum manuell, um das nächste Startdatum für die Synchronisierung festzulegen",
Changes,Änderungen,
Channel Partner,Vertriebspartner,
Chargeable,Gebührenpflichtig,
Charges Incurred,Gebühren entstanden,
Chart Of Accounts,Kontenplan,
Chart Of Accounts Template,Kontenvorlage,
Chart Preview,Diagrammvorschau,
Chart Tree,Diagrammbaum,
Chart of Accounts,Kontenplan,
Chart of Accounts Importer,Kontenplan Importeur,
Chassis No,Fahrwerksnummer,
Chat,Unterhaltung,
Check Supplier Invoice Number Uniqueness,"Aktivieren, damit dieselbe Lieferantenrechnungsnummer nur einmal vorkommen kann",
Check if Asset requires Preventive Maintenance or Calibration,"Überprüfen Sie, ob der Vermögenswert eine vorbeugende Wartung oder Kalibrierung erfordert",
Check if it is a hydroponic unit,"Überprüfen Sie, ob es sich um eine hydroponische Einheit handelt",
Check if material transfer entry is not required,"Prüfen Sie, ob keine Materialübertragung erforderlich ist",
Check in (group),Check-in (Gruppe),
Check this to disallow fractions. (for Nos),"Hier aktivieren, um keine Bruchteile zuzulassen (für Anzahl)",
Checked On,Geprüft am,
Checking this will round off the tax amount to the nearest integer,"Falls aktiviert, wird der Steuerbetrag auf die nächste ganze Zahl gerundet",
Cheque,Scheck,
Cheque Date,Scheckdatum,
Cheque Height,Scheck Höhe,
Cheque Number,Schecknummer,
Cheque Print Template,Scheck Druckvorlage,
Cheque Size,Scheck Größe,
Cheque Width,Scheck Breite,
Cheque/Reference Date,Scheck-/ Referenzdatum,
Cheque/Reference No,Scheck-/ Referenznummer,
Cheques and Deposits Incorrectly cleared,Falsch verrechnete Schecks und Einzahlungen,
Child Docname,Untergeordneter Dokumentname,
Child Row Reference,Zeilenreferenz,
City,Ort,
Class / Percentage,Klasse / Anteil,
Classification of Customers by region,Einteilung der Kunden nach Region,
Clauses and Conditions,Klauseln und Bedingungen,
Clear Notifications,Benachrichtigungen löschen,
Clear Table,Tabelle leeren,
Clearance Date,Abrechnungsdatum,
Click on Import Invoices button once the zip file has been attached to the document. Any errors related to processing will be shown in the Error Log.,"Klicken Sie auf die Schaltfläche &quot;Rechnungen importieren&quot;, sobald die ZIP-Datei an das Dokument angehängt wurde. Eventuelle Verarbeitungsfehler werden im Fehlerprotokoll angezeigt.",
Client,Kunde,
Close Issue After Days,Vorfall schließen nach,
Close Replied Opportunity After Days,Beantwortete Chance nach Tagen schließen,
Closed,Geschlossen,
Closed Document,Geschlossenes Dokument,
Closed Documents,Geschlossene Dokumente,
Closing,Abschluss,
Closing Account Head,Bezeichnung des Abschlusskontos,
Closing Amount,Schlussbetrag,
Closing Balance,Schlussbilanz,
Closing Date,Abschlussdatum,
Closing Stock Balance,Schlussbestand,
Closing Text,Text schließen,
Code,Code,
Code List,Code-Liste,
Collect Progress,Sammle Fortschritte,
Collection Factor (=1 LP),Sammelfaktor (= 1 LP),
Collection Rules,Sammlungsregeln,
Collection Tier,Sammelstufe,
Color,Farbe,
Column in Bank File,Spalte in der Bankdatei,
Comments,Kommentare,
Commission,Provision,
Commission Rate,Provisionssatz,
Commission Rate (%),Provisionssatz (%),
Common Code,Gemeinsamer Code,
Communication,Kommunikation,
Communication Channel,Kommunikationskanal,
Communication Medium,Kommunikationsmedium,
Communication Medium Timeslot,Kommunikationsmedium-Zeitfenster,
Communication Medium Type,Typ des Kommunikationsmediums,
Companies,Firmen,
Company,Unternehmen,
Company Account,Firmenkonto,
Company Address,Anschrift des Unternehmens,
Company Address Display,Anzeige der Unternehmensadresse,
Company Address Name,Bezeichnung der Anschrift des Unternehmens,
Company Bank Account,Firmenkonto,
Company Billing Address,Eigene Rechnungsadresse,
Company Contact Person,Kontaktperson des Unternehmens,
Company Description,Beschreibung des Unternehmens,
Company Description for website homepage,Beschreibung des Unternehmens für die Homepage,
Company Details,Unternehmensdetails,
Company Email,E-Mail-Adresse des Unternehmens,
Company Logo,Logo des Unternehmens,
Company Name,Firma,
Company Shipping Address,Eigene Lieferadresse,
Company Tagline for website homepage,Schlagzeile des Unternehmens für die Homepage,
Company Tax ID,Eigene Steuernummer,
Company registration numbers for your reference. Tax numbers etc.,Meldenummern des Unternehmens für Ihre Unterlagen. Steuernummern usw.,
Company which internal customer represents,"Unternehmen, für das der interne Kunde steht",
Company which internal customer represents.,"Unternehmen, für das der interne Kunde steht.",
Company which internal supplier represents,"Unternehmen, für das der interne Lieferant steht",
Competitor,Konkurrent,
Competitor Detail,Mitbewerberdetails,
Competitor Name,Name des Mitbewerbers,
Competitors,Mitbewerber,
Complete,Komplett,
Completed,Abgeschlossen,
Completed By,Vervollständigt von,
Completed On,Abgeschlossen am,
Completed Qty,Gefertigte Menge,
Completed Time,Benötigte Zeit,
Completed Work Orders,Abgeschlossene Arbeitsaufträge,
Completion By,Fertigstellung durch,
Completion Date,Fertigstellungstermin,
Completion Status,Fertigstellungsstatus,
Comprehensive Insurance,Vollkaskoversicherung,
Computer,Rechner,
Condition,Zustand,
Conditional Rule,Bedingte Regel,
Conditional Rule Examples,Beispiele für bedingte Regeln,
Conditions will be applied on all the selected items combined. ,Die Bedingungen werden auf alle ausgewählten Elemente zusammen angewendet.,
Configuration,Aufbau,
Configure the action to stop the transaction or just warn if the same rate is not maintained.,"Konfigurieren Sie die Aktion, um die Transaktion zu stoppen oder nur zu warnen, wenn derselbe Einzelpreis nicht beibehalten wird.",
Confirmation Date,Bestätigungsdatum,
Connections,Verknüpfungen,
Consider Minimum Order Qty,Mindestbestellmenge berücksichtigen,
Consider Rejected Warehouses,Lager für abgelehnte Ware einschließen,
Consider Tax or Charge for,Steuern oder Gebühren berücksichtigen für,
Considered In Paid Amount,Im gezahlten Betrag berücksichtigt,
Consolidate Sales Order Items,Auftragspositionen konsolidieren,
Consolidate Sub Assembly Items,Artikel der Unterbaugruppe konsolidieren,
Consolidated,Konsolidiert,
Consolidated Credit Note,Konsolidierte Gutschrift,
Consolidated Financial Statement,Konsolidierter Finanzbericht,
Consolidated Sales Invoice,Konsolidierte Ausgangsrechnung,
Consultant,Berater,
Consumable Cost,Verbrauchskosten,
Consumed,Verbraucht,
Consumed Asset Total Value,Wer des verbrauchten Anlagevermögens,
Consumed Assets,Verbrauchte Vermögensgegenstände,
Consumed Items,Verbrauchte Artikel,
Consumed Qty,Verbrauchte Anzahl,
Consumed Quantity,Verbrauchte Menge,
Consumed Stock Items,Verbrauchte Lagerartikel,
Consumed Stock Total Value,Wert des verbrauchten Lagerbestands,
Contact,Kontakt,
Contact Desc,Kontakt-Beschr.,
Contact Email,Kontakt-E-Mail,
Contact HTML,Kontakt-HTML,
Contact Info,Kontakt-Information,
Contact Information,Kontaktinformationen,
Contact List,Kontaktliste,
Contact Mobile,Kontakt-Mobiltelefonnummer,
Contact Mobile No,Kontakt-Mobiltelefonnummer,
Contact Name,Ansprechpartner,
Contact No.,Kontakt-Nr.,
Contact Person,Kontaktperson,
Contacts,Kontakte,
Content,Inhalt,
Content Type,Inhaltstyp,
Contra Entry,Gegenbuchung,
Contract,Vertrag,
Contract Details,Vertragsdetails,
Contract End Date,Vertragsende,
Contract Fulfilment Checklist,Prüfliste für Vertragsausführung,
Contract Period,Vertragslaufzeit,
Contract Template,Vertragsvorlage,
Contract Template Fulfilment Terms,Bedingungen für Vertragsvorlagen-Erfüllung,
Contract Template Help,Vertragsvorlage Hilfe,
Contract Terms,Vertragsbedingungen,
Contract Terms and Conditions,Vertragsbedingungen,
Contribution (%),Beitrag (%),
Contribution to Net Total,Beitrag zum Gesamtnetto,
Control Action,Steuerungsaktion,
Control Historical Stock Transactions,Historische Lagerbewegungen überprüfen,
Conversion Factor,Umrechnungsfaktor,
Conversion Rate,Wechselkurs,
Convert Item Description to Clean HTML in Transactions,Artikelbeschreibung in sauberes HTML umwandeln,
Converted,umgewandelt,
Copied From,Kopiert von,
Copy Fields to Variant,Kopiere Felder auf Varianten,
Corrective,Korrigierend,
Corrective Action,Korrekturmaßnahme,
Corrective Operation,Nacharbeit,
Corrective Operation Cost,Nacharbeitskosten,
Corrective/Preventive,Korrektur / Vorbeugung,
Cost,Kosten,
Cost Center,Kostenstelle,
Cost Center Allocation,Kostenstellenzuordnung,
Cost Center Allocation Percentage,Kostenstellenzuordnungsprozentsatz,
Cost Center Allocation Percentages,Kostenstellenzuordnungsprozentsätze,
Cost Center Name,Kostenstellenbezeichnung,
Cost Center Number,Kostenstellen-Nummer,
Cost Configuration,Kostenkonfiguration,
Cost Per Unit,Kosten pro Einheit,
Cost of Goods Sold,Selbstkosten,
Cost of Poor Quality Report,Kosten mangelhafter Qualität,
Cost to Company (CTC),Kosten für das Unternehmen (CTC),
Costing,Kalkulation,
Costing Amount,Kalkulationsbetrag,
Costing Details,Kostendetails,
Costing Rate,Kalkulationsbetrag,
Costing and Billing,Kalkulation und Abrechnung,
Count,Anzahl,
Country,Land,
Country of Origin,Herkunftsland,
Coupon Code,Gutscheincode,
Coupon Code Based,Gutscheincode basiert,
Coupon Description,Coupon Beschreibung,
Coupon Name,Gutschein Name,
Coupon Type,Coupon-Typ,
Create Chart Of Accounts Based On,"Kontenplan erstellen, basierend auf",
Create Grouped Asset,Gruppierte Anlage erstellen,
Create Job Card based on Batch Size,Auftragskarte nach Chargengröße erstellen,
Create Ledger Entries for Change Amount,Buchungssätze für Wechselgeld erstellen,
Create Missing Party,Fehlende Partei erstellen,
Create Receiver List,Empfängerliste erstellen,
Create User,Benutzer erstellen,
Create User Permission,Benutzerberechtigung Erstellen,
Create a new composite asset,Neuen zusammengesetzten Vermögensgegenstand erstellen,
Create in Draft Status,In Entwurfsstatus erstellen,
Create missing customer or supplier.,Erstelle einen fehlenden Kunden oder Lieferanten.,
Creation Document No,Belegerstellungs-Nr.,
Credit,Haben,
Credit Amount,Haben-Betrag,
Credit Amount in Account Currency,Haben-Betrag in Kontowährung,
Credit Amount in Transaction Currency,Haben-Betrag in Transaktionswährung,
Credit Card Entry,Kreditkarten-Buchung,
Credit Days,Zahlungsziel,
Credit Limit,Kreditlimit,
Credit Limit Settings,Kreditlimit-Einstellungen,
Credit Limit and Payment Terms,Kreditlimit und Zahlungsbedingungen,
Credit Limits,Kreditlimits,
Credit Months,Kreditmonate,
Credit Note,Gutschrift,
Credit Note Issued,Gutschrift ausgelöst,
"Credit Note will update it's own outstanding amount, even if 'Return Against' is specified.","Den ausstehenden Betrag dieser Rechnungskorrektur separat buchen, statt den der korrigierten Rechnung zu verringern.",
Credit To,Gutschreiben auf,
Credit in Company Currency,(Gut)Haben in Unternehmenswährung,
Criteria,Kriterien,
Criteria Formula,Kriterien Formel,
Criteria Name,Kriterien Name,
Criteria Setup,Kriterieneinstellung,
Criteria Weight,Kriterien Gewicht,
Cross Listing of Item in multiple groups,Kreuzweise Auflistung des Artikels in mehreren Gruppen,
Cumulative Transaction Threshold,Kumulativer Transaktionsschwellenwert,
Currency,Währung,
Currency Exchange,Währungs-Umrechnung,
Currency Exchange Settings,Einstellungen Währungsumtausch,
Currency Exchange Settings Details,Details zu den Währungsumrechnungseinstellungen,
Currency Exchange Settings Result,Währungsumtauscheinstellungen Ergebnis,
Currency and Price List,Währung und Preisliste,
Current Address,Aktuelle Adresse,
Current Address Is,Aktuelle Adresse ist,
Current Amount,Aktuelle Höhe,
Current Asset,Umlaufvermögen,
Current Asset Value,Aktueller Vermögenswert,
Current BOM,Aktuelle Stückliste,
Current Exchange Rate,Aktueller Wechselkurs,
Current Index,Aktueller Index,
Current Invoice End Date,Aktuelles Rechnungsenddatum,
Current Invoice Start Date,Aktuelles Rechnungsstartdatum,
Current Level,Aktuelles Level,
Current Liability,Kurzfristige Verbindlichkeit,
Current Node,Aktueller Knoten,
Current Qty,Aktuelle Anzahl,
Current Serial / Batch Bundle,Aktuelles Serien-/Chargen-Bündel,
Current Serial No,Aktuelle Seriennummer,
Current State,Aktuellen Zustand,
Current Stock,Aktueller Lagerbestand,
Current Time,Aktuelle Uhrzeit,
Current Valuation Rate,Aktueller Wertansatz,
Custodian,Depotbank,
Custody,Sorgerecht,
Custom,Benutzerdefiniert,
Custom HTML,Benutzerdefiniertes HTML,
Custom Remarks,Benutzerdefinierte Bemerkungen,
Custom delimiters,Benutzerdefinierte Trennzeichen,
Custom?,Benutzerdefiniert?,
Customer,Kunde,
Customer ,Kunde,
Customer / Item / Item Group,Kunde / Artikel / Artikelgruppe,
Customer / Lead Address,Kunden- / Lead-Adresse,
Customer Acquisition and Loyalty,Kundengewinnung und -bindung,
Customer Address,Kundenadresse,
Customer Code,Kunden-Nr.,
Customer Contact,Kundenkontakt,
Customer Contact Email,Kontakt-E-Mail des Kunden,
Customer Credit Balance,Kunden-Kreditlinien,
Customer Credit Limit,Kundenkreditlimit,
Customer Defaults,Kunden-Standardeinstellungen,
Customer Details,Kundendaten,
Customer Feedback,Kundenrückmeldung,
Customer Group,Kundengruppe,
Customer Group Item,Kundengruppe (Zeile),
Customer Group Name,Kundengruppenname,
Customer Groups,Kundengruppen,
Customer Item,Kunden-Artikel,
Customer Items,Kunden-Artikel,
Customer Ledger Summary,Kundenbuchzusammenfassung,
Customer Mobile No,Mobilnummer des Kunden,
Customer Name,Kundenname,
Customer Naming By,Benennung der Kunden nach,
Customer PO Details,Auftragsdetails,
Customer POS id,Kunden-POS-ID,
Customer Portal Users,Kundenportal-Benutzer,
Customer Primary Address,Hauptadresse des Kunden,
Customer Primary Contact,Hauptkontakt des Kunden,
Customer Provided,vom Kunden bereitgestellt,
Customer Territory,Kundengebiet,
Customer Type,Kundentyp,
Customer Warehouse (Optional),Kundenlagerkonto (optional),
Customer or Item,Kunde oder Artikel,
Customer's Item Code,Kunden-Artikel-Nr.,
Customer's Purchase Order,Bestellung des Kunden,
Customer's Purchase Order Date,Bestelldatum des Kunden,
Customer's Purchase Order No,Bestellnummer des Kunden,
Customer-wise Item Price,Kundenbezogener Artikelpreis,
Customers,Kunden,
Customers Without Any Sales Transactions,Kunden ohne Verkaufsvorgänge,
Customerwise Discount,Kundenspezifischer Rabatt,
Customs Tariff Number,Zolltarifnummer,
DFS,Tiefensuche,
DT-,DT-,
DUNN-.MM.-.YY.-,DUNN-.MM .-. YY.-,
Daily,Täglich,
Daily Time to send,Tägliche Sendezeit,
Daily Timesheet Summary,Tägliche Zeiterfassungsübersicht,
Dashboard,Dashboard,
Data Import Configuration,Datenimport-Konfiguration,
Date,Datum,
Date ,Datum,
Date Of Retirement,Zeitpunkt der Pensionierung,
Date Settings,Datums-Einstellungen,
Date of Birth,Geburtsdatum,
Date of Commencement,Anfangsdatum,
Date of Establishment,Gründungsdatum,
Date of Incorporation,Gründungsdatum,
Date of Issue,Ausstellungsdatum,
Date of Joining,Eintrittsdatum,
Dates,Daten,
Day,Tag,
Day Of Week,Wochentag,
Day of Week,Tag der Woche,
Day to Send,Sendetag,
Day(s) after invoice date,Tag (e) nach Rechnungsdatum,
Day(s) after the end of the invoice month,Tag (e) nach dem Ende des Rechnungsmonats,
Days,Tage,
Days Until Due,Tage bis Fälligkeit,
Days before the current subscription period,Tage vor dem aktuellen Abonnementzeitraum,
DeLinked,Verknüpfung gelöst,
Deal Owner,Besitzer des Deals,
Debit,Soll,
Debit Amount,Soll-Betrag,
Debit Amount in Account Currency,Soll-Betrag in Kontowährung,
Debit Amount in Transaction Currency,Soll-Betrag in Transaktionswährung,
Debit Note,Lastschrift,
Debit Note Issued,Lastschrift ausgestellt am,
"Debit Note will update it's own outstanding amount, even if 'Return Against' is specified.","Den ausstehenden Betrag dieser Rechnungskorrektur separat buchen, statt den der korrigierten Rechnung zu verringern.",
Debit To,Belasten auf,
Debit in Company Currency,Soll in Unternehmenswährung,
Debit to,Lastschrift auf,
Debit-Credit Mismatch,Soll-Haben-Diskrepanz,
Debit-Credit mismatch,Soll-Haben-Diskrepanz,
Deduct,Abziehen,
Deductee Details,Details zum Abzug,
Deductions or Loss,Abzüge oder Verlust,
Default,Standard,
Default Account,Standardkonto,
Default Accounts,Standardkonten,
Default Advance Account,Standard Vorschusskonto,
Default Advance Paid Account,Standardkonto für geleistete Vorauszahlungen,
Default Advance Received Account,Standardkonto für erhaltene Vorauszahlungen,
Default BOM,Standardstückliste,
Default Bank Account,Standardbankkonto,
Default Billing Rate,Standard-Rechnungspreis,
Default Buying Cost Center,Standard-Einkaufskostenstelle,
Default Buying Price List,Standard-Einkaufspreisliste,
Default Buying Terms,Standard-Einkaufsbedingungen,
Default Cash Account,Standardbarkonto,
Default Common Code,Standard Common Code,
Default Company,Standard Unternehmen,
Default Company Bank Account,Standard-Bankkonto des Unternehmens,
Default Cost Center,Standardkostenstelle,
Default Cost of Goods Sold Account,Standard-Herstellkosten,
Default Costing Rate,Standardkosten,
Default Currency,Standardwährung,
Default Customer Group,Standardkundengruppe,
Default Deferred Expense Account,Standardkonto für aktive Rechnungsabgrenzung,
Default Deferred Revenue Account,Standardkonto für passive Rechnungsabgrenzung,
Default Dimension,Standardabmessung,
Default Discount Account,Standard-Rabattkonto,
Default Distance Unit,Standardabstandseinheit,
Default Expense Account,Standardaufwandskonto,
Default Finance Book,Standardfinanzbuch,
Default Finished Goods Warehouse,Standard-Fertigwarenlager,
Default Holiday List,Standard Feiertagsliste,
Default In-Transit Warehouse,Standard-Durchgangslager,
Default Income Account,Standard-Ertragskonto,
Default Inventory Account,Standard Inventurkonto,
Default Item Group,Standard-Artikelgruppe,
Default Item Manufacturer,Standardartikelhersteller,
Default Letter Head,Standardbriefkopf,
Default Manufacturer Part No,Standard Hersteller Teile-Nr,
Default Material Request Type,Standard-Material anfordern Typ,
Default Operating Cost Account,Standardmäßiges Betriebskostenkonto,
Default Payable Account,Standard-Verbindlichkeitenkonto,
Default Payment Discount Account,Standard Rabattkonto für Zahlungen,
Default Payment Request Message,Standard Payment Request Message,
Default Payment Terms Template,Standardvorlage für Zahlungsbedingungen,
Default Price List,Standardpreisliste,
Default Priority,Standardpriorität,
Default Provisional Account,Standard Provisorisches Konto,
Default Purchase Unit of Measure,Standard Maßeinheit Verkauf,
Default Quotation Validity Days,Standard-Angebotsgültigkeitstage,
Default Receivable Account,Standard-Forderungskonto,
Default Sales Unit of Measure,Standard Maßeinheit Verkauf,
Default Scrap Warehouse,Standard-Schrottlager,
Default Selling Cost Center,Standard-Vertriebskostenstelle,
Default Selling Terms,Standardverkaufsbedingungen,
Default Service Level Agreement,Standard-Service-Level-Vereinbarung,
Default Source Warehouse,Standard-Ausgangslager,
Default Stock UOM,Standardlagermaßeinheit,
Default Supplier,Standardlieferant,
Default Supplier Group,Standardlieferantengruppe,
Default Target Warehouse,Standard-Eingangslager,
Default Territory,Standardregion,
Default Unit of Measure,Standardmaßeinheit,
Default Valuation Method,Standard-Bewertungsmethode,
Default Value,Standardwert,
Default Warehouse,Standardlager,
Default Warehouse for Sales Return,Standardlager für Retouren,
Default Warehouses for Production,Standardlager für die Produktion,
Default Work In Progress Warehouse,Standard-Fertigungslager,
Default Workstation,Standard-Arbeitsplatz,
Default account will be automatically updated in POS Invoice when this mode is selected.,"Das Standardkonto wird in POS-Rechnung automatisch aktualisiert, wenn dieser Modus ausgewählt ist.",
Default settings for your stock-related transactions,Standardeinstellungen für Ihre lagerbezogenen Transaktionen,
Default: 10 mins,Standard: 10 Minuten,
Defaults,Standardeinstellungen,
Deferred Accounting,Rechnungsabgrenzung,
Deferred Accounting Defaults,Standardeinstellungen Rechnungsabgrenzung,
Deferred Accounting Settings,Aufgeschobene Buchhaltungseinstellungen,
Deferred Expense,Rechnungsabgrenzungsposten,
Deferred Expense Account,Rechnungsabgrenzungsposten,
Deferred Revenue,Rechnungsabgrenzung,
Deferred Revenue Account,Rechnungsabgrenzungsposten,
Deferred Revenue and Expense,Abgegrenzte Einnahmen und Ausgaben,
Delay between Delivery Stops,Verzögerung zwischen Auslieferungsstopps,
Delayed Item Report,Bericht über verzögerte Artikel,
Delayed Order Report,Bericht über verspätete Bestellung,
Delayed Tasks Summary,Zusammenfassung verzögerter Aufgaben,
Delete Accounting and Stock Ledger Entries on deletion of Transaction,Beim Löschen einer Transaktion auch die entsprechenden Buchungs- und Lagerbuchungssätze löschen,
Delete Bins,Papierkorb leeren,
Delete Cancelled Ledger Entries,Stornierte Buchungseinträge löschen,
Delete Leads and Addresses,Interessenten und Adressen löschen,
Delete Transactions,Transaktionen löschen,
Delimiter options,Trennzeichenoptionen,
Delivered,Geliefert,
Delivered By Supplier,Geliefert von Lieferant,
Delivered Items To Be Billed,"Gelieferte Artikel, die abgerechnet werden müssen",
Delivered Qty,Gelieferte Stückzahl,
Delivered by Supplier (Drop Ship),durch Lieferanten geliefert (Streckengeschäft),
Delivery,Auslieferung,
Delivery Date,Liefertermin,
Delivery Details,Lieferdetails,
Delivery Manager,Auslieferungsmanager,
Delivery Note,Lieferschein,
Delivery Note Item,Lieferschein-Artikel,
Delivery Note No,Lieferschein-Nummer,
Delivery Note Packed Item,Lieferschein verpackte Artikel,
Delivery Note Trends,Entwicklung Lieferscheine,
Delivery Settings,Liefereinstellungen,
Delivery Status,Lieferstatus,
Delivery Stop,Liefer Stopp,
Delivery Stops,Lieferstopps,
Delivery To,Lieferung an,
Delivery Trip,Liefertrip,
Delivery User,Auslieferungs-Benutzer,
Delivery Warehouse,Auslieferungslager,
Delivery to,Lieferung an,
Demo Company,Demo-Unternehmen,
Department,Abteilung,
Departure Time,Abfahrtszeit,
Dependant SLE Voucher Detail No,Unterhaltsberechtigter SLE Beleg Detail Nr.,
Dependencies,Abhängigkeiten,
Dependent Task,Abhängiger Vorgang,
Dependent Tasks,Abhängige Vorgänge,
Depends on Tasks,Abhängig von Vorgang,
Deposit,Einzahlung,
Depreciate based on daily pro-rata,Abschreibung auf Basis der täglichen Pro-rata,
Depreciate based on shifts,Abschreibung auf Basis von Schichten,
Depreciation,Abschreibung,
Depreciation Amount,Abschreibungsbetrag,
Depreciation Details,Details zur Abschreibung,
Depreciation Entry,Abschreibungs Eintrag,
Depreciation Entry Posting Status,Buchungsstatus des Abschreibungseintrags,
Depreciation Expense Account,Aufwandskonto Abschreibungen,
Depreciation Method,Abschreibungsmethode,
Depreciation Options,Abschreibungsoptionen,
Depreciation Posting Date,Buchungsdatum der Abschreibung,
Depreciation Schedule,Abschreibungsplan,
Depreciation Schedule View,Ansicht Abschreibungsplan,
Description,Beschreibung,
Description of Content,Beschreibung des Inhalts,
Designation,Position,
Desk User,Schreibtisch-Benutzer,
Detailed Reason,Ausführlicher Grund,
Details,Details,
Determine Address Tax Category From,Adresssteuerkategorie bestimmen von,
Diesel,Diesel,
Difference,Unterschied,
Difference (Dr - Cr),Differenz (Soll - Haben),
Difference Account,Differenzkonto,
Difference Amount,Differenzbetrag,
Difference Amount (Company Currency),Differenzbetrag (Unternehmenswährung),
Difference Posting Date,Differenz Buchungsdatum,
Dimension Defaults,Bemaßungsstandards,
Dimension Details,Dimensionsdetails,
Dimension Filter Help,Dimensionsfilter Hilfe,
Dimension Name,Dimensionsname,
Dimension-wise Accounts Balance Report,Kontensalden nach Dimensionen,
Direct Expense,Direkte Ausgaben,
Direct Income,Direkte Erträge,
Disable,Deaktivieren,
Disable Capacity Planning,Kapazitätsplanung deaktivieren,
Disable In Words,"""Betrag in Worten"" abschalten",
Disable Last Purchase Rate,Letzten Kaufpreis deaktivieren,
Disable Rounded Total,"""Gesamtsumme runden"" abschalten",
Disable Serial No And Batch Selector,Selektor für Seriennummer und Chargen deaktivieren,
Disabled,Deaktiviert,
Disables auto-fetching of existing quantity,Deaktiviert das automatische Abrufen der vorhandenen Menge,
Disassemble,Demontage,
Disbursed,Ausgezahlt,
Discount,Rabatt,
Discount (%) on Price List Rate with Margin,Rabatt (%) auf Preisliste Rate mit Margin,
Discount Account,Rabattkonto,
Discount Amount,Rabattbetrag,
Discount Date,Rabattdatum,
Discount Percentage,Rabatt in Prozent,
Discount Settings,Rabatt-Einstellungen,
Discount Type,Rabattart,
Discount Validity,Frist für den Rabatt,
Discount Validity Based On,Frist für den Rabatt berechnet sich nach,
Discount and Margin,Rabatt und Marge,
Discount on Other Item,Rabatt auf andere Artikel,
Discount on Price List Rate (%),Rabatt auf die Preisliste (%),
Discounted Amount,Rabattbetrag,
Discounted Invoice,Rabattierte Rechnung,
Discounts,Rabatte,
"Discounts to be applied in sequential ranges like buy 1 get 1, buy 2 get 2, buy 3 get 3 and so on","Rabatte werden in aufeinanderfolgenden Schritten gewährt, z. B. „Kaufe 1, bekomme 1“, „Kaufe 2, bekomme 2“, „Kaufe 3, bekomme 3“ und so weiter",
Discrepancy between General and Payment Ledger,Diskrepanz zwischen Hauptbuch und Zahlungsbuch,
Dislikes,Abneigungen,
Dispatch Address,Absendeadresse,
Dispatch Address Name,ID der Absendeadresse,
Dispatch Information,Versandinformationen,
Dispatch Notification Attachment,Versandbenachrichtigungs-Anhang,
Dispatch Notification Template,Versandbenachrichtigungsvorlage,
Dispatch Settings,Versandeinstellungen,
Disposal Date,Verkauf Datum,
Distance,Entfernung,
Distance UOM,Abstand UOM,
Distance from left edge,Abstand zum linken Rand,
Distance from top edge,Abstand zum oberen Rand,
Distinct Item and Warehouse,Spezifischer Artikel und Lagerort,
Distinct unit of an Item,Eindeutige Einheit eines Artikels,
Distribute Additional Costs Based On ,Zusätzliche Kosten verteilen auf Basis von,
Distribute Charges Based On,Kosten auf folgender Grundlage verteilen,
Distribute Manually,Manuell verteilen,
Distribution Name,Bezeichnung der Verteilung,
Divorced,Geschieden,
Do Not Contact,Nicht Kontakt aufnehmen,
Do Not Explode,Nicht aufklappen,
Do Not Update Serial / Batch on Creation of Auto Bundle,Seriennummer/Charge beim Erstellen eines automatischen Bündels nicht aktualisieren,
Do Not Use Batch-wise Valuation,Keine chargenweise Bewertung verwenden,
Do not show any symbol like $ etc next to currencies.,Kein Symbol wie € o.Ä. neben Währungen anzeigen.,
Do not update variants on save,Aktualisieren Sie keine Varianten beim Speichern,
DocField,DocField,
DocType,DocType,
Doctype,DocType,
Document Name,Dokumentenname,
Document Type,Dokumententyp,
Document Type ,Art des Dokuments,
Documents,Dokumente,
Documents Processed on each trigger. Queue Size should be between 5 and 100,Bei jedem Trigger verarbeitete Dokumente. Die Größe der Warteschlange sollte zwischen 5 und 100 liegen.,
Domain,Domäne,
Don't Enforce Free Item Qty,Kostenlose Artikelmenge nicht erzwingen,
Don't Reserve Sales Order Qty on Sales Return,Menge des Auftrags nicht bei der Rücksendung reservieren,
Don't Send Emails,Senden Sie keine E-Mails,
Done,Fertig,
Dont Recompute tax,Steuer nicht neu berechnen,
Doors,Türen,
Double Declining Balance,Doppelte degressive,
Download Required Materials,Erforderliche Materialien herunterladen,
Download Template,Vorlage herunterladen,
Downtime,Ausfallzeit,
Downtime Analysis,Ausfallzeitanalyse,
Downtime Entry,Ausfallzeiteintrag,
Downtime Reason,Grund für Ausfallzeiten,
Draft,Entwurf,
Driver,Fahrer/-in,
Driver Address,Fahreradresse,
Driver Email,Fahrer-E-Mail,
Driver Name,Name des/der Fahrer/-in,
Driver licence class,Führerscheinklasse,
Driving License Categories,Führerscheinklasse,
Driving License Category,Führerscheinklasse,
Drop Ship,Streckengeschäft,
Due Date,Fälligkeitsdatum,
Due Date Based On,Fälligkeitsdatum basiert auf,
Dunning,Mahnung,
Dunning Amount,Mahnbetrag,
Dunning Amount (Company Currency),Mahnbetrag (Währung des Unternehmens),
Dunning Fee,Mahngebühr,
Dunning Letter,Mahnbrief,
Dunning Letter Text,Mahnbrief Text,
Dunning Level,Mahnstufe,
Dunning Type,Mahnart,
Duration,Dauer,
Duration (Days),Dauer (Tage),
Dynamic Condition,Dynamische Bedingung,
EAN,EAN,
ERPNext Integrations,ERPNext Integrationen,
ERPNext User ID,ERPNext User ID,
Each Transaction,Jede Transaktion,
Edit Posting Date and Time,Buchungsdatum und -uhrzeit bearbeiten,
Education,Bildung,
Educational Qualification,Schulische Qualifikation,
Electric,elektrisch,
Electricity Cost,Stromkosten,
Electricity down,Strom aus,
Electronic Invoice Register,Elektronisches Rechnungsregister,
Email,E-Mail,
Email Account,E-Mail-Konto,
Email Address,E-Mail-Adresse,
Email Campaign,E-Mail-Kampagne,
Email Campaign For ,E-Mail-Kampagne für,
Email Details,E-Mail-Details,
Email Digest,E-Mail-Bericht,
Email Digest Recipient,E-Mail-Berichtsempfänger,
Email Digest Settings,Einstellungen zum täglichen E-Mail-Bericht,
Email Group,E-Mail-Gruppe,
Email Id,E-Mail-ID,
Email Sent,E-Mail wurde versandt,
Email Settings,E-Mail-Einstellungen,
Email Template,E-Mail-Vorlage,
Email sent to,E-Mail versandt an,
Emergency Contact,Notfallkontakt,
Emergency Contact Name,Name des Notfallkontakts,
Emergency Phone,Telefonnummer des Notfallkontakts,
Employee,Mitarbeiter,
Employee ,Mitarbeiter,
Employee Advance,Mitarbeitervorschuss,
Employee Billing Summary,Mitarbeiterabrechnungszusammenfassung,
Employee Detail,Mitarbeiterdetails,
Employee Education,Mitarbeiterschulung,
Employee External Work History,Externe Berufserfahrung des Mitarbeiters,
Employee Group,Mitarbeitergruppe,
Employee Group Table,Mitarbeitergruppentabelle,
Employee Internal Work History,Interne Berufserfahrung des Mitarbeiters,
Employee Name,Mitarbeitername,
Employee Number,Mitarbeiternummer,
Employee User Id,Benutzer-ID des Mitarbeiters,
Enable Appointment Scheduling,Terminplanung aktivieren,
Enable Auto Email,Aktivieren Sie die automatische E-Mail,
Enable Automatic Party Matching,Automatisches Zuordnen von Parteien aktivieren,
Enable Capital Work in Progress Accounting,Aktivieren Sie die laufende Kapitalbilanzierung,
Enable Common Party Accounting,Verknüpfung von Kunden und Liefeanten erlauben,
Enable Deferred Expense,Aktivieren Sie den Rechnungsabgrenzungsposten,
Enable Deferred Revenue,Aktivieren Sie den passiven Rechnungsabgrenzungsposten,
Enable Discount Accounting for Selling,Rabattabrechnung für den Verkauf aktivieren,
Enable European Access,Ermöglichen Sie den europäischen Zugang,
Enable Fuzzy Matching,Fuzzy Matching aktivieren,
Enable Health Monitor,Integritätsmonitor aktivieren,
Enable Immutable Ledger,Unveränderliches Hauptbuch aktivieren,
Enable Perpetual Inventory,Permanente Inventur aktivieren,
Enable Provisional Accounting For Non Stock Items,"Vorläufige Buchhaltung für ""Artikel ohne Lagerhaltung"" aktivieren",
Enable Stock Reservation,Bestandsreservierung aktivieren,
Enable YouTube Tracking,YouTube-Tracking aktivieren,
Enable it if users want to consider rejected materials to dispatch.,"Aktivieren Sie diese Option, wenn Benutzer zurückgewiesenes Material für den Versand berücksichtigen möchten.",
Enable this checkbox even if you want to set the zero priority,"Aktivieren Sie dieses Kontrollkästchen, auch wenn Sie die Priorität Null festlegen möchten",
"Enable this option to calculate daily depreciation by considering the total number of days in the entire depreciation period, (including leap years) while using daily pro-rata based depreciation","Aktivieren Sie diese Option, um die tägliche Abschreibung unter Berücksichtigung der Gesamtzahl der Tage im gesamten Abschreibungszeitraum (einschließlich Schaltjahre) zu berechnen, während die tägliche anteilige Abschreibung verwendet wird",
Enabled,Aktiviert,
Enabling this ensures each Purchase Invoice has a unique value in Supplier Invoice No. field within a particular fiscal year,"Durch Aktivieren dieser Option wird sichergestellt, dass jede Eingangsrechnung innerhalb eines bestimmten Geschäftsjahres einen eindeutigen Wert im Feld Lieferantenrechnungsnummer hat",
Enabling this option will allow you to record - <br><br> 1. Advances Received in a <b>Liability Account</b> instead of the <b>Asset Account</b><br><br>2. Advances Paid in an <b>Asset Account</b> instead of the <b> Liability Account</b>,"Wenn Sie diese Option aktivieren, können Sie - <br><br> 1. Erhaltene Vorschüsse auf einem <b>Passivkonto</b> statt auf dem <b>Aktivkonto</b> buchen<br><br>2. Gezahlte Vorschüsse auf einem <b>Aktivkonto</b> statt auf dem <b> Passivkonto</b> buchen",
Enabling this will allow creation of multi-currency invoices against single party account in company currency,Bei Aktivierung können Rechnungen in Fremdwährungen gegen ein Konto in der Hauptwährung gebucht werden,
Encashment Date,Inkassodatum,
End Date,Enddatum,
End Time,Endzeit,
End date of current invoice's period,Schlußdatum der laufenden Eingangsrechnungsperiode,
End of Life,Ende der Lebensdauer,
End of the current subscription period,Ende des aktuellen Abonnementzeitraums,
Enough Parts to Build,Genug Teile zu bauen,
Ensure Delivery Based on Produced Serial No,"Stellen Sie sicher, dass die Lieferung auf der Basis der produzierten Seriennr",
Enter name of campaign if source of enquiry is campaign,"Namen der Kampagne eingeben, wenn der Ursprung der Anfrage eine Kampagne ist",
Entity,Entität,
Entity Type,Entitätstyp,
Entry Type,Buchungstyp,
Equity,Eigenkapital,
Equity/Liability Account,Eigenkapital / Verbindlichkeitskonto,
Error,Fehler,
Error Description,Fehlerbeschreibung,
Error Log,Fehlerprotokoll,
Error Message,Fehlermeldung,
Errors Notification,Fehler-Benachrichtigung,
Estimated Arrival,Voraussichtliche Ankunft,
Estimated Cost,Geschätzte Kosten,
Estimated Time and Cost,Geschätzte Zeit und Kosten,
Evaluation Period,Bewertungszeitraum,
Event,Ereignis,
Example URL,Beispiel URL,
"Example: ABCD.#####
If series is set and Serial No is not mentioned in transactions, then automatic serial number will be created based on this series. If you always want to explicitly mention Serial Nos for this item. leave this blank.","Beispiel: ABCD.#####
Wenn ein Nummernkreis festgelegt ist und in einer Transaktion keine Seriennummer angegeben wird, wird diese automatisch auf der Grundlage dieses Nummernkreises erstellt. Wenn Sie die Seriennummern für diesen Artikel immer explizit angeben möchten, lassen Sie dieses Feld leer.",
"Example: ABCD.#####. If series is set and Batch No is not mentioned in transactions, then automatic batch number will be created based on this series. If you always want to explicitly mention Batch No for this item, leave this blank. Note: this setting will take priority over the Naming Series Prefix in Stock Settings.","Beispiel: ABCD. #####. Wenn die Serie gesetzt ist und die Chargennummer in den Transaktionen nicht erwähnt wird, wird die automatische Chargennummer basierend auf dieser Serie erstellt. Wenn Sie die Chargennummer für diesen Artikel immer explizit angeben möchten, lassen Sie dieses Feld leer. Hinweis: Diese Einstellung hat Vorrang vor dem Naming Series Prefix in den Stock Settings.",
Exception Budget Approver Role,Ausnahmegenehmigerrolle,
Excessive machine set up time,Übermäßige Rüstzeit der Maschine,
Exchange Gain / Loss Account,Konto für Wechselkursdifferenzen,
Exchange Gain Or Loss,Wechselkursgewinn oder -verlust,
Exchange Gain/Loss,Exchange-Gewinn / Verlust,
Exchange Rate,Wechselkurs,
Exchange Rate Revaluation,Wechselkurs-Neubewertung,
Exchange Rate Revaluation Account,Wechselkurs Neubewertungskonto,
Exchange Rate Revaluation Settings,Einstellungen für die Neubewertung der Wechselkurse,
Excise Entry,Eintrag/Buchung entfernen,
Excise Page Number,Seitenzahl entfernen,
Excluded DocTypes,Ausgeschlossene DocTypes,
Existing Company,Bestehendes Unternehmen,
Existing Company ,Bestehendes Unternehmen,
Exit Interview Held On,Entlassungsgespräch am,
Expected Amount,Erwarteter Betrag,
Expected Closing Date,Voraussichtlicher Stichtag,
Expected Delivery Date,Geplanter Liefertermin,
Expected End Date,Voraussichtliches Enddatum,
Expected Hrs,Erwartete Stunden,
Expected Start Date,Voraussichtliches Startdatum,
Expected Time (in hours),Voraussichtliche Zeit (in Stunden),
Expected Time Required (In Mins),Soll-Zeitbedarf (in Minuten),
Expected Value After Useful Life,Erwartungswert nach der Ausmusterung,
Expense,Aufwand,
Expense Account,Aufwandskonto,
Expense Claim,Auslagenabrechnung,
Expense Head,Ausgabenbezeichnung,
Expenses Included In Asset Valuation,"Aufwendungen, die in der Vermögensbewertung enthalten sind",
Expenses Included In Valuation,In der Bewertung enthaltene Aufwendungen,
Expired,Verfallen,
Expiry,Verfallsdatum,
Expiry Date,Verfallsdatum,
Expiry Duration (in days),Ablaufdauer (in Tagen),
Exploded Items,Explodierte Gegenstände,
Exponential Smoothing Forecasting,Exponentielle Glättungsprognose,
External Work History,Externe Arbeits-Historie,
FIFO,FIFO,
FIFO Queue vs Qty After Transaction Comparison,Vergleich zwischen FIFO-Warteschlange und Menge nach Transaktion,
"FIFO Stock Queue (qty, rate)","FIFO-Lagerwarteschlange (Menge, Rate)",
Failed,Fehlgeschlagen,
Failure Date,Fehlerdatum,
Failure Description,Fehlerbeschreibung,
Family Background,Familiärer Hintergrund,
Fax,Telefax,
Feedback,Rückmeldung,
Feedback By,Feedback von,
Fees,Gebühren,
Fetch Customers,Kunden holen,
Fetch Timesheet in Sales Invoice,Zeiterfassung in Ausgangsrechnung laden,
Fetch Value From,Wert abrufen von,
Fetch items based on Default Supplier.,Abrufen von Elementen basierend auf dem Standardlieferanten.,
Field,Feld,
Field Mapping,Feldzuordnung,
Field Name,Feldname,
Field in Bank Transaction,Feld im Bankverkehr,
Fieldname,Feldname,
Fields,Felder,
Fields will be copied over only at time of creation.,Felder werden nur zum Zeitpunkt der Erstellung kopiert.,
Fieldtype,Feldtyp,
File to Rename,"Datei, die umbenannt werden soll",
Filter Duration (Months),Filterdauer (Monate),
Filter by Reference Date,Nach Referenzdatum filtern,
Filter on Invoice,Nach Rechnung filtern,
Filter on Payment,Nach Zahlung filtern,
Filters,Filter,
Final Product,Endprodukt,
Finance Book,Finanzbuch,
Finance Book Detail,Finanzbuch-Detail,
Finance Book Id,Finanzbuch-ID,
Finance Books,Finanzbücher,
Financial Ratios,Finanzielle Kennziffern,
Financial reports will be generated using GL Entry doctypes (should be enabled if Period Closing Voucher is not posted for all years sequentially or missing) ,"Finanzberichte werden unter Verwendung von Hauptbucheinträgen erstellt (sollte aktiviert werden, wenn der Beleg für den Periodenabschluss nicht für alle Jahre nacheinander gebucht wird oder fehlt)",
Finished Good,Gut beendet,
Finished Good BOM,Fertigerzeugnis Stückliste,
Finished Good Item,Fertigerzeugnisartikel,
Finished Good Item Quantity,Fertigerzeugnisartikel Menge,
Finished Good Qty,Fertigerzeugnis Menge,
Finished Good Quantity ,Fertigerzeugnis Menge,
Finished Good UOM,Fertigerzeugnis ME,
Finished Goods,Fertigerzeugnisse,
Finished Goods Based Operating Cost,Auf Fertigerzeugnissen basierende Betriebskosten,
Finished Goods Item,Fertigerzeugnisartikel,
Finished Goods Reference,Fertigerzeugnis Referenz,
Finished Goods Warehouse,Fertigwarenlager,
Finished Goods based Operating Cost,Auf Fertigerzeugnissen basierende Betriebskosten,
First Email,Erste E-Mail,
First Name,Vorname,
First Responded On,Zuerst geantwortet auf,
First Response Due,Erste Antwort fällig,
First Response Time,Erste Antwortzeit,
First Response Time for Issues,Erste Antwortzeit für Probleme,
First Response Time for Opportunity,Erste Reaktionszeit für Gelegenheit,
Fiscal Year,Geschäftsjahr,
Fiscal Year Company,Geschäftsjahr Unternehmen,
Fixed,Fest,
Fixed Asset,Anlagevermögen,
Fixed Asset Account,Konto für Anlagevermögen,
Fixed Asset Defaults,Standards für Anlagevermögen,
Fixed Asset Register,Anlagebuch,
Fixed Deposit Number,Feste Einzahlungsnummer,
Fixed Rate,Fester Zinssatz,
Fixed Time,Feste Zeit,
Fleet Manager,Flottenverwalter,
Floor,Etage,
Floor Name,Etagenname,
Folio no.,Folio Nr.,
Follow Calendar Months,Folgen Sie den Kalendermonaten,
For Buying,Für den Kauf,
For Company,Für Unternehmen,
For Job Card,Für Jobkarte,
For Operation,Für Vorgang,
For Price List,Für Preisliste,
For Production,Für die Produktion,
For Selling,Für den Verkauf,
For Warehouse,Für Lager,
For dunning fee and interest,Für Mahngebühren und Zinsen,
"For e.g. 2012, 2012-13","Für z. B. 2012, 2012-13",
For how much spent = 1 Loyalty Point,Für wie viel ausgegeben = 1 Treuepunkt,
For individual supplier,Für einzelne Anbieter,
For reference,Zu Referenzzwecken,
"For the convenience of customers, these codes can be used in print formats like Invoices and Delivery Notes","Zum Vorteil für die Kunden, können diese Kodes in Druckformaten wie Rechnungen und Lieferscheinen verwendet werden",
Foreign Trade Details,Außenhandelsdetails,
Formula Based Criteria,Formelgestützte Kriterien,
Forum Posts,Forum Beiträge,
Forum URL,Forum-URL,
Frappe Support,Frappe Support,
Free Item,Kostenlose Artikel,
Freeze Stocks Older Than (Days),Aktien einfrieren älter als (Tage),
Frequency,Häufigkeit,
Frequency To Collect Progress,"Häufigkeit, um Fortschritte zu sammeln",
Frequency of Depreciation (Months),Die Häufigkeit der Abschreibungen (Monate),
Friday,Freitag,
From,Von,
From BOM,Von Stückliste,
From Company,Von Unternehmen,
From Currency,Von Währung,
From Customer,Von Kunden,
From Date,Von-Datum,
From Delivery Date,Ab Lieferdatum,
From Doctype,Von DocType,
From Employee,Von Mitarbeiter,
From Folio No,Aus Folio Nr,
From Invoice Date,Ab Rechnungsdatum,
From Lead,Aus Lead,
From No,Von Nr,
From Opportunity,Aus Chance,
From Package No.,Von Paket Nr.,
From Payment Date,Ab Zahlungsdatum,
From Prospect,Von Interessenten,
From Range,Von-Bereich,
From Reference Date,Ab Referenzdatum,
From Shareholder,Vom Anteilseigner,
From Template,Von Vorlage,
From Time,Von-Zeit,
From Time ,Von-Zeit,
From Value,Von-Wert,
From Voucher Detail No,Von Beleg-Position,
From Voucher No,Von Beleg-Nr.,
From Voucher Type,Von Beleg-Typ,
From Warehouse,Ab Lager,
Frozen,Gesperrt,
Fuel Type,Treibstoffart,
Fuel UOM,Kraftstoff UOM,
Fulfilled,Erfüllt,
Fulfillment User,Benutzungsbenutzer,
Fulfilment Deadline,Erfüllungsfrist,
Fulfilment Details,Erfüllungsdetails,
Fulfilment Status,Erfüllungsstatus,
Fulfilment Terms,Erfüllungsbedingungen,
Fulfilment Terms and Conditions,Erfüllungsbedingungen,
Full Name,Vollständiger Name,
Full and Final Statement,Schlussabrechnung,
Fully Billed,Voll berechnet,
Fully Completed,Vollständig abgeschlossen,
Fully Delivered,Komplett geliefert,
Fully Depreciated,vollständig abgeschriebene,
GL Entry,Buchung zum Hauptbuch,
GL Entry Processing Status,Status der Hauptbucheintragsverarbeitung,
GL reposting index,Hauptbuch-Umbuchungsindex,
Gain/Loss,Gewinn/Verlust,
Gain/Loss Account on Asset Disposal,Gewinn-/Verlustrechnung auf die Veräußerung von Vermögenswerten,
Gain/Loss accumulated in foreign currency account. Accounts with '0' balance in either Base or Account currency,Auf dem Fremdwährungskonto kumulierte Gewinne/Verluste. Konten mit einem Saldo von '0' entweder in Basis- oder Kontowährung,
Gain/Loss already booked,Gewinn/Verlust bereits verbucht,
Gain/Loss from Revaluation,Gewinn/Verlust aus Neubewertung,
Gender,Geschlecht,
General,Allgemein,
General Ledger,Hauptbuch,
General Settings,Grundeinstellungen,
General and Payment Ledger Comparison,Vergleich Hauptbuch und Zahlungsbuch,
General and Payment Ledger mismatch,Hauptbuch und Zahlungsbuch stimmen nicht überein,
Generate Invoice At,Rechnung erstellen am,
Generate New Invoices Past Due Date,"Generieren Sie neue Rechnungen, die überfällig sind",
Generate Schedule,Zeitplan generieren,
"Generate packing slips for packages to be delivered. Used to notify package number, package contents and its weight.","Packzettel für zu liefernde Pakete generieren. Wird verwendet, um Paketnummer, Packungsinhalt und das Gewicht zu dokumentieren.",
Generated,Erzeugt,
Get Advances Paid,Gezahlte Anzahlungen aufrufen,
Get Advances Received,Erhaltene Anzahlungen aufrufen,
Get Allocations,Zuordnungen abrufen,
Get Current Stock,Aktuellen Lagerbestand aufrufen,
Get Entries,Einträge erhalten,
Get Finished Goods for Manufacture,Fertigwaren zur Herstellung abrufen,
Get Item Locations,Artikelstandorte abrufen,
Get Items,Artikel aufrufen,
Get Items From,Holen Sie Elemente aus,
Get Items From Purchase Receipts,Artikel vom Eingangsbeleg übernehmen,
Get Items from Open Material Requests,Hole Artikel von offenen Material  Anfragen,
Get Latest Query,Neueste Abfrage abrufen,
Get Material Request,Get-Material anfordern,
Get Outstanding Invoices,Ausstehende Rechnungen aufrufen,
Get Outstanding Orders,Ausstehende Bestellungen abrufen,
Get Raw Materials Cost from Consumption Entry,Rohstoffkosten aus Verbrauchserfassung holen,
Get Raw Materials for Purchase,Rohstoffe zum Kauf abrufen,
Get Raw Materials for Transfer,Rohstoffe zum Transfer abrufen,
Get Sales Orders,Aufträge aufrufen,
Get Scrap Items,Ausschussartikel abrufen,
Get Started Sections,Erste Schritte Abschnitte,
Get Sub Assembly Items,Artikel der Unterbaugruppe abrufen,
Gift Card,Geschenkkarte,
Give free item for every N quantity,Einen Artikel für jede Menge N verschenken,
Global Defaults,Allgemeine Voreinstellungen,
Goal,Ziel,
Goods,Waren,
Grace Period,Zahlungsfrist,
Graduate,Akademiker,
Grand Total,Gesamtbetrag,
Grand Total (Company Currency),Gesamtbetrag (Unternehmenswährung),
Grant Commission,Provision gewähren,
Green,Grün,
Greeting Message,Grußnachricht,
Greeting Subtitle,Gruß Untertitel,
Greeting Title,Begrüßungstitel,
Greetings Section,Grüße Abschnitt,
Gross Margin,Handelsspanne,
Gross Margin %,Handelsspanne %,
Gross Profit,Rohgewinn,
Gross Purchase Amount,Bruttokaufbetrag,
Gross Weight,Bruttogewicht,
Gross Weight UOM,Bruttogewicht-Maßeinheit,
Gross and Net Profit Report,Brutto- und Nettogewinnbericht,
Group Same Items,Gleiche Artikel gruppieren,
Group same items,Gruppe gleichen Artikel,
HR Manager,Personalwesen Leiter,
HR User,Personalwesen Benutzer,
HR-DRI-.YYYY.-,HR-DRI-.YYYY.-,
HR-EMP-,HR-EMP-,
Half Yearly,Halbjährlich,
Half-yearly,Halbjährlich,
Has Alternative Item,Hat alternativen Artikel,
Has Batch No,Hat Chargennummer,
Has Certificate ,Hat Zertifikat,
Has Corrective Cost,Hat Korrekturkosten,
Has Expiry Date,Hat Ablaufdatum,
Has Item Scanned,Artikel wurde gescannt,
Has Print Format,Hat ein Druckformat,
Has Priority,Hat Priorität,
Has Serial No,Hat Seriennummer,
Has Variants,Hat Varianten,
Have Default Naming Series for Batch ID?,Gibt es eine Standard-Nummernkreis für Chargen?,
Heads (or groups) against which Accounting Entries are made and balances are maintained.,"Typen (oder Gruppen), zu denen Buchungseinträge vorgenommen und Salden geführt werden.",
Health Details,Gesundheitsdaten,
Heatmap,Heatmap,
Height (cm),Höhe (cm),
Help,Hilfe,
Help Article,Hilfe Artikel,
Help Section,Hilfe Abschnitt,
Help Text,Hilfstext,
Helps you distribute the Budget/Target across months if you have seasonality in your business.,"Hilft Ihnen, das Budget/Ziel über die Monate zu verteilen, wenn Sie in Ihrem Geschäft saisonale Schwankungen haben.",
"Here you can maintain family details like name and occupation of parent, spouse and children","Hier können Sie Familiendetails wie Namen und Beruf der Eltern, Ehepartner und Kinder pflegen",
"Here you can maintain height, weight, allergies, medical concerns etc","Hier können Sie Größe, Gewicht, Allergien, medizinische Belange usw. pflegen",
Hero Image,Heldenbild,
Hero Section,Helden-Sektion,
Hero Section Based On,Helden-Sektion basierend auf,
Hidden list maintaining the list of contacts linked to Shareholder,"Versteckte Liste, die die Liste der mit dem Anteilseigner verknüpften Kontakte enthält",
Hide Currency Symbol,Währungssymbol ausblenden,
Hide Customer's Tax ID from Sales Transactions,Steuer-ID des Kunden vor Verkaufstransaktionen ausblenden,
Hide Images,Bilder ausblenden,
Hide Unavailable Items,Nicht verfügbare Elemente ausblenden,
Hide timesheets,Zeiterfassung verstecken,
High,Hoch,
"Higher the number, higher the priority","Je höher die Zahl, desto höher die Priorität",
History In Company,Historie im Unternehmen,
Hold Invoice,Rechnung zurückhalten,
Hold Type,Halte-Typ,
Holiday,Urlaub,
Holiday List,Feiertagsliste,
Holiday List Name,Name der Feiertagsliste,
Holidays,Arbeitsfreie Tage,
Homepage,Webseite,
Homepage Section,Homepage-Bereich,
Homepage Section Card,Homepage-Bereichskarte,
Homepage Slideshow,Homepage-Diashow,
Hour Rate,Stundensatz,
Hourly,Stündlich,
Hours,Std,
How frequently?,Wie häufig?,
How often should Project and Company be updated based on Sales Transactions?,Wie oft sollten Projekt und Unternehmen basierend auf Verkaufstransaktionen aktualisiert werden?,
How often should Project be updated of Total Purchase Cost ?,Wie häufig sollen Projekte hinsichtlich der Gesamteinkaufskosten aktualisiert werden?,
Hrs,Std,
IBAN,IBAN,
ID,ID,
IP Address,IP Adresse,
IRS 1099,IRS 1099,
ISS-.YYYY.-,ISS-.YYYY.-,
Identification of the package for the delivery (for print),Kennzeichnung des Paketes für die Lieferung (für den Druck),
Idle,Leerlauf,
"If ""Months"" is selected, a fixed amount will be booked as deferred revenue or expense for each month irrespective of the number of days in a month. It will be prorated if deferred revenue or expense is not booked for an entire month","Wenn &quot;Monate&quot; ausgewählt ist, wird ein fester Betrag als abgegrenzte Einnahmen oder Ausgaben für jeden Monat gebucht, unabhängig von der Anzahl der Tage in einem Monat. Es wird anteilig berechnet, wenn abgegrenzte Einnahmen oder Ausgaben nicht für einen ganzen Monat gebucht werden",
"If <b>Enabled</b> - Reconciliation happens on the <b>Advance Payment posting date</b><br>
If <b>Disabled</b> - Reconciliation happens on oldest of 2 Dates: <b>Invoice Date</b> or the <b>Advance Payment posting date</b><br>
","Falls <b>aktiviert</b> - erfolgt der Abgleich am <b>Buchungsdatum der Vorauszahlung</b><br>
Falls <b>deaktiviert</b> - erfolgt der Abgleich am ältesten von 2 Daten: <b>Rechnungsdatum</b> oder <b>Buchungsdatum der Vorauszahlung</b><br>",
If Income or Expense,Wenn Ertrag oder Aufwand,
"If blank, parent Warehouse Account or company default will be considered in transactions","Wenn leer, wird das übergeordnete Lagerkonto oder der Firmenstandard bei Transaktionen berücksichtigt",
"If checked, Rejected Quantity will be included while making Purchase Invoice from Purchase Receipt.","Falls aktiviert, wird die abgelehnte Menge bei der Erstellung der Eingangsrechnung aus dem Eingangsbeleg berücksichtigt.",
"If checked, Stock will be reserved on <b>Submit</b>","Falls aktiviert, wird der Bestand beim <b>Buchen</b>reserviert",
"If checked, picked qty won't automatically be fulfilled on submit of pick list.","Falls aktiviert, wird die gewählte Menge beim Buchen der Pickliste nicht automatisch erfüllt.",
"If checked, the tax amount will be considered as already included in the Paid Amount in Payment Entry","Falls aktiviert, wird der Betrag in einer Zahlung als Bruttobetrag (inkl. Steuer) betrachtet",
"If checked, the tax amount will be considered as already included in the Print Rate / Print Amount","Wenn aktiviert, wird der Steuerbetrag als bereits in den Druckkosten enthalten erachtet.",
If different than customer address,Falls abweichend von Kundenadresse,
"If disable, 'In Words' field will not be visible in any transaction","Falls diese Option deaktiviert ist, wird das Feld ""in Worten"" in keiner Transaktion sichtbar sein",
"If disable, 'Rounded Total' field will not be visible in any transaction","Wenn deaktiviert, wird das Feld ""Gerundeter Gesamtbetrag"" in keiner Transaktion angezeigt",
If enabled then system won't apply the pricing rule on the delivery note which will be create from the pick list,"Falls aktiviert, wird das System die Preisregel nicht auf den Lieferschein anwenden, der aus der Pickliste erstellt wird",
"If enabled, a print of this document will be attached to each email","Falls aktiviert, wird ein Ausdruck dieses Dokuments an jede E-Mail angehängt",
"If enabled, additional ledger entries will be made for discounts in a separate Discount Account","Falls aktiviert, werden zusätzliche Buchungen für Rabatte in einem separaten Rabattkonto vorgenommen",
"If enabled, all files attached to this document will be attached to each email","Falls aktiviert, werden alle Dateien, die an dieses Dokument angehängt sind, an jede E-Mail angehängt",
"If enabled, do not update serial / batch values in the stock transactions on creation of auto Serial 
 / Batch Bundle. ","Wenn diese Option aktiviert ist, werden die Serien-/Chargenwerte in den Bestandstransaktionen bei der Erstellung eines automatischen Serien- 
 / Chargenbündels nicht aktualisiert.",
"If enabled, ledger entries will be posted for change amount in POS transactions","Wenn aktiviert, werden Buchungssätze für Wechselgeld in POS-Transaktionen erstellt",
"If enabled, the consolidated invoices will have rounded total disabled","Falls aktiviert, wird bei konsolidierten Rechnungen die gerundete Summe deaktiviert",
"If enabled, the item rate won't adjust to the valuation rate during internal transfers, but accounting will still use the valuation rate.","Falls aktiviert, wird der Artikelkurs bei internen Transfers nicht an den Bewertungskurs angepasst, aber die Buchhaltung verwendet weiterhin den Wertansatz.",
"If enabled, the system will create material requests even if the stock exists in the 'Raw Materials Warehouse'.","Falls aktiviert, erstellt das System auch dann Materialanforderungen, wenn der Bestand im „Rohstofflager“ vorhanden ist.",
"If enabled, the system will use the moving average valuation method to calculate the valuation rate for the batched items and will not consider the individual batch-wise incoming rate.","Falls aktiviert, verwendet das System die Bewertungsmethode des gleitenden Durchschnitts zur Berechnung des Wertansatzes für die chargenweisen Artikel und berücksichtigt nicht den individuellen chargenweisen Eingangskurs.",
"If enabled, then system will only validate the pricing rule and not apply automatically. User has to manually set the discount percentage / margin / free items to validate the pricing rule","Wenn diese Option aktiviert ist, validiert das System die Preisregel nur und wendet sie nicht automatisch an. Der Benutzer muss den Rabattprozentsatz / die Marge / die Gratisartikel manuell festlegen, um die Preisregel zu validieren",
"If item is a variant of another item then description, image, pricing, taxes etc will be set from the template unless explicitly specified","Wenn der Artikel eine Variante eines anderen Artikels ist, dann werden Beschreibung, Bild, Preise, Steuern usw. aus der Vorlage übernommen, sofern nicht ausdrücklich etwas angegeben ist.",
"If mentioned, the system will allow only the users with this Role to create or modify any stock transaction earlier than the latest stock transaction for a specific item and warehouse. If set as blank, it allows all users to create/edit back-dated transactions.","Wenn dies angegeben ist, erlaubt das System nur den Benutzern mit dieser Rolle, eine Bestandstransaktion zu erstellen oder zu ändern, die älter ist als die letzte Bestandstransaktion für einen bestimmten Artikel und ein bestimmtes Lager. Wenn diese Option leer ist, können alle Benutzer rückdatierte Transaktionen erstellen/bearbeiten.",
If more than one package of the same type (for print),Wenn es mehr als ein Paket von der gleichen Art (für den Druck) gibt,
"If rate is zero then item will be treated as ""Free Item""","Wenn der Preis Null ist, wird der Artikel als „Kostenloser Artikel“ behandelt",
If subcontracted to a vendor,Wenn an einen Zulieferer untervergeben,
"If the account is frozen, entries are allowed to restricted users.","Wenn das Konto gesperrt ist, sind einem eingeschränkten Benutzerkreis Buchungen erlaubt.",
"If there is no assigned timeslot, then communication will be handled by this group","Wenn kein Zeitschlitz zugewiesen ist, wird die Kommunikation von dieser Gruppe behandelt",
"If this checkbox is checked, paid amount will be splitted and allocated as per the amounts in payment schedule against each payment term","Wenn dieses Kontrollkästchen aktiviert ist, wird der bezahlte Betrag gemäß den Beträgen im Zahlungsplan auf jede Zahlungsbedingung aufgeteilt und zugewiesen",
"If this checkbox is enabled, then the system won’t run the MRP for the available sub-assembly items.","Falls aktiviert, führt das System keine Bedarfsplanung für verfügbaren Unterbaugruppen durch.",
If this is checked subsequent new invoices will be created on calendar  month and quarter start dates irrespective of current invoice start date,"Wenn diese Option aktiviert ist, werden nachfolgende neue Rechnungen am Startdatum des Kalendermonats und des Quartals erstellt, unabhängig vom aktuellen Rechnungsstartdatum",
If this is unchecked Journal Entries will be saved in a Draft state and will have to be submitted manually,"Wenn dieses Kontrollkästchen deaktiviert ist, werden Journaleinträge in einem Entwurfsstatus gespeichert und müssen manuell übermittelt werden",
"If this is unchecked, direct GL entries will be created to book deferred revenue or expense","Wenn diese Option nicht aktiviert ist, werden direkte FIBU-Einträge erstellt, um abgegrenzte Einnahmen oder Ausgaben zu buchen",
"If this item has variants, then it cannot be selected in sales orders etc.","Wenn dieser Artikel Varianten hat, dann kann er bei den Aufträgen, etc. nicht ausgewählt werden",
"If yes, then this warehouse will be used to store rejected materials","Falls aktiviert, wird dieses Lager verwendet, um abgelehnte Ware zu lagern",
"If you need to reconcile particular transactions against each other, then please select accordingly. If not, all the transactions will be allocated in FIFO order.","Wenn Sie bestimmte Transaktionen gegeneinander abgleichen müssen, wählen Sie bitte entsprechend aus. Wenn nicht, werden alle Transaktionen in der FIFO-Reihenfolge zugeordnet.",
"If your CSV uses a different delimiter, add that character here, ensuring no spaces or additional characters are included.","Wenn Ihre CSV-Datei ein anderes Trennzeichen verwendet, fügen Sie dieses Zeichen hier ein und achten Sie darauf, dass keine Leerzeichen oder zusätzlichen Zeichen enthalten sind.",
Ignore,Ignorieren,
Ignore Account Closing Balance,Saldo des Kontos zum Periodenabschluss ignorieren,
Ignore Available Stock,Verfügbaren Bestand ignorieren,
Ignore Default Payment Terms Template,Standardvorlage für Zahlungsbedingungen ignorieren,
Ignore Employee Time Overlap,Mitarbeiterüberschneidungen ignorieren,
Ignore Pricing Rule,Preisregel ignorieren,
Ignore User Time Overlap,Benutzerzeitüberlappung ignorieren,
Ignore Voucher Type filter and Select Vouchers Manually,Gutscheintyp-Filter ignorieren und Gutscheine manuell auswählen,
Ignore Workstation Time Overlap,Arbeitszeitüberlappung ignorieren,
Image,Bild,
Image View,Bildansicht,
Import Chart of Accounts from a csv file,Kontenplan aus einer CSV-Datei importieren,
Import File,Datei importieren,
Import File Errors and Warnings,Importieren Sie Dateifehler und Warnungen,
Import Invoices,Rechnungen importieren,
Import Log,Importprotokoll,
Import Log Preview,Protokollvorschau importieren,
Import Preview,Vorschau importieren,
Import Supplier Invoice,Lieferantenrechnung importieren,
Import Type,Importtyp,
Import Warnings,Warnungen importieren,
Import from Google Sheets,Import aus Google Sheets,
In House,Im Haus,
In Maintenance,In Wartung,
In Mins,In Minuten,
In Minutes,In Minuten,
In Percentage,In Prozent,
In Process,Während des Fertigungsprozesses,
In Progress,In Bearbeitung,
In Stock Qty,Anzahl auf Lager,
In Transit,In Lieferung,
In Words,In Worten,
In Words (Company Currency),In Worten (Unternehmenswährung),
In Words (Export) will be visible once you save the Delivery Note.,"""In Worten (Export)"" wird sichtbar, sobald Sie den Lieferschein speichern.",
In Words will be visible once you save the Delivery Note.,"""In Worten"" wird sichtbar, sobald Sie den Lieferschein speichern.",
In Words will be visible once you save the Sales Invoice.,"""In Worten"" wird sichtbar, sobald Sie die Ausgangsrechnung speichern.",
In Words will be visible once you save the Sales Order.,"""In Worten"" wird sichtbar, sobald Sie den Auftrag speichern.",
In mins,In Minuten,
In minutes,In Minuten,
Inactive,Inaktiv,
Inactive Customers,Inaktive Kunden,
Inactive Sales Items,Inaktive Verkaufspositionen,
Inactive Status,Inaktiver Status,
Incentives,Anreize,
Include Ageing Summary,Zusammenfassung des Alterns einschließen,
Include Exploded Items,Unterartikel einbeziehen,
Include Item In Manufacturing,Artikel in Fertigung einbeziehen,
Include Non Stock Items,Nicht verfügbare Artikel einschließen,
Include POS Transactions,POS-Transaktionen einschließen,
Include Payment (POS),(POS) Zahlung einschließen,
Include Reconciled Entries,Abgeglichene Buchungen einbeziehen,
Include Safety Stock in Required Qty Calculation,Sicherheitsbestand in die Berechnung der benötigten Menge einbeziehen,
Include Subcontracted Items,Subkontrahierte Artikel einbeziehen,
Include UOM,Fügen Sie UOM hinzu,
Include in gross,In Brutto einbeziehen,
Including items for sub assemblies,Einschließlich der Artikel für Unterbaugruppen,
Income,Ertrag,
Income Account,Ertragskonto,
Incoming,Eingehend,
Incoming Call Handling Schedule,Zeitplan für die Bearbeitung eingehender Anrufe,
Incoming Call Settings,Einstellungen für eingehende Anrufe,
Incoming Rate,Eingangsbewertung,
Incoming Rate (Costing),Anschaffungs- bzw. Herstellungskosten,
Incorrect Balance Qty After Transaction,Falsche Saldo-Menge nach Transaktion,
Incorrect Serial No Valuation,Falsche Bewertung der Seriennummer,
Incorrect Serial and Batch Bundle,Ungültiges Serien- und Chargenbündel,
Incorrect Stock Value Report,Falscher Lagerwertbericht,
Increase In Asset Life(Months),Zusätzliche Lebensdauer des Vermögensgegenstandes (in Monaten),
Increment,Schrittweite,
Indent,Einrücken,
Indicates that the package is a part of this delivery (Only Draft),"Zeigt an, dass das Paket ein Teil dieser Lieferung ist (nur Entwurf)",
Indicator Color,Indikatorfarbe,
Indirect Expense,Indirekte Kosten,
Indirect Income,Indirekte Erträge,
Individual,Einzelperson,
Industry,Industrie,
Industry Type,Wirtschaftsbranche,
Initial Email Notification Sent,Erste E-Mail-Benachrichtigung gesendet,
Initialize Summary Table,Übersichtstabelle initialisieren,
Initiated,Initiiert,
Insert New Records,Fügen Sie neue Datensätze ein,
Inspected By,kontrolliert durch,
Inspection Required,Prüfung erforderlich,
Inspection Required before Delivery,Inspektion Notwendige vor der Auslieferung,
Inspection Required before Purchase,"Inspektion erforderlich, bevor Kauf",
Inspection Type,Art der Prüfung,
Installation Date,Datum der Installation,
Installation Note,Installationshinweis,
Installation Note Item,Bestandteil des Installationshinweises,
Installation Status,Installationsstatus,
Installation Time,Installationszeit,
Installed Qty,Installierte Anzahl,
Instruction,Anweisung,
Instructions,Anweisungen,
Insurance Company,Versicherungsunternehmen,
Insurance Details,Versicherungsdetails,
Insurance End Date,Versicherungsenddatum,
Insurance Start Date,Startdatum der Versicherung,
Insurance details,Versicherungsdetails,
Insured value,Versicherter Wert,
Insurer,Versicherer,
Integration Details,Integrationsdetails,
Integration ID,Integrations-ID,
Inter Company Invoice Reference,Unternehmensübergreifende Rechnungsreferenz,
Inter Company Journal Entry,Unternehmensübergreifender  Buchungssatz,
Inter Company Journal Entry Reference,Unternehmensübergreifende Buchungssatz-Referenz,
Inter Company Order Reference,Inter Company Bestellreferenz,
Inter Company Reference,Unternehmensübergreifende Referenz,
Inter Warehouse Transfer Settings,Inter Warehouse Transfer-Einstellungen,
Interest,Zinsen,
Interested,Interessiert,
Internal Customer,Interner Kunde,
Internal Supplier,Interner Lieferant,
Internal Transfer,Interner Transfer,
Internal Work History,Interne Arbeits-Historie,
Interval should be between 1 to 59 MInutes,Das Intervall sollte zwischen 1 und 59 Minuten liegen,
Introduction,Vorstellung,
Inventory,Lagerbestand,
Inventory Dimension,Lagerbestandsdimension,
Inventory Settings,Inventareinstellungen,
Invoice,Rechnung,
Invoice Cancellation,Rechnungsstornierung,
Invoice Date,Rechnungsdatum,
Invoice Discounting,Rechnungsrabatt,
Invoice Limit,Rechnungslimit,
Invoice Number,Rechnungsnummer,
Invoice Portion,Rechnungsteil,
Invoice Portion (%),Rechnungsanteil (%),
Invoice Series,Rechnungsserie,
Invoice Type,Rechnungstyp,
Invoice and Billing,Rechnung und Abrechnung,
Invoices,Eingangsrechnungen,
Invoices and Payments have been Fetched and Allocated,Rechnungen und Zahlungen wurden abgerufen und zugeordnet,
Invoicing Features,Rechnungsfunktionen,
Inward,Innere,
Is Account Payable,Ist Konto zahlbar,
Is Active,Ist aktiv(iert),
Is Adjustment Entry,Ist Anpassungseintrag,
Is Advance,Ist Anzahlung,
Is Alternative,Ist Alternative,
Is Billable,Ist abrechenbar,
Is Cancelled,Ist storniert,
Is Cash or Non Trade Discount,Ist Bar- oder Nicht-Handelsrabatt,
Is Company,Ist Unternehmen,
Is Company Account,Ist Unternehmenskonto,
Is Composite Asset,Ist ein zusammengesetzter Vermögensgegenstand,
Is Consolidated,Ist konsolidiert,
Is Container,Ist ein Container,
Is Corrective Job Card,Ist Nacharbeitsauftrag,
Is Corrective Operation,Ist Nacharbeit,
Is Cumulative,Ist kumulativ,
Is Customer Provided Item,Vom Kunden angelieferter Artikel,
Is Default,Ist Standard,
Is Default Account,Ist Standardkonto,
Is Default Language,Ist Standardsprache,
Is Delivery Note Required for Sales Invoice Creation?,Ist ein Lieferschein für die Erstellung von Ausgangsrechnungen erforderlich?,
Is Discounted,Wird abgezinst,
Is Existing Asset,Vermögenswert existiert bereits.,
Is Expandable,Ist erweiterbar,
Is Finished Item,Ist fertiger Artikel,
Is Fixed Asset,Ist Anlagevermögen,
Is Free Item,Ist kostenlos,
Is Frozen,Ist gesperrt,
Is Fully Depreciated,Ist vollständig abgeschrieben,
Is Group,Ist Gruppe,
Is Group Warehouse,Ist Lagergruppe,
Is Internal Customer,Ist interner Kunde,
Is Internal Supplier,Ist interner Lieferant,
Is Mandatory,Ist obligatorisch,
Is Milestone,Ist Meilenstein,
Is Old Subcontracting Flow,Ist der alte Unterauftrags-Workflow,
Is Opening,Ist Eröffnungsbuchung,
Is Opening Entry,Ist Eröffnungsbuchung,
Is Outward,Ist Ausgehend,
Is Paid,Ist bezahlt,
Is Period Closing Voucher Entry,Ist Periodenabschlussbeleg,
Is Purchase Order Required for Purchase Invoice & Receipt Creation?,Ist für die Erstellung von Eingangsrechnungen und Quittungen eine Bestellung erforderlich?,
Is Purchase Receipt Required for Purchase Invoice Creation?,Ist für die Erstellung der Eingangsrechnungen ein Eingangsbeleg erforderlich?,
Is Rate Adjustment Entry (Debit Note),Ist Preisanpassung (Belastungsanzeige),
Is Recursive,Ist rekursiv,
Is Rejected,Ist abgelehnt,
Is Rejected Warehouse,Ist Lager für abgelehnte Ware,
Is Return,Ist Retoure,
Is Return (Credit Note),Ist Rechnungskorrektur (Retoure),
Is Return (Debit Note),Ist Rechnungskorrektur (Retoure),
Is Sales Order Required for Sales Invoice & Delivery Note Creation?,Ist ein Auftrag für die Erstellung von Ausgangsrechnungen und Lieferscheinen erforderlich?,
Is Scrap Item,Ist Schrott,
Is Standard,Ist Standard,
Is Stock Item,Ist Lagerartikel,
Is Subcontracted,Ist Untervergabe,
Is System Generated,Wurde vom System generiert,
Is Tax Withholding Account,Ist Steuereinbehaltungskonto,
Is Template,Ist Vorlage,
Is Transporter,Ist Transporter,
Is a Subscription,Ist ein Abonnement,
Is this Tax included in Basic Rate?,Ist diese Steuer im Basispreis enthalten?,
Issue,Anfrage,
Issue Analytics,Anfragenanalyse,
Issue Credit Note,Gutschrift ausgeben,
Issue Date,Ausstellungsdatum,
Issue Priority,Ausgabepriorität,
Issue Split From,Issue Split From,
Issue Summary,Anfragenübersicht,
Issue Type,Fehlertyp,
Issue a debit note with 0 qty against an existing Sales Invoice,Lastschrift mit Menge 0 gegen eine bestehende Ausgangsrechnung ausstellen,
Issued,Ausgestellt,
Issued Items Against Work Order,Ausgegebene Artikel gegen Arbeitsauftrag,
Issues,Probleme,
Issuing Date,Ausstellungsdatum,
Item,Artikel,
Item Alternative,Artikel Alternative,
Item Attribute,Artikelattribut,
Item Attribute Value,Attributwert des Artikels,
Item Attribute Values,Artikel-Attributwerte,
Item Balance (Simple),Artikelguthaben (einfach),
Item Barcode,Artikelbarcode,
Item Code,Artikel-Code,
Item Customer Detail,kundenspezifisches Artikeldetail,
Item Default,Artikel Standard,
Item Defaults,Artikelvorgaben,
Item Description,Artikelbeschreibung,
Item Details,Artikeldetails,
Item Group,Artikelgruppe,
Item Group Defaults,Artikelgruppe Voreinstellung,
Item Group Name,Name der Artikelgruppe,
Item Group wise Discount,Artikelgruppenbezogener Rabatt,
Item Groups,Artikelgruppen,
Item Image (if not slideshow),Artikelbild (wenn keine Diashow),
Item Locations,Artikelstandorte,
Item Manager,Artikel-Manager,
Item Manufacturer,Artikel Hersteller,
Item Name,Artikelname,
Item Naming By,Artikelbezeichnung nach,
Item Price,Artikelpreis,
Item Price Settings,Artikelpreiseinstellungen,
Item Price Stock,Artikel Preis Lagerbestand,
Item Prices,Artikelpreise,
Item Quality Inspection Parameter,Parameter der Artikel-Qualitätsprüfung,
Item Reference,Artikel-Referenz,
Item Reorder,Artikelnachbestellung,
Item Serial No,Artikel-Seriennummer,
Item Shortage Report,Artikelengpass-Bericht,
Item Supplier,Artikellieferant,
Item Tax,Artikelsteuer,
Item Tax Amount Included in Value,Artikel Steuerbetrag im Wert enthalten,
Item Tax Rate,Artikelsteuersatz,
Item Tax Template,Artikelsteuervorlage,
Item Tax Template Detail,Detail der Artikelsteuervorlage,
Item To Manufacture,Zu fertigender Artikel,
Item UOM,Artikelmaßeinheit,
Item Variant,Artikelvariante,
Item Variant Attribute,Artikelvariantenattribut,
Item Variant Details,Details der Artikelvariante,
Item Variant Settings,Einstellungen zur Artikelvariante,
Item Website Specification,Artikel-Webseitenspezifikation,
Item Weight Details,Artikel Gewicht Details,
Item Wise Tax Detail,Artikelbezogene Steuer-Details,
Item and Warehouse,Artikel und Lager,
Item and Warranty Details,Einzelheiten Artikel und Garantie,
Item operation,Artikeloperation,
Item to be manufactured or repacked,Zu fertigender oder umzupackender Artikel,
Item-wise Price List Rate,Artikelbezogene Preisliste,
Item-wise Purchase History,Artikelbezogene Einkaufshistorie,
Item-wise Purchase Register,Artikelbezogene Übersicht der Einkäufe,
Item-wise Sales History,Artikelbezogene Verkaufshistorie,
Item-wise Sales Register,Artikelbezogene Übersicht der Verkäufe,
Items,Artikel,
Items To Be Requested,Anzufragende Artikel,
Items under this warehouse will be suggested,Artikel unter diesem Lager werden vorgeschlagen,
Itemwise Discount,Artikelbezogener Rabatt,
Itemwise Recommended Reorder Level,Empfohlener artikelbezogener Meldebestand,
Job Capacity,Arbeitskapazität,
Job Card,Jobkarte,
Job Card Item,Jobkartenartikel,
Job Card Operation,Jobkartenvorgang,
Job Card Scheduled Time,Jobkarte Geplante Zeit,
Job Card Scrap Item,Jobkarte Ausschussartikel,
Job Card Summary,Jobkarten-Zusammenfassung,
Job Card Time Log,Jobkarten-Zeitprotokoll,
Job Cards,Jobkarten,
Job Started,Auftrag gestartet,
Job Title,Stellenbezeichnung,
Job Worker,Unterauftragnehmer,
Job Worker Address,Unterauftragnehmer Adresse,
Job Worker Address Details,Vorschau Adresse Unterauftragnehmer,
Job Worker Contact,Vertrag des Unterauftragnehmers,
Job Worker Delivery Note,Lieferschein des Unterauftragnehmers,
Job Worker Name,Name des Unterauftragnehmer,
Job Worker Warehouse,Lagerhaus des Unterauftragnehmers,
Joining,Beitritt,
Journal Entry,Buchungssatz,
Journal Entry Account,Journalbuchungskonto,
Journal Entry Template,Buchungssatz-Vorlage,
Journal Entry Template Account,Buchungssatzvorlagenkonto,
Journal Entry Type,Buchungssatz-Typ,
Journal Entry for Scrap,Buchungssatz für Ausschuss,
Journals,Buchungen,
"Keep Track of Sales Campaigns. Keep track of Leads, Quotations, Sales Order etc from Campaigns to gauge Return on Investment. ","Verkaufskampagne verfolgen: Leads, Angebote, Aufträge usw. von Kampagnen beobachten um die Kapitalverzinsung (RoI) zu messen.",
Key,Schlüssel,
Keyboard Shortcuts,Tastaturkürzel,
Label,Bezeichnung,
Landed Cost Help,Hilfe zum Einstandpreis,
Landed Cost Item,Einstandspreis-Artikel,
Landed Cost Purchase Receipt,Einstandspreis-Eingangsbeleg,
Landed Cost Taxes and Charges,Einstandspreis Steuern und Gebühren,
Landed Cost Voucher,Beleg über Einstandskosten,
Landed Cost Voucher Amount,Einstandskosten,
Landscape,Landschaft,
Language,Sprache,
Lapsed,Überschritten,
Last Carbon Check,Last Kohlenstoff prüfen,
Last Completion Date,Letztes Fertigstellungsdatum,
Last Integration Date,Letztes Integrationsdatum,
Last Name,Familienname,
Last Purchase Rate,Letzter Anschaffungspreis,
Latitude,Breite,
Lead,Lead,
Lead Details,Einzelheiten zum Lead,
Lead Name,Name des Leads,
Lead Owner,Eigentümer des Leads,
Lead Owner Efficiency,Lead Besitzer Effizienz,
Lead Source,Lead Ursprung,
Lead Time,Vorlaufzeit,
Lead Time Date,Lieferzeit und -datum,
Lead Time in days,Lieferzeit in Tagen,
Lead Type,Lead-Typ,
Leads,Interessenten,
"Learn about <a href=""https://docs.erpnext.com/docs/v13/user/manual/en/accounts/articles/common_party_accounting#:~:text=Common%20Party%20Accounting%20in%20ERPNext,Invoice%20against%20a%20primary%20Supplier."">Common Party</a>","Erfahren Sie mehr über die <a href=""https://docs.erpnext.com/docs/v13/user/manual/en/accounts/articles/common_party_accounting#:~:text=Common%20Party%20Accounting%20in%20ERPNext,Invoice%20against%20a%20primary%20Supplier."">Verknüpfung von Kunden und Lieferanten</a>",
Leave Encashed?,Urlaub eingelöst?,
"Leave blank for home.
This is relative to site URL, for example ""about"" will redirect to ""https://yoursitename.com/about""","Für „Home“ leer lassen.
Dies ist relativ zur Site-URL, beispielsweise wird „about“ zu „https://yoursitename.com/about“ weitergeleitet",
Leave blank if the Supplier is blocked indefinitely,"Leer lassen, wenn der Lieferant für unbestimmte Zeit gesperrt ist",
Leave blank to use the standard Delivery Note format,"Leer lassen, um das Standard-Lieferscheinformat zu verwenden",
Ledger Health,Kontenintegrität,
Ledger Health Monitor,Kontenintegritätsmonitor,
Ledger Health Monitor Company,Kontenintegritätsmonitor Unternehmen,
Ledger Merge,Kontenzusammenführung,
Ledger Merge Accounts,Kontenzusammenführung Konten,
Left,Links,
Left Child,Linker Unterknoten,
Left Index,Linker Index,
Legal Entity / Subsidiary with a separate Chart of Accounts belonging to the Organization.,"Juristische Person/Niederlassung mit einem separaten Kontenplan, die zum Unternehmen gehört.",
Length (cm),Länge (cm),
Letter Head,Briefkopf,
Letter or Email Body Text,Brief- oder E-Mail-Text,
Letter or Email Closing Text,Schlusstext für Briefe oder E-Mails,
Level,Ebene,
Level (BOM),Ebene (Stückliste),
Lft,Lft,
Liability,Verbindlichkeit,
License Details,Lizenzdetails,
License Number,Lizenznummer,
License Plate,Nummernschild,
Likes,Likes,
Limit timeslot for Stock Reposting,Zeitfenster für Bestandsumbuchung begrenzen,
Limited to 12 characters,Limitiert auf 12 Zeichen,
Limits don't apply on,Einschränkungen gelten nicht für,
Line spacing for amount in words,Zeilenabstand für Betrag in Worten,
Link,Verknüpfung,
Link Options,Verknüpfungsoptionen,
Link existing Quality Procedure.,Bestehendes Qualitätsverfahren verknüpfen.,
Linked Documents,Verknüpfte Dokumente,
Linked Invoices,Verknüpfte Rechnungen,
Linked Location,Verknüpfter Ort,
Links,Verknüpfungen,
List items that form the package.,"Die Artikel auflisten, die das Paket bilden.",
Load All Criteria,Alle Kriterien laden,
Loan,Darlehen,
Loan End Date,Darlehensende,
Loan Period (Days),Leihfrist (Tage),
Loan Start Date,Startdatum des Darlehens,
Location,Ort,
Location Details,Standortdetails,
Location Name,Standortname,
Locked,Gesperrt,
Log Entries,Protokolleinträge,
Log out,Abmelden,
Log the selling and buying rate of an Item,Protokollieren Sie den Verkaufs- und Kaufkurs eines Artikels,
Logo,Logo,
Longitude,Längengrad,
Lost,Verloren,
Lost Opportunity,Verpasste Gelegenheit,
Lost Quotation,Verlorene Angebote,
Lost Quotations,Verlorene Angebote,
Lost Reason,Verlustgrund,
Lost Reason Detail,Verlorene Begründung Detail,
Lost Reasons,Verlorene Gründe,
Low,Niedrig,
Lower Deduction Certificate,Unteres Abzugszertifikat,
Loyalty Amount,Loyalitätsbetrag,
Loyalty Point Entry,Loyalitätspunkteintrag,
Loyalty Point Entry Redemption,Loyalty Point Entry Rückzahlung,
Loyalty Points,Treuepunkte,
Loyalty Points Redemption,Treuepunkte-Einlösung,
Loyalty Program,Treueprogramm,
Loyalty Program Collection,Treueprogramm-Sammlung,
Loyalty Program Help,Treueprogramm Hilfe,
Loyalty Program Name,Name des Treueprogramms,
Loyalty Program Tier,Loyalitätsprogramm-Stufe,
Loyalty Program Type,Treueprogrammtyp,
MAT-DN-.YYYY.-,MAT-DN-.YYYY.-,
MAT-DN-RET-.YYYY.-,MAT-DN-RET-.YYYY.-,
MAT-INS-.YYYY.-,MAT-INS-.YYYY.-,
MAT-MSH-.YYYY.-,MAT-MSH-.YYYY.-,
MAT-MVS-.YYYY.-,MAT-MVS-.YYYY.-,
MAT-PR-RET-.YYYY.-,MAT-PR-RET-.YYYY.-,
MAT-PRE-.YYYY.-,MAT-PRE-.JJJJ.-,
MAT-QA-.YYYY.-,MAT-QA-.YYYY.-,
MFG-BLR-.YYYY.-,MFG-BLR-.YYYY.-,
MFG-PP-.YYYY.-,MFG-PP-.YYYY.-,
MFG-WO-.YYYY.-,MFG-WO-.YYYY.-,
Machine malfunction,Maschinenstörung,
Machine operator errors,Maschinenbedienerfehler,
Main Cost Center,Hauptkostenstelle,
Maintain Same Rate Throughout Sales Cycle,Gleiche Preise während des gesamten Verkaufszyklus beibehalten,
Maintain Same Rate Throughout the Purchase Cycle,Behalten Sie den gleichen Preis während des gesamten Kaufzyklus bei,
Maintain Stock,Lager verwalten,
Maintenance,Wartung,
Maintenance Date,Wartungsdatum,
Maintenance Details,Wartungsdetails,
Maintenance Manager,Leiter der Wartung,
Maintenance Manager Name,Name des Wartungs-Managers,
Maintenance Required,Wartung erforderlich,
Maintenance Role,Wartungsrolle,
Maintenance Schedule,Wartungsplan,
Maintenance Schedule Detail,Wartungsplandetail,
Maintenance Schedule Item,Wartungsplanposten,
Maintenance Schedules,Wartungspläne,
Maintenance Status,Wartungsstatus,
Maintenance Task,Wartungsaufgabe,
Maintenance Tasks,Wartungsaufgaben,
Maintenance Team,Wartungs Team,
Maintenance Team Member,Wartungsteammitglied,
Maintenance Team Members,Mitglieder des Wartungsteams,
Maintenance Team Name,Name des Wartungsteams,
Maintenance Time,Wartungszeit,
Maintenance Type,Wartungstyp,
Maintenance User,Nutzer Instandhaltung,
Maintenance Visit,Wartungsbesuch,
Maintenance Visit Purpose,Zweck des Wartungsbesuchs,
Major/Optional Subjects,Wichtiger/wahlweiser Betreff,
Make,Erstellen,
Make Depreciation Entry,Neuen Abschreibungseintrag erstellen,
Make Difference Entry,Differenzbuchung erstellen,
Make Payment via Journal Entry,Zahlung über Buchungssatz,
Make Sales Invoice,Ausgangsrechnung erstellen,
Make Serial No / Batch from Work Order,Seriennummer / Charge aus Arbeitsauftrag herstellen,
Manage cost of operations,Arbeitsgangkosten verwalten,
Mandatory,Zwingend notwendig,
Mandatory Depends On,Bedingung für Pflichtfeld,
Mandatory For Balance Sheet,Obligatorisch für Bilanz,
Mandatory For Profit and Loss Account,Obligatorisch für Gewinn- und Verlustrechnung,
Mandatory Section,Obligatorischer Abschnitt,
Manual,Manuell,
Manual Inspection,Manuelle Inspektion,
Manufacture,Fertigung,
Manufacture against Material Request,"Herstellen, gegen Material anfordern",
Manufactured Qty,Produzierte Menge,
Manufacturer,Hersteller,
Manufacturer Part Number,Herstellernummer,
Manufacturers used in Items,Hersteller im Artikel verwendet,
Manufacturing,Fertigung,
Manufacturing Date,Herstellungsdatum,
Manufacturing Manager,Fertigungsleiter,
Manufacturing Section,Fertigungsabteilung,
Manufacturing Settings,Fertigungseinstellungen,
Manufacturing Type,Fertigungstyp,
Manufacturing User,Nutzer Fertigung,
Margin,Marge,
Margin Money,Margengeld,
Margin Rate or Amount,Marge oder Betrag,
Margin Type,Margenart,
Marital Status,Familienstand,
Market Segment,Marktsegment,
Married,Verheiratet,
Mask,Maske,
Material Consumption for Manufacture,Materialverbrauch für die Herstellung,
Material Issue,Materialentnahme,
Material Receipt,Materialannahme,
Material Request,Materialanfrage,
Material Request Date,Material Auftragsdatum,
Material Request Detail,Materialanforderungsdetail,
Material Request Item,Materialanfrageartikel,
Material Request Plan Item,Materialanforderung Planelement,
Material Request Planning,Materialanforderungsplanung,
Material Request Type,Materialanfragetyp,
Material Request used to make this Stock Entry,Materialanfrage wurde für die Erstellung dieser Lagerbuchung verwendet,
Material Requested,Material angefordert,
Material Requests,Materialwünsche,
Material Requests for which Supplier Quotations are not created,"Materialanfragen, für die keine Lieferantenangebote erstellt werden",
Material Transfer,Materialübertrag,
Material Transfer for Manufacture,Materialübertrag für Herstellung,
Material Transferred,Material übertragen,
Material Transferred for Manufacture,Material zur Herstellung übertragen,
Material Transferred for Manufacturing,Material zur Herstellung übertragen,
Material Transferred for Subcontract,Material für den Untervertrag übertragen,
Materials Required (Exploded),Benötigte Materialien (erweitert),
Max Amount,Maximale Menge,
Max Amt,Max Amt,
Max Discount (%),Maximaler Rabatt (%),
Max Grade,Max Grade,
Max Qty,Maximalmenge,
Max Qty (As Per Stock UOM),Maximale Menge (gemäß Lager-ME),
Max Sample Quantity,Max. Probenmenge,
Max Score,Max. Ergebnis,
Maximum Invoice Amount,Maximaler Rechnungsbetrag,
Maximum Net Rate,Maximaler Nettopreis,
Maximum Payment Amount,Maximaler Zahlungsbetrag,
Maximum Use,Maximale Nutzung,
Maximum Value,Maximalwert,
Maximum sample quantity that can be retained,"Maximale Probenmenge, die beibehalten werden kann",
Medium,Mittel,
Mention if non-standard Receivable account,"Festlegen, falls nicht das Standard-Forderungskonto verwendet werden soll",
Mention if non-standard payable account,"Erwähnen Sie, wenn nicht standardmäßig zahlbares Konto",
Mention if non-standard receivable account applicable,"Vermerken, wenn kein Standard-Forderungskonto verwendbar ist",
Merge Invoices Based On,Rechnungen zusammenführen auf Basis von,
Merge Similar Account Heads,Ähnliche Bezeichnung der Konten zusammenführen,
Merged,Zusammengeführt,
Message,Botschaft,
Message Examples,Mitteilungsbeispiele,
Message for Supplier,Nachricht für Lieferanten,
Message to show,Nachricht anzeigen,
Message will be sent to the users to get their status on the Project,"Es wird eine Nachricht an die Benutzer gesendet, um über den Projektstatus zu informieren",
Messages greater than 160 characters will be split into multiple messages,Mitteilungen mit mehr als 160 Zeichen werden in mehrere Nachrichten aufgeteilt,
Middle Name,Zweiter Vorname,
Min Amount,Mindestbetrag,
Min Amt,Min Amt,
Min Grade,Min,
Min Order Qty,Mindestbestellmenge,
Min Qty,Mindestmenge,
Min Qty (As Per Stock UOM),Mindestmenge (gemäß Lager-ME),
Minimum Invoice Amount,Minimaler Rechnungsbetrag,
Minimum Net Rate,Mindestnettopreis,
Minimum Order Qty,Mindestbestellmenge,
Minimum Order Quantity,Mindestbestellmenge,
Minimum Payment Amount,Mindestzahlungsbetrag,
Minimum Total Spent,Mindestgesamtverbrauch,
Minimum Value,Minimalwert,
Minimum quantity should be as per Stock UOM,Die Mindestmenge sollte der Lagermenge entsprechen,
Minute,Minute,
Minutes,Protokolle,
Mixed Conditions,Gemischte Bedingungen,
Mobile,Mobile,
Mobile No,Mobilfunknummer,
Mode of Payment,Zahlungsart,
Mode of Payment Account,Art des Zahlungskontos,
Model,Modell,
Modes of Payment,Zahlungsmodi,
Monday,Montag,
Monitor Progress,Überwachung der Fortschritte,
Monitor for Last 'X' days,Letzte 'X' Tage überwachen,
Monitoring Frequency,Überwachungsfrequenz,
Month,Monat,
Month(s) after the end of the invoice month,Monat (e) nach dem Ende des Rechnungsmonats,
Monthly,Monatlich,
Monthly Distribution,Monatsbezogene Verteilung,
Monthly Distribution Percentage,Prozentuale Aufteilung der monatsweisen Verteilung,
Monthly Distribution Percentages,Prozentuale Aufteilungen der monatsweisen Verteilung,
Monthly Rate,Monatliche Rate,
Monthly Sales Target,Monatliches Verkaufsziel,
Months,Monate,
More Info,Weitere Informationen,
More Information,Mehr Informationen,
More/Less than 12 months.,Mehr/Weniger als 12 Monate.,
Moving Average,Gleitender Durchschnitt,
Multi Currency,Unterschiedliche Währungen,
Multiple Tier Program,Mehrstufiges Programm,
Must be Whole Number,Muss eine ganze Zahl sein,
Must be a publicly accessible Google Sheets URL and adding Bank Account column is necessary for importing via Google Sheets,Es muss sich um eine öffentlich zugängliche Google Sheets URL handeln und das Hinzufügen der Spalte Bankkonto ist für den Import über Google Sheets erforderlich,
Mute Email,Mute Email,
My Profile,Mein Profil,
My Settings,Meine Einstellungen,
N/A,nicht verfügbar,
Name,Name,
Name and Employee ID,Name und Mitarbeiter-ID,
Name of Beneficiary,Name des Begünstigten,
Name of the Monthly Distribution,Bezeichnung der monatsweisen Verteilung,
Named Place,Benannter Ort,
Naming Series,Nummernkreis,
Naming Series Prefix,Präfix Nummernkreis,
Naming Series and Price Defaults,Nummernkreis und Preisvorgaben,
Natural Gas,Erdgas,
Net Amount,Nettobetrag,
Net Amount (Company Currency),Nettobetrag (Unternehmenswährung),
Net Hour Rate,Nettostundensatz,
Net Rate,Nettopreis,
Net Rate (Company Currency),Nettopreis (Unternehmenswährung),
Net Total,Nettosumme,
Net Total (Company Currency),Nettosumme (Unternehmenswährung),
Net Weight,Nettogewicht,
Net Weight UOM,Nettogewichtmaßeinheit,
New Asset Value,Neuer Anlagenwert,
New BOM,Neue Stückliste,
New Balance In Account Currency,Neuer Saldo in Kontowährung,
New Balance In Base Currency,Neuer Kontostand in der Basiswährung,
New Exchange Rate,Neuer Wechselkurs,
New Expenses,Neue Ausgaben,
New Income,Neuer Verdienst,
New Purchase Invoice,Neue Eingangsrechnung,
New Purchase Orders,Neue Bestellungen an Lieferanten,
New Quotations,Neue Angebote,
New Sales Invoice,Neue Ausgangsrechnung,
New Sales Orders,Neue Aufträge,
New Workplace,Neuer Arbeitsplatz,
New invoices will be generated as per schedule even if current invoices are unpaid or past due date,"Neue Rechnungen werden planmäßig erstellt, auch wenn aktuelle Rechnungen nicht bezahlt wurden oder überfällig sind",
Next Depreciation Date,Nächstes Abschreibungsdatum,
Next Due Date,Nächstes Fälligkeitsdatum,
Next email will be sent on:,Nächste E-Mail wird gesendet am:,
No,Nein,
No Answer,Keine Antwort,
No of Docs,Anzahl der Dokumente,
No of Employees,Anzahl der Mitarbeiter,
No of Months (Expense),Anzahl der Monate (Ausgaben),
No of Months (Revenue),Anzahl der Monate (Einnahmen),
No of Requested SMS,Anzahl angeforderter SMS,
No of Sent SMS,Anzahl abgesendeter SMS,
No of Shares,Anzahl der Anteile,
No of Visits,Anzahl der Besuche,
No stock transactions can be created or modified before this date.,Vor diesem Datum können keine Lagervorgänge erstellt oder geändert werden.,
No. of Employees,Anzahl Mitarbeiter,
Non Conformance,Nichtkonformität,
None,Keiner,
Not Applicable,Nicht andwendbar,
Not Billed,Nicht abgerechnet,
Not Delivered,Nicht geliefert,
Not Started,Nicht begonnen,
Note,Anmerkung,
Note: Email will not be sent to disabled users,Hinweis: E-Mail wird nicht an gesperrte Nutzer gesendet,
Notes,Hinweise,
Notes HTML,Notizen HTML,
Notice (days),Kündigungsfrist (Tage),
Notify Employee,Mitarbeiter benachrichtigen,
Notify Other,Andere benachrichtigen,
Notify Supplier,Lieferanten benachrichtigen,
Notify Via Email,Per E-Mail benachrichtigen,
Notify by Email on Creation of Automatic Material Request,Benachrichtigen Sie per E-Mail über die Erstellung einer automatischen Materialanforderung,
Notify customer and agent via email on the day of the appointment.,Benachrichtigen Sie den Kunden und den Vertreter am Tag des Termins per E-Mail.,
Number of Columns,Anzahl der Spalten,
Number of Concurrent Appointments,Anzahl gleichzeitiger Termine,
Number of Days,Anzahl der Tage,
Number of columns for this section. 3 cards will be shown per row if you select 3 columns.,"Anzahl der Spalten für diesen Abschnitt. Wenn Sie 3 Spalten auswählen, werden 3 Karten pro Zeile angezeigt.",
Number of days after invoice date has elapsed before canceling subscription or marking subscription as unpaid,"Anzahl der Tage nach Rechnungsdatum, bevor Abonnement oder Zeichnungsabonnement als unbezahlt storniert werden",
Number of days appointments can be booked in advance,Anzahl der Tage Termine können im Voraus gebucht werden,
Number of days that the subscriber has to pay invoices generated by this subscription,"Anzahl der Tage, an denen der Abonnent die von diesem Abonnement generierten Rechnungen bezahlen muss",
"Number of intervals for the interval field e.g if Interval is 'Days' and Billing Interval Count is 3, invoices will be generated every 3 days","Anzahl der Intervalle für das Intervallfeld, z. B. wenn das Intervall &quot;Tage&quot; ist und das Abrechnungsintervall 3 beträgt, werden die Rechnungen alle 3 Tage generiert",
Numeric,Numerisch,
Numeric Inspection,Numerische Prüfung,
Numeric Values,Numerische Werte,
O+,O +,
O-,O-,
Objective,Zielsetzung,
Objectives,Ziele,
Odometer Value (Last),(letzter) Tachostand,
Off,aus,
Offer Date,Angebotsdatum,
Offsetting Account,Verrechnungskonto,
Old Parent,Alte übergeordnetes Element,
On Hold,Auf Eis gelegt,
On Hold Since,Auf Eis gelegt seit,
On Item Quantity,Auf Artikelmenge,
On Net Total,Auf Nettosumme,
On Paid Amount,Auf bezahlten Betrag,
On Previous Row Amount,Auf vorherigen Zeilenbetrag,
On Previous Row Total,Auf vorherige Zeilensumme,
On enabling this cancellation entries will be posted on the actual cancellation date and reports will consider cancelled entries as well,"Wenn Sie diese Option aktivieren, werden die Stornobuchungen am tatsächlichen Stornodatum gebucht und die Berichte berücksichtigen auch stornierte Einträge",
"On submission of the stock transaction, system will auto create the Serial and Batch Bundle based on the Serial No / Batch fields.",Bei der Buchung der Bestandstransaktion erstellt das System automatisch das Serien- und Chargenbündel auf der Grundlage der Felder Seriennummer/Chargennummer.,
On-machine press checks,Pressenprüfungen an der Maschine,
"Once set, this invoice will be on hold till the set date","Einmal eingestellt, liegt diese Rechnung bis zum festgelegten Datum auf Eis",
Only 'Payment Entries' made against this advance account are supported.,"Es werden nur 'Zahlungsbuchungen' unterstützt, die gegen dieses Vorschusskonto vorgenommen werden.",
Only Deduct Tax On Excess Amount ,Nur den überschüssigen Betrag versteuern,
Only Include Allocated Payments,Nur zugeordnete Zahlungen einbeziehen,
Only applies for Normal Payments,Gilt nur für normale Zahlungen,
Only leaf nodes are allowed in transaction,In dieser Transaktion sind nur Unterknoten erlaubt,
Only show Customer of these Customer Groups,Nur Kunden dieser Kundengruppen anzeigen,
Only show Items from these Item Groups,Nur Artikel aus diesen Artikelgruppen anzeigen,
"Only values between [0,1) are allowed. Like {0.00, 0.04, 0.09, ...}
Ex: If allowance is set at 0.07, accounts that have balance of 0.07 in either of the currencies will be considered as zero balance account","Es sind nur Werte zwischen [0;1) zulässig. Wie {0,00; 0,04; 0,09; ...}
Beispiel: Wenn der Freibetrag auf 0,07 festgelegt ist, werden Konten mit einem Saldo von 0,07 in einer der beiden Währungen als Konten mit Nullsaldo betrachtet.",
Open,Offen,
Open Activities HTML,Alle Aktivitäten HTML,
Open Issues,Offene Punkte,
Open Notifications,Offene Benachrichtigungen,
Open Projects,Projekte öffnen,
Open Quotations,Angebote öffnen,
Open To Do,Öffnen Sie zu tun,
Open Work Orders,Arbeitsaufträge öffnen,
Opening Accumulated Depreciation,Öffnungs Kumulierte Abschreibungen,
Opening Amount,Eröffnungsbetrag,
Opening Balance Details,Details zum Eröffnungsguthaben,
Opening Date,Eröffnungsdatum,
Opening Entry,Eröffnungsbuchung,
Opening Invoice Creation Tool,Offene Rechnungen übertragen,
Opening Invoice Creation Tool Item,Eröffnen des Rechnungserstellungswerkzeugs,
Opening Stock,Anfangsbestand,
Opening Time,Öffnungszeit,
Operating Cost,Betriebskosten,
Operating Cost (Company Currency),Betriebskosten (Gesellschaft Währung),
Operating Cost Per BOM Quantity,Betriebskosten pro Stücklistenmenge,
Operating Cost(Company Currency),Betriebskosten (Gesellschaft Währung),
Operating Costs,Betriebskosten,
Operation,Arbeitsgang,
Operation Cost,Kosten eines Arbeitsgangs,
Operation Description,Vorgangsbeschreibung,
Operation ID,Betriebs-ID,
Operation Row Number,Nummer der Operationszeile,
Operation Time,Zeit für einen Arbeitsgang,
Operation completed for how many finished goods?,Für wie viele fertige Erzeugnisse wurde der Arbeitsgang abgeschlossen?,
Operation time does not depend on quantity to produce,Die Vorgangsdauer hängt nicht von der zu produzierenden Menge ab,
Operations,Arbeitsvorbereitung,
Operator,Operator,
Opportunities,Chancen,
Opportunity,Chance,
Opportunity Amount,Betrag der Chance,
Opportunity Amount (Company Currency),Chance Betrag (Währung des Unternehmens),
Opportunity Date,Datum der Chance,
Opportunity From,Chance von,
Opportunity Item,Chance-Artikel,
Opportunity Lost Reason,Verlorene Gelegenheitsgründe,
Opportunity Lost Reason Detail,Gelegenheit verloren Grund Detail,
Opportunity Owner,Chancen-Inhaber,
Opportunity Summary by Sales Stage,Chance Zusammenfassung nach Verkaufsstufe,
Opportunity Type,Chance-Typ,
Opportunity Value,Wert,
Optimize Route,Route optimieren,
Options,Optionen,
Orange,Orange,
Order Confirmation Date,Auftragsbestätigungsdatum,
Order Confirmation No,Auftragsbestätigung Nr,
Order Information,Bestellinformationen,
Order Status,Bestellstatus,
Order Type,Bestellart,
"Order in which sections should appear. 0 is first, 1 is second and so on.","Reihenfolge, in der Abschnitte angezeigt werden sollen. 0 ist zuerst, 1 ist an zweiter Stelle und so weiter.",
Ordered,Bestellt,
Ordered Qty,Bestellte Menge,
Ordered Quantity,Bestellte Menge,
Organization,Firma,
Organization Name,Firmenname,
Orientation,Orientierung,
Original Item,Originalartikel,
Other,Andere,
Other Details,Andere Details,
Other Info,Sonstiges,
Other Settings,Weitere Einstellungen,
Out of AMC,Außerhalb des jährlichen Wartungsvertrags,
Out of Order,Außer Betrieb,
Out of Warranty,Außerhalb der Garantie,
Outgoing,Ausgang,
Outgoing Rate,Verkaufspreis,
Outstanding,Ausstehend,
Outstanding Amount,Ausstehender Betrag,
Outward,Nach außen,
Over Billing Allowance (%),Mehr als Abrechnungsbetrag (%),
Over Delivery/Receipt Allowance (%),Überlieferung / Belegzuschlag (%),
Over Picking Allowance,Überkommissionierzugabe,
Over Transfer Allowance,Überschlusstransferzugabe,
Over Transfer Allowance (%),Überweisungstoleranz (%),
Overdue,Überfällig,
Overdue Days,Überfällige Tage,
Overdue Payment,Überfällige Zahlung,
Overdue Payments,Überfällige Zahlungen,
Overdue and Discounted,Überfällig und abgezinst,
Overproduction Percentage For Sales Order,Überproduktionsprozentsatz für Auftrag,
Overproduction Percentage For Work Order,Überproduktionsprozentsatz für Arbeitsauftrag,
Overproduction for Sales and Work Order,Überproduktion für Kunden- und Arbeitsauftrag,
Overview,Übersicht,
Owned,Im Besitz von,
PAN No,PAN Nr,
PDF Name,PDF-Name,
PIN,STIFT,
PMO-,PMO-,
PO Supplied Item,PO geliefertes Einzelteil,
PO-JOB.#####,PO-JOB. #####,
POS,Verkaufsstelle,
POS Closing Entry,POS Closing Entry,
POS Closing Entry Detail,POS Closing Entry Detail,
POS Closing Entry Taxes,POS Closing Entry Taxes,
POS Customer Group,POS Kundengruppe,
POS Field,POS-Feld,
POS Invoice,POS-Rechnung,
POS Invoice Item,POS-Rechnungsposition,
POS Invoice Merge Log,POS-Rechnungszusammenführungsprotokoll,
POS Invoice Reference,POS-Rechnungsreferenz,
POS Invoices,POS-Rechnungen,
POS Item Group,POS Artikelgruppe,
POS Opening Entry,POS-Eröffnungseintrag,
POS Opening Entry Detail,Detail des POS-Eröffnungseintrags,
POS Payment Method,POS-Zahlungsmethode,
POS Profile,Verkaufsstellen-Profil,
POS Profile User,POS-Profilbenutzer,
POS Register,POS-Register,
POS Search Fields,POS-Suchfelder,
POS Setting,POS-Einstellungen,
POS Settings,POS-Einstellungen,
POS Transactions,POS-Transaktionen,
POS-CLO-,POS-CLO-,
PSOA Cost Center,PSOA-Kostenstelle,
PSOA Project,PSOA-Projekt,
PU-SSP-.YYYY.-,PU-SSP-.YYYY.-,
PUR-ORD-.YYYY.-,PUR-ORD-.YYYY.-,
PUR-RFQ-.YYYY.-,PUR-RFQ-.YYYY.-,
PUR-SQTN-.YYYY.-,PUR-SQTN-.JJJJ.-,
Package Weight Details,Details zum Verpackungsgewicht,
Packed Item,Verpackter Artikel,
Packed Items,Verpackte Artikel,
Packed Qty,Verpackte Menge,
Packing List,Packliste,
Packing Slip,Packzettel,
Packing Slip Item,Position auf dem Packzettel,
Packing Unit,Verpackungseinheit,
Page Break,Seitenumbruch,
Page Break After Each SoA,Seitenumbruch nach jeder Kontoabrechnung,
Paid,Bezahlt,
Paid Amount,Gezahlter Betrag,
Paid Amount (Company Currency),Gezahlter Betrag (Unternehmenswährung),
Paid Amount After Tax,Gezahlter Betrag nach Steuern,
Paid Amount After Tax (Company Currency),Gezahlter Betrag nach Steuern (Währung des Unternehmens),
Paid From Account Type,Bezahlt von Kontotyp,
Paid Loan,Bezahlter Kredit,
Paid To Account Type,Bezahlt an Kontotyp,
Pallets,Paletten,
Parameter,Parameter,
Parameter Group,Parametergruppe,
Parameter Group Name,Name der Parametergruppe,
Parameter Name,Parametername,
Parameters,Parameter,
Parcel Template,Paketvorlage,
Parcel Template Name,Paketvorlagenname,
Parcels,Pakete,
Parent,Übergeordnetes Element,
Parent Account,Übergeordnetes Konto,
Parent Batch,Übergeordnete Charge,
Parent Company,Muttergesellschaft,
Parent Cost Center,Übergeordnete Kostenstelle,
Parent Customer Group,Übergeordnete Kundengruppe,
Parent Department,Elternabteilung,
Parent Detail docname,Übergeordnetes Detail Dokumentenname,
Parent Document,Übergeordnetes Dokument,
Parent Item,Übergeordneter Artikel,
Parent Item Group,Übergeordnete Artikelgruppe,
Parent Location,Übergeordneter Standort,
Parent Procedure,Übergeordnetes Verfahren,
Parent Row No,Übergeordnete Zeilennr,
Parent Sales Person,Übergeordneter Vertriebsmitarbeiter,
Parent Supplier Group,Eltern-Lieferantengruppe,
Parent Task,Übergeordnete Aufgabe,
Parent Territory,Übergeordnete Region,
Parent Warehouse,Übergeordnetes Lager,
Partial Material Transferred,Material teilweise übertragen,
Partial Success,Teilerfolg,
"Partial stock can be reserved. For example, If you have a Sales Order of 100 units and the Available Stock is 90 units then a Stock Reservation Entry will be created for 90 units. ","Teilbestände können reserviert werden. Wenn Sie beispielsweise einen Verkaufsauftrag über 100 Einheiten haben und der verfügbare Bestand 90 Einheiten beträgt, wird eine Bestandsreservierung für 90 Einheiten erstellt.",
Partially Completed,Teilweise abgeschlossen,
Partially Delivered,Teilweise geliefert,
Partially Depreciated,Teilweise abgeschrieben,
Partially Fulfilled,Teilweise erfüllt,
Partially Ordered,Teilweise bestellt,
Partially Paid,Teilweise bezahlt,
Partially Received,Teilweise erhalten,
Partially Reconciled,Teilweise abgeglichen,
Partially Reserved,Teilweise reserviert,
Partly Billed,Teilweise abgerechnet,
Partly Delivered,Teilweise geliefert,
Partly Paid,Teilweise bezahlt,
Partner Type,Partnertyp,
Partner website,Partner-Website,
Partnership,GbR,
Party,Partei,
Party Account,Konto der Partei,
Party Account Currency,Währung des Kontos der Partei,
Party Account No. (Bank Statement),Konto-Nr. der Partei (Kontoauszug),
Party Balance,Saldo der Partei,
Party Bank Account,Bankkonto der Partei,
Party Details,Details der Partei,
Party IBAN (Bank Statement),IBAN der Partei (Kontoauszug),
Party Information,Informationen zur Partei,
Party Item Code,Beteiligter Artikel Code,
Party Name,Name der Partei,
Party Name/Account Holder (Bank Statement),Name der Partei/Kontoinhaber (Kontoauszug),
Party Specific Item,Parteispezifischer Artikel,
Party Type,Partei-Typ,
Party User,Benutzer der Partei,
Passed,Bestanden,
Passport Details,Angaben zum Reisepass,
Passport Number,Passnummer,
Past Due Date,Fälligkeitsdatum,
Path,Pfad,
Pause,Anhalten,
Pause SLA On Status,SLA On Status anhalten,
Paused,Pausiert,
Pay,Zahlen,
Pay To / Recd From,Zahlen an/Erhalten von,
Payable,Zahlbar,
Payables,Verbindlichkeiten,
Payer Settings,Payer Einstellungen,
Payment,Bezahlung,
Payment Account,Zahlungskonto,
Payment Amount,Zahlungsbetrag,
Payment Amount (Company Currency),Zahlungsbetrag (Unternehmenswährung),
Payment Channel,Zahlungskanal,
Payment Deductions or Loss,Zahlung Abzüge oder Verlust,
Payment Document,Zahlungsbeleg,
Payment Due Date,Zahlungsstichtag,
Payment Entries,Zahlungs Einträge,
Payment Entry,Zahlung,
Payment Entry Deduction,Zahlungsabzug,
Payment Entry Reference,Zahlungsreferenz,
Payment From / To,Zahlung von / an,
Payment Gateway,Zahlungs-Gateways,
Payment Gateway Account,Payment Gateway Konto,
Payment Gateway Details,Payment Gateway-Details,
Payment Ledger,Zahlungsbuch,
Payment Ledger Entry,Zahlungsbucheintrag,
Payment Limit,Zahlungslimit,
Payment Methods,Zahlungsarten,
Payment Order,Zahlungsauftrag,
Payment Order Reference,Zahlungsauftragsreferenz,
Payment Order Status,Zahlungsauftragsstatus,
Payment Order Type,Zahlungsauftragsart,
Payment Ordered,Zahlung bestellt,
Payment Period Based On Invoice Date,Zahlungszeitraum basierend auf Rechnungsdatum,
Payment Plan,Zahlungsplan,
Payment Reconciliation,Zahlungsabgleich,
Payment Reconciliation Invoice,Rechnung zum Zahlungsabgleich,
Payment Reconciliation Payment,Zahlung zum Zahlungsabgleich,
Payment Reconciliation Settings,Einstellungen für den Zahlungsabgleich,
Payment Reference,Zahlungsreferenz,
Payment References,Bezahlung Referenzen,
Payment Request,Zahlungsaufforderung,
Payment Request Outstanding,Ausstehende Zahlungsanforderung,
Payment Request Type,Zahlungsauftragstyp,
Payment Request created from Sales Order or Purchase Order will be in Draft status. When disabled document will be in unsaved state.,"Eine Zahlungsanforderung, die aus einem Auftrag oder einer Bestellung erstellt wurde, wird im Entwurfsstatus sein. Wenn deaktiviert, wird das Dokument in ungespeichertem Zustand sein.",
Payment Schedule,Zahlungsplan,
Payment Term,Zahlungsbedingung,
Payment Term Name,Name der Zahlungsbedingung,
Payment Terms,Zahlungsbedingungen,
Payment Terms Status for Sales Order,Status für Zahlungsbedingungen für Aufträge,
Payment Terms Template,Vorlage Zahlungsbedingungen,
Payment Terms Template Detail,Details zur Zahlungsbedingungsvorlage,
Payment Terms from orders will be fetched into the invoices as is,Zahlungsbedingungen aus Aufträgen werden eins zu eins in Rechnungen übernommen,
Payment Type,Zahlungsart,
Payments,Zahlungen,
Payroll Entry,Personalabrechnung,
Payslip,payslip,
Pending,Ausstehend,
Pending Amount,Ausstehender Betrag,
Pending Qty,Ausstehende Menge,
Pending Review,Wartet auf Überprüfung,
Pending SO Items For Purchase Request,Ausstehende Artikel aus Aufträgen für Lieferantenanfrage,
Per Month,Pro Monat,
Per Received,% Empfangen,
Per Transferred,Per übertragen,
Per Week,Pro Woche,
Per Year,Pro Jahr,
Percentage,Prozentsatz,
Percentage (%),Prozentsatz (%),
Percentage Allocation,Prozentuale Aufteilung,
Percentage you are allowed to order beyond the Blanket Order quantity.,"Prozentsatz, den Sie über die Rahmenaustragsmenge hinaus bestellen dürfen.",
Percentage you are allowed to sell beyond the Blanket Order quantity.,"Prozentsatz, den Sie über die Rahmenbestellmenge hinaus verkaufen dürfen.",
Percentage you are allowed to transfer more against the quantity ordered. For example: If you have ordered 100 units. and your Allowance is 10% then you are allowed to transfer 110 units.,"Prozentsatz, den Sie mehr gegen die bestellte Menge übertragen dürfen. Zum Beispiel: Wenn Sie 100 Stück bestellt haben. und Ihr Freibetrag beträgt 10%, dann dürfen Sie 110 Einheiten übertragen.",
Period Closing Settings,Periodenabschlusseinstellungen,
Period Closing Voucher,Periodenabschlussbeleg,
Period Details,Periode Details,
Period End Date,Enddatum des Zeitraums,
Period Name,Zeitraumname,
Period Score,Periodenspieler,
Period Settings,Periodeneinstellungen,
Period Start Date,Zeitraum des Startdatums,
Period To Date,Enddatum des Zeitraums,
Period_from_date,Startdatum des Zeitraums,
Periodicity,Häufigkeit,
Permanent Address,Feste Adresse,
Permanent Address Is,Feste Adresse ist,
Personal Details,Persönliche Daten,
Personal Email,Persönliche E-Mail,
Petrol,Benzin,
Phone,Telefon,
Phone Ext.,Telefon Ext.,
Phone No,Telefonnummer,
Phone Number,Telefonnummer,
Pick List,Auswahlliste,
Pick List Item,Listenelement auswählen,
Pick Manually,Manuell auswählen,
Pick Serial / Batch Based On,Serien- / Chargennummer auswählen basierend auf,
Pick Serial / Batch No,Serien- / Chargennummer auswählen,
Picked Qty,Ausgewählte Menge,
Picked Qty (in Stock UOM),Kommissionierte Menge (in Lager ME),
Pickup,Abholung,
Pickup Contact Person,Abholung Kontaktperson,
Pickup Date,Abholdatum,
Pickup From,Abholung von,
Pickup Type,Abholart,
Pickup from,Abholung von,
Pickup to,Abholung bis,
Place of Issue,Ausgabeort,
Plaid Access Token,Plaid Access Token,
Plaid Client ID,Plaid Client ID,
Plaid Environment,Plaid-Umgebung,
Plaid Secret,Plaid Secret,
Plaid Settings,Plaid-Einstellungen,
Plan,Planen,
Plan Name,Planname,
Plan material for sub-assemblies,Materialplanung für Unterbaugruppen,
Plan operations X days in advance,Planen Sie den Betrieb X Tage im Voraus,
Plan time logs outside Workstation working hours,Planen Sie Zeitprotokolle außerhalb der Arbeitszeit der Workstation,
Planned,Geplant,
Planned End Date,Geplantes Enddatum,
Planned End Time,Geplante Endzeit,
Planned Operating Cost,Geplante Betriebskosten,
Planned Qty,Geplante Menge,
Planned Quantity,Geplante Menge,
Planned Start Date,Geplanter Starttermin,
Planned Start Time,Geplante Startzeit,
Planning,Planung,
Plans,Pläne,
Plant Dashboard,Werk Dashboard,
Plant Floor,Werkshalle,
Point Of Sale,Kasse,
Policy No,Politik keine,
Policy number,Versicherungsnummer,
Portal,Portal,
Portal User,Portal-Benutzer,
Portal Users,Portal-Benutzer,
Portrait,Porträt,
Post Description Key,Post Beschreibung Schlüssel,
Post Graduate,Graduation veröffentlichen,
Post Route Key,Postweg-Schlüssel,
Post Route Key List,Nach der Route Schlüsselliste,
Post Route String,Post-Route-Zeichenfolge,
Post Title Key,Beitragstitel eingeben,
Posting Date,Buchungsdatum,
Posting Datetime,Buchungszeitpunkt,
Posting Time,Buchungszeit,
Potential Sales Deal,Möglicher Verkaufsabschluss,
Prefered Contact Email,Bevorzugte Kontakt E-Mail,
Prefered Email,Bevorzugte E-Mail,
Prevdoc DocType,Prevdoc DocType,
Prevent POs,Vermeiden Sie POs,
Prevent Purchase Orders,Vermeidung von Bestellungen,
Prevent RFQs,Vermeidung von Ausschreibungen,
Preventive,Präventiv,
Preventive Action,Präventivmaßnahmen,
Preventive Maintenance,Vorbeugende Wartung,
Preview,Vorschau,
Preview Email,Vorschau E-Mail,
Preview Required Materials,Vorschau der erforderlichen Materialien,
Previous Work Experience,Vorherige Berufserfahrung,
Price,Preis,
Price Discount Scheme,Preisnachlass,
Price Discount Slabs,Preisnachlass Platten,
Price List,Preisliste,
Price List Country,Preisliste Land,
Price List Currency,Preislistenwährung,
Price List Defaults,Preislistenvorgaben,
Price List Exchange Rate,Preislisten-Wechselkurs,
Price List Name,Preislistenname,
Price List Rate,Preisliste,
Price List Rate (Company Currency),Preisliste (Unternehmenswährung),
Price Not UOM Dependent,Preis nicht UOM abhängig,
Price or Product Discount,Preis- oder Produktrabatt,
Pricing Rule,Preisregel,
Pricing Rule Brand,Preisregel Marke,
Pricing Rule Detail,Preisregel Detail,
Pricing Rule Help,Hilfe zur Preisregel,
Pricing Rule Item Code,Artikelcode der Preisregel,
Pricing Rule Item Group,Artikelgruppe für Preisregel,
Pricing Rules,Preisregeln,
Primary Address,Hauptadresse,
Primary Address and Contact,Hauptadresse und -kontakt,
Primary Contact,Hauptkontakt,
Primary Contact Email,Primäre Kontakt-E-Mail,
Primary Party,Primäre Partei,
Primary Role,Hauptrolle,
Primary Settings,Primäre Einstellungen,
Print Format,Druckformat,
Print Heading,Druckkopf,
Print Language,Drucksprache,
Print Preferences,Druckeinstellungen,
Print Settings,Druckeinstellungen,
Print Without Amount,Drucken ohne Betrag,
Printing Details,Druckdetails,
Printing Settings,Druckeinstellungen,
Priorities,Prioritäten,
Priority,Priorität,
Probability,Warscheinlichkeit,
Probability (%),Wahrscheinlichkeit (%),
Problem,Problem,
Procedure,Verfahren,
Process Deferred Accounting,Aufgeschobene Buchhaltung verarbeiten,
Process Description,Prozessbeschreibung,
Process Loss,Prozessverlust,
Process Loss Qty,Prozessverlustmenge,
Process Loss Report,Prozessverlust-Bericht,
Process Owner,Prozessverantwortlicher,
Process Owner Full Name,Vollständiger Name des Prozessinhabers,
Process Payment Reconciliation,Zahlungsabgleich verarbeiten,
Process Statement Of Accounts,Kontoauszug verarbeiten,
Process Statement Of Accounts Customer,Kontoauszug verarbeiten Kunde,
Process Subscription,Abonnement verarbeiten,
Process in Single Transaction,Verarbeitung in einer einzigen Transaktion,
Processed BOMs,Verarbeitete Stücklisten,
Processes,Prozesse,
Procurement Tracker,Beschaffungs-Tracker,
Produced,Produziert,
Produced Qty,Produzierte Menge,
Produced Quantity,Produzierte Menge,
Product,Produkt,
Product Bundle,Produkt-Bundle,
Product Bundle Balance,Produkt-Bundle-Balance,
Product Bundle Help,Produkt-Bundle-Hilfe,
Product Bundle Item,Produkt-Bundle-Artikel,
Product Discount Scheme,Produktrabattschema,
Product Discount Slabs,Produktrabattplatten,
Product Enquiry,Produktanfrage,
Product Price ID,Produktpreis-ID,
Production,Produktion,
Production Analytics,Produktions-Analysen,
Production Item,Produktions-Artikel,
Production Plan,Produktionsplan,
Production Plan Item,Artikel auf dem Produktionsplan,
Production Plan Item Reference,Produktionsplanartikelreferenz,
Production Plan Material Request,Produktionsplan-Material anfordern,
Production Plan Material Request Warehouse,Produktionsplan Materialanforderungslager,
Production Plan Qty,Produktionsplan Menge,
Production Plan Sales Order,Produktionsplan für Auftrag,
Production Plan Sub Assembly Item,Produktionsplan-Unterbaugruppenartikel,
Production Plan Sub-assembly Item,Produktionsplan-Unterbaugruppenartikel,
Production Plan Summary,Produktionsplan Zusammenfassung,
Production Planning Report,Produktionsplanungsbericht,
Profile,Profil,
Profit & Loss,Profiteinbuße,
Profit and Loss,Gewinn und Verlust,
Profit and Loss Statement,Gewinn- und Verlustrechnung,
Profit and Loss Summary,Gewinn und Verlust Zusammenfassung,
Profitability Analysis,Wirtschaftlichkeitsanalyse,
Progress,Fortschritt,
Project,Projekt,
Project Billing Summary,Projektabrechnungszusammenfassung,
Project Name,Projektname,
Project Status,Projektstatus,
Project Summary,Projektübersicht,
Project Template,Projektvorlage,
Project Template Task,Projektvorlagenaufgabe,
Project Type,Projekttyp,
Project Update,Projektaktualisierung,
Project User,Projektarbeit Benutzer,
Project will be accessible on the website to these users,Projekt wird auf der Website für diese Benutzer zugänglich sein,
Project wise Stock Tracking,Projektweise Bestandsverfolgung,
Projected,Geplant,
Projected Qty,Projizierte Menge,
Projected Quantity as Source,Projizierte Menge als Quelle,
Projects,Projekte,
Projects Manager,Projektleiter,
Projects Settings,Projekteinstellungen,
Projects User,Nutzer Projekt,
Promotional,Werbeartikel,
Promotional Scheme,Werbemaßnahme,
Promotional Scheme Id,ID des Werbemittels,
Promotional Scheme Price Discount,Aktionsprogramm Preisnachlass,
Promotional Scheme Product Discount,Aktionsprogramm Produktrabatt,
Prorate,Prorieren,
Prospect,Potenzieller Kunde,
Prospect Lead,Lead beim potenziellen Kunde,
Prospect Opportunity,Chance beim potenziellen Kunde,
Prospect Owner,Verantwortliche Person,
Prospects Engaged But Not Converted,"Perspektiven engagiert, aber nicht umgewandelt",
Provide Email Address registered in company,Geben Sie E-Mail-Adresse in Unternehmen registriert,
Provider,Anbieter,
Providing,Bereitstellung,
Publish Date,Erscheinungsdatum,
Publisher,Herausgeber,
Publisher ID,Herausgeber-ID,
Purchase,Einkauf,
Purchase Amount,Gesamtbetrag des Einkaufs,
Purchase Analytics,Einkaufsanalyse,
Purchase Date,Kaufdatum,
Purchase Defaults,Kaufvorgaben,
Purchase Details,Einzelheiten zum Kauf,
Purchase Invoice,Eingangsrechnung,
Purchase Invoice Advance,Anzahlung auf Eingangsrechnung,
Purchase Invoice Item,Eingangsrechnungs-Artikel,
Purchase Invoice Trends,Trendanalyse Eingangsrechnungen,
Purchase Manager,Einkaufsleiter,
Purchase Master Manager,Einkaufsstammdaten-Manager,
Purchase Order,Bestellung,
Purchase Order Analysis,Bestellanalyse,
Purchase Order Item,Bestellartikel,
Purchase Order Item Supplied,Bestellartikel geliefert,
Purchase Order Pricing Rule,Preisregel für Bestellungen,
Purchase Order Trends,Entwicklung Bestellungen,
Purchase Orders Items Overdue,Bestellungen überfällig,
Purchase Orders to Bill,Bestellungen an Rechnung,
Purchase Orders to Receive,Anzuliefernde Bestellungen,
Purchase Receipt,Eingangsbeleg,
Purchase Receipt (Draft) will be auto-created on submission of Subcontracting Receipt.,"Der Eingangsbeleg (Entwurf) wird automatisch erstellt, wenn der Unterauftragsbeleg gebucht wird.",
Purchase Receipt Detail,Eingangsbelegposition,
Purchase Receipt Item,Eingangsbeleg-Artikel,
Purchase Receipt Item Supplied,Eingangsbeleg-Artikel geliefert,
Purchase Receipt Items,Eingangsbeleg-Artikel,
Purchase Receipt No,Eingangsbeleg Nr.,
Purchase Receipt Trends,Trendanalyse Eingangsbelege,
Purchase Receipts,Eingangsbelege,
Purchase Register,Übersicht über Einkäufe,
Purchase Tax Template,Umsatzsteuer-Vorlage,
Purchase Taxes and Charges,Einkaufsteuern und -abgaben,
Purchase Taxes and Charges Template,Vorlage für Einkaufssteuern und -abgaben,
Purchase User,Nutzer Einkauf,
Purchased,Gekauft,
Purchasing,Einkauf,
Purple,Lila,
Purpose,Zweck,
Purposes,Zwecke,
Putaway Rule,Einlagerungsregel,
Qty,Menge,
Qty (Company),Menge (Unternehmen),
Qty (Warehouse),Menge (Lager),
Qty After Transaction,Menge nach Transaktion,
Qty As Per BOM,Menge gemäß Stückliste,
Qty Change,Mengenänderung,
Qty Consumed Per Unit,Verbrauchte Menge pro Einheit,
Qty In Stock,Menge auf Lager,
Qty To Manufacture,Herzustellende Menge,
Qty To Produce,Zu produzierende Menge,
Qty and Rate,Menge und Einzelpreis,
Qty as Per Stock UOM,Menge in Lagermaßeinheit,
Qty as per Stock UOM,Menge in Lagermaßeinheit,
Qty for which recursion isn't applicable.,"Menge, für die Rekursion nicht anwendbar ist.",
Qty in Stock UOM,Menge in Lagermaßeinheit,
Qty of Finished Goods Item,Menge des Fertigerzeugnisses,
Qty of raw materials will be decided based on the qty of the Finished Goods Item,Die Menge der Rohstoffe richtet sich nach der Menge des Fertigerzeugnisses,
Qty to Be Consumed,Zu verbrauchende Menge,
Qty to Transfer,Zu versendende Menge,
Qualification,Qualifikation,
Qualification Status,Qualifikationsstatus,
Qualified,Qualifiziert,
Qualified By,Qualifiziert von,
Qualified on,Qualifiziert am,
Quality,Qualität,
Quality Action,Qualitätsmaßnahme,
Quality Action Resolution,Qualitätsaktionsauflösung,
Quality Feedback,Qualitätsfeedback,
Quality Feedback Parameter,Qualitäts-Feedback-Parameter,
Quality Feedback Template,Qualitäts-Feedback-Vorlage,
Quality Feedback Template Parameter,Qualitäts-Feedback-Vorlagenparameter,
Quality Goal,Qualitätsziel,
Quality Goal Objective,Qualitätsziel,
Quality Inspection,Qualitätsprüfung,
Quality Inspection Parameter,Qualitätsprüfparameter,
Quality Inspection Parameter Group,Qualitätsprüfungsparametergruppe,
Quality Inspection Reading,Ablesung zur Qualitätsprüfung,
Quality Inspection Required,Qualitätsprüfung erforderlich,
Quality Inspection Settings,Einstellungen für die Qualitätsprüfung,
Quality Inspection Summary,Zusammenfassung der Qualitätsprüfung,
Quality Inspection Template,Qualitätsinspektionsvorlage,
Quality Inspection Template Name,Name der Qualitätsinspektionsvorlage,
Quality Management,Qualitätsmanagement,
Quality Manager,Qualitätsmanager,
Quality Meeting,Qualitätstreffen,
Quality Meeting Agenda,Qualitätstreffen Agenda,
Quality Meeting Minutes,Qualitätssitzungsprotokoll,
Quality Procedure,Qualitätsverfahren,
Quality Procedure Process,Qualitätsprozess,
Quality Review,Qualitätsüberprüfung,
Quality Review Objective,Qualitätsüberprüfungsziel,
Quantity,Menge,
Quantity  that must be bought or sold per UOM,"Menge, die pro UOM gekauft oder verkauft werden muss",
Quantity & Stock,Menge & Lager,
Quantity Difference,Mengendifferenz,
Quantity and Amount,Menge und Menge,
Quantity and Description,Menge und Beschreibung,
Quantity and Rate,Menge und Preis,
Quantity and Warehouse,Menge und Lager,
Quantity of item obtained after manufacturing / repacking from given quantities of raw materials,Menge eines Artikels nach der Herstellung/dem Umpacken auf Basis vorgegebener Mengen von Rohmaterial,
Quarterly,Quartalsweise,
Query Options,Abfrageoptionen,
Query Route String,Abfrage Route String,
Queued,Warteschlange,
Quick Stock Balance,Schneller Lagerbestand,
Quotation,Angebot,
Quotation Item,Angebotsposition,
Quotation Lost Reason,Grund für verlorenes Angebotes,
Quotation Lost Reason Detail,Zitat Lost Reason Detail,
Quotation Number,Angebotsnummer,
Quotation To,Angebot für,
Quotation Trends,Trendanalyse Angebote,
Quote Status,Zitat Status,
Raise Material Request When Stock Reaches Re-order Level,"Erhöhen Sie die Materialanforderung, wenn der Lagerbestand die Nachbestellmenge erreicht",
Raised By,Gemeldet durch,
Raised By (Email),Gemeldet von (E-Mail),
Random,Zufällig,
Range,Bandbreite,
Rate,Preis,
Rate & Amount,Rate &amp; Betrag,
Rate (Company Currency),Preis (Unternehmenswährung),
Rate Of Materials Based On,Anteil der zu Grunde liegenden Materialien,
Rate Of TDS As Per Certificate,TDS-Rate gemäß Zertifikat,
Rate With Margin,Betrag mit Marge,
Rate With Margin (Company Currency),Rate mit Margin (Unternehmenswährung),
Rate and Amount,Preis und Menge,
Rate at which Customer Currency is converted to customer's base currency,"Kurs, zu dem die Kundenwährung in die Basiswährung des Kunden umgerechnet wird",
Rate at which Price list currency is converted to company's base currency,"Kurs, zu dem die Währung der Preisliste in die Basiswährung des Unternehmens umgerechnet wird",
Rate at which Price list currency is converted to customer's base currency,"Kurs, zu dem die Währung der Preisliste in die Basiswährung des Kunden umgerechnet wird",
Rate at which customer's currency is converted to company's base currency,"Kurs, zu dem die Währung des Kunden in die Basiswährung des Unternehmens umgerechnet wird",
Rate at which supplier's currency is converted to company's base currency,"Kurs, zu dem die Währung des Lieferanten in die Basiswährung des Unternehmens umgerechnet wird",
Rate at which this tax is applied,"Kurs, zu dem dieser Steuersatz angewandt wird",
Rate of Depreciation,Abschreibungssatz,
Rate of Depreciation (%),Abschreibungssatz (%),
Rate of Interest (%) Yearly,Zinssatz (%) Jahres,
Rate of Stock UOM,Einzelpreis der Lager-ME,
Rate or Discount,Rate oder Rabatt,
Rates,Preise,
Rating,Wertung,
Raw Material Cost,Rohmaterialkosten,
Raw Material Cost (Company Currency),Rohstoffkosten (Firmenwährung),
Raw Material Cost Per Qty,Rohstoffkosten pro Menge,
Raw Material Item Code,Rohmaterial-Artikelnummer,
Raw Materials,Rohmaterial,
Raw Materials Consumed,Verbrauchte Rohstoffe,
Raw Materials Consumption ,Rohstoffverbrauch,
Raw Materials Supplied,Gelieferte Rohmaterialien,
Raw Materials Supplied Cost,Kosten gelieferter Rohmaterialien,
Raw Materials Warehouse,Rohstofflager,
Re-order Level,Meldebestand,
Re-order Qty,Nachbestellmenge,
Read Only,Schreibgeschützt,
Reading 1,Ablesewert 1,
Reading 10,Ablesewert 10,
Reading 2,Ablesewert 2,
Reading 3,Ablesewert 3,
Reading 4,Ablesewert 4,
Reading 5,Ablesewert 5,
Reading 6,Ablesewert 6,
Reading 7,Ablesewert 7,
Reading 8,Ablesewert 8,
Reading 9,Ablesewert 9,
Reading Value,Abgelesener Wert,
Readings,Ablesungen,
Reason For Putting On Hold,Grund für das auf Eis legen,
Reason for Leaving,Grund für den Austritt,
Receipt,Eingangsbeleg,
Receipt Document,Eingangsbeleg,
Receipt Document Type,Receipt Dokumenttyp,
Receivable,Forderung,
Receivable / Payable Account,Forderungen-/Verbindlichkeiten-Konto,
Receivable/Payable Account,Forderungen-/Verbindlichkeiten-Konto,
Receivables,Forderungen,
Receive,Empfangen,
Received,Empfangen,
Received Amount,erhaltenen Betrag,
Received Amount (Company Currency),Erhaltene Menge (Gesellschaft Währung),
Received Amount After Tax,Erhaltener Betrag nach Steuern,
Received Amount After Tax (Company Currency),Erhaltener Betrag nach Steuern (Währung des Unternehmens),
Received Items To Be Billed,"Von Lieferanten gelieferte Artikel, die noch abgerechnet werden müssen",
Received Qty,Erhaltene Menge,
Received Qty in Stock UOM,Erhaltene Menge in Lager-ME,
Received Quantity,Empfangene Menge,
Received and Accepted,Erhalten und bestätigt,
Receiver List,Empfängerliste,
Receiving,Empfang,
Recipient,Empfänger,
Recipient Message And Payment Details,Empfänger der Nachricht und Zahlungsdetails,
Recipients,Empfänger,
Reconcile,Abgleichen,
Reconcile All Serial Nos / Batches,Alle Seriennummern/Chargen abgleichen,
Reconciled,Versöhnt,
Reconciled Entries,Abgestimmte Posten,
Reconciliation Date,Abstimmungsdatum,
Reconciliation Error Log,Abstimmungsfehlerprotokoll,
Reconciliation Queue Size,Größe der Abstimmungswarteschlange,
Recording HTML,HTML aufzeichnen,
Recording URL,Aufzeichnungs-URL,
Red,Rot,
Redeem Against,Gegen einlösen,
Redeem Loyalty Points,Treuepunkte einlösen,
Redeemed Points,Eingelöste Punkte,
Redemption,Erlösung,
Redemption Account,Einlösungskonto,
Redemption Cost Center,Einlösungskostenzentrum,
Redemption Date,Rückzahlungsdatum,
Ref Code,Ref-Code,
Reference,Referenz,
Reference Date,Referenzdatum,
Reference Detail,Referenzdetail,
Reference Detail No,Referenz Detail Nr,
Reference Doctype,Referenz-DocType,
Reference Document,Referenzdokument,
Reference Document Name,Name des Referenzdokuments,
Reference Document Type,Referenz-Dokumententyp,
Reference Due Date,Referenz Fälligkeitsdatum,
Reference Exchange Rate,Referenzwechselkurs,
Reference Name,Referenzname,
Reference No,Referenznummer,
Reference Number,Referenznummer,
Reference Purchase Receipt,Referenz Eingangsbeleg,
Reference Row,Referenzreihe,
Reference Row #,Referenz-Zeile #,
Reference Type,Referenz-Typ,
Reference number of the invoice from the previous system,Referenznummer der Rechnung aus dem vorherigen System,
References,Referenzen,
Referral Code,Referenzcode,
Referral Sales Partner,Empfehlungs-Vertriebspartner,
Refresh Google Sheet,Google Sheet aktualisieren,
Regional,Regional,
Registration Details,Details zur Registrierung,
Regular,Regulär,
Rejected,Abgelehnt,
Rejected Qty,Abgelehnt Menge,
Rejected Quantity,Ausschuss-Menge,
Rejected Serial No,Abgelehnte Seriennummer,
Rejected Serial and Batch Bundle,Abgelehntes Serien- und Chargenbündel,
Rejected Warehouse,Ausschusslager,
Relation,Beziehung,
Release Date,Veröffentlichungsdatum,
Relieving Date,Freistellungsdatum,
Reload,Neu laden,
Remark,Bemerkung,
Remarks,Bemerkungen,
Rename Attribute Value in Item Attribute.,Benennen Sie Attributwert in Elementattribut um.,
Rename Log,Protokoll umbenennen,
Rename Tool,Werkzeug zum Umbenennen,
Rent Cost,Mietkosten,
Rented,Gemietet,
Reorder level based on Warehouse,Meldebestand auf Basis des Lagers,
Repack,Umpacken,
Repair Cost,Reparaturkosten,
Repair Details,Reparaturdetails,
Repair Status,Reparaturstatus,
Replace,Ersetzen,
Replace BOM,Erstelle Stückliste,
"Replace a particular BOM in all other BOMs where it is used. It will replace the old BOM link, update cost and regenerate ""BOM Explosion Item"" table as per new BOM.
It also updates latest price in all the BOMs.","Ersetzen Sie eine bestimmte Stückliste in allen anderen Stücklisten, in denen sie verwendet wird. Dadurch wird der alte Stücklistenlink ersetzt, die Kosten werden aktualisiert und die Tabelle „Position der aufgelösten Stückliste“ gemäß der neuen Stückliste neu erstellt.
Außerdem wird der neueste Preis in allen Stücklisten aktualisiert.",
Replied,Beantwortet,
Report,Bericht,
Report Date,Berichtsdatum,
Report Filters,Berichtsfilter,
Report Type,Berichtstyp,
Report an Issue,Ein Problem melden,
Reports,Berichte,
Reports to,Vorgesetzter,
Repost Error Log,Fehlerprotokoll für Umbuchungen,
Represents Company,Repräsentiert das Unternehmen,
Represents a Financial Year. All accounting entries and other major transactions are tracked against the Fiscal Year.,Stellt ein Geschäftsjahr dar. Alle Buchhaltungsbeiträge und andere wichtige Transaktionen werden gegen das Geschäftsjahr verfolgt.,
Request Parameters,Anfrageparameter,
Request Type,Anfragetyp,
Request for,Anfrage für,
Request for Information,Informationsanfrage,
Request for Quotation,Angebotsanfrage,
Request for Quotation Item,Angebotsanfrage Artikel,
Request for Quotation Supplier,Angebotsanfrage Lieferant,
Requested,Angefordert,
Requested Items To Be Transferred,"Angeforderte Artikel, die übertragen werden sollen",
Requested Items to Order and Receive,Angeforderte Artikel zum Bestellen und Empfangen,
Requested Numbers,Angeforderte Nummern,
Requested Qty,Angeforderte Menge,
Required By,Benötigt bis,
Required Date,Angefragtes Datum,
Required Items,Erforderliche Elemente,
Required Qty,Erforderliche Anzahl,
Requirement,Anforderung,
Requires Fulfilment,Erfordert Erfüllung,
"Reselect, if the chosen address is edited after save","Wählen Sie erneut, wenn die gewählte Adresse nach dem Speichern bearbeitet wird",
"Reselect, if the chosen contact is edited after save","Wählen Sie erneut, wenn der ausgewählte Kontakt nach dem Speichern bearbeitet wird",
Reservation Based On,Reservierung basierend auf,
Reserve Stock,Reservierter Bestand,
Reserve Warehouse,Lager reservieren,
Reserved,Reserviert,
Reserved Qty,Reservierte Menge,
Reserved Qty for Production,Reserviert Menge für Produktion,
Reserved Qty for Production Plan,Reservierte Menge für Produktionsplan,
Reserved Qty for Subcontract,Reservierte Menge für Unterauftrag,
Reserved Stock,Reservierter Bestand,
Reset Company Default Values,Standardwerte des Unternehmens zurücksetzen,
Reset Raw Materials Table,Tabelle Rohstoffe zurücksetzen,
Reset Service Level Agreement,Service Level Agreement zurücksetzen,
Resignation Letter Date,Datum des Kündigungsschreibens,
Resolution,Entscheidung,
Resolution By,Auflösung von,
Resolution Date,Datum der Entscheidung,
Resolution Details,Details zur Entscheidung,
Resolution Due,Auflösung fällig,
Resolution Time,Lösungszeit,
Resolutions,Beschlüsse,
Resolved,Geklärt,
Resolved By,Entschieden von,
Response By,Antwort von,
Response Details,Antwortdetails,
Response Key List,Antwort Schlüsselliste,
Response Options,Antwortoptionen,
Response Result Key Path,Antwort Ergebnis Schlüsselpfad,
Response and Resolution,Antwort und Auflösung,
Responsible,Verantwortlich,
Restrict,Einschränken,
Restrict Items Based On,Artikel einschränken auf Basis von,
Restrict to Countries,Auf Länder beschränken,
Result Key,Ergebnisschlüssel,
Result Preview Field,Ergebnis Vorschaufeld,
Result Route Field,Ergebnis Routenfeld,
Result Title Field,Ergebnis Titelfeld,
Retain Sample,Probe aufbewahren,
Retried,Erneut versucht,
Return,Zurück,
Return Against,Korrektur von,
Return Against Delivery Note,Zurück zum Lieferschein,
Return Against Purchase Invoice,Gutschrift zur Eingangsrechnung,
Return Against Purchase Receipt,Zurück zum Eingangsbeleg,
Return Against Subcontracting Receipt,Retoure gegen Unterauftragsbeleg,
Return Issued,Rückgabe ausgestellt,
Return Qty from Rejected Warehouse,Rückgabemenge aus Ausschusslager,
Returned,Zurückgeschickt,
Returned Against,Zurückgegeben gegen,
Returned Qty,Zurückgegebene Menge,
Returned Qty ,Zurückgegebene Menge,
Returned Qty in Stock UOM,Zurückgegebene Menge in Lager-ME,
Returns,Retouren,
Reversal Of,Umkehrung von,
Review,Review,
Review Date,Überprüfungsdatum,
Reviews,Bewertungen,
Rgt,Rgt,
Right Child,Rechter Unterknoten,
Right Index,Richtiger Index,
Ringing,Klingeln,
Role Allowed to Create/Edit Back-dated Transactions,"Rolle, die rückdatierte Transaktionen erstellen/bearbeiten darf",
Role Allowed to Edit Frozen Stock,Rolle darf eingefrorenes Material bearbeiten,
Role Allowed to Over Bill ,"Rolle, die mehr abrechnen darf",
Role Allowed to Over Deliver/Receive,"Rolle, die mehr liefern/empfangen darf",
Role Allowed to Override Stop Action,"Rolle, die die Stopp-Aktion übergehen darf",
Role Allowed to Set Frozen Accounts and Edit Frozen Entries,"Rolle erlaubt, eingefrorene Konten festzulegen und eingefrorene Einträge zu bearbeiten",
Role allowed to bypass Credit Limit,"Rolle, die das Kreditlimit umgehen darf",
Root Type,Root-Typ,
Round Free Qty,Kostenfreie Menge runden,
Round Off,Abschliessen,
Round Off Account,Konto für Rundungsdifferenzen,
Round Off Cost Center,Abschluss-Kostenstelle,
Round Off Tax Amount,Steuerbetrag abrunden,
Round Tax Amount Row-wise,Steuerbetrag zeilenweise runden,
Rounded Total,Gerundete Gesamtsumme,
Rounded Total (Company Currency),Gerundete Gesamtsumme (Firmenwährung),
Rounding Adjustment,Rundungseinstellung,
Rounding Adjustment (Company Currency,Rundung (Unternehmenswährung),
Rounding Adjustment (Company Currency),Rundung (Unternehmenswährung),
Rounding Loss Allowance,Rundungsverlusttoleranz,
Route,Route,
Routing,Routing,
Routing Name,Routing-Name,
Rows with Same Account heads will be merged on Ledger,Zeilen mit denselben Konten werden im Hauptbuch zusammengefasst,
Rule Applied,Regel angewendet,
Rule Description,Regelbeschreibung,
Run parallel job cards in a workstation,Parallele Jobkarten an einer Workstation ausführen,
Running,Laufend,
SCO Supplied Item,Artikel beigestellt für Unterauftrag,
SER-WRN-.YYYY.-,SER-WRN-.YYYY.-,
SLA Fulfilled On,SLA erfüllt am,
SLA Fulfilled On Status,SLA erfüllt am Status,
SLA Paused On,SLA pausiert am,
SMS Center,SMS-Center,
SMS Log,SMS-Protokoll,
STO-ITEM-.YYYY.-,STO-ITEM-.YYYY.-,
STO-PICK-.YYYY.-,STO-PICK-.YYYY.-,
SUP-.YYYY.-,SUP-.YYYY.-,
SWIFT Number,SWIFT-Nummer,
SWIFT number,SWIFT-Nummer,
Safety Stock,Sicherheitsbestand,
Salary,Gehalt,
Salary Currency,Gehaltswährung,
Salary Mode,Gehaltsmodus,
Sales,Vertrieb,
Sales Analytics,Vertriebsanalyse,
Sales Contributions and Incentives,Verkaufsbeiträge und Anreize,
Sales Defaults,Verkaufsvorgaben,
Sales Funnel,Verkaufstrichter,
Sales Invoice,Ausgangsrechnung,
Sales Invoice Advance,Anzahlung auf Ausgangsrechnung,
Sales Invoice Item,Ausgangsrechnungs-Artikel,
Sales Invoice No,Ausgangsrechnungs-Nr.,
Sales Invoice Payment,Ausgangsrechnung-Zahlungen,
Sales Invoice Timesheet,Ausgangsrechnung-Zeiterfassung,
Sales Invoice Trends,Ausgangsrechnung-Trendanalyse,
Sales Manager,Vertriebsleiter,
Sales Master Manager,Hauptvertriebsleiter,
Sales Monthly History,Verkäufe Monatliche Geschichte,
Sales Order,Auftrag,
Sales Order Analysis,Auftragsanalyse,
Sales Order Date,Auftragsdatum,
Sales Order Item,Auftrags-Artikel,
Sales Order Reference,Auftrag Referenz,
Sales Order Status,Auftrag Status,
Sales Order Trends,Trendanalyse Aufträge,
Sales Orders,Aufträge,
Sales Orders to Bill,Aufträge an Rechnung,
Sales Orders to Deliver,Auszuliefernde Aufträge,
Sales Partner,Vertriebspartner,
Sales Partner ,Vertriebspartner,
Sales Partner Commission Summary,Zusammenfassung der Vertriebspartnerprovision,
Sales Partner Name,Name des Vertriebspartners,
Sales Partner Target,Vertriebspartner-Ziel,
Sales Partner Target Variance based on Item Group,Zielabweichung des Vertriebspartners basierend auf Artikelgruppe,
Sales Partner Transaction Summary,Sales Partner Transaction Summary,
Sales Partner Type,Vertriebspartnertyp,
Sales Partners Commission,Vertriebspartner-Provision,
Sales Payment Summary,Zusammenfassung der Verkaufszahlung,
Sales Person,Verkäufer,
Sales Person Commission Summary,Zusammenfassung der Verkaufspersonenkommission,
Sales Person Name,Name des Vertriebsmitarbeiters,
Sales Person Target Variance Based On Item Group,Zielabweichung Verkäufer basierend auf Artikelgruppe,
Sales Person Targets,Ziele für Vertriebsmitarbeiter,
Sales Person-wise Transaction Summary,Vertriebsmitarbeiterbezogene Zusammenfassung der Transaktionen,
Sales Pipeline Analytics,Analyse der Vertriebspipeline,
Sales Register,Übersicht über den Umsatz,
Sales Stage,Verkaufsphase,
Sales Tax Template,Umsatzsteuer-Vorlage,
Sales Taxes and Charges,Umsatzsteuern und Gebühren auf den Verkauf,
Sales Taxes and Charges Template,Vorlage für Verkaufssteuern und -abgaben,
Sales Team,Verkaufsteam,
Sales Update Frequency in Company and Project,Häufigkeit der Umsatzaktualisierung in Unternehmen und Projekten,
Sales User,Nutzer Vertrieb,
Salutation,Anrede,
Salvage Value Percentage,Restwertanteil,
Same Item,Gleiches Item,
Sample Quantity,Beispielmenge,
Sample Retention Warehouse,Beispiel Retention Warehouse,
Sample Size,Stichprobenumfang,
Sanctioned,sanktionierte,
Saturday,Samstag,
Scan Barcode,Barcode scannen,
Scan Mode,Scan-Modus,
Scanned Cheque,Gescannte Scheck,
Schedule,Zeitplan,
Schedule Date,Geplantes Datum,
Scheduled,Geplant,
Scheduled Date,Geplantes Datum,
Scheduled Time,Geplante Zeit,
Scheduled Time Logs,Geplante Zeitprotokolle,
Schedules,Zeitablaufpläne,
Scheduling,Zeitplan,
School/University,Schule/Universität,
Score,Ergebnis,
Scorecard Actions,Scorecard-Aktionen,
"Scorecard variables can be used, as well as:
{total_score} (the total score from that period),
{period_number} (the number of periods to present day)
","Variablen der Bewertung können verwendet werden, sowie:
{total_score} (die Gesamtpunktzahl aus diesem Zeitraum),
{period_number} (die Anzahl der Zeiträume bis zum heutigen Tag)",
Scoring Criteria,Bewertungskriterien,
Scoring Setup,Scoring Setup,
Scoring Standings,Punkte zählen,
Scrap & Process Loss,Ausschuss & Prozessverluste,
Scrap Cost Per Qty,Ausschusskosten pro Menge,
Scrap Item Code,Code für Ausschussartikel,
Scrap Item Name,Name des Ausschussartikel,
Scrap Items,Ausschussartikel,
Scrap Material Cost,Ausschusssmaterialkosten,
Scrap Material Cost(Company Currency),Ausschussmaterialkosten (Unternehmenswährung),
Scrap Warehouse,Ausschusslager,
Scrapped,Entsorgt,
Search APIs,Such-APIs,
Search Term Param Name,Suchbegriff Param Name,
Second Email,Zweite E-Mail,
Section Based On,Abschnitt basierend auf,
Section Cards,Abschnitt Karten,
Section HTML,Abschnitt HTML,
Section Order,Abschnittsreihenfolge,
Select Billing Address,Zahlungsadresse auswählen,
Select Customers By,Wählen Sie Kunden nach,
Select DocType,DocType auswählen,
Select Items to Manufacture,Wählen Sie die Elemente Herstellung,
Select Job Worker Address,Unterauftragnehmer Adresse auswählen,
Select Shipping Address,Lieferadresse auswählen,
Select Supplier Address,Lieferantenadresse auswählen,
Select company name first.,Zuerst Firma auswählen.,
Select the Bank Account to reconcile.,Wählen Sie das abzustimmende Bankkonto aus.,
"Select, to make the customer searchable with these fields","Wählen Sie, um den Kunden mit diesen Feldern durchsuchbar zu machen",
Selected Vouchers,Ausgewählte Belege,
Self delivery,Selbstanlieferung,
Selling,Vertrieb,
Selling Settings,Vertriebseinstellungen,
Send After (days),Senden nach (Tage),
Send Attached Files,Angehängte Dateien senden,
Send Document Print,Ausdruck der Anfrage senden,
Send Email,E-Mail absenden,
Send SMS,SMS verschicken,
Send To,Senden an,
Send To Primary Contact,An primären Kontakt senden,
Send regular summary reports via Email.,Regelmäßig zusammenfassende Berichte per E-Mail senden.,
Send to Subcontractor,An Subunternehmer senden,
Send with Attachment,Senden mit Anhang,
Sender,Absender,
Sender Name,Absendername,
Sent,Gesendet,
Sent On,Gesendet am,
Sent To,Gesendet An,
Sequence ID,Sequenz-ID,
Sequence Id,Sequenz-ID,
Sequential,Sequentiell,
Serial & Batch Item,Serien- und Chargenartikel,
Serial & Batch Item Settings,Einstellungen für Serien- und Chargenartikel,
Serial / Batch Bundle,Serien- / Chargenbündel,
Serial / Batch No,Serien-/Chargennr,
Serial No,Seriennummer,
Serial No / Batch,Seriennummer / Charge,
Serial No Service Contract Expiry,Ablaufdatum des Wartungsvertrags zu Seriennummer,
Serial No Status,Seriennummern-Status,
Serial No Warranty Expiry,Ablaufdatum der Garantie zu Seriennummer,
Serial No and Batch,Seriennummer und Chargen,
Serial No and Batch for Finished Good,Serien- und Chargennummer für Fertigerzeugnis,
Serial Nos and Batches,Seriennummern und Chargen,
Serial Number Series,Serie der Seriennummer,
Serial and Batch,Seriennummer und Charge,
Serial and Batch Bundle,Serien- und Chargenbündel,
Serial and Batch Details,Serien- und Chargendetails,
Serial and Batch No,Serien- und Chargennummer,
Serial and Batch Nos will be auto-reserved based on <b>Pick Serial / Batch Based On</b>,Serien- und Chargennummern werden automatisch basierend auf <b>Serien- / Chargennummer auswählen basierend auf</b> reserviert,
Serial and Batch Reservation,Serien- und Chargenreservierung,
Serial and Batch Summary,Serien- und Chargenzusammenfassung,
Series,Nummernkreise,
Series for Asset Depreciation Entry (Journal Entry),Serie für Abschreibungs-Eintrag (Buchungssatz),
Service Address,Serviceadresse,
Service Day,Service-Tag,
Service End Date,Service-Enddatum,
Service Expenses,Wartungsaufwand,
Service Item,Dienstleistungsartikel,
Service Item Qty,Dienstleistungsartikel Menge,
Service Item Qty / Finished Good Qty,Dienstleistungsartikel Menge / Fertigerzeugnis Menge,
Service Item UOM,Dienstleistungsartikel ME,
Service Level Agreement,Service Level Agreement,
Service Level Agreement Creation,Erstellung von Service Level Agreements,
Service Level Agreement Details,Details zum Service Level Agreement,
Service Level Agreement Status,Status des Service Level Agreements,
Service Level Agreements,Service Level Agreements,
Service Level Priority,Service Level Priorität,
Service Provider,Anbieter,
Service Received But Not Billed,"Service erhalten, aber nicht in Rechnung gestellt",
Service Start Date,Service Startdatum,
Service Stop Date,Service-Stopp-Datum,
Services,Dienstleistungen,
Session Defaults,Sitzungsstandards,
Set Accepted Warehouse,Akzeptiertes Lager festlegen,
Set Advances and Allocate (FIFO),Vorschüsse setzen und zuordnen (FIFO),
Set Basic Rate Manually,Grundpreis manuell einstellen,
Set Item Group-wise budgets on this Territory. You can also include seasonality by setting the Distribution.,Artikelgruppenbezogene Budgets für diese Region erstellen. Durch Setzen der Auslieferungseinstellungen können auch saisonale Aspekte mit einbezogen werden.,
Set Operating Cost Based On BOM Quantity,Betriebskosten auf Basis der Stücklistenmenge festlegen,
Set Posting Date,Buchungsdatum festlegen,
Set Reserve Warehouse,Legen Sie das Reservelager fest,
Set Source Warehouse,Legen Sie das Quell-Warehouse fest,
Set Target Warehouse,Festlegen des Ziellagers,
Set Valuation Rate Based on Source Warehouse,Bewertungssatz basierend auf dem Quelllager festlegen,
Set rate of sub-assembly item based on BOM,Einzelpreis für Artikel der Unterbaugruppe auf Basis deren Stückliste festlegen,
Set targets Item Group-wise for this Sales Person.,Ziele artikelgruppenbezogen für diesen Vertriebsmitarbeiter festlegen.,
Set the status manually.,Status manuell setzen.,
Sets 'Accepted Warehouse' in each row of the Items table.,Legt in jeder Zeile der Artikeltabelle das Annahmelager fest.,
Sets 'Rejected Warehouse' in each row of the Items table.,Legt in jeder Zeile der Artikeltabelle das „Ausschusslager“ fest.,
Sets 'Source Warehouse' in each row of the items table.,Legt in jeder Zeile der Artikeltabelle das „Ausgangslager“ fest.,
Sets 'Target Warehouse' in each row of the items table.,Legt in jeder Zeile der Artikeltabelle das „Eingangslager“ fest.,
Sets 'Warehouse' in each row of the Items table.,Legt &#39;Warehouse&#39; in jeder Zeile der Items-Tabelle fest.,
Setting Account Type helps in selecting this Account in transactions.,Das Festlegen des Kontotyps hilft bei der Auswahl dieses Kontos bei Transaktionen.,
Settings,Einstellungen,
Settings for Selling Module,Einstellungen Verkauf,
Settled,Erledigt,
Setup,Einstellungen,
Share Balance,Anteilsbestand,
Share Ledger,Verzeichnis der Anteilseigner,
Share Transfer,Anteilsübertragung,
Share Type,Art des Anteils,
Shareholder,Anteilseigner,
Shelf Life In Days,Haltbarkeit in Tagen,
Shift,Schicht,
Shift Factor,Schichtfaktor,
Shift Name,Schichtname,
Shipment,Sendung,
Shipment Amount,Versandbetrag,
Shipment Delivery Note,Lieferschein für die Sendung,
Shipment ID,Sendungs-ID,
Shipment Information,Sendungsinformationen,
Shipment Parcel,Versandpaket,
Shipment Parcel Template,Versandpaketvorlage,
Shipment Type,Sendungstyp,
Shipment details,Sendungsdetails,
Shipping Account,Versandkonto,
Shipping Address,Lieferadresse,
Shipping Address Details,Vorschau Lieferadresse,
Shipping Address Name,Lieferadresse Bezeichnung,
Shipping Address Template,Vorlage Lieferadresse,
Shipping Amount,Versandbetrag,
Shipping City,Zielstadt der Lieferung,
Shipping Country,Zielland der Lieferung,
Shipping County,Versand-Landesbezirk/-Gemeinde/-Kreis,
Shipping Rule,Versandregel,
Shipping Rule Condition,Versandbedingung,
Shipping Rule Conditions,Versandbedingungen,
Shipping Rule Country,Versandregel für Land,
Shipping Rule Label,Bezeichnung der Versandregel,
Shipping Rule Type,Versandregeltyp,
Shipping State,Versandstatus,
Shipping Zipcode,Versand Postleitzahl,
Shopping Cart,Warenkorb,
Short Name,Kürzel,
Short Term Loan Account,Kurzfristiges Darlehenskonto,
Short biography for website and other publications.,Kurzbiographie für die Webseite und andere Publikationen.,
Show Balances in Chart Of Accounts,Saldo in Kontenplan anzeigen,
Show Barcode Field in Stock Transactions,Barcode-Feld in Lagerbewegungen anzeigen,
Show Failed Logs,Fehlgeschlagene Protokolle anzeigen,
Show In Website,Auf der Webseite anzeigen,
Show Inclusive Tax in Print,Inklusive Steuern im Druck anzeigen,
Show Items,Elemente anzeigen,
Show Latest Forum Posts,Zeige aktuelle Forum Beiträge,
Show Operations,zeigen Operationen,
Show Pay Button in Purchase Order Portal,Schaltfläche „Bezahlen“ im Bestellportal anzeigen,
Show Payment Schedule in Print,Zeige Zahlungstermin in Drucken,
Show Remarks,Bemerkungen anzeigen,
Show Taxes as Table in Print,Steuern als Tabelle im Druck anzeigen,
Show in Website,In der Website anzeigen,
Signatory Position,Unterzeichner Position,
Signed,Unterzeichnet,
Signed By (Company),Signiert von (Firma),
Signed On,Angemeldet,
Signee,Signee,
Signee (Company),Unterzeichner (Firma),
Signee Details,Unterschrift Details,
"Simple Python Expression, Example: doc.status == 'Open' and doc.issue_type == 'Bug'","Einfacher Python-Ausdruck, Beispiel: doc.status == 'Open' und doc.issue_type == 'Bug'",
"Simple Python Expression, Example: territory != 'All Territories'","Einfacher Python-Ausdruck, Beispiel: Territorium! = &#39;Alle Territorien&#39;",
"Simple Python formula applied on Reading fields.<br> Numeric eg. 1: <b>reading_1 &gt; 0.2 and reading_1 &lt; 0.5</b><br>
Numeric eg. 2: <b>mean &gt; 3.5</b> (mean of populated fields)<br>
Value based eg.:  <b>reading_value in (""A"", ""B"", ""C"")</b>","Einfache Python-Formel, die auf Ablesewert-Felder (reading) angewendet wird.<br> Numerisch z.B. 1: <b>reading_1 &gt; 0.2 und reading_1 &lt; 0.5</b><br>
Numerisch z.B. 2: <b>mean &gt; 3.5</b> (Mittelwert der ausgefüllten Felder)<br>
Wertbasiert z.B.: <b>reading_value in (""A"", ""B"", ""C"")</b>",
Simultaneous,Gleichzeitig,
Single,Ledig,
Single Tier Program,Einstufiges Programm,
Single Transaction Threshold,Einzeltransaktionsschwelle,
Skip Delivery Note,Lieferschein überspringen,
Skip Material Transfer to WIP Warehouse,Überspringen Sie die Materialübertragung in das WIP-Lager,
Skipped,Übersprungen,
Skype ID,Skype ID,
Slideshow,Diaschau,
Sold,Verkauft,
Source,Quelle,
Source DocType,Quelle DocType,
Source Document Name,Quelldokumentname,
Source Document Type,Quelldokumenttyp,
Source Exchange Rate,Quellwechselkurs,
Source Location,Quellspeicherort,
Source Name,Quellenname,
Source Type,Quelle Typ,
Source Warehouse,Ausgangslager,
Source Warehouse Address,Adresse des Quelllagers,
Sourced by Supplier,Vom Lieferanten bezogen,
South Africa VAT Account,Südafrika Mehrwertsteuer-Konto,
South Africa VAT Settings,Südafrika Mehrwertsteuer-Einstellungen,
Spacer,Abstandshalter,
Specify Exchange Rate to convert one currency into another,Wechselkurs zum Umrechnen einer Währung in eine andere angeben,
Specify conditions to calculate shipping amount,Bedingungen zur Berechnung der Versandkosten angeben,
Split Early Payment Discount Loss into Income and Tax Loss,Skontobetrag in Aufwand und Umsatzsteuerkorrektur aufteilen,
Split From,Abspalten von,
Stage,Stufe,
Stage Name,Künstlername,
Stale Days,Stale Tage,
Standard Selling Rate,Standard-Verkaufspreis,
Standard Template,Standard Template,
Standing Name,Standing Name,
Start Date,Startdatum,
Start Time,Startzeit,
Start and End Dates,Start- und Enddatum,
Start date of current invoice's period,Startdatum der laufenden Rechnungsperiode,
Started Time,Startzeit,
Starting location from left edge,Startposition vom linken Rand,
Starting position from top edge,Ausgangsposition von der Oberkante,
State/Province,Staat / Provinz,
Status,Status,
Status Details,Statusdetails,
Status Illustration,Statusdarstellung,
Statutory info and other general information about your Supplier,Rechtlich notwendige und andere allgemeine Informationen über Ihren Lieferanten,
Stock,Lager,
Stock Adjustment,Bestandskorrektur,
Stock Adjustment Account,Bestandskorrektur-Konto,
Stock Ageing,Lager-Abschreibungen,
Stock Analytics,Bestandsanalyse,
Stock Balance,Lagerbestand,
Stock Consumed During Repair,Während der Reparatur verbrauchter Bestand,
Stock Consumption Details,Details zum Lagerverbrauch,
Stock Details,Lagerdetails,
Stock Entry,Lagerbuchung,
Stock Entry (Outward GIT),Lagerbuchung (ausgeh. WIT),
Stock Entry Child,Stock Entry Child,
Stock Entry Detail,Lagerbuchungsdetail,
Stock Entry Type,Art der Lagerbuchung,
Stock Frozen Upto,Bestand gesperrt bis,
Stock Items,Lagerartikel,
Stock Ledger,Lagerbuch,
Stock Ledger Entry,Buchung im Lagerbuch,
Stock Manager,Lagerleiter,
Stock Planning,Bestandsplanung,
Stock Projected Qty,Prognostizierte Lagerbestandsmenge,
Stock Qty,Lagermenge,
Stock Qty vs Serial No Count,Lagermenge vs Seriennummer,
Stock Received But Not Billed,"Empfangener, aber nicht berechneter Lagerbestand",
Stock Reconciliation,Bestandsabgleich,
Stock Reconciliation Item,Bestandsabgleich-Artikel,
Stock Reservation,Bestandsreservierung,
Stock Reservation Entry,Bestandsreservierungseintrag,
Stock Reserved Qty (in Stock UOM),Reservierter Bestand (in Lager-ME),
Stock Settings,Lager-Einstellungen,
Stock Summary,Lager-Zusammenfassung,
Stock UOM,Lagermaßeinheit,
Stock UOM Quantity,Lager-ME Menge,
Stock Uom,Lagermaßeinheit,
Stock User,Lager-Benutzer,
Stock Value,Lagerwert,
Stock and Account Value Comparison,Bestands- und Kontowertvergleich,
Stock and Manufacturing,Lager und Fertigung,
Stock transactions that are older than the mentioned days cannot be modified.,"Lagerbewegungen, die älter als die genannten Tage sind, können nicht geändert werden.",
Stock will be reserved on submission of <b>Purchase Receipt</b> created against Material Request for Sales Order.,"Der Bestand wird mit der Buchung des <b>Eingangsbelegs</b> reserviert, der gegen eine Materialanfrage für einen Verkaufsauftrag erstellt wurde.",
Stop,Anhalten,
Stop Reason,Stoppen Sie die Vernunft,
Stopped,Angehalten,
Straight Line,Gerade Linie,
Sub Assemblies & Raw Materials,Unterbaugruppen & Rohmaterialien,
Sub Assembly Item Code,Artikelcode der Unterbaugruppe,
Sub Assembly Items,Artikel der Unterbaugruppe,
Sub Assembly Warehouse,Unterbaugruppe Lager,
Sub Procedure,Unterprozedur,
Subcontract,Zulieferer,
Subcontract BOM,Stückliste für Untervergabe,
Subcontracted Item,Unterauftragsgegenstand,
Subcontracted Item To Be Received,"Unterauftragsgegenstand, der empfangen werden soll",
Subcontracted Raw Materials To Be Transferred,An Subunternehmer vergebene Rohstoffe,
Subcontracting BOM,Stückliste für Untervergabe,
Subcontracting Order,Unterauftrag,
Subcontracting Order (Draft) will be auto-created on submission of Purchase Order.,Unterauftrag (Entwurf) wird automatisch bei der Buchung der Lieferantenbestellung erstellt.,
Subcontracting Order Item,Position im Unterauftrag,
Subcontracting Purchase Order,Unterauftragsbestellung,
Subcontracting Receipt,Unterauftragsbeleg,
Subcontracting Settings,Untervergabe-Einstellungen,
Subdivision,Teilgebiet,
Subject,Betreff,
Submit After Import,Nach dem Import buchen,
Submit ERR Journals?,ERR-Journale buchen?,
Submit Generated Invoices,Generierte Rechnungen buchen,
Submit Journal Entries,Journaleinträge senden,
Submitted,Gebucht,
Subscription,Abonnement,
Subscription End Date,Abonnement-Enddatum,
Subscription Invoice,Abonnementrechnung,
Subscription Period,Abonnementzeitraum,
Subscription Plan,Abonnementplan,
Subscription Plan Detail,Details zum Abonnementplan,
Subscription Plans,Abonnementpläne,
Subscription Price Based On,Bezugspreis basierend auf,
Subscription Section,Abonnementbereich,
Subscription Settings,Abonnementeinstellungen,
Subscription Start Date,Startdatum des Abonnements,
Subtitle,Untertitel,
Succeeded,Erfolgreich,
Success,Erfolg,
Success Redirect URL,URL für erfolgreiche Umleitung,
Success Settings,Erfolgseinstellungen,
Successful,Erfolgreich,
Suggestions,Vorschläge,
Sum of Repair Cost and Value of Consumed Stock Items.,Summe der Reparaturkosten und des Wertes der verbrauchten Lagerartikel.,
Summary,Zusammenfassung,
Sunday,Sonntag,
Supplied Items,Gelieferte Artikel,
Supplied Qty,Gelieferte Anzahl,
Supplier,Lieferant,
Supplier Address,Lieferantenadresse,
Supplier Address Details,Vorschau Lieferantenadresse,
Supplier Contact,Lieferantenkontakt,
Supplier Delivery Note,Lieferschein Nr.,
Supplier Details,Lieferantendetails,
Supplier Group,Lieferantengruppe,
Supplier Group Name,Name der Lieferantengruppe,
Supplier Info,Lieferanteninfo,
Supplier Invoice,Lieferantenrechnung,
Supplier Invoice Date,Lieferantenrechnungsdatum,
Supplier Invoice No,Lieferantenrechnungsnr.,
Supplier Item,Lieferantenartikel,
Supplier Items,Lieferantenartikel,
Supplier Lead Time (days),Vorlaufzeit des Lieferanten (Tage),
Supplier Ledger Summary,Lieferanten-Ledger-Zusammenfassung,
Supplier Name,Lieferantenname,
Supplier Naming By,Bezeichnung des Lieferanten nach,
Supplier Part No,Lieferant Teile-Nr,
Supplier Part Number,Lieferanten-Artikelnummer,
Supplier Portal Users,Benutzer des Lieferantenportals,
Supplier Primary Address,Hauptadresse des Lieferanten,
Supplier Primary Contact,Hauptkontakt des Lieferanten,
Supplier Quotation,Lieferantenangebot,
Supplier Quotation Comparison,Vergleich der Lieferantenangebote,
Supplier Quotation Item,Lieferantenangebotsposition,
Supplier Score,Lieferantenbewertung,
Supplier Scorecard,Lieferanten-Scorecard,
Supplier Scorecard Criteria,Lieferanten-Scorecard-Kriterien,
Supplier Scorecard Period,Supplier Scorecard Zeitraum,
Supplier Scorecard Scoring Criteria,Supplier Scorecard Scoring Kriterien,
Supplier Scorecard Scoring Standing,Supplier Scorecard Scoring Standing,
Supplier Scorecard Scoring Variable,Supplier Scorecard Scoring Variable,
Supplier Scorecard Setup,Supplier Scorecard Setup,
Supplier Scorecard Standing,Supplier Scorecard Standing,
Supplier Scorecard Variable,Supplier Scorecard Variable,
Supplier Type,Lieferantentyp,
Supplier Warehouse,Lieferantenlager,
Supplier delivers to Customer,Lieferant liefert an Kunden,
Supplier of Goods or Services.,Lieferant von Waren oder Dienstleistungen.,
Supplier-Wise Sales Analytics,Lieferantenbezogene Analyse der Verkäufe,
Suppliers,Lieferanten,
Supply Raw Materials for Purchase,Rohmaterial für Einkauf bereitstellen,
Support,Support,
Support Hour Distribution,Stützzeitverteilung,
Support Portal,Supportportal,
Support Search Source,Support-Suchquelle,
Support Settings,Support-Einstellungen,
Support Team,Support-Team,
Suspended,Suspendiert,
Synchronize all accounts every hour,Synchronisieren Sie alle Konten stündlich,
System Manager,System-Manager,
"System User (login) ID. If set, it will become default for all HR forms.","Systembenutzer-ID (Anmeldung). Wenn gesetzt, wird sie standardmäßig für alle HR-Formulare verwendet.",
System will automatically create the serial numbers / batch for the Finished Good on submission of work order,"Falls aktiviert, erstellt das System bei der Buchung des Arbeitsauftrags automatisch Serien- bzw. Chargennummern für die Fertigerzeugnisse",
System will fetch all the entries if limit value is zero.,"Das System ruft alle Einträge ab, wenn die max. Anzahl Null ist.",
System will notify to increase or decrease quantity or amount ,"Das System benachrichtigt Sie, um die Menge oder Menge zu erhöhen oder zu verringern",
TDS Computation Summary,TDS-Berechnungsübersicht,
TS-.YYYY.-,TS-.YYYY.-,
Table for Item that will be shown in Web Site,"Tabelle für Artikel, der auf der Webseite angezeigt wird",
Tag Line,Tag-Linie,
Target,Ziel,
Target  Amount,Zielbetrag,
Target Asset,Ziel-Vermögensgegenstand,
Target Batch No,Ziel-Chargen-Nr,
Target Detail,Zieldetail,
Target Distribution,Aufteilung der Zielvorgaben,
Target Exchange Rate,Zielwechselkurs,
Target Has Batch No,Ziel hat Chargennummer,
Target Has Serial No,Ziel hat Seriennummer,
Target Is Fixed Asset,Ziel ist Anlagevermögen,
Target Item Code,Ziel Artikelcode,
Target Item Name,Ziel Artikelname,
Target Location,Zielort,
Target Qty,Zielmenge,
Target Serial No,Ziel Seriennummer,
Target Warehouse,Eingangslager,
Target Warehouse Address,Ziellageradresse,
Targets,Ziele,
Tariff Number,Tarifnummer,
Task,Vorgang,
Task Assignee Email,E-Mail des Aufgabenempfängers,
Task Completion,Aufgabenerledigung,
Task Depends On,Vorgang hängt ab von,
Task Description,Vorgangsbeschreibung,
Task Name,Aufgaben-Name,
Task Progress,Vorgangsentwicklung,
Task Type,Vorgangstyp,
Task Weight,Vorgangsgewichtung,
Tasks,Aufgaben,
Tax,Steuer,
Tax Account,Steuerkonto,
Tax Amount After Discount Amount,Steuerbetrag nach Abzug von Rabatt,
Tax Amount After Discount Amount (Company Currency),Steuerbetrag nach Abzug von Rabatt (Unternehmenswährung),
Tax Amount will be rounded on a row(items) level,Der Steuerbetrag wird auf (Artikel-)Zeilenebene gerundet,
Tax Breakup,Steuererhebung,
Tax Category,Steuerkategorie,
Tax ID,Steuernummer,
Tax Id,Steuernummer,
Tax Rate,Steuersatz,
Tax Rates,Steuersätze,
Tax Rule,Steuer-Regel,
Tax Settings,Umsatzsteuer-Einstellungen,
Tax Type,Steuerart,
Tax Withholding Account,Steuerrückbehaltkonto,
Tax Withholding Category,Steuereinbehalt Kategorie,
Tax Withholding Rate,Steuerrückbehaltrate,
Tax Withholding Rates,Steuerrückbehalt,
"Tax detail table fetched from item master as a string and stored in this field.
Used for Taxes and Charges","Steuerdetailtabelle, die aus dem Artikelstamm als Zeichenfolge abgerufen und in diesem Feld gespeichert wird.
Wird für Steuern und Gebühren verwendet",
Tax will be withheld only for amount exceeding the cumulative threshold,"Die Steuer wird nur für den Betrag einbehalten, der den kumulierten Schwellenwert überschreitet",
Taxable Amount,Steuerpflichtiger Betrag,
Taxes,Steuern,
Taxes and Charges,Steuern und Gebühren,
Taxes and Charges Added,Steuern und Gebühren hinzugefügt,
Taxes and Charges Added (Company Currency),Steuern und Gebühren hinzugerechnet (Unternehmenswährung),
Taxes and Charges Calculation,Berechnung der Steuern und Gebühren,
Taxes and Charges Deducted,Steuern und Gebühren abgezogen,
Taxes and Charges Deducted (Company Currency),Steuern und Gebühren abgezogen (Unternehmenswährung),
Team Member,Teammitglied,
Telephony Call Type,Telefonie Anrufart,
Template,Vorlage,
Template Name,Vorlagenname,
Template Options,Vorlagenoptionen,
Template Task,Vorlage,
Template Title,Vorlagentitel,
Template Warnings,Vorlagenwarnungen,
Temporary,Temporär,
Temporary Opening Account,Temporäres Eröffnungskonto,
Term Details,Details der Geschäftsbedingungen,
Terms,Geschäftsbedingungen,
Terms & Conditions,Bedingungen & Konditionen,
Terms and Conditions,Allgemeine Geschäftsbedingungen,
Terms and Conditions Content,Allgemeine Geschäftsbedingungen Inhalt,
Terms and Conditions Details,Allgemeine Geschäftsbedingungen Details,
Terms and Conditions Help,Allgemeine Geschäftsbedingungen Hilfe,
Territory,Gebiet,
Territory Manager,Gebietsleiter,
Territory Name,Name der Region (Gebiet),
Territory Target Variance Based On Item Group,Gebietszielabweichung basierend auf Artikelgruppe,
Territory Targets,Ziele für die Region,
Territory-wise Sales,Gebietsbezogene Verkäufe,
The BOM which will be replaced,Die Stückliste (BOM) wird ersetzt.,
"The account head under Liability or Equity, in which Profit/Loss will be booked","Der Kontenkopf unter Eigen- oder Fremdkapital, in dem Gewinn / Verlust verbucht wird",
The gross weight of the package. Usually net weight + packaging material weight. (for print),Das Bruttogewicht des Pakets. Normalerweise Nettogewicht + Verpackungsgweicht. (Für den Ausdruck),
The net weight of this package. (calculated automatically as sum of net weight of items),Das Nettogewicht dieses Pakets. (Automatisch als Summe der einzelnen Nettogewichte berechnet),
The new BOM after replacement,Die neue Stückliste nach dem Austausch,
"The percentage you are allowed to bill more against the amount ordered. For example, if the order value is $100 for an item and tolerance is set as 10%, then you are allowed to bill up to $110 ","Der Prozentsatz, den Sie mehr gegen den bestellten Betrag abrechnen dürfen. Wenn der Bestellwert für einen Artikel beispielsweise 100 US-Dollar beträgt und die Toleranz auf 10% festgelegt ist, können Sie bis zu 110 US-Dollar in Rechnung stellen",
The percentage you are allowed to pick more items in the pick list than the ordered quantity.,"Der Prozentsatz, um den Sie mehr Artikel in der Kommissionierliste auswählen dürfen als die bestellte Menge.",
"The percentage you are allowed to receive or deliver more against the quantity ordered. For example, if you have ordered 100 units, and your Allowance is 10%, then you are allowed to receive 110 units.","Der Prozentsatz, den Sie mehr gegen die bestellte Menge erhalten oder liefern dürfen. Wenn Sie beispielsweise 100 Einheiten bestellt haben und Ihre Zulage 10% beträgt, können Sie 110 Einheiten erhalten.",
"The percentage you are allowed to transfer more against the quantity ordered. For example, if you have ordered 100 units, and your Allowance is 10%, then you are allowed transfer 110 units.","Der Prozentsatz, den Sie mehr als die bestellte Menge übertragen dürfen. Wenn Sie zum Beispiel 100 Einheiten bestellt haben und Ihr Freibetrag 10% beträgt, dürfen Sie 110 Einheiten übertragen.",
"The users with this Role are allowed to create/modify a stock transaction, even though the transaction is frozen.","Die Benutzer mit dieser Rolle dürfen eine Lagerbewegungen erstellen/ändern, auch wenn die Transaktion eingefroren ist.",
This Account has '0' balance in either Base Currency or Account Currency,Dieses Konto weist entweder in der Basiswährung oder in der Kontowährung einen Saldo von „0“ auf,
This filter will be applied to Journal Entry.,Dieser Filter wird auf den Buchungssatz angewendet.,
This is a location where final product stored.,"Dies ist ein Ort, an dem das Endprodukt gelagert wird.",
This is a location where operations are executed.,"Dies ist ein Ort, an dem Operationen ausgeführt werden.",
This is a location where raw materials are available.,"Dies ist ein Ort, an dem Rohstoffe verfügbar sind.",
This is a location where scraped materials are stored.,"Dies ist ein Ort, an dem abgekratzte Materialien gelagert werden.",
"This section allows the user to set the Body and Closing text of the Dunning Letter for the Dunning Type based on language, which can be used in Print.","In diesem Abschnitt kann der Benutzer den Text und den Schlusstext des Mahnbriefs für den Mahntyp basierend auf der Sprache festlegen, die im Druck verwendet werden kann.",
This tool helps you to update or fix the quantity and valuation of stock in the system. It is typically used to synchronise the system values and what actually exists in your warehouses.,"Dieses Werkzeug hilft Ihnen dabei, die Menge und die Bewertung von Bestand im System zu aktualisieren oder zu ändern. Es wird in der Regel verwendet, um die Systemwerte und den aktuellen Bestand Ihrer Lager zu synchronisieren.",
"This will be appended to the Item Code of the variant. For example, if your abbreviation is ""SM"", and the item code is ""T-SHIRT"", the item code of the variant will be ""T-SHIRT-SM""","Dies wird an den Artikelcode der Variante angehängt. Beispiel: Wenn Ihre Abkürzung ""SM"" und der Artikelcode ""T-SHIRT"" sind, so ist der Artikelcode der Variante ""T-SHIRT-SM""",
This will restrict user access to other employee records,Dies schränkt den Benutzerzugriff auf andere Mitarbeiterdatensätze ein,
Threshold for Suggestion,Schwellenwert für Vorschläge,
Threshold for Suggestion (In Percentage),Schwellenwert für Vorschlag (in Prozent),
Thumbnail,Thumbnail,
Thursday,Donnerstag,
Tier Name,Tiername,
Time,Zeit,
Time (In Mins),Zeit (in Minuten),
Time Between Operations (Mins),Zeit zwischen Operationen (Minuten),
Time In Mins,Zeit in Min,
Time Logs,Zeitprotokolle,
Time Sheet,Zeitblatt,
Time Sheet List,Zeitblatt Liste,
Time Sheets,Zeitblätter,
Time at which materials were received,"Zeitpunkt, zu dem Materialien empfangen wurden",
Time in mins,Zeit in Min,
Time in mins.,Zeit in Min.,
Timeline,Zeitleiste,
Timesheet,Zeiterfassung,
Timesheet Detail,Zeiterfassungsposition,
Timesheets,Zeiterfassungen,
Timeslots,Zeitfenster,
Title,Bezeichnung,
To,Zu,
To Bill,Abrechnen,
To Currency,In Währung,
To Date,Bis-Datum,
To Deliver,Auszuliefern,
To Deliver and Bill,Auszuliefern und Abzurechnen,
To Delivery Date,Bis Liefertermin,
To Doctype,Bis Doctype,
To Employee,An Mitarbeiter,
To Folio No,Zu Folio Nein,
To Invoice Date,Bis Rechnungsdatum,
To No,Zu Nein,
To Package No.,Bis Paket Nr.,
To Payment Date,Bis Zahlungsdatum,
To Produce,Zu produzieren,
To Range,Bis-Bereich,
To Receive,Zu empfangen,
To Receive and Bill,Zu empfangen und abzurechnen,
To Reference Date,Bis Stichtag,
To Rename,Umbenennen,
To Shareholder,An Anteilseigner,
To Time,Bis-Zeit,
To Track inbound purchase,Um eingehende Einkäufe zu verfolgen,
To Value,Bis-Wert,
To Warehouse (Optional),Eingangslager (Optional),
To be Delivered to Customer,An den Kunden zu liefern,
Toggle Full Width,Breite wechseln,
Toggle Theme,Theme wechseln,
Tools,Werkzeuge,
Total,Summe,
Total (Company Currency),Gesamtsumme (Unternehmenswährung),
Total Additional Costs,Gesamte Zusatzkosten,
Total Advance,Summe der Anzahlungen,
Total Allocated Amount,Insgesamt zugewiesener Betrag,
Total Allocated Amount (Company Currency),Aufteilbaren Gesamtbetrag (Unternehmenswährung),
Total Amount,Gesamtsumme,
Total Amount Currency,Insgesamt Betrag Währung,
Total Amount in Words,Gesamtsumme in Worten,
Total Billable Amount,Summe abrechenbarer Betrag,
Total Billable Amount (via Timesheet),Abrechenbare Zeiten (Zeiterfassung),
Total Billable Hours,Summe abrechenbare Stunden,
Total Billed Amount,Gesamtrechnungsbetrag,
Total Billed Amount (via Sales Invoice),Abgerechneter Betrag (Ausgangsrechnung),
Total Billed Hours,Summe abgerechneter Stunden,
Total Billing Amount,Gesamtrechnungsbetrag,
Total Billing Hours,Summe abgerechneter Stunden,
Total Characters,Gesamtanzahl Zeichen,
Total Commission,Gesamtprovision,
Total Completed Qty,Total Completed Qty,
Total Consumed Material Cost (via Stock Entry),Verbrauchtes Material (Lagerbuchung),
Total Cost,Gesamtkosten,
Total Cost (Company Currency),Gesamtkosten (Firmenwährung),
Total Costing Amount,Gesamtkalkulation Betrag,
Total Costing Amount (via Timesheet),Lohnkosten (Zeiterfassung),
Total Credit,Gesamt-Haben,
Total Debit,Gesamt-Soll,
Total Estimated Distance,Geschätzte Gesamtstrecke,
Total Experience,Gesamterfahrung,
Total Gain/Loss,Gesamter Gewinn / Verlust,
Total Hold Time,Gesamte Haltezeit,
Total Holidays,Insgesamt freie Tage,
Total Incoming Value (Receipt),Gesamter eingehender Wert (Empfang),
Total Interest,Gesamtzins,
Total Message(s),Summe Nachricht(en),
Total Monthly Sales,Gesamtmonatsumsatz,
Total Net Weight,Gesamtnettogewicht,
Total Number of Booked Depreciations ,Gesamtzahl der gebuchten Abschreibungen,
Total Number of Depreciations,Gesamtzahl der Abschreibungen,
Total Operating Cost,Gesamtbetriebskosten,
Total Operation Time,Gesamtbetriebszeit,
Total Outstanding,Summe ausstehende Beträge,
Total Planned Qty,Geplante Gesamtmenge,
Total Produced Qty,Gesamtproduktionsmenge,
Total Projected Qty,Prognostizierte Gesamtmenge,
Total Purchase Cost (via Purchase Invoice),Einkaufskosten (Eingangsrechnung),
Total Qty,Gesamtmenge,
Total Quantity,Gesamtmenge,
Total Repair Cost,Gesamtreparaturkosten,
Total Reposting Count,Gesamtzahl der Umbuchungen,
Total Sales Amount (via Sales Order),Auftragswert (Auftrag),
Total Stock Summary,Gesamt Stock Zusammenfassung,
Total Supplied Qty,Insgesamt gelieferte Menge,
Total Taxes and Charges,Gesamte Steuern und Gebühren,
Total Taxes and Charges (Company Currency),Gesamte Steuern und Gebühren (Unternehmenswährung),
Total Time in Mins,Gesamtzeit in Minuten,
Total Value,Gesamtwert,
Total Value Difference (Incoming - Outgoing),Gesamtwertdifferenz (eingehend – ausgehend),
Total Weight,Gesamtgewicht,
Total Weight (kg),Gesamtgewicht (kg),
Total Working Hours,Gesamtarbeitszeit,
Totals,Summen,
Track Service Level Agreement,Service Level Agreement verfolgen,
Track separate Income and Expense for product verticals or divisions.,Einnahmen und Ausgaben für Produktbereiche oder Abteilungen separat verfolgen.,
Tracking Status,Tracking-Status,
Tracking Status Info,Tracking-Statusinformationen,
Tracking URL,Tracking-URL,
Transaction,Transaktion,
Transaction Currency,Transaktionswährung,
Transaction Date,Transaktionsdatum,
Transaction Details,Transaktionsdetails,
Transaction ID,Transaktions-ID,
Transaction Settings,Transaktionseinstellungen,
Transaction Type,Art der Transaktion,
Transactions Annual History,Transaktionen Jährliche Geschichte,
Transfer,Übertragung,
Transfer Material Against,Material übertragen gegen,
Transfer Status,Übertragungsstatus,
Transfer Type,Übertragungsart,
Transferred,Übergeben,
Transferred Qty,Übergebene Menge,
Transport Receipt Date,Transport Empfangsdatum,
Transport Receipt No,Transportbeleg Nr,
Transporter,Transporter,
Transporter Details,Informationen zum Transporteur,
Transporter Info,Informationen zum Transportunternehmer,
Transporter Name,Name des Transportunternehmers,
Tree Details,Baum-Details,
Trial Balance,Probebilanz,
Trial Balance (Simple),Probebilanz (einfach),
Trial Balance for Party,Summen- und Saldenliste für Partei,
Trial Period End Date,Testzeitraum Enddatum,
Trial Period Start Date,Testzeitraum Startdatum,
Trialling,Erprobung,
Tuesday,Dienstag,
Twice Daily,Zweimal täglich,
Two-way,Zwei-Wege,
Type,Typ,
Type Of Call,Art des Anrufs,
Type of Payment,Zahlungsart,
Type of Transaction,Art der Transaktion,
Type of document to rename.,"Dokumententyp, der umbenannt werden soll.",
UAE VAT 201,VAE VAT 201,
UAE VAT Account,VAE VAT Konto,
UAE VAT Accounts,VAE VAT Konten,
UAE VAT Settings,VAE VAT Einstellungen,
UOM,Einheit,
UOM Category,Maßeinheit-Kategorie,
UOM Conversion Detail,Maßeinheit-Umrechnungs-Detail,
UOM Conversion Factor,Maßeinheit-Umrechnungsfaktor,
UOM Name,Maßeinheit-Name,
UOMs,Maßeinheiten,
UPC-A,UPC-A,
URL,URL,
Unallocated Amount,Nicht zugewiesener Betrag,
Under AMC,Innerhalb des jährlichen Wartungsvertrags,
Under Graduate,Bachelorstudent,
Under Warranty,Innerhalb der Garantie,
Unfulfilled,Nicht erfüllt,
Units of Measure,Maßeinheiten,
Unlink Advance Payment on Cancellation of Order,Deaktivieren Sie die Vorauszahlung bei Stornierung der Bestellung,
Unlink Payment on Cancellation of Invoice,Zahlung bei Stornierung der Rechnung aufheben,
Unlinked,Nicht verknüpft,
Unpaid,Unbezahlt,
Unpaid and Discounted,Unbezahlt und Rabattiert,
Unplanned machine maintenance,Ungeplante Maschinenwartung,
Unqualified,Nicht qualifiziert,
Unrealized Exchange Gain/Loss Account,Konto für nicht realisierte Wechselkurs-Gewinne/ -Verluste,
Unrealized Profit / Loss Account,Konto für nicht realisierten Gewinn/Verlust,
Unrealized Profit / Loss account for intra-company transfers,Konto für nicht realisierte Gewinne/Verluste aus konzerninternen Transfers,
Unrealized Profit/Loss account for intra-company transfers,Konto für nicht realisierte Gewinne/Verluste aus konzerninternen Transfers,
Unreconcile Payment Entries,Zahlungsbuchungen rückgängig machen,
Unreconciled,Unversöhnt,
Unreconciled Amount,Nicht abgestimmter Betrag,
Unreconciled Entries,Nicht zugeordnete Buchungen,
Unresolved,Ungeklärt,
Unscheduled,Außerplanmäßig,
Unsigned,Nicht unterzeichnet,
Unsubscribed,Abgemeldet,
Unverified,Nicht verifiziert,
Upcoming Calendar Events,Kommende Kalenderereignisse,
Update Auto Repeat Reference,Auto-Repeat-Referenz aktualisieren,
Update BOM Cost Automatically,Stücklisten-Kosten automatisch aktualisieren,
"Update BOM cost automatically via scheduler, based on the latest Valuation Rate/Price List Rate/Last Purchase Rate of raw materials","Aktualisieren Sie die Stücklistenkosten automatisch über den Planer, basierend auf der neuesten Bewertungsrate / Preislistenrate / letzten Kaufrate der Rohstoffe",
Update Billed Amount in Delivery Note,Abgerechneten Betrag im Lieferschein aktualisieren,
Update Billed Amount in Purchase Order,Abgerechneter Betrag in Bestellung aktualisieren,
Update Billed Amount in Sales Order,Aktualisierung des Rechnungsbetrags im Auftrag,
Update Consumed Material Cost In Project,Aktualisieren Sie die verbrauchten Materialkosten im Projekt,
Update Cost,Kosten aktualisieren,
Update Existing Records,Bestehende Datensätze aktualisieren,
Update Outstanding for Self,Ausstehenden Betrag für dieses Dokument aktualisieren,
Update Rate and Availability,Preis und Verfügbarkeit aktualisieren,
Update Stock,Lagerbestand aktualisieren,
Update Type,Aktualisierungsart,
Update frequency of Project,Aktualisierungshäufigkeit des Projekts,
Update latest price in all BOMs,Aktualisieren des neuesten Preises in allen Stücklisten,
Update timestamp on new communication,Zeitstempel bei neuer Kommunikation aktualisieren,
Updated via 'Time Log' (In Minutes),Aktualisiert über „Zeitprotokoll“ (in Minuten),
Upload XML Invoices,Laden Sie XML-Rechnungen hoch,
Urgent,Dringend,
Use Batch-wise Valuation,Chargenweise Bewertung verwenden,
Use Company default Cost Center for Round off,Standardkostenstelle des Unternehmens zum Abrunden verwenden,
Use Google Maps Direction API to calculate estimated arrival times,"Verwenden Sie die Google Maps Direction API, um die voraussichtlichen Ankunftszeiten zu berechnen",
Use Google Maps Direction API to optimize route,"Verwenden Sie die Google Maps Direction API, um die Route zu optimieren",
Use HTTP Protocol,HTTP-Protokoll verwenden,
Use Item based reposting,Artikelbasierte Umbuchung verwenden,
Use Multi-Level BOM,Mehrstufige Stückliste verwenden,
Use Serial / Batch Fields,Feld Seriennummer / Charge verwenden,
Use Serial No / Batch Fields,Feld Seriennummer / Charge verwenden,
Use Transaction Date Exchange Rate,Wechselkurs des Transaktionsdatums verwenden,
Use for Shopping Cart,Für den Einkaufswagen verwenden,
Use this field to render any custom HTML in the section.,"Verwenden Sie dieses Feld, um benutzerdefiniertes HTML im Abschnitt zu rendern.",
Used,Benutzt,
Used for Production Plan,Wird für den Produktionsplan verwendet,
User,Nutzer,
User Details,Nutzerdetails,
User Forum,Anwenderforum,
User ID,Benutzer-ID,
User Remark,Benutzerbemerkung,
User Resolution Time,Benutzerauflösungszeit,
Users,Benutzer,
Users with this role are allowed to over bill above the allowance percentage,"Roll, die mehr als den erlaubten Prozentsatz zusätzlich abrechnen darf",
Users with this role are allowed to set frozen accounts and create / modify accounting entries against frozen accounts,Benutzer mit dieser Rolle sind berechtigt Konten zu sperren und  Buchungen zu gesperrten Konten zu erstellen/verändern,
Utilities,Dienstprogramme,
VAT Accounts,USt-Konten,
VAT Audit Report,USt-Prüfbericht,
Valid From,Gültig ab,
Valid Till,Gültig bis,
Valid Upto,Gültig bis,
Valid for Countries,Gültig für folgende Länder,
Validate Applied Rule,Angewandte Regel validieren,
Validate Negative Stock,Negativen Bestand validieren,
Validate Pricing Rule,Preisregel validieren,
Validate Selling Price for Item Against Purchase Rate or Valuation Rate,Überprüfen Sie den Verkaufspreis für den Artikel anhand der Kauf- oder Bewertungsrate,
Validate Stock on Save,Lagerbestand beim Speichern validieren,
Validity,Gültigkeit,
Validity Details,Gültigkeitsdetails,
Validity and Usage,Gültigkeit und Nutzung,
Validity in Days,Gültigkeit in Tagen,
Valuation,Bewertung,
Valuation Method,Bewertungsmethode,
Valuation Rate,Wertansatz,
Valuation and Total,Bewertung und Summe,
Value,Wert,
Value After Depreciation,Wert nach Abschreibung,
Value of Goods,Warenwert,
Variable Name,Variablenname,
Variables,Variablen,
Variant Attributes,Variantenattribute,
Variant Based On,Variante basierend auf,
Variant Field,Variantenfeld,
Variant Of,Variante von,
Variants,Varianten,
Vehicle,Fahrzeug,
Vehicle Date,Fahrzeug-Datum,
Vehicle No,Fahrzeug-Nr.,
Vehicle Number,Fahrzeugnummer,
Vehicle Value,Fahrzeugwert,
Verified By,Überprüft von,
Version,Version,
Via Customer Portal,Über das Kundenportal,
Video,Video,
Video Settings,Video-Einstellungen,
View Website,Webseite anzeigen,
View attachments,Anhänge anzeigen,
Views,Ansichten,
Vimeo,Vimeo,
Visited,Besucht,
Voice,Stimme,
Voice Call Settings,Sprachanruf-Einstellungen,
Voucher Detail No,Belegdetail-Nr.,
Voucher Name,Beleg,
Voucher No,Belegnr.,
Voucher Qty,Beleg Menge,
Voucher Subtype,Beleg Untertyp,
Voucher Type,Belegtyp,
Vouchers,Gutscheine,
WIP Warehouse,Fertigungslager,
Wages,Lohn,
Wages per hour,Lohn pro Stunde,
Warehouse,Lager,
Warehouse Contact Info,Kontaktinformation des Lager,
Warehouse Detail,Lagerdetail,
Warehouse Details,Lagerdetails,
Warehouse Name,Lagername,
Warehouse Settings,Lagereinstellungen,
Warehouse Type,Lagertyp,
Warehouse Wise Stock Balance,Bestand nach Lager,
Warehouse and Reference,Lager und Referenz,
Warehouse wise Item Balance Age and Value,Lagerweise Item Balance Alter und Wert,
Warehouses,Lager,
Warn,Warnen,
Warn POs,Warnen Sie POs,
Warn Purchase Orders,Warnung Bestellungen,
Warn RFQs,Warnung Ausschreibungen,
Warn for new Purchase Orders,Warnung für neue Bestellungen,
Warn for new Request for Quotations,Warnung für neue Angebotsanfrage,
Warranty / AMC Details,Details der Garantie / des jährlichen Wartungsvertrags,
Warranty / AMC Status,Status der Garantie / des jährlichen Wartungsvertrags,
Warranty Claim,Garantieanspruch,
Warranty Expiry Date,Ablaufsdatum der Garantie,
Warranty Period (Days),Garantiefrist (Tage),
Warranty Period (in days),Garantiefrist (in Tagen),
Website,Webseite,
Website Attribute,Website-Attribut,
Website Description,Webseiten-Beschreibung,
Website Filter Field,Website-Filterfeld,
Website Image,Website-Image,
Website Item Group,Webseiten-Artikelgruppe,
Website Manager,Webseiten-Administrator,
Website Specifications,Webseiten-Spezifikationen,
Wednesday,Mittwoch,
Week,Woche,
Weekday,Wochentag,
Weekly,Wöchentlich,
Weekly Off,Wöchentlich frei,
Weekly Time to send,Wöchentliche Sendezeit,
Weight,Gewicht,
Weight (kg),Gewicht (Kg),
Weight Per Unit,Gewicht pro Einheit,
Weight UOM,Gewichts-Maßeinheit,
Weighting Function,Gewichtungsfunktion,
Welcome email sent,Willkommens-E-Mail versenden,
WhatsApp,WhatsApp,
Wheels,Räder,
"When a parent warehouse is chosen, the system conducts stock checks against the associated child warehouses","Wenn ein übergeordnetes Lager ausgewählt wird, führt das System Bestandsprüfungen mit den zugehörigen untergeordneten Lagern durch",
"While making Purchase Invoice from Purchase Order, use Exchange Rate on Invoice's transaction date rather than inheriting it from Purchase Order. Only applies for Purchase Invoice.","Einzelpreis am Transaktionsdatum der Rechnung verwenden, anstatt ihn aus der Bestellung zu übernehmen. Gilt nur für Eingangsrechnungen.",
Widowed,Verwitwet,
Width (cm),Breite (cm),
Width of amount in word,Breite der Menge in Wort,
Will also apply for variants,Gilt auch für Varianten,
Will also apply for variants unless overrridden,"Gilt auch für Varianten, sofern nicht außer Kraft gesetzt",
With Operations,Mit Arbeitsgängen,
Withdrawal,Auszahlung,
Work Done,Arbeit erledigt,
Work In Progress,Laufende Arbeit/-en,
Work Order,Arbeitsauftrag,
Work Order Consumed Materials,In Arbeitsauftrag verbrauchtes Material,
Work Order Item,Arbeitsauftragsposition,
Work Order Operation,Arbeitsauftrag Operation,
Work Order Qty,Arbeitsauftragsmenge,
Work Order Stock Report,Arbeitsauftragsbericht,
Work Order Summary,Arbeitsauftragsübersicht,
Work Orders in Progress,Arbeitsaufträge in Bearbeitung,
Work in Progress,Laufende Arbeit/-en,
Work-in-Progress Warehouse,Fertigungslager,
Workday,Werktag,
Working,In Bearbeitung,
Working Hours,Arbeitszeit,
Workstation,Arbeitsplatz,
Workstation / Machine,Arbeitsstation / Maschine,
Workstation Dashboard,Arbeitsplatz-Dashboard,
Workstation Name,Name des Arbeitsplatzes,
Workstation Status,Arbeitsplatzstatus,
Workstation Type,Arbeitsplatztyp,
Workstation Working Hour,Arbeitsplatz-Arbeitsstunde,
Workstations,Arbeitsplätze,
Write Off,Abschreiben,
Write Off Account,Konto für Einzelwertberichtungen,
Write Off Amount,Abschreibungsbetrag,
Write Off Amount (Company Currency),Abschreibungs-Betrag (Unternehmenswährung),
Write Off Based On,Abschreibung basierend auf,
Write Off Cost Center,Kostenstelle für Abschreibungen,
Write Off Difference Amount,Differenzbetrag Abschreibung,
Write Off Entry,Abschreibungsbuchung,
Write Off Limit,Abschreibungsgrenze,
Write Off Outstanding Amount,Offenen Betrag abschreiben,
Writeoff,Abschreiben,
Written Down Value,Niedergeschriebener Wert,
Year,Jahr,
Year End Date,Enddatum des Geschäftsjahres,
Year Name,Name des Jahrs,
Year Start Date,Startdatum des Geschäftsjahres,
Year of Passing,Abschlussjahr,
Yearly,Jährlich,
Yellow,gelb,
Yes,Ja,
YouTube,Youtube,
YouTube Interactions,YouTube-Interaktionen,
Youtube ID,Youtube ID,
Youtube Statistics,Youtube-Statistiken,
Zero Balance,Nullsaldo,
Zip File,Zip-Datei,
description,beschreibung,
development,Entwicklung,
"e.g. ""Summer Holiday 2019 Offer 20""",zB &quot;Sommerurlaub 2019 Angebot 20&quot;,
example: Next Day Shipping,Beispiel: Versand am nächsten Tag,
image,Bild,
lft,lft,
material_request_item,material_request_item,
old_parent,Altes übergeordnetes Element,
per hour,pro Stunde,
production,Produktion,
quotation_item,Angebotsposition,
rgt,rgt,
sandbox,Sandkasten,
temporary name,vorläufiger Name,
title,Titel,
unique e.g. SAVE20  To be used to get discount,einzigartig zB SAVE20 Um Rabatt zu bekommen,
