 Is Child Table,جدول فرزند است,
%  Delivered,٪ تحویل شده,
% Amount Billed,٪ مبلغ صورتحساب,
% Billed,٪ صورتحساب شد,
% Complete Method,٪ روش کامل,
% Completed,٪ تکمیل شده,
% Installed,٪ نصب شد,
% Ordered,مرتب٪,
% Picked,% انتخاب شده,
% Process Loss,% از دست دادن فرآیند,
% Progress,٪ پیش رفتن,
% Received,٪ دریافتی,
% Returned,% برگردانده شده,
% of materials billed against this Sales Order,درصد از مواد در برابر این سفارش فروش ثبت شده در صورتحساب,
% of materials delivered against this Sales Order,درصد از مواد در برابر این سفارش فروش تحویل,
(Hour Rate / 60) * Actual Operation Time,(یک ساعت یک نرخ / 60) * * * * واقعی زمان عمل,
(including),(شامل),
* Will be calculated in the transaction.,* * * * آیا می شود در معامله محاسبه می شود.,
1 Loyalty Points = How much base currency?,1 امتیاز وفاداری = چه مقدار ارز پایه؟,
1 hr,1 ساعت,
2 Yearly,2 ساله,
3 Yearly,3 سالانه,
30 mins,30 دقیقه,
6 hrs,6 ساعت,
"<div class=""columnHeading"">Other Details</div>","<div class=""columnHeading"">جزئیات دیگر</div>",
"<div class=""text-muted text-center"">No Matching Bank Transactions Found</div>","<div class=""text-muted text-center"">هیچ تراکنش بانکی منطبقی پیدا نشد</div>",
"<div>
<h3> All dimensions in centimeter only </h3>
</div>","<div>
<h3> همه ابعاد فقط به سانتی‌متر </h3>
</div>",
"<h3>About Product Bundle</h3>

<p>Aggregate group of <b>Items</b> into another <b>Item</b>. This is useful if you are bundling a certain <b>Items</b> into a package and you maintain stock of the packed <b>Items</b> and not the aggregate <b>Item</b>.</p>
<p>The package <b>Item</b> will have <code>Is Stock Item</code> as <b>No</b> and <code>Is Sales Item</code> as <b>Yes</b>.</p>
<h4>Example:</h4>
<p>If you are selling Laptops and Backpacks separately and have a special price if the customer buys both, then the Laptop + Backpack will be a new Product Bundle Item.</p>","<h3>درباره باندل محصول</h3>

<p>گروهی از <b>آیتم‌ها</b> را در <b>آیتم</b> دیگری جمع آوری کنید. اگر <b>آیتم‌های</b> خاصی را در یک باندل قرار دهید و موجودی <b>آیتم‌های</b> بسته بندی شده را حفظ کنید و نه <b>آیتم‌های</b> جمع آوری شده، مفید است.</p>
<p>بسته <b>آیتم</b> دارای <code>آیتم موجودی است</code> به عنوان <b>خیر</b> و <code>آیتم فروش است</code> به عنوان <b>بله خواهد بود. </b>.</p>
<h4>مثال:</h4>
<p>اگر لپ‌تاپ و کوله‌پشتی را جداگانه می‌فروشید و اگر مشتری هر دو را بخرد، قیمت ویژه‌ای دارید، لپ‌تاپ + کوله‌پشتی یک کالای باندل محصول جدید خواهد بود.</p>",
"<h5 class=""text-muted uppercase"">Or</h5>","<h5 class=""text-muted uppercase"">یا</h5>",
"<label class=""control-label"" style=""margin-bottom: 0px;"">Account Number Settings</label>","<label class=""control-label"" style=""margin-bottom: 0px;"">تنظیمات شماره حساب</label>",
"<label class=""control-label"" style=""margin-bottom: 0px;"">Amount In Words</label>","<label class=""control-label"" style=""margin-bottom: 0px;"">مقدار به حروف</label>",
"<label class=""control-label"" style=""margin-bottom: 0px;"">Date Settings</label>","<label class=""control-label"" style=""margin-bottom: 0px;"">تنظیمات تاریخ</label>",
"A Price List is a collection of Item Prices either Selling, Buying, or both",لیست قیمت مجموعه ای از قیمت های آیتم‌های فروش، خرید یا هر دو است,
"A Product or a Service that is bought, sold or kept in stock.",یک محصول یا یک سرویس است که خریداری شده، به فروش می رسد و یا نگه داشته در انبار.,
A condition for a Shipping Rule,یک شرط برای یک قانون ارسال کالا,
A customer must have primary contact email.,مشتری باید ایمیل تماس اصلی داشته باشد.,
A logical Warehouse against which stock entries are made.,انبار منطقی که در برابر نوشته های سهام ساخته شده است.,
A third party distributor / dealer / commission agent / affiliate / reseller who sells the companies products for a commission.,توزیع کننده شخص ثالث / فروشنده / نماینده کمیسیون / وابسته به / نمایندگی فروش که به فروش می رساند محصولات شرکت برای کمیسیون.,
A+,A +,
A-,A-,
A4,A4,
AB+,AB +,
AB-,AB-,
ACC-AML-.YYYY.-,ACC-AML- .YYYY.-,
ACC-ASR-.YYYY.-,ACC-ASR- .YYYY.-,
ACC-ASS-.YYYY.-,ACC-ASS- .YYYY.-,
ACC-BTN-.YYYY.-,ACC-BTN-.YYYY--,
ACC-JV-.YYYY.-,ACC-JV- .YYYY.-,
ACC-PAY-.YYYY.-,ACC-PAY- .YYYY.-,
ACC-PINV-.YYYY.-,ACC-PINV- .YYYY.-,
ACC-PINV-RET-.YYYY.-,ACC-PINV-RET-.YYYY.-,
ACC-PRQ-.YYYY.-,ACC-PRQ- .YYYY.-,
ACC-PSINV-.YYYY.-,ACC-PSINV-.YYYY.-,
ACC-SH-.YYYY.-,ACC-SH- .YYYY.-,
ACC-SINV-.YYYY.-,ACC-SINV- .YYYY.-,
ACC-SINV-RET-.YYYY.-,ACC-SINV-RET-.YYYY.-,
AMC Expiry Date,AMC تاریخ انقضاء,
API,API,
API Details,جزئیات API,
API Endpoint,نقطه پایانی API,
API Key,کلید API,
AWB Number,شماره AWB,
Abbr,مخفف,
Abbreviation,مخفف,
About,درباره,
Academics User,کاربر آکادمیک,
Acceptance Criteria Formula,فرمول معیارهای پذیرش,
Acceptance Criteria Value,مقدار معیارهای پذیرش,
Accepted,پذیرفته,
Accepted Qty,Qty پذیرفته شده است,
Accepted Qty in Stock UOM,تعداد پذیرفته شده در انبار UOM,
Accepted Quantity,تعداد پذیرفته شده,
Accepted Warehouse,انبار پذیرفته شده,
Access Key,کلید دسترسی,
Account,حساب,
Account Balance,موجودی حساب,
Account Balance (From),تراز حساب (از),
Account Balance (To),تراز حساب (به),
Account Closing Balance,تراز اختتامیه حساب,
Account Currency,حساب ارزی,
Account Currency (From),ارز حساب (از),
Account Currency (To),ارز حساب (به),
Account Details,جزئیات حساب,
Account Head,سر حساب,
Account Manager,مدیر حساب,
Account Name,نام حساب,
Account Number,شماره حساب,
Account Opening Balance,تراز افتتاحیه حساب,
Account Paid From,حساب پرداخت از,
Account Paid To,حساب پرداخت به,
Account Subtype,زیرگروه حساب,
Account Type,نوع حساب,
Account for Change Amount,حساب کاربری برای تغییر مقدار,
Accounting,حسابداری,
Accounting Details,جزئیات حسابداری,
Accounting Dimension,بعد حسابداری,
Accounting Dimension Detail,جزئیات بعد حسابداری,
Accounting Dimension Filter,فیلتر ابعاد حسابداری,
Accounting Dimensions,ابعاد حسابداری,
Accounting Dimensions ,ابعاد حسابداری,
Accounting Dimensions Filter,فیلتر ابعاد حسابداری,
Accounting Entries,ثبت های حسابداری,
Accounting Period,دوره حسابرسی,
Accounting entries are frozen up to this date. Nobody can create or modify entries except users with the role specified below,ورودی های حسابداری تا این تاریخ مسدود می شوند. به جز کاربران با نقشی که در زیر مشخص شده است ، هیچ کس نمی تواند ورودی ها را ایجاد یا اصلاح کند,
Accounts,حساب ها,
Accounts Closing,بسته شدن حساب ها,
Accounts Frozen Till Date,حساب ها تا تاریخ منجمد,
Accounts Manager,مدیر حساب ها,
Accounts Payable,حساب های پرداختنی,
Accounts Payable Summary,خلاصه  حسابهای  پرداختنی,
Accounts Receivable,حسابهای دریافتنی,
Accounts Receivable Credit Account,حساب اعتباری قابل دریافت,
Accounts Receivable Discounted Account,حساب با تخفیف قابل دریافت,
Accounts Receivable Summary,خلاصه حسابهای دریافتنی,
Accounts Receivable Unpaid Account,حساب های پرداخت نشده دریافتنی,
Accounts Receivable/Payable,حساب های دریافتنی / پرداختنی,
Accounts Settings,تنظیمات حسابها,
Accounts User,کاربر حسابها,
Accounts to Merge,حساب ها برای ادغام,
Accumulated Depreciation,استهلاک انباشته,
Accumulated Depreciation Account,حساب استهلاک انباشته,
Accumulated Depreciation Amount,انباشته مبلغ استهلاک,
Acquisition Date,تاریخ اکتساب,
Action,اقدام,
Action If Quality Inspection Is Not Submitted,در صورت عدم ارسال بازرسی کیفیت اقدام کنید,
Action If Quality Inspection Is Rejected,اقدام اگر بازرسی کیفیت رد شود,
Action If Same Rate is Not Maintained,اگر همان نرخ حفظ نشود، اقدام کنید,
Action if Accumulated Monthly Budget Exceeded on Actual,اگر عملا بودجه ماهانه جمعآوری شده بیشتر شد، اقدام کنید,
Action if Accumulated Monthly Budget Exceeded on MR,اقدام اگر بودجه ماهانه جمع شده در MR بیشتر باشد,
Action if Accumulated Monthly Budget Exceeded on PO,اقدام اگر بودجه ماهانه جمع شده در PO باشد,
Action if Annual Budget Exceeded on Actual,اقدام اگر بودجه سالانه بیش از واقعی است,
Action if Annual Budget Exceeded on MR,اقدام اگر بودجه سالانه بیش از MR باشد,
Action if Annual Budget Exceeded on PO,اقدام اگر بودجه سالانه بیش از PO باشد,
Action if Same Rate is Not Maintained Throughout Sales Cycle,اگر نرخ یکسانی در طول چرخه فروش حفظ نشود، اقدام کنید,
Actions,عملیات,
Actions performed,اقدامات انجام شده,
Active,فعال,
Active Status,وضعیت فعال,
Activities,فعالیت ها,
Activity,فعالیت,
Activity Cost,هزینه فعالیت,
Activity Type,نوع فعالیت,
Actual,واقعی,
Actual Batch Quantity,مقدار واقعی دسته ای,
Actual Date,تاریخ واقعی,
Actual End Date,تاریخ واقعی پایان,
Actual End Date (via Timesheet),واقعی پایان تاریخ (از طریق زمان ورق),
Actual End Time,پایان زمان واقعی,
Actual Operating Cost,هزینه های عملیاتی واقعی,
Actual Operation Time,عملیات واقعی زمان,
Actual Qty,تعداد واقعی,
Actual Qty (at source/target),تعداد واقعی (در منبع / هدف),
Actual Qty in Warehouse,مقدار واقعی در انبار,
Actual Start Date,واقعی تاریخ شروع,
Actual Start Date (via Timesheet),واقعی تاریخ شروع (از طریق زمان ورق),
Actual Start Time,واقعی زمان شروع,
Actual Time,زمان واقعی,
Actual Time and Cost,زمان و هزینه های واقعی,
Actual Time in Hours (via Timesheet),زمان واقعی (در ساعت),
Add,افزودن,
Add Corrective Operation Cost in Finished Good Valuation,اضافه کردن هزینه عملیات اصلاحی در ارزش گذاری کالای تمام شده,
Add Local Holidays,تعطیلات محلی را اضافه کنید,
Add Manually,افزودن دستی,
Add Or Deduct,افزودن یا کسر,
Add Quote,افزودن پیشنهاد قیمت,
Add Serial / Batch Bundle,افزودن باندل سریال / دسته,
Add Serial / Batch No,اضافه کردن سریال / شماره دسته,
Add Serial / Batch No (Rejected Qty),اضافه کردن سریال / شماره دسته (تعداد رد شده),
Add Template,اضافه کردن الگو,
Add Weekly Holidays,تعطیلات هفتگی اضافه کنید,
Add or Deduct,اضافه کردن و یا کسر,
Add to Holidays,اضافه کردن به تعطیلات,
Add to Transit,به ترانزیت اضافه کنید,
Added By,اضافه شده توسط,
Added On,اضافه شده در,
Additional Asset Cost,هزینه دارایی اضافی,
Additional Cost,هزینه های اضافی,
Additional Cost Per Qty,هزینه اضافی در هر تعداد,
Additional Costs,هزینه های اضافی,
Additional Data,اطلاعات بیشتر,
Additional Details,توضیحات بیشتر,
Additional Discount,تخفیف اضافی,
Additional Discount Amount,مبلغ تخفیف اضافی,
Additional Discount Amount (Company Currency),تخفیف اضافی مبلغ (ارز شرکت),
Additional Discount Percentage,درصد تخفیف اضافی,
Additional Info,اطلاعات اضافی,
Additional Information,اطلاعات اضافی,
Additional Notes,یادداشت های اضافی,
Additional Operating Cost,هزینه های عملیاتی اضافی,
Additional information regarding the customer.,اطلاعات اضافی در مورد مشتری می باشد.,
Address,نشانی,
Address & Contact,آدرس و تلفن تماس,
Address & Contacts,آدرس و اطلاعات تماس,
Address Desc,نشانی محصول,
Address HTML,آدرس HTML,
Address Line 1,خط 1 آدرس,
Address Line 2,خط 2 آدرس,
Address Name,نام آدرس,
Address and Contact,آدرس و تماس با,
Address and Contacts,آدرس و مخاطبین,
Address used to determine Tax Category in transactions,آدرس مورد استفاده برای تعیین گروه مالیات در معاملات,
Administrator,مدیر,
Advance Account,حساب پیشرو,
Advance Amount,جستجوی پیشرفته مقدار,
Advance Paid,پیش پرداخت,
Advance Payment Date,تاریخ پیش پرداخت,
Advance Payment Ledger Entry,ثبت دفتر پیش پرداخت,
Advance Payments,پیش پرداخت,
Advance Tax,پیش پرداخت مالیات,
Advance Taxes and Charges,پیش پرداخت مالیات و هزینه ها,
Advance amount,جستجوی پیشرفته مقدار,
Advance payments allocated against orders will only be fetched,پیش پرداخت های تخصیص یافته در برابر سفارش ها فقط واکشی می شود,
Advanced Settings,تنظیمات پیشرفته,
Advances,پیشرفت,
Affected Transactions,معاملات تحت تأثیر,
Against,در برابر,
Against Account,به حساب,
Against Blanket Order,در برابر نظم پتو,
Against Delivery Note Item,در برابر مورد یادداشت تحویل,
Against Docname,علیه Docname,
Against Doctype,علیه DOCTYPE,
Against Document Detail No,جزئیات سند علیه هیچ,
Against Document No,در برابر سند بدون,
Against Expense Account,علیه صورتحساب,
Against Income Account,به حساب درآمد,
Against Sales Invoice,در برابر فاکتور فروش,
Against Sales Invoice Item,در برابر آیتم فاکتور فروش,
Against Sales Order,در برابر سفارش فروش,
Against Sales Order Item,علیه سفارش فروش مورد,
Against Stock Entry,در مقابل ورود سهام,
Against Voucher,علیه کوپن,
Against Voucher No,در مقابل کوپن شماره,
Against Voucher Type,در برابر نوع کوپن,
Ageing Based On,سالمندی بر اساس,
Agenda,دستور جلسه,
Agent Busy Message,پیام مامور مشغول,
Agent Details,جزئیات نماینده,
Agent Group,گروه عامل,
Agent Unavailable Message,پیام عامل در دسترس نیست,
Agents,نمایندگان,
Aggregate a group of Items into another Item. This is useful if you are maintaining the stock of the packed items and not the bundled item,گروهی از آیتم‌ها را در یک آیتم دیگر جمع کنید. اگر موجودی آیتم‌های بسته بندی شده را نگهداری می کنید و نه آیتم باندل شده، مفید است,
Agriculture Manager,مدیر کشاورزی,
Agriculture User,کاربر کشاورزی,
Algorithm,الگوریتم,
All,همه,
All Activities,تمام فعالیت ها,
All Activities HTML,تمام فعالیت ها HTML,
All Contact,همه تماس,
All Customer Contact,همه مشتری تماس,
All Employee (Active),همه کارکنان (فعال),
All Lead (Open),همه سرب (باز),
All Sales Partner Contact,اطلاعات تماس تمام شرکای فروش,
All Sales Person,تمام ماموران فروش,
All Supplier Contact,همه با منبع تماس با,
All allocations have been successfully reconciled,همه تخصیص ها با موفقیت تطبیق داده شده است,
All the Comments and Emails will be copied from one document to another newly created document(Lead -> Opportunity -> Quotation) throughout the CRM documents.,تمام نظرات و ایمیل ها از یک سند به سند جدید ایجاد شده دیگر (سرنخ -> فرصت -> پیش فاکتور) در سراسر اسناد CRM کپی می شوند.,
Allocate Advances Automatically (FIFO),اختصاص خودکار پیشرفت (FIFO),
Allocate Payment Based On Payment Terms,تخصیص پرداخت براساس شرایط پرداخت,
Allocated,اختصاص داده,
Allocated Amount,مقدار اختصاص داده شده,
Allocated Entries,ورودی های اختصاص داده شده,
Allocated amount,مقدار اختصاص داده شده,
Allocation,تخصیص,
Allocations,تخصیص ها,
Allow,اجازه,
Allow Account Creation Against Child Company,اجازه ایجاد حساب کاربری علیه شرکت کودک,
Allow Alternative Item,به جای جایگزین,
Allow Continuous Material Consumption,اجازه مصرف مداوم مواد,
Allow Excess Material Transfer,اجازه انتقال مواد اضافی را بدهید,
Allow In Returns,در بازگشت مجاز است,
Allow Internal Transfers at Arm's Length Price,اجازه انتقالات داخلی با قیمت منصفانه,
Allow Item To Be Added Multiple Times in a Transaction,اجازه دهید مورد مورد نظر در معامله چندین بار اضافه شود,
Allow Item to be Added Multiple Times in a Transaction,اجازه دهید آیتم چندین بار در یک تراکنش اضافه شود,
Allow Lead Duplication based on Emails,اجازه تکرار سرنخ بر اساس ایمیل,
Allow Material Transfer from Delivery Note to Sales Invoice,اجازه انتقال مواد از برگ تحویل به فاکتور فروش را بدهید,
Allow Material Transfer from Purchase Receipt to Purchase Invoice,انتقال مواد از رسید خرید به فاکتور خرید را مجاز کنید,
Allow Multiple Sales Orders Against a Customer's Purchase Order,سفارشات متعدد فروش در برابر سفارش خرید مشتری را مجاز کنید,
Allow Negative Stock,اجازه می دهد بورس منفی,
Allow Negative rates for Items,نرخ های منفی برای آیتم‌ها مجاز است,
Allow Or Restrict Dimension,اجازه یا محدود کردن ابعاد,
Allow Overtime,اجازه اضافه کاری,
Allow Partial Reservation,اجازه رزرو جزئی,
Allow Production on Holidays,اجازه تولید در تعطیلات,
Allow Purchase,اجازه خرید,
Allow Purchase Invoice Creation Without Purchase Order,بدون ایجاد سفارش خرید ، ایجاد فاکتور خرید مجاز است,
Allow Purchase Invoice Creation Without Purchase Receipt,اجازه ایجاد فاکتور خرید بدون رسید خرید را بدهید,
Allow Rename Attribute Value,اجازه ارزش نام متغیر را تغییر دهید,
Allow Resetting Service Level Agreement,اجازه تنظیم مجدد توافق نامه سطح خدمات,
Allow Sales,اجازه فروش,
Allow Sales Invoice Creation Without Delivery Note,ایجاد فاکتور فروش بدون برگه تحویل مجاز است,
Allow Sales Invoice Creation Without Sales Order,ایجاد فاکتور فروش بدون سفارش فروش مجاز است,
Allow Sales Order Creation For Expired Quotation,اجازه ایجاد سفارش فروش برای قیمت منقضی شده,
Allow Stale Exchange Rates,نرخ ارز ثابت,
Allow User to Edit Discount,به کاربر اجازه ویرایش تخفیف را بدهید,
Allow User to Edit Price List Rate in Transactions,به کاربر اجازه دهید نرخ معاملات لیست را در معاملات ویرایش کند,
Allow User to Edit Rate,به کاربر اجازه ویرایش نرخ بدهید,
Allow Zero Rate,اجازه نرخ صفر,
Allow Zero Valuation Rate,اجازه رای دادن به ارزش گذاری صفر,
Allow existing Serial No to be Manufactured/Received again,اجازه استفاده مجدد از شماره سریال موجود برای تولید/دریافت,
Allow material consumptions without immediately manufacturing finished goods against a Work Order,اجازه مصرف مواد را بدون تولید فوری کالاهای تمام شده در برابر دستور کار بدهید,
Allow multi-currency invoices against single party account ,صورتحساب‌های چند ارزی را در برابر حساب یک طرف مجاز کنید,
Allow to Edit Stock UOM Qty for Purchase Documents,اجازه ویرایش موجودی UOM Qty برای اسناد خرید,
Allow to Edit Stock UOM Qty for Sales Documents,امکان ویرایش موجودی UOM Qty برای اسناد فروش,
Allow transferring raw materials even after the Required Quantity is fulfilled,امکان انتقال مواد خام حتی پس از برآورده شدن مقدار مورد نیاز,
Allowed,مجاز,
Allowed Dimension,ابعاد مجاز,
Allowed Doctypes,Doctypes مجاز,
Allowed To Transact With,مجاز به انجام معاملات,
Allows to keep aside a specific quantity of inventory for a particular order.,اجازه می دهد تا مقدار مشخصی از موجودی را برای یک سفارش خاص کنار بگذارید.,
Alternative Item Code,کد مورد دیگر,
Alternative Item Name,نام جایگزین,
Amended From,اصلاح از,
Amount,مقدار,
Amount (Company Currency),مقدار (شرکت ارز),
Amount Difference,تفاوت در مقدار,
Amount Difference with Purchase Invoice,تفاوت مبلغ با فاکتور خرید,
Amount Eligible for Commission,مبلغ واجد شرایط برای کمیسیون,
Amount In Figure,مقدار در شکل,
Amount in Account Currency,مبلغ به ارز حساب,
Amount in party's bank account currency,مبلغ به ارز حساب بانکی طرف,
Amount in transaction currency,مبلغ به ارز تراکنش,
Amounts,مبالغ,
An Item Group is a way to classify items based on types.,گروه آیتم راهی برای دسته بندی آیتم‌ها بر اساس انواع است.,
Annual Expenses,هزینه سالانه,
Annual Income,درآمد سالانه,
Annual Revenue,درآمد سالانه,
Applicable Charges,اتهامات قابل اجرا,
Applicable Dimension,ابعاد قابل اجرا,
Applicable For,قابل استفاده برای,
Applicable Holiday List,فهرست تعطیلات قابل اجرا,
Applicable Modules,ماژول های قابل اجرا,
Applicable On Account,قابل اجرا در حساب,
Applicable To (Designation),به (برای تعیین),
Applicable To (Employee),به قابل اجرا (کارمند),
Applicable To (Role),به قابل اجرا (نقش),
Applicable To (User),به قابل اجرا (کاربر),
Applicable for Countries,قابل استفاده برای کشورهای,
Applicable for Users,مناسب برای کاربران,
Applicable for external driver,قابل اجرا برای راننده خارجی,
Applicable on Material Request,قابل اجرا در درخواست مواد,
Applicable on Purchase Order,قابل اجرا در سفارش خرید,
Applicable on booking actual expenses,قابل قبول در رزرو هزینه های واقعی,
Applied on each reading.,در هر خواندن اعمال می شود.,
Applies To,اعمال می شود به,
Apply Additional Discount On,درخواست تخفیف اضافی,
Apply Discount On,درخواست تخفیف,
Apply Discount on Discounted Rate,تخفیف را با نرخ تخفیف اعمال کنید,
Apply Discount on Rate,تخفیف در نرخ اعمال کنید,
Apply Multiple Pricing Rules,قوانین چندگانه قیمت گذاری را اعمال کنید,
Apply On,درخواست در,
Apply Putaway Rule,اعمال قانون Putaway,
Apply Recursion Over (As Per Transaction UOM),اعمال بازگشت بیش از (بر اساس UOM تراکنش),
Apply Rule On Brand,Rule on Brand را اعمال کنید,
Apply Rule On Item Code,استفاده از قانون در مورد کد,
Apply Rule On Item Group,قوانین گروه را اعمال کنید,
Apply Rule On Other,قانون را از طرف دیگر اعمال کنید,
Apply SLA for Resolution Time,اعمال SLA برای زمان حل و فصل,
Apply TDS,TDS را اعمال کنید,
Apply Tax Withholding Amount,مقدار مالیات اخراج را اعمال کنید,
Apply Tax Withholding Amount ,اعمال مبلغ کسر مالیات,
Apply restriction on dimension values,اعمال محدودیت در مقادیر ابعاد,
Apply to All Inventory Documents,برای همه اسناد موجودی اعمال شود,
Apply to Document,درخواست برای سند,
Appointment,وقت ملاقات,
Appointment Booking Settings,تنظیمات رزرو قرار ملاقات,
Appointment Booking Slots,اسلات های رزرو وقت قرار ملاقات,
Appointment Details,جزئیات قرار ملاقات,
Appointment Duration (In Minutes),مدت زمان قرار ملاقات (در عرض چند دقیقه),
Appointment With,ملاقات با,
Approving Role (above authorized value),تصویب نقش (بالاتر از ارزش مجاز),
Approving User  (above authorized value),تصویب کاربر (بالاتر از ارزش مجاز),
Approximately match the description/party name against parties,تقریباً توصیف/نام طرف را با طرف‌ها مطابقت دهید,
Apps,برنامه ها,
Area,حوزه,
Area UOM,منطقه UOM,
As per Stock UOM,همانطور که در بورس UOM,
Assembly Items,آیتم‌های مونتاژ,
Asset,دارایی,
Asset Account,حساب دارایی,
Asset Activity,فعالیت دارایی,
Asset Capitalization,سرمایه گذاری دارایی ها,
Asset Capitalization Asset Item,دارایی دارایی با سرمایه,
Asset Capitalization Service Item,آیتم خدمات سرمایه گذاری دارایی,
Asset Capitalization Stock Item,آیتم موجودی سرمایه گذاری دارایی,
Asset Category,دارایی رده,
Asset Category Account,حساب دارایی رده,
Asset Category Name,دارایی رده نام,
Asset Depreciation Cost Center,دارایی مرکز استهلاک هزینه,
Asset Depreciation Details,جزئیات استهلاک دارایی,
Asset Depreciation Ledger,دارایی لجر استهلاک,
Asset Depreciation Schedule,جدول استهلاک دارایی ها,
Asset Depreciations and Balances,Depreciations دارایی و تعادل,
Asset Details,جزئیات دارایی,
Asset Finance Book,دارایی کتاب,
Asset Location,موقعیت دارایی,
Asset Maintenance,دارایی نگهداری,
Asset Maintenance Log,نگهداری دارایی ورود,
Asset Maintenance Task,وظیفه تعمیر و نگهداری دارایی,
Asset Maintenance Team,تیم پشتیبانی دارایی,
Asset Movement,جنبش دارایی,
Asset Movement Item,مورد حرکت دارایی,
Asset Name,نام دارایی,
Asset Naming Series,دارایی نامگذاری سری,
Asset Owner,صاحب دارایی,
Asset Owner Company,مالک شرکت دارایی,
Asset Quantity,مقدار دارایی,
Asset Received But Not Billed,دارایی دریافت شده اما غیرقانونی است,
Asset Repair,تعمیرات دارایی,
Asset Repair Consumed Item,کالای مصرفی تعمیر دارایی,
Asset Settings,تنظیمات دارایی,
Asset Shift Allocation,تخصیص تغییر دارایی,
Asset Shift Factor,عامل تغییر دارایی,
Asset Status,وضعیت دارایی,
Asset Value,ارزش دارایی,
Asset Value Adjustment,تعدیل ارزش دارایی,
Assets,دارایی های,
Assign To,اختصاص به,
Assign to Name,به Name اختصاص دهید,
Assignment Conditions,شرایط تخصیص,
"Attach .csv file with two columns, one for the old name and one for the new name",ضمیمه. CSV فایل با دو ستون، یکی برای نام قدیمی و یکی برای نام جدید,
Attach custom Chart of Accounts file,نمودار حساب های سفارشی را پیوست کنید,
Attachment,دلبستگی,
Attendance & Leaves,حضور و غیاب و مرخصی,
Attendance Device ID (Biometric/RF tag ID),شناسه دستگاه حضور و غیاب (شناسه برچسب بیومتریک / RF),
Attribute,ویژگی,
Attribute Name,نام مشخصه,
Attribute Value,موجودیت مقدار,
Auditor,ممیز,
Authorised By,مجاز توسط,
Authorization Control,کنترل مجوز,
Authorization Rule,قانون مجوز,
Authorized Value,ارزش مجاز,
Auto Create Assets on Purchase,به طور خودکار دارایی در خرید ایجاد کنید,
Auto Create Exchange Rate Revaluation,ایجاد خودکار تجدید ارزیابی نرخ ارز,
Auto Create Purchase Receipt,ایجاد خودکار رسید خرید,
Auto Create Serial and Batch Bundle For Outward,ایجاد خودکار باندل سریال و دسته برای بیرون,
Auto Create Subcontracting Order,ایجاد خودکار سفارش قرارداد فرعی,
Auto Created,خودکار ایجاد شده است,
Auto Created Serial and Batch Bundle,باندل سریال و دسته ایجاد شده به صورت خودکار,
Auto Creation of Contact,ایجاد خودکار مخاطب,
Auto Insert Item Price If Missing,درج خودکار قیمت آیتم در صورت فراموش شدن,
Auto Material Request,درخواست مواد خودکار,
Auto Name,نام خودکار,
Auto Opt In (For all customers),خودکار انتخاب در (برای همه مشتریان),
Auto Reconcile Payments,تطبیق خودکار پرداخت ها,
Auto Repeat,خودکار تکرار,
Auto Repeat Detail,جزئیات تکراری خودکار,
Auto Reserve Serial and Batch Nos,شماره سریال و دسته رزرو خودکار,
Auto Reserve Stock for Sales Order on Purchase,ذخیره خودکار موجودی برای سفارش فروش در هنگام خرید,
Auto close Opportunity Replied after the no. of days mentioned above,فرصت بسته شدن خودکار پس از خیر پاسخ داده شد. از روزهای ذکر شده در بالا,
Auto match and set the Party in Bank Transactions,مطابقت خودکار و تنظیم طرف در معاملات بانکی,
Auto re-order,خودکار دوباره سفارش,
Auto write off precision loss while consolidation,حذف خودکار از دست دادن دقت در هنگام تلفیق,
Automatically Add Filtered Item To Cart,افزودن خودکار آیتم فیلتر شده به سبد خرید,
Automatically Add Taxes and Charges from Item Tax Template,به طور خودکار مالیات و عوارض را از الگوی مالیات مورد اضافه کنید,
Automatically Create New Batch,به طور خودکار ایجاد دسته جدید,
Automatically Fetch Payment Terms from Order,واکشی خودکار شرایط پرداخت از سفارش,
Automatically Process Deferred Accounting Entry,پردازش خودکار حساب کاربری معوق,
Automatically post balancing accounting entry,ثبت حسابداری تراز به طور خودکار,
Availability Of Slots,در دسترس بودن شکافها,
Available Batch Qty at From Warehouse,در دسترس تعداد دسته ای در از انبار,
Available Batch Qty at Warehouse,دسته موجود در انبار تعداد,
Available Qty,در دسترس تعداد,
Available Qty For Consumption,تعداد موجود برای مصرف,
Available Qty at Company,تعداد موجود در شرکت,
Available Qty at Source Warehouse,موجود تعداد در منبع انبار,
Available Qty at Target Warehouse,تعداد موجود در انبار هدف,
Available Qty at WIP Warehouse,موجود در انبار تعداد WIP,
Available Qty at Warehouse,تعداد موجود در انبار,
Available Qty to Reserve,تعداد برای رزرو موجود است,
Available Quantity,مقدار موجود,
Available Stock for Packing Items,انبار موجود آیتم ها بسته بندی,
Available-for-use Date,تاریخ موجود بودن برای استفاده,
Average Commission Rate,اوسط نرخ کمیشن,
Average Discount,میانگین تخفیف,
Average Response Time,میانگین زمان پاسخ,
Average time taken by the supplier to deliver,میانگین زمان گرفته شده توسط منبع برای ارائه,
Avg Rate,میانگین نرخ,
B+,B +,
B-,B-,
BOM,BOM,
BOM Comparison Tool,ابزار مقایسه BOM,
BOM Created,BOM ایجاد شد,
BOM Creator,ایجاد کننده BOM,
BOM Creator Item,آیتم ایجاد کننده BOM,
BOM Detail No,جزئیات BOM بدون,
BOM Explorer,BOM Explorer,
BOM Explosion Item,BOM مورد انفجار,
BOM Info,اطلاعات BOM,
BOM Item,مورد BOM,
BOM No,BOM بدون,
BOM No. for a Finished Good Item,شماره BOM برای مورد خوبی در دست اجرا,
BOM Operation,عملیات BOM,
BOM Operations Time,زمان عملیات BOM,
BOM Scrap Item,BOM مورد ضایعات,
BOM Search,BOM جستجو,
BOM Stock Calculated,سهام BOM محاسبه شده است,
BOM Stock Report,BOM گزارش سهام,
BOM Tree,درخت BOM,
BOM Update Batch,دسته به روز رسانی BOM,
BOM Update Log,لاگ به روز رسانی BOM,
BOM Update Tool,ابزار به روز رسانی BOM,
BOM Variance Report,گزارش تنوع BOM,
BOM Website Item,BOM مورد وب سایت,
BOM Website Operation,BOM وب سایت عملیات,
BOM and Production,BOM و تولید,
BOMs Updated,BOM ها به روز شدند,
Backflush Raw Materials Based On,Backflush مواد اولیه بر اساس,
Backflush Raw Materials From Work-in-Progress Warehouse,مواد خام اولیه از انبار کار در حال پیشرفت,
Backflush Raw Materials of Subcontract Based On,مواد اولیه فرآورده های فرعی مبتنی بر قرارداد,
Balance In Account Currency,تعادل در ارز حساب,
Balance In Base Currency,تعادل در ارز پایه,
Balance Qty,تعداد موجودی,
Balance Sheet,ترازنامه,
Balance Sheet Summary,خلاصه ترازنامه,
Balance Stock Value,تراز ارزش موجودی,
Balance must be,موجودی باید,
Bank,بانک,
Bank / Cash Account,حساب بانک / نقدی,
Bank A/C No.,شماره حساب بانک,
Bank Account,حساب بانکی,
Bank Account Details,جزئیات حساب بانکی,
Bank Account Info,اطلاعات حساب بانکی,
Bank Account No,شماره حساب بانکی,
Bank Account Subtype,زیر نوع حساب بانکی,
Bank Account Type,نوع حساب بانکی,
Bank Balance,بانک تعادل,
Bank Charges,هزینه های بانکی,
Bank Charges Account,حساب شارژ بانکی,
Bank Clearance,ترخیص بانکی,
Bank Clearance Detail,جزئیات ترخیص بانک,
Bank Clearance Summary,بانک ترخیص کالا از خلاصه,
Bank Credit Balance,مانده حساب بانکی,
Bank Details,جزئیات بانک,
Bank Entry,بانک ورودی,
Bank Guarantee,تضمین بانکی,
Bank Guarantee Number,بانک شماره گارانتی,
Bank Guarantee Type,نوع تضمین بانکی,
Bank Name,نام بانک,
Bank Reconciliation Statement,صورتحساب مغایرت گیری بانک,
Bank Reconciliation Tool,ابزار تطبیق بانکی,
Bank Statement Import,درون‌بُرد صورتحساب بانکی,
Bank Transaction,تراکنش بانکی,
Bank Transaction Mapping,نقشه برداری از معاملات بانکی,
Bank Transaction Payments,پرداختهای معامله بانکی,
Bank/Cash Account,بانک / حساب نقدی,
Banking,بانکداری,
Barcode,بارکد,
Barcode Type,نوع بارکد,
Barcodes,بارکد,
Base Amount,مقدار پایه,
Base Amount (Company Currency),مقدار پایه (شرکت ارز),
Base Change Amount (Company Currency),پایه تغییر مقدار (شرکت ارز),
Base Cost Per Unit,هزینه پایه به ازای هر واحد,
Base Hour Rate(Company Currency),یک ساعت یک نرخ پایه (شرکت ارز),
Base Rate,نرخ پایه,
Base Tax Withholding Net Total,کل خالص کسر مالیات پایه,
Base Total Billable Amount,مبنا کل مبلغ قابل پرداخت,
Base Total Billed Amount,مبنا کل مبلغ صورتحساب,
Base Total Costing Amount,مبنا کل بهای تمام شده,
Base URL,URL پایه,
Based On,بر اساس,
Based On Payment Terms,براساس شرایط پرداخت,
Based On Price List,بر اساس لیست قیمت,
Based On Value,بر اساس ارزش,
Basic Amount,مقدار اولیه,
Basic Amount (Company Currency),مقدار اولیه (شرکت ارز),
Basic Rate (Company Currency),نرخ پایه (شرکت ارز),
Basic Rate (as per Stock UOM),نرخ پایه (به عنوان در سهام UOM),
Batch,دسته,
Batch Description,دسته توضیحات,
Batch Details,جزئیات دسته ای,
Batch ID,دسته ID,
Batch Item Expiry Status,دسته ای مورد وضعیت انقضاء,
Batch No,دسته بدون,
Batch No.,شماره دسته,
Batch Number Series,شماره سری سری,
Batch Quantity,مقدار دسته ای,
Batch Size,اندازه دسته,
Batch UOM,دسته UOM,
Batch and Serial No,شماره دسته و سریال,
Batch-Wise Balance History,دسته حکیم تاریخچه تعادل,
Before reconciliation,قبل از آشتی,
Begin On (Days),شروع (روزها),
Beginning of the current subscription period,شروع دوره اشتراک فعلی,
Bill Date,تاریخ صورتحساب,
Bill No,شماره صورتحساب,
Bill for Rejected Quantity in Purchase Invoice,صورتحساب مقدار رد شده در فاکتور خرید,
Billed,فاکتور شده,
Billed Amount,مقدار فاکتور شده,
Billed Amt,صورتحساب AMT,
Billed Items To Be Received,آیتم‌های صورتحساب شده برای دریافت,
"Billed, Received & Returned",صورتحساب، دریافت و برگردانده شد,
Billing Address,نشانی صورتحساب,
Billing Address Details,جزئیات آدرس صورتحساب,
Billing Address Name,حسابداری نام آدرس,
Billing Amount,مقدار حسابداری,
Billing City,صدور صورت حساب شهر,
Billing Country,کشور صدور صورت حساب,
Billing County,شهرستان صدور صورت حساب,
Billing Currency,صدور صورت حساب نرخ ارز,
Billing Details,جزئیات صورتحساب,
Billing Email,ایمیل صورتحساب,
Billing Hours,ساعت صدور صورت حساب,
Billing Interval,فاصله گفتگو,
Billing Interval Count,تعداد واسطهای صورتحساب,
Billing Rate,نرخ صدور صورت حساب,
Billing State,دولت صدور صورت حساب,
Billing Status,حسابداری وضعیت,
Billing Zipcode,کد پستی صورتحساب,
Bin,صندوق,
Bio / Cover Letter,Bio / Cover Letter,
Blanket Order,سفارش سفارشی,
Blanket Order Allowance (%),سفارش کلی مجاز (%),
Blanket Order Item,مورد سفارش پتو,
Blanket Order Rate,نرخ سفارش قالب,
Block Supplier,تامین کننده بلوک,
Blog Subscriber,وبلاگ مشترک,
Blood Group,گروه خونی,
Blue,ابی,
Body,بدن,
Body Text,متن بدنه,
Body and Closing Text Help,راهنمای متن و متن پایانی,
Bom No,شماره BOM,
Book Advance Payments in Separate Party Account,پیش پرداخت را در حساب طرف جداگانه رزرو کنید,
Book Asset Depreciation Entry Automatically,کتاب دارایی ورودی استهلاک به صورت خودکار,
Book Deferred Entries Based On,مطالب به تعویق افتادن کتاب بر اساس,
Book Deferred Entries Via Journal Entry,ثبت مطالب به تعویق افتاده از طریق مجله,
Book Tax Loss on Early Payment Discount,از دست دادن مالیات در تخفیف پرداخت زودهنگام رزرو کنید,
Booked,رزرو,
Booked Fixed Asset,دارایی رزرو شده,
Both,هر دو,
Branch,شاخه,
Branch Code,کد شعبه,
Brand,مارک,
Brand Defaults,پیش فرض های تجاری,
Brand Name,نام تجاری,
Breakdown,تفکیک,
Budget,بودجه,
Budget Account,حساب بودجه,
Budget Accounts,حساب بودجه,
Budget Against,بودجه علیه,
Budget Amount,بودجه مقدار,
Budget Detail,جزئیات بودجه,
Budget Variance Report,گزارش انحراف از بودجه,
Bulk Transaction Log,لاگ تراکنش های انبوه,
Bulk Transaction Log Detail,جزئیات لاگ تراکنش های انبوه,
Bundle Items,آیتم‌های باندل,
Busy,مشغول,
Buyer of Goods and Services.,خریدار کالا و خدمات.,
Buying,خرید,
Buying & Selling Settings,تنظیمات خرید و فروش,
Buying Settings,تنظیمات خرید,
Buying and Selling,خرید و فروش,
Bypass Credit Limit Check at Sales Order,برای جلوگیری از محدودیت اعتبار در سفارش فروش,
CC,CC,
CC To,CC به,
COGS By Item Group,COGS بر اساس گروه آیتم,
CRM,CRM,
CRM Note,یادداشت CRM,
CRM Settings,تنظیمات CRM,
CRM-LEAD-.YYYY.-,CRM-LEAD- .YYYY.-,
CRM-OPP-.YYYY.-,CRM-OPP- .YYYY.-,
CUST-.YYYY.-,CUST-YYYY.-,
Calculate Based On,محاسبه بر اساس,
Calculate Depreciation,انهدام را محاسبه کنید,
Calculate Estimated Arrival Times,محاسبه زمان ورود تخمینی,
Calculate Product Bundle Price based on Child Items' Rates,قیمت باندل محصول را بر اساس نرخ آیتم‌های فرزند محاسبه کنید,
Calculations,محاسبات,
Calendar Event,رویداد تقویم,
Calibration,کالیبراسیون,
Call Details,جزئیات تماس,
Call Duration in seconds,در مدت زمان تماس با چند ثانیه,
Call Handling Schedule,برنامه رسیدگی به تماس ها,
Call Log,تماس تلفنی,
Call Received By,تماس دریافت شده توسط,
Call Receiving Device,دستگاه دریافت تماس,
Call Routing,مسیریابی تماس,
Call Summary,خلاصه تماس بگیرید,
Call Type,نوع تماس,
Campaign,کمپین,
Campaign Efficiency,بهره وری کمپین,
Campaign Email Schedule,برنامه پست الکترونیکی کمپین,
Campaign Item,آیتم کمپین,
Campaign Name,نام کمپین,
Campaign Naming By,نامگذاری کمپین توسط,
Campaign Schedules,برنامه های کمپین,
Cancel At End Of Period,لغو در پایان دوره,
Cancel Subscription After Grace Period,لغو اشتراک پس از دوره فضل,
Cancelation Date,تاریخ لغو,
Canceled,لغو شد,
Cancelled,لغو شد,
Canonical URI,آدرس کانونیکال,
Capacity,ظرفیت,
Capacity Planning,برنامه ریزی ظرفیت,
Capacity Planning For (Days),برنامه ریزی ظرفیت برای (روز),
Capacity in Stock UOM,ظرفیت موجود در انبار UOM,
Capital Work In Progress Account,سرمایه کار در حساب پیشرفت,
Capital Work in Progress,سرمایه کار در حال پیشرفت است,
Capitalization Method,روش حروف بزرگ,
Capitalize Repair Cost,سرمایه گذاری در هزینه تعمیر,
Capitalized,با حروف بزرگ,
Cards,کارت,
Carrier,حامل,
Carrier Service,خدمات حامل,
Carry Forward Communication and Comments,انتقال ارتباطات و نظرات,
Cash,نقد,
Cash Entry,نقدی ورودی,
Cash Flow,جریان وجوه نقد,
Cash/Bank Account,نقد / حساب بانکی,
Cashier,صندوقدار,
Cashier Closing,بسته شدن قدیس,
Cashier Closing Payments,پرداخت کسری بسته,
Catch All,گرفتن همه,
Category,دسته,
Category Details,جزئیات دسته,
Category Name,نام بخش,
Cellphone Number,شماره تلفن همراه,
Certificate,گواهینامه,
Certificate Details,جزئیات گواهی,
Certificate Limit,حد مجاز,
Certificate No,شماره گواهینامه,
Certificate Required,گواهی مورد نیاز است,
Change Amount,تغییر مقدار,
Change in Stock Value,تغییر در ارزش موجودی,
Change this date manually to setup the next synchronization start date,این تاریخ را به صورت دستی تغییر دهید تا تاریخ شروع همگام سازی بعدی را تنظیم کنید,
Changes,تغییرات,
Channel Partner,کانال شریک,
Chargeable,پرشدنی,
Charges Incurred,اتهامات ناشی شده است,
Chart Of Accounts,نمودار حساب,
Chart Of Accounts Template,نمودار حساب الگو,
Chart Preview,پیش نمایش نمودار,
Chart Tree,درخت نمودار,
Chart of Accounts,نمودار حساب,
Chart of Accounts Importer,وارد کننده نمودار حساب ها,
Chassis No,شاسی,
Chat,گپ زدن,
Check Supplier Invoice Number Uniqueness,بررسی تولید کننده فاکتور شماره منحصر به فرد,
Check if Asset requires Preventive Maintenance or Calibration,بررسی کنید که آیا دارایی نیاز به نگهداری پیشگیرانه یا کالیبراسیون دارد,
Check if it is a hydroponic unit,بررسی کنید که آیا یک واحد هیدروپونیک است,
Check if material transfer entry is not required,بررسی کنید که آیا ورود انتقال مواد مورد نیاز نمی باشد,
Check in (group),بررسی در (گروه),
Check this to disallow fractions. (for Nos),بررسی این به ندهید فراکسیون. (برای NOS),
Checked On,بررسی شد در,
Checking this will round off the tax amount to the nearest integer,بررسی این مقدار مالیات را به نزدیکترین عدد صحیح گرد می کند,
Cheque,چک,
Cheque Date,چک تاریخ,
Cheque Height,قد چک,
Cheque Number,شماره چک,
Cheque Print Template,چک الگو چاپ,
Cheque Size,حجم چک,
Cheque Width,عرض چک,
Cheque/Reference Date,چک / تاریخ مرجع,
Cheque/Reference No,چک / مرجع,
Cheques and Deposits Incorrectly cleared,چک ها و سپرده ها به اشتباه پاک شدند,
Child Docname,سند کودک,
Choose a WIP composite asset,یک دارایی ترکیبی «کار در حال انجام» را انتخاب کنید,
City,شهرستان,
Class / Percentage,کلاس / درصد,
Classification of Customers by region,طبقه بندی مشتریان بر اساس منطقه,
Clauses and Conditions,مقررات و شرایط,
Clear Notifications,پاک کردن اعلان ها,
Clear Table,جدول پاک کردن,
Clearance Date,ترخیص کالا از تاریخ,
Click on Import Invoices button once the zip file has been attached to the document. Any errors related to processing will be shown in the Error Log.,پس از پیوست کردن پرونده فشرده به سند ، روی دکمه وارد کردن فاکتورها کلیک کنید. هرگونه خطای مربوط به پردازش در گزارش خطا نشان داده می شود.,
Client,مشتری,
Close Issue After Days,بستن موضوع پس از روزها,
Close Replied Opportunity After Days,بستن فرصت پاسخ داده شده پس از چند روز,
Closed,بسته,
Closed Document,سند بسته,
Closed Documents,اسناد بسته شده,
Closing,بسته شدن,
Closing Account Head,بستن سر حساب,
Closing Amount,مبلغ بسته شدن,
Closing Balance,تعادل بسته شدن,
Closing Date,اختتامیه عضویت,
Closing Stock Balance,تراز پایانی موجودی,
Closing Text,متن پایانی,
Code,کد,
Code List,لیست کد,
Collect Progress,جمع آوری پیشرفت,
Collection Factor (=1 LP),فاکتور مجموعه (= 1 LP),
Collection Rules,قوانین جمع آوری,
Collection Tier,مجموعه سطوح,
Color,رنگ,
Column in Bank File,ستون در پرونده بانک,
Comments,نظرات,
Commission,کمیسیون,
Commission Rate,کمیسیون نرخ,
Commission Rate (%),نرخ کمیسیون (٪),
Communication,ارتباط,
Communication Channel,کانال ارتباطی,
Communication Medium,ارتباطات متوسط,
Communication Medium Timeslot,Timeslot متوسط ارتباطات,
Communication Medium Type,نوع متوسط ارتباطی,
Companies,شرکت های,
Company,شرکت,
Company Account,حساب شرکت,
Company Address,آدرس شرکت,
Company Address Display,نمایش آدرس شرکت,
Company Address Name,Company نشانی نام,
Company Bank Account,حساب بانکی شرکت,
Company Billing Address,آدرس صورتحساب شرکت,
Company Contact Person,شخص تماس شرکت,
Company Description,توضیحات شرکت,
Company Description for website homepage,شرکت برای صفحه اصلی وب سایت,
Company Details,جزئیات شرکت,
Company Email,شرکت پست الکترونیک,
Company Logo,آرم شرکت,
Company Name,نام شرکت,
Company Shipping Address,آدرس حمل و نقل شرکت,
Company Tagline for website homepage,شرکت شعار برای صفحه اصلی وب سایت,
Company Tax ID,شناسه مالیاتی شرکت,
Company registration numbers for your reference. Tax numbers etc.,شماره ثبت شرکت برای رجوع کنید. شماره مالیاتی و غیره,
Company which internal customer represents,شرکتی که مشتری داخلی نماینده آن است,
Company which internal customer represents.,شرکتی که مشتری داخلی نماینده آن است.,
Company which internal supplier represents,شرکتی که تامین کننده داخلی آن را نمایندگی می کند,
Competitor,رقیب,
Competitor Detail,جزئیات رقیب,
Competitor Name,نام رقیب,
Competitors,رقبا,
Complete,تکمیل,
Completed,تکمیل شده,
Completed By,تکمیل شده توسط,
Completed On,تکمیل شد,
Completed Qty,تکمیل تعداد,
Completed Time,زمان تکمیل شده,
Completed Work Orders,سفارشات کاری کامل شده است,
Completion By,تکمیل توسط,
Completion Date,تاریخ تکمیل,
Completion Status,وضعیت تکمیل,
Comprehensive Insurance,بیمه جامع,
Computer,کامپیوتر,
Condition,شرط,
Conditional Rule,قانون مشروط,
Conditional Rule Examples,مثال های قانون شرطی,
Conditions will be applied on all the selected items combined. ,شرایط بر روی همه موارد انتخاب شده در ترکیب اعمال خواهد شد.,
Configuration,پیکربندی,
Configure the action to stop the transaction or just warn if the same rate is not maintained.,کنش را طوری پیکربندی کنید که تراکنش را متوقف کند یا در صورت عدم حفظ همان نرخ فقط هشدار دهد.,
Confirmation Date,تایید عضویت,
Connections,اتصالات,
Consider Entire Party Ledger Amount,کل مبلغ دفتر کل طرف را در نظر بگیرید,
Consider Minimum Order Qty,در نظر گرفتن حداقل تعداد سفارش,
Consider Rejected Warehouses,در نظر گرفتن انبارهای مرجوعی,
Consider Tax or Charge for,مالیات و یا هزینه در نظر بگیرید برای,
Considered In Paid Amount,به مبلغ پرداختی در نظر گرفته شده است,
Consolidate Sales Order Items,تلفیق آیتم‌های سفارش فروش,
Consolidate Sub Assembly Items,تلفیق آیتم‌های زیر مونتاز,
Consolidated,تلفیقی,
Consolidated Credit Note,یادداشت اعتباری تلفیقی,
Consolidated Financial Statement,بیانیه مالی مالی تلفیقی,
Consolidated Sales Invoice,فاکتور فروش تلفیقی,
Consultant,مشاور,
Consumable Cost,هزینه مصرفی,
Consumed,مصرف,
Consumed Asset Total Value,ارزش کل دارایی مصرف شده,
Consumed Assets,دارایی های مصرف شده,
Consumed Items,اقلام مصرفی,
Consumed Qty,مصرف تعداد,
Consumed Quantity,مقدار مصرف شده,
Consumed Stock Items,آیتم‌های موجودی مصرفی,
Consumed Stock Total Value,ارزش کل موجودی مصرف شده,
Contact,تماس,
Contact Desc,تماس با محصول،,
Contact Email,تماس با ایمیل,
Contact HTML,تماس با HTML,
Contact Info,اطلاعات تماس,
Contact Information,اطلاعات تماس,
Contact List,لیست مخاطبین,
Contact Mobile,موبایل مخاطب,
Contact Mobile No,تماس با موبایل بدون,
Contact Name,تماس با نام,
Contact No.,تماس با شماره,
Contact Person,شخص تماس,
Contacts,مخاطب,
Content,مقدار,
Content Type,نوع محتوا,
Contra Entry,کنترا ورود,
Contract,قرارداد,
Contract Details,جزئیات قرارداد,
Contract End Date,پایان دادن به قرارداد تاریخ,
Contract Fulfilment Checklist,لیست تکمیل قرارداد,
Contract Period,مدت قرارداد,
Contract Template,قالب قرارداد,
Contract Template Fulfilment Terms,شرایط قرارداد الگو,
Contract Template Help,راهنمای الگوی قرارداد,
Contract Terms,شرایط قرارداد,
Contract Terms and Conditions,شرایط و ضوابط قرارداد,
Contribution (%),سهم (٪),
Contribution to Net Total,کمک به شبکه ها,
Control Action,اقدام کنترل,
Control Historical Stock Transactions,معاملات تاریخی موجودی را کنترل کنید,
Conversion Factor,عامل تبدیل,
Conversion Rate,نرخ تبدیل,
Convert Item Description to Clean HTML in Transactions,توضیحات مورد را به Clean HTML در Transactions تبدیل کنید,
Converted,مبدل,
Copied From,کپی شده از,
Copy Fields to Variant,کپی زمینه به گزینه,
Corrective,اصلاحی,
Corrective Action,اقدام اصلاحی,
Corrective Operation,عملیات اصلاحی,
Corrective Operation Cost,هزینه عملیات اصلاحی,
Corrective/Preventive,اصلاحی / پیشگیرانه,
Cost,هزینه,
Cost Center,مرکز هزینه زا,
Cost Center Allocation,تخصیص مرکز هزینه,
Cost Center Allocation Percentage,درصد تخصیص مرکز هزینه,
Cost Center Allocation Percentages,درصدهای تخصیص مرکز هزینه,
Cost Center Name,هزینه نام مرکز,
Cost Center Number,شماره مرکز هزینه,
Cost Configuration,پیکربندی هزینه,
Cost Per Unit,هزینه هر واحد,
Cost of Goods Sold,هزینه کالاهای فروخته شده,
Cost of Poor Quality Report,گزارش هزینه کیفیت پایین,
Cost to Company (CTC),هزینه شرکت (CTC),
Costing,هزینه یابی,
Costing Amount,هزینه مبلغ,
Costing Details,جزئیات هزینه,
Costing Rate,هزینه یابی نرخ,
Costing and Billing,هزینه یابی و حسابداری,
Count,شمردن,
Country,کشور,
Country of Origin,کشور مبدا,
Coupon Code,کد کوپن,
Coupon Code Based,کد کوپن بر اساس,
Coupon Description,توضیحات کوپن,
Coupon Name,نام کوپن,
Coupon Type,نوع کوپن,
Create Chart Of Accounts Based On,درست نمودار حساب بر اساس,
Create Grouped Asset,ایجاد دارایی گروهی,
Create Job Card based on Batch Size,ایجاد کارت کار بر اساس اندازه دسته ای,
Create Ledger Entries for Change Amount,برای تغییر مقدار، ورودی های دفتر کل ایجاد کنید,
Create Missing Party,ایجاد حزب گمشده,
Create Receiver List,ایجاد فهرست گیرنده,
Create User,ایجاد کاربر,
Create User Permission,ایجاد مجوز کاربر,
Create a new composite asset,یک دارایی ترکیبی جدید ایجاد کنید,
Create in Draft Status,ایجاد در وضعیت پیش‌نویس,
Create missing customer or supplier.,ایجاد مشتری یا فروشنده گمشده.,
Creation Document No,ایجاد سند بدون,
Credit,اعتبار,
Credit Amount,مقدار وام,
Credit Amount in Account Currency,مقدار اعتبار در حساب ارز,
Credit Amount in Transaction Currency,مقدار اعتبار به ارز تراکنش,
Credit Card Entry,ورود کارت اعتباری,
Credit Days,روز اعتباری,
Credit Limit,محدودیت اعتبار,
Credit Limit Settings,تنظیمات محدودیت اعتباری,
Credit Limit and Payment Terms,محدودیت های اعتباری و شرایط پرداخت,
Credit Limits,محدودیت های اعتباری,
Credit Months,ماه های اعتباری,
Credit Note,اعتبار توجه داشته باشید,
Credit Note Issued,اعتباری صادر شده,
Credit To,اعتبار به,
Credit in Company Currency,اعتبار در شرکت ارز,
Criteria,شاخص,
Criteria Formula,معیارهای فرمول,
Criteria Name,معیار نام,
Criteria Setup,معیارهای تنظیم,
Criteria Weight,معیارهای وزن,
Cross Listing of Item in multiple groups,صلیب فهرست مورد در گروه های متعدد,
Cumulative Transaction Threshold,آستانه معامله گران,
Currency,پول,
Currency Exchange,صرافی,
Currency Exchange Settings,تنظیمات ارز Exchange,
Currency Exchange Settings Details,جزئیات تنظیمات تبادل ارز,
Currency Exchange Settings Result,نتیجه تنظیمات تبادل ارز,
Currency and Price List,نرخ ارز و لیست قیمت,
Current Address,آدرس فعلی,
Current Address Is,آدرس فعلی است,
Current Amount,مقدار کنونی,
Current Asset,دارایی جاری,
Current Asset Value,ارزش دارایی کنونی,
Current BOM,BOM کنونی,
Current Exchange Rate,نرخ ارز فعلی,
Current Index,شاخص فعلی,
Current Invoice End Date,تاریخ پایان اعتبار فاکتور,
Current Invoice Start Date,تاریخ شروع فاکتور,
Current Level,سطح فعلی,
Current Liability,بدهی جاری,
Current Qty,تعداد کنونی,
Current Serial / Batch Bundle,باندل سریال / دسته فعلی,
Current Serial No,شماره سریال فعلی,
Current State,وضعیت فعلی,
Current Stock,سهام کنونی,
Current Time,زمان فعلی,
Current Valuation Rate,نرخ گذاری کنونی,
Custodian,نگهبان,
Custody,بازداشت,
Custom,سفارشی,
Custom HTML,سفارشی HTML,
Custom Remarks,تذکرات سفارشی,
Custom delimiters,جداکننده‌های سفارشی,
Custom?,سفارشی؟,
Customer,مشتری,
Customer ,مشتری,
Customer / Item / Item Group,مشتری / آیتم / گروه آیتم,
Customer / Lead Address,مشتری / سرب آدرس,
Customer Acquisition and Loyalty,مشتری خرید و وفاداری,
Customer Address,آدرس مشتری,
Customer Code,کد مشتری,
Customer Contact,مشتریان تماس با,
Customer Contact Email,مشتریان تماس با ایمیل,
Customer Credit Balance,تعادل اعتباری مشتری,
Customer Credit Limit,محدودیت اعتبار مشتری,
Customer Defaults,پیش فرض های مشتری,
Customer Details,اطلاعات مشتری,
Customer Feedback,نظرسنجی,
Customer Group,گروه مشتری,
Customer Group Item,مورد گروه مشتری,
Customer Group Name,نام گروه مشتری,
Customer Groups,گروه های مشتری,
Customer Item,مورد مشتری,
Customer Items,آیتم های مشتری,
Customer Ledger Summary,خلاصه لجر مشتری,
Customer Mobile No,مشتری تلفن همراه بدون,
Customer Name,نام مشتری,
Customer Naming By,نامگذاری مشتری توسط,
Customer PO Details,اطلاعات مشتری PO,
Customer POS id,شناسه POS مشتری,
Customer Portal Users,کاربران پورتال مشتری,
Customer Primary Address,آدرس اصلی مشتری,
Customer Primary Contact,تماس اولیه مشتری,
Customer Provided,مشتری ارائه می شود,
Customer Territory,قلمرو مشتری,
Customer Type,نوع مشتری,
Customer Warehouse (Optional),انبار و ضوابط (اختیاری),
Customer or Item,مشتری و یا مورد,
Customer's Item Code,کد مورد مشتری,
Customer's Purchase Order,سفارش خرید مشتری,
Customer's Purchase Order Date,مشتری سفارش خرید عضویت,
Customer's Purchase Order No,مشتری سفارش خرید بدون,
Customer-wise Item Price,قیمت کالای خردمندانه مشتری,
Customers,مشتریان,
Customers Without Any Sales Transactions,مشتریان بدون هیچگونه معامله فروش,
Customerwise Discount,Customerwise تخفیف,
Customs Tariff Number,آداب و رسوم شماره تعرفه,
DT-,DT-,
DUNN-.MM.-.YY.-,DUNN-.MM .-. YY.-,
Daily,روزانه,
Daily Time to send,زمان ارسال روزانه,
Daily Timesheet Summary,خلاصه برنامه زمانی روزانه,
Dashboard,داشبورد,
Data Import Configuration,پیکربندی واردات داده,
Date,تاریخ,
Date ,تاریخ,
Date Of Retirement,تاریخ بازنشستگی,
Date Settings,تنظیمات تاریخ,
Date of Birth,تاریخ تولد,
Date of Commencement,تاریخ شروع,
Date of Establishment,تاریخ تاسیس,
Date of Incorporation,تاریخ عضویت,
Date of Issue,تاریخ صدور,
Date of Joining,تاریخ پیوستن,
Dates,تاریخ‌ها,
Day,روز,
Day Of Week,روز هفته,
Day of Week,روز هفته,
Day to Send,روز فرستادن,
Day(s) after invoice date,روز (ها) پس از تاریخ فاکتور,
Day(s) after the end of the invoice month,روز (ها) پس از پایان ماه فاکتور,
Days,روزها,
Days Until Due,روز تا زمان تحقق,
Days before the current subscription period,چند روز قبل از دوره اشتراک فعلی,
Deal Owner,صاحب معامله,
Debit,بدهی,
Debit Amount,مقدار بدهی,
Debit Amount in Account Currency,مقدار بدهی در حساب ارز,
Debit Amount in Transaction Currency,مبلغ بدهی به ارز تراکنش,
Debit Note,بدهی توجه داشته باشید,
Debit Note Issued,بدهی توجه صادر,
Debit To,بدهی به,
Debit in Company Currency,بدهی شرکت در ارز,
Debit to,بدهی به,
Deduct,کسر کردن,
Deductee Details,جزئیات کسر شده,
Deductions or Loss,کسر یا از دست دادن,
Default,پیش فرض,
Default Account,به طور پیش فرض حساب,
Default Accounts,حسابهای پیش فرض,
Default Advance Account,حساب پیش فرض پیش فرض,
Default Advance Paid Account,حساب پیش فرض پیش پرداخت,
Default Advance Received Account,پیش فرض پیش فرض حساب دریافت شده,
Default BOM,به طور پیش فرض BOM,
Default Bank Account,به طور پیش فرض حساب بانکی,
Default Billing Rate,به طور پیش فرض نرخ صدور صورت حساب,
Default Buying Cost Center,به طور پیش فرض مرکز هزینه خرید,
Default Buying Price List,به طور پیش فرض لیست قیمت خرید,
Default Buying Terms,شرایط خرید پیش فرض,
Default Cash Account,به طور پیش فرض حساب های نقدی,
Default Common Code,کد مشترک پیش فرض,
Default Company,به طور پیش فرض شرکت,
Default Company Bank Account,حساب بانکی پیش فرض شرکت,
Default Cost Center,مرکز هزینه به طور پیش فرض,
Default Cost of Goods Sold Account,به طور پیش فرض هزینه از حساب کالاهای فروخته شده,
Default Costing Rate,به طور پیش فرض هزینه یابی نرخ,
Default Currency,به طور پیش فرض ارز,
Default Customer Group,گروه مشتری پیش فرض,
Default Deferred Expense Account,پیش فرض حساب هزینه معوق,
Default Deferred Revenue Account,پیش فرض حساب درآمد معوق,
Default Dimension,ابعاد پیش فرض,
Default Discount Account,حساب تخفیف پیش فرض,
Default Distance Unit,واحد پیش فرض فاصله,
Default Expense Account,حساب پیش فرض هزینه,
Default Finance Book,پیش فرض کتاب مالی,
Default Finished Goods Warehouse,به طور پیش فرض به پایان رسید کالا انبار,
Default Holiday List,پیش فرض لیست تعطیلات,
Default In-Transit Warehouse,انبار پیش فرض در حمل و نقل,
Default Income Account,حساب پیش فرض درآمد,
Default Inventory Account,حساب پرسشنامه به طور پیش فرض,
Default Item Group,به طور پیش فرض مورد گروه,
Default Item Manufacturer,تولید کننده موارد پیش فرض,
Default Letter Head,پیش فرض سر نامه,
Default Manufacturer Part No,قطعه سازنده پیش فرض شماره,
Default Material Request Type,به طور پیش فرض نوع درخواست پاسخ به,
Default Payable Account,به طور پیش فرض پرداختنی حساب,
Default Payment Discount Account,حساب تخفیف پیش‌فرض پرداخت,
Default Payment Request Message,به طور پیش فرض درخواست پرداخت پیام,
Default Payment Terms Template,قالب پرداخت پیش فرض,
Default Price List,به طور پیش فرض لیست قیمت,
Default Priority,اولویت پیش فرض,
Default Provisional Account,حساب موقت پیش فرض,
Default Purchase Unit of Measure,واحد خرید پیش فرض اندازه گیری,
Default Quotation Validity Days,روز معتبر نقل قول,
Default Receivable Account,به طور پیش فرض دریافتنی حساب,
Default Sales Unit of Measure,واحد پیش فروش واحد اندازه گیری,
Default Scrap Warehouse,انبار ضایعات پیش فرض,
Default Selling Cost Center,مرکز هزینه پیش فرض فروش,
Default Selling Terms,شرایط فروش پیش فرض,
Default Service Level Agreement,توافق نامه سطح سرویس پیش فرض,
Default Source Warehouse,به طور پیش فرض منبع انبار,
Default Stock UOM,به طور پیش فرض بورس UOM,
Default Supplier,به طور پیش فرض تامین کننده,
Default Supplier Group,گروه پیشفرض شرکت,
Default Target Warehouse,به طور پیش فرض هدف انبار,
Default Territory,منطقه پیش فرض,
Default Unit of Measure,واحد اندازه گیری پیش فرض,
Default Valuation Method,روش های ارزش گذاری پیش فرض,
Default Value,مقدار پیش فرض,
Default Warehouse,به طور پیش فرض انبار,
Default Warehouse for Sales Return,انبار پیش فرض برای بازگشت فروش,
Default Warehouses for Production,انبارهای پیش فرض برای تولید,
Default Work In Progress Warehouse,پیش فرض کار در انبار پیشرفت,
Default Workstation,به طور پیش فرض ایستگاه کاری,
Default account will be automatically updated in POS Invoice when this mode is selected.,در صورت انتخاب این حالت، حساب پیش فرض به طور خودکار در صورتحساب اعتباری به روز می شود.,
Default settings for your stock-related transactions,تنظیمات پیش‌فرض برای تراکنش‌های مربوط به موجودی شما,
Default: 10 mins,پیش فرض: 10 دقیقه,
Defaults,پیش فرض,
Deferred Accounting,حسابداری معوق,
Deferred Accounting Defaults,پیش‌فرض‌های حسابداری معوق,
Deferred Accounting Settings,تنظیمات حسابداری معوق,
Deferred Expense,هزینه معوق,
Deferred Expense Account,حساب هزینه معوق,
Deferred Revenue,درآمد معوق,
Deferred Revenue Account,حساب درآمد معوق,
Deferred Revenue and Expense,درآمد و هزینه معوق,
Delay between Delivery Stops,تاخیر بین ایستگاه تحویل,
Delayed Item Report,گزارش مورد تأخیر,
Delayed Order Report,گزارش سفارش تأخیر,
Delayed Tasks Summary,خلاصه وظایف تاخیری,
Delete Accounting and Stock Ledger Entries on deletion of Transaction,حذف ورودی های حسابداری و دفتر کل موجودی در حذف تراکنش,
Delete Cancelled Ledger Entries,ورودی های لغو شده در دفتر کل را حذف کنید,
Delete Leads and Addresses,سرنخ ها و آدرس ها را حذف کنید,
Delete Transactions,حذف تراکنش ها,
Delimiter options,گزینه های جداکننده,
Delivered,تحویل,
Delivered By Supplier,تحویل داده شده توسط کننده,
Delivered Items To Be Billed,آیتم ها تحویل داده شده به صورتحساب می شود,
Delivered Qty,تحویل تعداد,
Delivered by Supplier (Drop Ship),تحویل داده شده توسط کننده (قطره کشتی),
Delivery,تحویل,
Delivery Date,تاریخ تحویل,
Delivery Details,جزئیات تحویل,
Delivery Manager,مدیر تحویل,
Delivery Note,رسید,
Delivery Note Item,تحویل توجه داشته باشید مورد,
Delivery Note No,تحویل توجه داشته باشید هیچ,
Delivery Note Packed Item,کالای بسته بندی شده یادداشت تحویل,
Delivery Note Trends,روند تحویل توجه داشته باشید,
Delivery Settings,تنظیمات تحویل,
Delivery Status,تحویل وضعیت,
Delivery Stop,توقف تحویل,
Delivery Stops,توقف تحویل,
Delivery To,تحویل به,
Delivery Trip,سفر تحویل,
Delivery User,کاربر تحویل,
Delivery Warehouse,انبار تحویل,
Delivery to,تحویل به,
Demo Company,شرکت دمو,
Department,بخش,
Departure Time,زمان خروج,
Dependant SLE Voucher Detail No,شماره جزئیات کوپن SLE وابسته,
Dependencies,وابستگی ها,
Dependent Task,وظیفه وابسته,
Dependent Tasks,وظایف وابسته,
Depends on Tasks,بستگی به وظایف,
Deposit,سپرده,
Depreciate based on daily pro-rata,استهلاک بر اساس تناسب روزانه,
Depreciate based on shifts,استهلاک بر اساس نوبت,
Depreciation,استهلاک,
Depreciation Amount,مقدار استهلاک,
Depreciation Details,جزئیات استهلاک,
Depreciation Entry,ورود استهلاک,
Depreciation Entry Posting Status,وضعیت ثبت استهلاک,
Depreciation Expense Account,حساب استهلاک هزینه,
Depreciation Method,روش استهلاک,
Depreciation Options,گزینه های تخفیف,
Depreciation Posting Date,تاریخ ارسال استهلاک,
Depreciation Schedule,برنامه استهلاک,
Depreciation Schedule View,مشاهده برنامه زمانبندی استهلاک,
Description,شرح,
Description of Content,شرح مطالب,
Designation,تعیین,
Desk User,کاربر میز,
Detailed Reason,دلیل تفصیلی,
Details,جزئیات,
Determine Address Tax Category From,طبقه بندی مالیات آدرس را تعیین کنید,
Diesel,دیزل,
Difference,تفاوت,
Difference (Dr - Cr),تفاوت (دکتر - کروم),
Difference Account,حساب تفاوت,
Difference Amount,مقدار تفاوت,
Difference Amount (Company Currency),تفاوت در مقدار (شرکت ارز),
Difference Posting Date,تفاوت تاریخ ارسال,
Dimension Defaults,پیش فرض ابعاد,
Dimension Details,جزئیات ابعاد,
Dimension Filter Help,راهنمای فیلتر ابعاد,
Dimension Name,نام ابعاد,
Dimension-wise Accounts Balance Report,گزارش تراز حسابها از نظر ابعاد,
Dimensions,ابعاد,
Direct Expense,هزینه مستقیم,
Direct Income,درآمد مستقیم,
Disable,از کار انداختن,
Disable Capacity Planning,برنامه ریزی ظرفیت را غیرفعال کنید,
Disable In Words,غیر فعال کردن در کلمات,
Disable Last Purchase Rate,نرخ آخرین خرید را غیرفعال کنید,
Disable Rounded Total,غیر فعال کردن گرد مجموع,
Disable Serial No And Batch Selector,غیرفعال کردن سریال No And Batch Selector,
Disabled,غیر فعال,
Disables auto-fetching of existing quantity,واکشی خودکار مقدار موجود را غیرفعال می کند,
Disassemble,مجزا کردن (دیس اسمبل),
Disbursed,پرداخت شده,
Discount,تخفیف,
Discount (%) on Price List Rate with Margin,تخفیف (٪) در لیست قیمت نرخ با حاشیه,
Discount Account,حساب تخفیف,
Discount Amount,مقدار تخفیف,
Discount Date,تاریخ تخفیف,
Discount Percentage,درصد تخفیف,
Discount Settings,تنظیمات تخفیف,
Discount Type,نوع تخفیف,
Discount Validity,اعتبار تخفیف,
Discount Validity Based On,اعتبار تخفیف بر اساس,
Discount and Margin,تخفیف و حاشیه,
Discount on Other Item,تخفیف در مورد دیگر,
Discount on Price List Rate (%),تخفیف در لیست قیمت نرخ (٪),
Discounted Amount,مبلغ با تخفیف,
Discounted Invoice,تخفیف فاکتور,
Discounts,تخفیف,
"Discounts to be applied in sequential ranges like buy 1 get 1, buy 2 get 2, buy 3 get 3 and so on",تخفیف هایی که در محدوده های متوالی اعمال می شوند مانند خرید 1 دریافت 1، خرید 2 دریافت 2، خرید 3 دریافت 3 و غیره,
Discrepancy between General and Payment Ledger,اختلاف بین دفتر کل و دفتر پرداخت,
Dislikes,دوست ندارد,
Dispatch Address,آدرس اعزام,
Dispatch Address Name,نام آدرس اعزام,
Dispatch Information,اطلاعات ارسالی,
Dispatch Notification Attachment,پیوست اعلان اعلان,
Dispatch Notification Template,قالب اعلان ارسال,
Dispatch Settings,تنظیمات ارسال,
Disposal Date,تاریخ دفع,
Distance,فاصله,
Distance UOM,فاصله UOM,
Distance from left edge,فاصله از لبه سمت چپ,
Distance from top edge,فاصله از لبه بالا,
Distinct Item and Warehouse,کالا و انبار متمایز,
Distinct unit of an Item,واحد مجزا از یک آیتم,
Distribute Additional Costs Based On ,توزیع هزینه های اضافی بر اساس,
Distribute Charges Based On,توزیع اتهامات بر اساس,
Distribute Manually,توزیع دستی,
Distribution Name,نام توزیع,
Divorced,طلاق,
Do Not Contact,آیا تماس با نه,
Do Not Explode,گسترده نکنید,
Do Not Update Serial / Batch on Creation of Auto Bundle,عدم به‌روزرسانی سریال / دسته هنگام ایجاد باندل خودکار,
Do Not Use Batch-wise Valuation,عدم استفاده از ارزیابی دسته‌ای,
Do not show any symbol like $ etc next to currencies.,را نشان نمی مانند هر نماد $ و غیره در کنار ارزهای.,
Do not update variants on save,نسخه های مختلف را در ذخیره نکنید,
DocField,DocField,
DocType,DocType,
Doctype,DOCTYPE,
Document Name,نام سند,
Document Type,نوع سند,
Document Type ,نوع سند,
Documents,اسناد,
Domain,دامنه,
Don't Reserve Sales Order Qty on Sales Return,تعداد سفارش فروش را در بازگشت فروش رزرو نکنید,
Don't Send Emails,ایمیل ارسال نکنید,
Done,انجام شده,
Dont Recompute tax,مالیات را دوباره محاسبه نکنید,
Doors,درب,
Double Declining Balance,دو موجودی نزولی,
Download Required Materials,دانلود مطالب مورد نیاز,
Download Template,دانلود الگو,
Downtime,خرابی,
Downtime Analysis,تحلیل زمان خرابی,
Downtime Entry,ورود به حالت خاموش,
Downtime Reason,زمان خرابی,
Draft,پیش نویس,
Driver,راننده,
Driver Address,آدرس راننده,
Driver Email,ایمیل درایور,
Driver Name,نام راننده,
Driver licence class,کلاس گواهینامه رانندگی,
Driving License Categories,دسته بندی مجوز رانندگی,
Driving License Category,رده مجوز رانندگی,
Drop Ship,قطره کشتی,
Due Date,تاریخ,
Due Date Based On,تاریخ بر اساس تاریخ,
Dunning,دونینگ,
Dunning Amount,مقدار Dunning,
Dunning Amount (Company Currency),مقدار Dunning (ارز شرکت),
Dunning Fee,هزینه Dunning,
Dunning Letter,نامه Dunning,
Dunning Letter Text,متن نامه Dunning,
Dunning Level,سطح دانینگ,
Dunning Type,نوع Dunning,
Duration,مدت زمان,
Duration (Days),مدت زمان (روزها),
Dynamic Condition,شروط متغیر,
EAN,EAN,
ERPNext Integrations,ادغام ERPNext,
ERPNext User ID,شناسه کاربر ERPNext,
Each Transaction,هر تراکنش,
Edit Posting Date and Time,ویرایش های ارسال و ویرایش تاریخ و زمان,
Education,آموزش و پرورش,
Educational Qualification,صلاحیت تحصیلی,
Electric,برقی,
Electricity Cost,هزینه برق,
Electricity down,برق کم است,
Electronic Invoice Register,ثبت فاکتور الکترونیکی,
Email,پست الکترونیک,
Email Account,حساب کاربری ایمیل,
Email Address,آدرس ایمیل,
Email Campaign,کمپین ایمیل,
Email Campaign For ,کمپین ایمیل برای,
Email Details,جزئیات ایمیل,
Email Digest,ایمیل خلاصه,
Email Digest Recipient,دریافت کننده خلاصه ایمیل,
Email Digest Settings,ایمیل تنظیمات خلاصه,
Email Group,ایمیل گروه,
Email Id,آدرس ایمیل,
Email Sent,ایمیل ارسال,
Email Settings,تنظیمات ایمیل,
Email Template,قالب ایمیل,
Email sent to,ایمیل ارسال شده به,
Emergency Contact,تماس اضطراری,
Emergency Contact Name,نام تماس اضطراری,
Emergency Phone,تلفن اضطراری,
Employee,کارمند,
Employee ,کارمند,
Employee Advance,پیشرفت کارمند,
Employee Billing Summary,خلاصه صورتحساب کارمندان,
Employee Detail,جزئیات کارمند,
Employee Education,آموزش و پرورش کارمند,
Employee External Work History,کارمند خارجی سابقه کار,
Employee Group,گروه کارمندان,
Employee Group Table,جدول گروه کارمندان,
Employee Internal Work History,کارمند داخلی سابقه کار,
Employee Name,نام کارمند,
Employee Number,شماره کارمند,
Employee User Id,شناسه کاربر کارمند,
Enable Appointment Scheduling,برنامه ریزی قرار ملاقات را فعال کنید,
Enable Auto Email,ایمیل خودکار را فعال کنید,
Enable Automatic Party Matching,تنظیم خودکار طرف را فعال کنید,
Enable Capital Work in Progress Accounting,فعال کردن سرمایه در حسابداری پیشرفت,
Enable Common Party Accounting,حسابداری طرف مشترک را فعال کنید,
Enable Deferred Expense,فعال کردن هزینه معوق,
Enable Deferred Revenue,درآمد معوق را فعال کنید,
Enable Discount Accounting for Selling,فعال کردن حسابداری تخفیف برای فروش,
Enable European Access,دسترسی اروپا را فعال کنید,
Enable Fuzzy Matching,Fuzzy Matching را فعال کنید,
Enable Perpetual Inventory,فعال کردن موجودی دائمی,
Enable Provisional Accounting For Non Stock Items,فعال کردن حسابداری موقت برای آیتم‌ها غیر موجودی,
Enable Stock Reservation,فعال کردن رزرو موجودی,
Enable YouTube Tracking,پیگیری YouTube را فعال کنید,
Enable it if users want to consider rejected materials to dispatch.,اگر کاربران می خواهند مواد رد شده را برای ارسال در نظر بگیرند، آن را فعال کنید.,
Enabled,فعال,
Enabling this ensures each Purchase Invoice has a unique value in Supplier Invoice No. field within a particular fiscal year,فعال‌سازی این گزینه تضمین می‌کند که هر فاکتور خرید دارای مقدار یکتایی در فیلد شماره فاکتور تأمین‌کننده در یک سال مالی مشخص باشد,
Enabling this option will allow you to record - <br><br> 1. Advances Received in a <b>Liability Account</b> instead of the <b>Asset Account</b><br><br>2. Advances Paid in an <b>Asset Account</b> instead of the <b> Liability Account</b>,فعال کردن این گزینه به شما امکان می دهد ثبت کنید - <br><br> 1. پیش پرداخت های دریافت شده در <b>حساب بدهی</b> به جای <b>حساب دارایی</b><br><br>2. پیش پرداخت های پرداخت شده در <b>حساب دارایی</b> به جای <b> حساب بدهی</b>,
Enabling this will allow creation of multi-currency invoices against single party account in company currency,فعال کردن این امکان ایجاد صورتحساب‌های چند ارزی را در برابر حساب یک طرف به واحد پول شرکت فراهم می‌کند,
Encashment Date,Encashment عضویت,
End Date,تاریخ پایان,
End Time,پایان زمان,
End date of current invoice's period,تاریخ پایان دوره صورتحساب فعلی,
End of Life,پایان زندگی,
End of the current subscription period,پایان دوره اشتراک فعلی,
Enough Parts to Build,قطعات اندازه کافی برای ساخت,
Ensure Delivery Based on Produced Serial No,اطمینان از تحویل بر اساس شماره سریال تولید شده,
Enter name of campaign if source of enquiry is campaign,نام کمپین را وارد کنید اگر منبع تحقیق مبارزات انتخاباتی است,
Entity,نهاد,
Entity Type,نوع سازمان,
Entry Type,نوع ورودی,
Equity,انصاف,
Equity/Liability Account,حساب سهام و مسئولیت,
Error,خطا,
Error Description,شرح خطا,
Error Log,ورود به خطا,
Error Message,پیغام خطا,
Errors Notification,اعلان خطاها,
Estimated Arrival,زمان تقریبی رسیدن به مقصد,
Estimated Cost,هزینه تخمین زده شده,
Estimated Time and Cost,برآورد زمان و هزینه,
Evaluation Period,دوره ارزیابی,
Event,رویداد,
Example URL,URL مثال,
"Example: ABCD.#####. If series is set and Batch No is not mentioned in transactions, then automatic batch number will be created based on this series. If you always want to explicitly mention Batch No for this item, leave this blank. Note: this setting will take priority over the Naming Series Prefix in Stock Settings.",به عنوان مثال: ABCD. #####. اگر مجموعه ای تنظیم شده است و Batch No در معاملات ذکر شده است، سپس شماره بلاک اتوماتیک بر اساس این سری ایجاد می شود. اگر همیشه می خواهید بطور صریح بیتی را برای این آیتم ذکر کنید، این را خالی بگذارید. توجه: این تنظیم اولویت بیش از Prefix سری نامگذاری در تنظیمات سهام است.,
Exception Budget Approver Role,استثنا بودجه تأیید کننده نقش,
Excessive machine set up time,زمان تنظیم بیش از حد دستگاه,
Exchange Gain / Loss Account,تبادل به دست آوردن / از دست دادن حساب,
Exchange Gain Or Loss,سود یا ضرر مبادله,
Exchange Gain/Loss,تبادل کاهش / افزایش,
Exchange Rate,مظنهء ارز,
Exchange Rate Revaluation,نرخ ارز مبادله,
Exchange Rate Revaluation Account,حساب ارزیابی تغییر نرخ ارز,
Exchange Rate Revaluation Settings,تنظیمات تجدید ارزیابی نرخ ارز,
Excise Entry,مالیات غیر مستقیم ورود,
Excise Page Number,مالیات کالاهای داخلی صفحه شماره,
Excluded DocTypes,DocType های حذف شده,
Existing Company,شرکت موجود,
Existing Company ,موجود شرکت,
Exit Interview Held On,مصاحبه خارج شد,
Expected Amount,مقدار مورد انتظار,
Expected Closing Date,تاریخ بسته شدن پیش بینی شده,
Expected Delivery Date,انتظار می رود تاریخ تحویل,
Expected End Date,انتظار می رود تاریخ پایان,
Expected Hrs,ساعت انتظار,
Expected Start Date,انتظار می رود تاریخ شروع,
Expected Time (in hours),زمان مورد انتظار (در ساعت),
Expected Time Required (In Mins),زمان مورد نیاز مورد انتظار (به دقیقه),
Expected Value After Useful Life,مقدار مورد انتظار پس از زندگی مفید,
Expense,هزینه,
Expense Account,حساب هزینه,
Expense Claim,ادعای هزینه,
Expense Head,سر هزینه,
Expenses Included In Asset Valuation,هزینه های موجود در ارزش گذاری دارایی,
Expenses Included In Valuation,هزینه های موجود در ارزش گذاری,
Expired,تمام شده,
Expiry,انقضا,
Expiry Date,تاریخ انقضا,
Expiry Duration (in days),مدت زمان انقضا (در روز),
Exploded Items,موارد منفجر شده,
Exponential Smoothing Forecasting,پیش بینی صاف کردن نمایی,
External Work History,سابقه کار خارجی,
FIFO,FIFO,
FIFO Queue vs Qty After Transaction Comparison,صف FIFO در مقابل تعداد پس از مقایسه تراکنش,
"FIFO Stock Queue (qty, rate)",صف موجودی FIFO (تعداد، نرخ),
Failed,شکست خورد,
Failure Date,تاریخ خرابی,
Failure Description,شرح شکست,
Family Background,سابقه خانواده,
Fax,فکس,
Feedback,باز خورد,
Feedback By,بازخورد توسط,
Fees,هزینه,
Fetch Customers,مشتریان را واکشی کنید,
Fetch Value From,واکشی ارزش از,
Fetch items based on Default Supplier.,موارد را براساس Default Supplier واکشی کنید.,
Field,رشته,
Field Mapping,نقشه برداری درست,
Field Name,نام درست,
Field in Bank Transaction,زمینه در معاملات بانکی,
Fieldname,Fieldname,
Fields,زمینه,
Fields will be copied over only at time of creation.,زمینه ها تنها در زمان ایجاد ایجاد می شوند.,
Fieldtype,Fieldtype,
File to Rename,فایل برای تغییر نام,
Filter Duration (Months),مدت زمان فیلتر (ماه ها),
Filter by Reference Date,فیلتر بر اساس تاریخ مرجع,
Filter on Invoice,فیلتر روی فاکتور,
Filter on Payment,فیلتر در پرداخت,
Filters,فیلترها,
Final Product,محصول نهایی,
Finance Book,کتاب مالی,
Finance Book Detail,جزئیات مالی امور مالی,
Finance Book Id,شناسه مالی کتاب,
Finance Books,کتاب های مالی,
Financial Ratios,نسبت های مالی,
Financial reports will be generated using GL Entry doctypes (should be enabled if Period Closing Voucher is not posted for all years sequentially or missing) ,گزارش‌های مالی با استفاده از اسناد ثبت دفتر کل ایجاد می‌شوند (اگر کوپن پایان دوره برای همه سال‌ها به‌طور متوالی پست نشده باشد یا مفقود شده باشد، باید فعال شود),
Finished Good,به خوبی تمام شد,
Finished Good BOM,BOM کالای تمام شده,
Finished Good Item,آیتم کالای تمام شده,
Finished Good Item Quantity,تعداد آیتم کالای تمام شده,
Finished Good Qty,مقدار کالای تمام شده,
Finished Good Quantity ,مقدار کالای تمام شده,
Finished Good UOM,UOM خوب به پایان رسید,
Finished Goods,محصولات تمام شده,
Finished Goods Based Operating Cost,هزینه عملیاتی بر اساس کالاهای تمام شده,
Finished Goods Item,آیتم کالاهای تمام شده,
Finished Goods Reference,مرجع کالاهای تمام شده,
Finished Goods Warehouse,انبار کالاهای نهایی,
Finished Goods based Operating Cost,هزینه عملیاتی بر اساس کالاهای تمام شده,
First Email,اولین ایمیل,
First Name,نام,
First Responded On,اول پاسخ در,
First Response Due,اولین پاسخ به علت,
First Response Time,زمان پاسخ اول,
First Response Time for Issues,اولین زمان پاسخ به مسائل,
First Response Time for Opportunity,زمان پاسخ اول برای فرصت,
Fiscal Year,سال مالی,
Fiscal Year Company,شرکت سال مالی,
Fixed,درست شد,
Fixed Asset,دارائی های ثابت,
Fixed Asset Account,حساب دارایی ثابت,
Fixed Asset Defaults,پیش فرض دارایی های ثابت,
Fixed Asset Register,ثبت نام دارایی های ثابت,
Fixed Deposit Number,شماره واریز ثابت,
Fixed Rate,نرخ ثابت,
Fixed Time,زمان ثابت,
Fleet Manager,ناوگان مدیر,
Floor,سالن,
Floor Name,نام سالن,
Folio no.,برگه شماره,
Follow Calendar Months,ماههای تقویم را دنبال کنید,
For Buying,برای خرید,
For Company,برای شرکت,
For Job Card,برای کارت کار,
For Operation,برای عملیات,
For Price List,برای اطلاع از قیمت,
For Production,برای تولید,
For Selling,برای فروش,
For Warehouse,ذخیره سازی,
For dunning fee and interest,برای هزینه و سود,
"For e.g. 2012, 2012-13",برای مثال 2012، 2012-13,
For how much spent = 1 Loyalty Point,برای چه مقدار صرف = 1 نقطه وفاداری,
For individual supplier,عرضه کننده منحصر به فرد,
For reference,برای مرجع,
"For the convenience of customers, these codes can be used in print formats like Invoices and Delivery Notes",برای راحتی مشتریان، این کدها می توان در فرمت چاپ مانند فاکتورها و تحویل یادداشت استفاده می شود,
Foreign Trade Details,جزییات تجارت خارجی,
Formula Based Criteria,معیارهای مبتنی بر فرمول,
Forum Posts,پست های انجمن,
Forum URL,آدرس انجمن,
Frappe Support,پشتیبانی Frappe,
Free Item,مورد رایگان,
Free Item Rate,نرخ آیتم رایگان,
Freeze Stocks Older Than (Days),مسدود کردن سهام قدیمی تر از (روزها),
Frequency,فرکانس,
Frequency To Collect Progress,فرکانس برای جمع آوری پیشرفت,
Frequency of Depreciation (Months),فرکانس استهلاک (ماه),
Friday,جمعه,
From,از,
From BOM,از BOM,
From Company,از شرکت,
From Corrective Job Card,از کارت کار اصلاحی,
From Currency,از ارز,
From Customer,از مشتری,
From Date,از تاریخ,
From Delivery Date,از تاریخ تحویل,
From Doctype,از Doctype,
From Employee,از کارمند,
From Folio No,از Folio No,
From Invoice Date,از تاریخ فاکتور,
From Lead,از سرب,
From No,از شماره,
From Opportunity,از فرصت,
From Package No.,از شماره بسته بندی,
From Payment Date,از تاریخ پرداخت,
From Range,از محدوده,
From Reference Date,از تاریخ مرجع,
From Shareholder,از سهامدار,
From Template,از الگوی,
From Time,از زمان,
From Time ,از زمان,
From Value,از ارزش,
From Voucher Detail No,از جزئیات کوپن شماره,
From Voucher No,از کوپن شماره,
From Voucher Type,از نوع کوپن,
From Warehouse,از انبار,
Frozen,یخ زده,
Fuel Type,نوع سوخت,
Fuel UOM,UOM سوخت,
Fulfilled,تکمیل شده,
Fulfillment User,کاربر اجرای,
Fulfilment Deadline,آخرین مهلت تحویل,
Fulfilment Details,جزئیات تکمیل,
Fulfilment Status,وضعیت تحقق,
Fulfilment Terms,شرایط تکمیل,
Fulfilment Terms and Conditions,شرایط و ضوابط اجرایی,
Full Name,نام و نام خانوادگی,
Full and Final Statement,صورت کامل و نهایی,
Fully Billed,به طور کامل صورتحساب,
Fully Completed,طور کامل تکمیل شده,
Fully Delivered,به طور کامل تحویل,
Fully Depreciated,به طور کامل مستهلک,
GL Entry,GL ورود,
GL Entry Processing Status,وضعیت پردازش ثبت دفتر کل,
GL reposting index,فهرست ارسال مجدد دفتر کل,
Gain/Loss,به دست آوردن / از دست دادن,
Gain/Loss Account on Asset Disposal,حساب کاهش / افزایش در دفع دارایی,
Gain/Loss accumulated in foreign currency account. Accounts with '0' balance in either Base or Account currency,سود/زیان انباشته شده در حساب ارزی. حساب‌هایی با موجودی «0» به ارز پایه یا حساب,
Gain/Loss already booked,سود/باخت قبلا رزرو شده است,
Gain/Loss from Revaluation,سود/زیان ناشی از تجدید ارزیابی,
Gender,جنس,
General,عمومی,
General Ledger,لجر عمومی,
General Settings,تنظیمات عمومی,
General and Payment Ledger Comparison,مقایسه دفتر کل مرکزی و پرداخت,
General and Payment Ledger mismatch,عدم تطابق دفتر کل و دفتر پرداخت,
Generate Invoice At,ایجاد فاکتور در,
Generate New Invoices Past Due Date,تاریخ سررسید فاکتورهای جدید تولید کنید,
Generate Schedule,تولید برنامه,
"Generate packing slips for packages to be delivered. Used to notify package number, package contents and its weight.",تولید بسته بندی ورقه برای بسته تحویل داده می شود. مورد استفاده به اطلاع تعداد بسته، محتویات بسته و وزن آن است.,
Generated,تولید شده,
Get Advances Paid,دریافت پیشرفت پرداخت,
Get Advances Received,دریافت پیشرفت های دریافتی,
Get Allocations,تخصیص ها را دریافت کنید,
Get Current Stock,دریافت سهام کنونی,
Get Entries,دریافت مقالات,
Get Finished Goods for Manufacture,دریافت کالاهای تمام شده برای تولید,
Get Item Locations,مکان مکان را دریافت کنید,
Get Items,گرفتن اقلام,
Get Items From,گرفتن اقلام از,
Get Items From Purchase Receipts,گرفتن اقلام از دریافت خرید,
Get Items from Open Material Requests,گرفتن اقلام از درخواست های باز مواد,
Get Latest Query,دریافت آخرین درخواست,
Get Material Request,دریافت درخواست مواد,
Get Outstanding Invoices,دریافت فاکتورها برجسته,
Get Outstanding Orders,دریافت سفارش‌های معوق,
Get Raw Materials Cost from Consumption Entry,دریافت هزینه مواد اولیه از ثبت مصرف,
Get Raw Materials for Purchase,دریافت مواد اولیه برای خرید,
Get Raw Materials for Transfer,دریافت مواد اولیه برای انتقال,
Get Sales Orders,دریافت سفارشات فروش,
Get Scrap Items,آیتم‌های ضایعات را دریافت کنید,
Get Started Sections,بخش های شروع کنید,
Get Sub Assembly Items,دریافت آیتم‌های زیر مونتاژ,
Gift Card,کارت هدیه,
Give free item for every N quantity,برای هر N مقدار آیتم رایگان بدهید,
Global Defaults,به طور پیش فرض جهانی,
Goal,هدف,
Goods,کالاها,
Grace Period,مهلت,
Graduate,فارغ التحصیل,
Grand Total,بزرگ ها,
Grand Total (Company Currency),جمع کل (شرکت ارز),
Grant Commission,اعطاء کمیسیون,
Green,سبز,
Greeting Message,پیام تبریک,
Greeting Subtitle,زیرنویس تبریک,
Greeting Title,عنوان تبریک,
Greetings Section,بخش سلام,
Gross Margin,حاشیه ناخالص,
Gross Margin %,حاشیه ناخالص٪,
Gross Profit,سود ناخالص,
Gross Purchase Amount,مبلغ خرید خالص,
Gross Weight,وزن ناخالص,
Gross Weight UOM,وزن UOM,
Gross and Net Profit Report,گزارش سود ناخالص و خالص,
Group Same Items,گروه بندی آیتم‌های مشابه,
Group same items,گروه اقلام مشابه,
HR Manager,مدیریت منابع انسانی,
HR User,HR کاربر,
HR-DRI-.YYYY.-,HR-DRI- .YYYY.-,
HR-EMP-,HR-EMP-,
Half Yearly,نیمی سالانه,
Half-yearly,نیم سال,
Has Alternative Item,دارای آیتم جایگزین,
Has Batch No,دارای دسته ای بدون,
Has Certificate ,دارای گواهینامه,
Has Corrective Cost,هزینه اصلاحی دارد,
Has Expiry Date,تاریخ انقضا دارد,
Has Item Scanned,آیتم اسکن شده است,
Has Print Format,است چاپ فرمت,
Has Serial No,دارای سریال بدون,
Has Variants,دارای انواع,
Have Default Naming Series for Batch ID?,آیا سری نام‌گذاری پیش‌فرض برای Batch ID دارید؟,
Heads (or groups) against which Accounting Entries are made and balances are maintained.,سر (یا گروه) که در برابر مطالب حسابداری ساخته شده است و توازن حفظ می شوند.,
Health Details,جزییات بهداشت,
Heatmap,نقشه حرارت,
Height (cm),ارتفاع (سانتی متر),
Help,کمک,
Help Article,راهنما مقاله,
Help Section,بخش کمک,
Help Text,متن راهنما,
"Here you can maintain family details like name and occupation of parent, spouse and children",در اینجا شما می توانید جزئیات خانواده مانند نام و شغل پدر و مادر، همسر و فرزندان حفظ,
"Here you can maintain height, weight, allergies, medical concerns etc",در اینجا شما می توانید قد، وزن، آلرژی ها، نگرانی های پزشکی و غیره حفظ,
Hero Image,تصویر قهرمان,
Hero Section,بخش قهرمان,
Hero Section Based On,بخش قهرمان مبتنی بر,
Hidden list maintaining the list of contacts linked to Shareholder,فهرست پنهان نگه داشتن لیست مخاطبین مرتبط با سهامدار,
Hide Currency Symbol,مخفی ارز نماد,
Hide Customer's Tax ID from Sales Transactions,شناسه مالیاتی مشتری را از معاملات فروش پنهان کنید,
Hide Images,مخفی کردن تصاویر,
Hide Unavailable Items,موارد موجود را پنهان کنید,
High,زیاد,
"Higher the number, higher the priority",شماره بالاتر، بالاتر اولویت,
History In Company,تاریخچه در شرکت,
Hold Invoice,برگزاری فاکتور,
Hold Type,نوع نگه دارید,
Holiday,روز تعطیل,
Holiday List,فهرست تعطیلات,
Holiday List Name,نام فهرست تعطیلات,
Holidays,تعطیلات,
Homepage,صفحه نخست,
Homepage Section,بخش صفحه,
Homepage Section Card,کارت بخش صفحه,
Homepage Slideshow,نمایش اسلاید صفحه اصلی,
Hour Rate,یک ساعت یک نرخ,
Hourly,ساعتی,
Hours,ساعت ها,
How frequently?,چگونه غالبا؟,
How often should Project and Company be updated based on Sales Transactions?,چند بار باید پروژه و شرکت براساس معاملات فروش به روز شود؟,
How often should Project be updated of Total Purchase Cost ?,هر چند وقت یکبار پروژه باید از هزینه کل خرید به روز شود؟,
Hrs,ساعت,
IBAN,IBAN,
ID,شناسه,
IP Address,نشانی آیپی,
IRS 1099,IRS 1099,
ISS-.YYYY.-,ISS -YYYY.-,
Identification of the package for the delivery (for print),شناسایی بسته برای تحویل (برای چاپ),
Idle,بیکار (Idle),
"If ""Months"" is selected, a fixed amount will be booked as deferred revenue or expense for each month irrespective of the number of days in a month. It will be prorated if deferred revenue or expense is not booked for an entire month",در صورت انتخاب &quot;ماه&quot; ، صرف نظر از تعداد روزهای ماه ، مبلغ ثابتی به عنوان درآمد یا هزینه معوق برای هر ماه ثبت می شود. اگر درآمد یا هزینه تأخیر برای یک ماه کامل رزرو نشود ، محاسبه خواهد شد,
If Income or Expense,اگر درآمد یا هزینه,
"If blank, parent Warehouse Account or company default will be considered in transactions",در صورت خالی بودن ، حساب اصلی انبار یا پیش فرض شرکت در معاملات در نظر گرفته می شود,
"If checked, Rejected Quantity will be included while making Purchase Invoice from Purchase Receipt.",در صورت علامت زدن، مقدار رد شده هنگام تهیه فاکتور خرید از رسید خرید لحاظ می شود.,
"If checked, Stock will be reserved on <b>Submit</b>",در صورت علامت زدن، موجودی در <b>ارسال</b> رزرو خواهد شد,
"If checked, picked qty won't automatically be fulfilled on submit of pick list.",اگر علامت زده شود، تعداد انتخاب شده به طور خودکار در ارسال لیست انتخاب انجام نمی شود.,
"If checked, the tax amount will be considered as already included in the Paid Amount in Payment Entry",در صورت بررسی، مبلغ مالیات به عنوان مبلغ پرداخت شده در ثبت پرداخت در نظر گرفته می شود,
"If checked, the tax amount will be considered as already included in the Print Rate / Print Amount",در صورت انتخاب، میزان مالیات در نظر گرفته خواهد به عنوان در حال حاضر در چاپ نرخ / چاپ مقدار شامل,
If different than customer address,اگر متفاوت از آدرس مشتری,
"If disable, 'In Words' field will not be visible in any transaction",اگر غیر فعال کردن، »به عبارت&quot; درست نخواهد بود در هر معامله قابل مشاهده,
"If disable, 'Rounded Total' field will not be visible in any transaction",اگر غیر فعال کردن، درست &quot;گرد مجموع خواهد در هر معامله قابل نمایش باشد,
If enabled then system won't apply the pricing rule on the delivery note which will be create from the pick list,اگر فعال باشد، سیستم قانون قیمت‌گذاری را بر روی یادداشت تحویل که از لیست انتخاب ایجاد می‌شود، اعمال نخواهد کرد,
"If enabled, a print of this document will be attached to each email",در صورت فعال بودن، چاپی از این سند به هر ایمیل پیوست می شود,
"If enabled, additional ledger entries will be made for discounts in a separate Discount Account",در صورت فعال بودن، ورودی های دفتر کل اضافی برای تخفیف در یک حساب تخفیف جداگانه ایجاد می شود,
"If enabled, all files attached to this document will be attached to each email",در صورت فعال بودن، تمام فایل های پیوست شده به این سند به هر ایمیل پیوست می شود,
"If enabled, do not update serial / batch values in the stock transactions on creation of auto Serial 
 / Batch Bundle. ","در صورت فعال بودن، مقادیر سریال / دسته را در تراکنش‌های موجودی هنگام ایجاد خودکار باندل سریال 
 / دسته به روز نکنید.",
"If enabled, ledger entries will be posted for change amount in POS transactions",در صورت فعال بودن، ورودی‌های دفتر کل برای مبلغ تغییر در تراکنش‌های POS پست می‌شوند,
"If enabled, the consolidated invoices will have rounded total disabled",در صورت فعال بودن، صورتحساب‌های تلفیقی، کل غیرفعال می‌شوند,
"If enabled, the item rate won't adjust to the valuation rate during internal transfers, but accounting will still use the valuation rate.",اگر فعال شود، نرخ آیتم در انتقالات داخلی با نرخ ارزیابی تنظیم نخواهد شد، اما حسابداری همچنان از نرخ ارزیابی استفاده خواهد کرد.,
"If enabled, the system will create material requests even if the stock exists in the 'Raw Materials Warehouse'.","اگر فعال باشد، سیستم حتی اگر موجودی در ""انبار مواد خام"" وجود داشته باشد، درخواست های مواد ایجاد می کند.",
"If enabled, the system will use the moving average valuation method to calculate the valuation rate for the batched items and will not consider the individual batch-wise incoming rate.",اگر فعال شود، سیستم از روش ارزیابی میانگین متحرک برای محاسبه نرخ ارزیابی آیتم‌های دسته‌ای استفاده خواهد کرد و نرخ ورودی هر دسته را به‌طور جداگانه در نظر نخواهد گرفت.,
"If item is a variant of another item then description, image, pricing, taxes etc will be set from the template unless explicitly specified",اگر مورد یک نوع از آیتم دیگری پس از آن توضیحات، تصویر، قیمت گذاری، مالیات و غیره را از قالب مجموعه ای است مگر اینکه صریحا مشخص,
"If mentioned, the system will allow only the users with this Role to create or modify any stock transaction earlier than the latest stock transaction for a specific item and warehouse. If set as blank, it allows all users to create/edit back-dated transactions.",در صورت ذکر شده، این سیستم فقط به کاربران دارای این نقش اجازه می‌دهد تا هر تراکنش موجودی را زودتر از آخرین تراکنش موجودی برای یک کالا و انبار خاص ایجاد یا اصلاح کنند. اگر به صورت خالی تنظیم شود، به همه کاربران اجازه می دهد تا تراکنش های قدیمی را ایجاد/ویرایش کنند.,
If more than one package of the same type (for print),اگر بیش از یک بسته از همان نوع (برای چاپ),
"If rate is zero then item will be treated as ""Free Item""","اگر نرخ صفر باشد، آیتم به عنوان ""آیتم رایگان"" تلقی می شود",
If subcontracted to a vendor,اگر به یک فروشنده واگذار شده,
"If the account is frozen, entries are allowed to restricted users.",اگر حساب منجمد است، ورودی ها را به کاربران محدود شده مجاز می باشد.,
"If there is no assigned timeslot, then communication will be handled by this group",در صورت عدم وجود زمان بندی اختصاصی ، ارتباطات توسط این گروه انجام می شود,
"If this checkbox is checked, paid amount will be splitted and allocated as per the amounts in payment schedule against each payment term",اگر این کادر تأیید علامت گذاری شود ، مبلغ پرداخت شده به تفکیک مبالغ موجود در برنامه پرداخت نسبت به هر دوره پرداخت تقسیم و تخصیص می یابد,
"If this checkbox is enabled, then the system won’t run the MRP for the available sub-assembly items.",اگر این چک باکس فعال باشد، سیستم MRP را برای آیتم‌های زیر مونتاژ موجود اجرا نمی کند.,
If this is checked subsequent new invoices will be created on calendar  month and quarter start dates irrespective of current invoice start date,اگر این مورد بررسی شود فاکتورهای جدید بعدی بدون توجه به تاریخ شروع فاکتور در تاریخ تقویم ماه و سه ماهه شروع ایجاد می شوند,
If this is unchecked Journal Entries will be saved in a Draft state and will have to be submitted manually,اگر این مورد علامت زده نشود ، ورودی های ژورنال در حالت پیش نویس ذخیره می شوند و باید به صورت دستی ارسال شوند,
"If this is unchecked, direct GL entries will be created to book deferred revenue or expense",اگر این مورد علامت زده نشود ، ورودی های مستقیم GL برای رزرو درآمد یا هزینه تأخیر ایجاد می شود,
"If this item has variants, then it cannot be selected in sales orders etc.",اگر این فقره انواع، سپس آن را نمی تواند در سفارشات فروش و غیره انتخاب شود,
"If yes, then this warehouse will be used to store rejected materials",اگر بله، پس از این انبار برای نگهداری مواد رد شده استفاده می شود,
"If you need to reconcile particular transactions against each other, then please select accordingly. If not, all the transactions will be allocated in FIFO order.",اگر نیاز به تطبیق معاملات خاصی با یکدیگر دارید، لطفاً مطابق آن را انتخاب کنید. در غیر این صورت، تمام تراکنش ها به ترتیب FIFO تخصیص می یابد.,
"If your CSV uses a different delimiter, add that character here, ensuring no spaces or additional characters are included.",اگر CSV شما از جداکننده دیگری استفاده می‌کند، آن کاراکتر را در اینجا اضافه کنید، مطمئن شوید که هیچ فاصله یا نویسه اضافی در آن وجود ندارد.,
Ignore,نادیده گرفتن,
Ignore Account Closing Balance,نادیده گرفتن موجودی بسته شدن حساب,
Ignore Available Stock,نادیده گرفتن موجودی در دسترس,
Ignore Default Payment Terms Template,الگوی شرایط پرداخت پیش‌فرض را نادیده بگیرید,
Ignore Employee Time Overlap,نادیده گرفتن همپوشانی زمان کارکنان,
Ignore Pricing Rule,نادیده گرفتن قانون قیمت گذاری,
Ignore System Generated Credit / Debit Notes,نادیده گرفتن یادداشت های بستانکاری / بدهکاری ایجاد شده توسط سیستم,
Ignore User Time Overlap,نادیده گرفتن همپوشانی کاربر,
Ignore Voucher Type filter and Select Vouchers Manually,فیلتر نوع کوپن را نادیده بگیرید و کوپن ها را به صورت دستی انتخاب کنید,
Ignore Workstation Time Overlap,همپوشانی زمان کار ایستگاه را نادیده بگیر,
Image,تصویر,
Image View,تصویر مشخصات,
Import Chart of Accounts from a csv file,نمودار حساب ها را از یک پرونده CSV وارد کنید,
Import File,درون‌بُرد فایل,
Import File Errors and Warnings,خطاها و هشدارهای درون‌بُرد فایل,
Import Invoices,وارد کردن فاکتورها,
Import Log,واردات ورود,
Import Log Preview,پیش نمایش لاگ درون‌بُرد,
Import Preview,پیش نمایش درون‌بُرد,
Import Supplier Invoice,فاکتور تأمین کننده واردات,
Import Type,نوع درون‌بُرد,
Import Warnings,هشدارهای درون‌بُرد,
Import from Google Sheets,درون‌بُرد از Google Sheets,
In House,در خانه,
In Maintenance,در تعمیر و نگهداری,
In Mins,در مینس,
In Minutes,به دقیقه,
In Percentage,در درصد,
In Process,در حال انجام,
In Progress,در حال پیش رفت,
In Stock Qty,در انبار تعداد,
In Transit,در ترانزیت,
In Words,به عبارت,
In Words (Company Currency),به عبارت (شرکت ارز),
In Words (Export) will be visible once you save the Delivery Note.,به عبارت (صادرات) قابل مشاهده خواهد بود یک بار شما را تحویل توجه را نجات دهد.,
In Words will be visible once you save the Delivery Note.,به عبارت قابل مشاهده خواهد بود یک بار شما را تحویل توجه را نجات دهد.,
In Words will be visible once you save the Sales Invoice.,به عبارت قابل مشاهده خواهد بود زمانی که به فاکتور فروش را نجات دهد.,
In Words will be visible once you save the Sales Order.,به عبارت قابل مشاهده خواهد بود هنگامی که شما سفارش فروش را نجات دهد.,
In mins,به دقیقه,
In minutes,در عرض چند دقیقه,
Inactive,غیر فعال,
Inactive Customers,مشتریان غیر فعال,
Inactive Sales Items,موارد فروش غیرفعال,
Inactive Status,وضعیت غیر فعال,
Incentives,انگیزه,
Include Ageing Summary,خلاصه پیری را وارد کنید,
Include Exploded Items,شامل موارد انفجار,
Include Item In Manufacturing,موارد را در ساخت وارد کنید,
Include Non Stock Items,شامل موارد غیر سهام,
Include POS Transactions,شامل معاملات POS,
Include Payment (POS),شامل پرداخت (POS),
Include Reconciled Entries,شامل مطالب آشتی,
Include Safety Stock in Required Qty Calculation,لحاظ کردن موجودی ایمنی در محاسبه مقدار مورد نیاز,
Include Subcontracted Items,شامل موارد زیر قرارداد,
Include UOM,شامل UOM,
Include in gross,شامل ناخالص,
Including items for sub assemblies,از جمله موارد زیر را برای مجامع,
Income,درامد,
Income Account,حساب درآمد,
Incoming,وارد شونده,
Incoming Call Handling Schedule,برنامه رسیدگی به تماس های ورودی,
Incoming Call Settings,تنظیمات تماس ورودی,
Incoming Rate,نرخ ورودی,
Incoming Rate (Costing),نرخ ورودی (هزینه‌یابی),
Incorrect Balance Qty After Transaction,تعداد موجودی نادرست پس از تراکنش,
Incorrect Serial No Valuation,ارزش گذاری شماره سریال نادرست است,
Incorrect Serial and Batch Bundle,باندل سریال و دسته نادرست,
Incorrect Stock Value Report,گزارش ارزش موجودی نادرست است,
Incoterm,اینکوترم,
Increase In Asset Life(Months),افزایش عمر دارایی (ماه),
Increment,افزایش,
Indent,تورفتگی,
Indicates that the package is a part of this delivery (Only Draft),نشان می دهد که بسته به بخشی از این تحویل (فقط پیش نویس) است,
Indicator Color,رنگ نشانگر,
Indirect Expense,هزینه غیر مستقیم,
Indirect Income,درآمد غیر مستقیم,
Individual,فردی,
Industry,صنعت,
Industry Type,نوع صنعت,
Initial Email Notification Sent,هشدار ایمیل اولیه ارسال شد,
Initiated,آغاز,
Insert New Records,درج رکوردهای جدید,
Inspected By,بازرسی توسط,
Inspection Required,مورد نیاز بازرسی,
Inspection Required before Delivery,بازرسی مورد نیاز قبل از تحویل,
Inspection Required before Purchase,بازرسی مورد نیاز قبل از خرید,
Inspection Type,نوع بازرسی,
Installation Date,نصب و راه اندازی تاریخ,
Installation Note,نصب و راه اندازی توجه داشته باشید,
Installation Note Item,نصب و راه اندازی توجه داشته باشید مورد,
Installation Status,وضعیت نصب و راه اندازی,
Installation Time,زمان نصب و راه اندازی,
Installed Qty,نصب تعداد,
Instruction,دستورالعمل,
Instructions,دستورالعمل,
Insurance Company,شرکت بیمه,
Insurance Details,جزئیات بیمه,
Insurance End Date,تاریخ پایان بیمه,
Insurance Start Date,تاریخ شروع بیمه,
Insurance details,جزئیات بیمه,
Insured value,ارزش بیمه شده,
Insurer,بیمه گر,
Integration Details,جزئیات ادغام,
Integration ID,شناسه ادغام,
Inter Company Invoice Reference,مرجع حسابرسی شرکت اینتر,
Inter Company Journal Entry,ورودی مجله اینتر,
Inter Company Journal Entry Reference,مرجع انتصاب مجله ی اینتر,
Inter Company Order Reference,مرجع سفارش شرکت Inter,
Inter Company Reference,مرجع شرکت بین المللی,
Inter Transfer Reference,مرجع انتقال داخلی,
Inter Warehouse Transfer Settings,تنظیمات انتقال انبار بین,
Interest,علاقه,
Interested,علاقمند,
Internal Customer,مشتری داخلی,
Internal Supplier,تامین کننده داخلی,
Internal Transfer,انتقال داخلی,
Internal Work History,تاریخچه کار داخلی,
Interval should be between 1 to 59 MInutes,بازه زمانی باید بین 1 تا 59 دقیقه باشد,
Introduction,معرفی,
Invalid Ledger Entries,ورودی های دفتر نامعتبر,
Inventory,فهرست,
Inventory Dimension,ابعاد موجودی,
Inventory Settings,تنظیمات موجودی,
Invoice,فاکتور,
Invoice Cancellation,لغو فاکتور,
Invoice Date,تاریخ فاکتور,
Invoice Discounting,تخفیف فاکتور,
Invoice Limit,حد فاکتور,
Invoice Number,شماره فاکتور,
Invoice Portion,بخش فاکتور,
Invoice Portion (%),سهم فاکتور (%),
Invoice Series,سری فاکتور,
Invoice Type,فاکتور نوع,
Invoice and Billing,فاکتور و صورتحساب,
Invoices,فاکتورها,
Invoices and Payments have been Fetched and Allocated,فاکتورها و پرداخت ها واکشی و تخصیص داده شده است,
Invoicing Features,ویژگی های صورتحساب,
Inward,درون,
Is Account Payable,حساب های پرداختنی,
Is Active,فعال است,
Is Adjustment Entry,ثبت تعدیل است,
Is Advance,آیا پیشرفته,
Is Alternative,جایگزین است,
Is Billable,قابل پرداخت است,
Is Cancelled,آیا لغو,
Is Cash or Non Trade Discount,تخفیف نقدی یا غیرتجاری است,
Is Company,شرکت است,
Is Company Account,حساب شرکت است,
Is Composite Asset,دارایی مرکب است,
Is Consolidated,تلفیقی است,
Is Container,کانتینر است,
Is Corrective Job Card,کارت کار اصلاحی است,
Is Corrective Operation,عملیات اصلاحی است,
Is Cumulative,تجمعی است,
Is Customer Provided Item,کالای مورد نیاز مشتری است,
Is Default,آیا پیش فرض,
Is Default Account,حساب پیش فرض است,
Is Default Language,زبان پیش فرض است,
Is Delivery Note Required for Sales Invoice Creation?,آیا برای ایجاد فاکتور فروش ، برگه تحویل لازم است؟,
Is Discounted,تخفیف دارد,
Is Existing Asset,موجود است دارایی,
Is Expandable,قابل گسترش است,
Is Finished Item,مورد تمام شده است,
Is Fixed Asset,است دارائی های ثابت,
Is Free Item,مورد رایگان است,
Is Frozen,آیا منجمد,
Is Fully Depreciated,کاملا مستهلک شده,
Is Group,گروه,
Is Group Warehouse,انبار گروه است,
Is Internal Customer,مشتری داخلی است,
Is Internal Supplier,آیا تامین کننده داخلی است,
Is Mandatory,اجباری است,
Is Milestone,است نقطه عطف,
Is Old Subcontracting Flow,جریان پیمانکاری فرعی قدیمی است,
Is Opening,باز,
Is Opening Entry,باز ورودی,
Is Outward,بیرونی است,
Is Paid,پرداخت شده,
Is Period Closing Voucher Entry,ثبت کوپن پایان دوره است,
Is Purchase Order Required for Purchase Invoice & Receipt Creation?,آیا سفارش خرید برای فاکتور خرید و ایجاد رسید لازم است؟,
Is Purchase Receipt Required for Purchase Invoice Creation?,آیا برای ایجاد فاکتور خرید ، رسید خرید لازم است؟,
Is Rate Adjustment Entry (Debit Note),ثبت تعدیل نرخ است (یادداشت بدهی),
Is Recursive,بازگشتی است,
Is Rejected,رد شده است,
Is Rejected Warehouse,انبار مرجوعی است,
Is Return,آیا بازگشت,
Is Return (Credit Note),آیا بازگشت (توجه توجه),
Is Return (Debit Note),آیا بازگشت (توجه توجه),
Is Sales Order Required for Sales Invoice & Delivery Note Creation?,آیا برای ایجاد فاکتور فروش و یادداشت تحویل سفارش فروش لازم است؟,
Is Scrap Item,آیتم ضایعات است,
Is Short/Long Year,سال کوتاه/بلند است,
Is Standard,استاندارد است,
Is Stock Item,آیتم موجودی است,
Is Subcontracted,آیا واگذار شده,
Is System Generated,سیستم تولید شده است,
Is Template,قالب است,
Is Transporter,آیا حمل کننده است,
Is a Subscription,یک اشتراک است,
Is this Tax included in Basic Rate?,آیا این مالیات شامل در نرخ پایه؟,
Issue,موضوع,
Issue Analytics,تجزیه و تحلیل مشکل,
Issue Credit Note,نکته اعتباری,
Issue Date,تاریخ صدور,
Issue Priority,اولویت شماره,
Issue Split From,شماره تقسیم از,
Issue Summary,خلاصه مشکل,
Issue Type,نوع مقاله,
Issue a debit note with 0 qty against an existing Sales Invoice,در مقابل فاکتور فروش موجود، یک برگه بدهی با مقدار 0 صادر کنید,
Issued,صادر,
Issued Items Against Work Order,مقررات صادر شده علیه سفارش کار,
Issues,مسائل مربوط به,
Issuing Date,تاریخ صادر شدن,
Item,بخش,
Item Alternative,مورد جایگزین,
Item Attribute,صفت مورد,
Item Attribute Value,مورد موجودیت مقدار,
Item Attribute Values,مقادیر ویژگی مورد,
Item Balance (Simple),مورد بالانس (ساده),
Item Barcode,بارکد مورد,
Item Code,کد مورد,
Item Customer Detail,مورد جزئیات و ضوابط,
Item Default,مورد پیش فرض,
Item Defaults,مورد پیش فرض,
Item Description,مورد توضیحات,
Item Details,جزئیات مورد,
Item Group,مورد گروه,
Item Group Defaults,مورد پیش فرض گروه,
Item Group Name,مورد نام گروه,
Item Group wise Discount,تخفیف بر اساس گروه آیتم,
Item Groups,گروه مورد,
Item Image (if not slideshow),مورد تصویر (در صورت اسلاید نمی شود),
Item Locations,مکان های مورد,
Item Manager,مدیریت آیتم ها,
Item Manufacturer,آیتم,
Item Name,نام آیتم,
Item Naming By,مورد نامگذاری توسط,
Item Price,آیتم قیمت,
Item Price Settings,تنظیمات قیمت آیتم,
Item Price Stock,مورد قیمت سهام,
Item Prices,قیمت مورد,
Item Quality Inspection Parameter,پارامتر بازرسی کیفیت مورد,
Item Reference,مرجع آیتم,
Item Reorder,مورد ترتیب مجدد,
Item Serial No,مورد سریال بدون,
Item Shortage Report,مورد گزارش کمبود,
Item Supplier,تامین کننده مورد,
Item Tax,مالیات مورد,
Item Tax Amount Included in Value,مقدار مالیات مورد موجود در ارزش,
Item Tax Rate,مورد نرخ مالیات,
Item Tax Template,الگوی مالیات مورد,
Item Tax Template Detail,جزئیات الگوی مالیات مورد,
Item To Manufacture,آیتم را ساخت,
Item UOM,مورد UOM,
Item Variant,مورد نوع,
Item Variant Attribute,مورد متغیر ویژگی,
Item Variant Details,مورد Variant جزئیات,
Item Variant Settings,مورد تنظیمات Variant,
Item Website Specification,مشخصات مورد وب سایت,
Item Weight Details,مورد وزن جزئیات,
Item Wise Tax Detail,مورد جزئیات حکیم مالیات,
Item and Warehouse,آیتم و انبار,
Item and Warranty Details,آیتم و گارانتی اطلاعات,
Item operation,عملیات مورد,
Item to be manufactured or repacked,آیتم به تولید و یا repacked,
Item-wise Price List Rate,مورد عاقلانه لیست قیمت نرخ,
Item-wise Purchase History,تاریخچه خرید مورد عاقلانه,
Item-wise Purchase Register,مورد عاقلانه ثبت نام خرید,
Item-wise Sales History,تاریخچه فروش آیتم و زرنگ,
Item-wise Sales Register,مورد عاقلانه فروش ثبت نام,
Items,اقلام,
Items To Be Requested,گزینه هایی که درخواست شده,
Items to Be Repost,مواردی که باید بازنشر شوند,
Items under this warehouse will be suggested,موارد زیر این انبار پیشنهاد خواهد شد,
Itemwise Discount,Itemwise تخفیف,
Itemwise Recommended Reorder Level,Itemwise توصیه ترتیب مجدد سطح,
Job Capacity,ظرفیت کاری,
Job Card,کارت کار,
Job Card Item,مورد کار کارت,
Job Card Operation,عملیات کارت کار,
Job Card Scheduled Time,زمان برنامه ریزی شده کارت کار,
Job Card Scrap Item,آیتم ضایعات کارت کار,
Job Card Summary,خلاصه کارت شغلی,
Job Card Time Log,ورود به سیستم زمان کار,
Job Card and Capacity Planning,برنامه ریزی کارت کار و ظرفیت,
Job Cards,کارت کارها,
Job Started,کار شروع شد,
Job Title,عنوان شغلی,
Job Worker,پیمانکار,
Job Worker Address,آدرس پیمانکار,
Job Worker Address Details,جرئیات آدرس پیمانکار,
Job Worker Contact,تماس پیمانکار,
Job Worker Delivery Note,یادداشت تحویل پیمانکار,
Job Worker Name,نام پیمانکار,
Job Worker Warehouse,انبار پیمانکار,
Joining,پیوستن,
Journal Entry,ورودی دفتر,
Journal Entry Account,حساب ورودی دفتر روزنامه,
Journal Entry Template,الگوی ورود ژورنال,
Journal Entry Template Account,حساب الگوی ورود به مجله,
Journal Entry Type,نوع ورودی ژورنال,
Journal Entry for Scrap,ورودی مجله برای ضایعات,
Journals,دفترهای روزنامه,
"Keep Track of Sales Campaigns. Keep track of Leads, Quotations, Sales Order etc from Campaigns to gauge Return on Investment. ",پیگیری فروش مبارزات نگه دارید. آهنگ از آگهی های نقل قول نگه دارید، سفارش فروش و غیره را از مبارزات برای ارزیابی بازگشت سرمایه گذاری.,
Key,کلید,
Keyboard Shortcuts,میانبرهای صفحه کلید,
Label,برچسب,
Landed Cost Help,فرود هزینه راهنما,
Landed Cost Item,فرود از اقلام هزینه,
Landed Cost Purchase Receipt,هزینه فرود رسید خرید,
Landed Cost Taxes and Charges,مالیات هزینه فرود آمد و اتهامات,
Landed Cost Voucher,فرود کوپن هزینه,
Landed Cost Voucher Amount,هزینه فرود مقدار کوپن,
Landscape,چشم انداز,
Language,زبان,
Lapsed,گم شده,
Last Carbon Check,آخرین چک کربن,
Last Completion Date,آخرین تاریخ تکمیل,
Last Integration Date,تاریخ آخرین ادغام,
Last Name,نام خانوادگی,
Last Purchase Rate,تاریخ و زمان آخرین نرخ خرید,
Latitude,عرض جغرافیایی,
Lead,راهبر,
Lead Details,مشخصات راهبر,
Lead Name,نام راهبر,
Lead Owner,مالک راهبر,
Lead Owner Efficiency,بهره وری مالک سرب,
Lead Source,منبع سرب,
Lead Time,زمان بین شروع و اتمام فرآیند تولید,
Lead Time Date,سرب زمان عضویت,
Lead Time in days,سرب زمان در روز,
Lead Type,سرب نوع,
Leads,سرنخ ها,
Leave Encashed?,ترک نقد شدنی؟,
Leave blank if the Supplier is blocked indefinitely,خالی اگر فروشنده به طور نامحدود مسدود شده خالی,
Leave blank to use the standard Delivery Note format,برای استفاده از فرمت Standard Delivery Note خالی بگذارید,
Ledger Merge,ادغام دفتر کل,
Ledger Merge Accounts,حساب های ادغام دفتر کل,
Left,چپ,
Left Index,شاخص چپ,
Legal Entity / Subsidiary with a separate Chart of Accounts belonging to the Organization.,حقوقی نهاد / جانبی با نمودار جداگانه حساب متعلق به سازمان.,
Length (cm),طول (سانتی متر),
Letter Head,نامه سر,
Letter or Email Body Text,متن یا متن نامه یا نامه,
Letter or Email Closing Text,متن بسته شدن نامه یا ایمیل,
Level,سطح,
Level (BOM),سطح (BOM),
Lft,Lft,
Liability,مسئوليت,
License Details,جزئیات مجوز,
License Number,شماره پروانه,
License Plate,پلاک وسیله نقلیه,
Likes,دوست دارد,
Limit timeslot for Stock Reposting,محدودیت زمانی برای ارسال مجدد موجودی,
Limited to 12 characters,محدود به 12 کاراکتر,
Limits don't apply on,محدودیت ها اعمال نمی شود,
Line spacing for amount in words,فاصله بین خطوط برای مبلغ به حروف,
Link,ارتباط دادن,
Link Options,گزینه های پیوند,
Link existing Quality Procedure.,رویه کیفیت موجود را پیوند دهید.,
Linked Documents,اسناد مرتبط,
Linked Invoices,فاکتورهای مرتبط شده,
Linked Location,موقعیت مکانی مرتبط است,
Links,پیوندها,
List items that form the package.,اقلام لیست که به صورت بسته بندی شده.,
Load All Criteria,بارگیری همه معیارها,
Loan,وام,
Loan End Date,تاریخ پایان وام,
Loan Period (Days),دوره وام (روزها),
Loan Start Date,تاریخ شروع وام,
Location,محل,
Location Details,جزئیات مکان,
Location Name,نام مکان,
Locked,قفل شده است,
Log Entries,ورودی های لاگ,
Log out,خروج,
Logo,آرم,
Longitude,عرض جغرافیایی,
Lost,از دست رفته,
Lost Opportunity,فرصت از دست رفته,
Lost Quotation,دیگر از دست داده,
Lost Quotations,پیش فاکتور های از دست رفته,
Lost Reason,از دست داده دلیل,
Lost Reason Detail,جزئیات دلیل گمشده,
Lost Reasons,دلایل گمشده,
Low,کم,
Lower Deduction Certificate,گواهی کسر کمتر,
Loyalty Amount,مقدار وفاداری,
Loyalty Point Entry,ورودی وفاداری,
Loyalty Point Entry Redemption,بازپرداخت نقطه وفاداری,
Loyalty Points,امتیازات وفاداری,
Loyalty Points Redemption,بازده وفاداری,
Loyalty Program,برنامه وفاداری,
Loyalty Program Collection,مجموعه برنامه وفاداری,
Loyalty Program Help,راهنمای برنامه وفاداری,
Loyalty Program Name,نام برنامه وفاداری,
Loyalty Program Tier,سطح برنامه وفاداری,
Loyalty Program Type,نوع برنامه وفاداری,
MAT-DN-.YYYY.-,MAT-DN- .YYYY.-,
MAT-DN-RET-.YYYY.-,MAT-DN-RET-.ساله -,
MAT-DT-.YYYY.-,MAT-DT- .YYYY.-,
MAT-INS-.YYYY.-,MAT-INS- .YYYY.-,
MAT-LCV-.YYYY.-,MAT-LCV- .YYYY.-,
MAT-MR-.YYYY.-,MAT-MR- .YYYY.-,
MAT-MSH-.YYYY.-,MAT-MSH- .YYYY.-,
MAT-MVS-.YYYY.-,MAT-MVS- .YYYY.-,
MAT-PAC-.YYYY.-,MAT-PAC- .YYYY.-,
MAT-PR-RET-.YYYY.-,MAT-PR-RET-.YYYY.-,
MAT-PRE-.YYYY.-,MAT-PRE-.YYYY.-,
MAT-QA-.YYYY.-,MAT-QA- .YYYY.-,
MAT-RECO-.YYYY.-,MAT-RECO- .YYYY.-,
MAT-STE-.YYYY.-,MAT-STE- .YYYY.-,
MFG-BLR-.YYYY.-,MFG-BLR- .YYYY.-,
MFG-PP-.YYYY.-,MFG-PP- .YYYY.-,
MFG-WO-.YYYY.-,MFG-WO- .YYYY.-,
Machine malfunction,سو mal عملکرد دستگاه,
Machine operator errors,خطاهای اپراتور ماشین,
Main Cost Center,مرکز هزینه اصلی,
Maintain Same Rate Throughout Sales Cycle,حفظ همان نرخ در طول چرخه فروش,
Maintain Same Rate Throughout the Purchase Cycle,در تمام دوره خرید همان نرخ را حفظ کنید,
Maintain Stock,حفظ سهام,
Maintenance,نگهداری,
Maintenance Date,تاریخ نگهداری و تعمیرات,
Maintenance Details,جزئیات تعمیر و نگهداری,
Maintenance Manager,مدیر نگهداری و تعمیرات,
Maintenance Manager Name,نام مدیر تعمیر و نگهداری,
Maintenance Required,تعمیر و نگهداری مورد نیاز است,
Maintenance Role,نقش تعمیر و نگهداری,
Maintenance Schedule,برنامه نگهداری و تعمیرات,
Maintenance Schedule Detail,جزئیات برنامه نگهداری و تعمیرات,
Maintenance Schedule Item,نگهداری و تعمیرات برنامه مورد,
Maintenance Schedules,برنامه های  نگهداری و تعمیرات,
Maintenance Status,وضعیت نگهداری,
Maintenance Task,وظیفه تعمیر و نگهداری,
Maintenance Tasks,وظایف تعمیر و نگهداری,
Maintenance Team,تیم تعمیر و نگهداری,
Maintenance Team Member,عضو تیم تعمیر و نگهداری,
Maintenance Team Members,اعضای تیم تعمیر و نگهداری,
Maintenance Team Name,نام تیم تعمیر و نگهداری,
Maintenance Time,زمان نگهداری,
Maintenance Type,نوع نگهداری,
Maintenance User,کاربر نگهداری,
Maintenance Visit,نگهداری و تعمیرات مشاهده,
Maintenance Visit Purpose,هدف نگهداری سایت,
Major/Optional Subjects,عمده / موضوع اختیاری,
Make,ساخت,
Make Depreciation Entry,ورود استهلاک,
Make Difference Entry,ورود را تفاوت,
Make Payment via Journal Entry,پرداخت از طریق ورود مجله,
Make Sales Invoice,ایجاد فاکتور فروش,
Make Serial No / Batch from Work Order,شماره سریال / دسته از دستور کار را بسازید,
Manage cost of operations,مدیریت هزینه های عملیات,
Mandatory,اجباری,
Mandatory Depends On,اجباری بستگی دارد,
Mandatory For Balance Sheet,اجباری برای ترازنامه,
Mandatory For Profit and Loss Account,اجباری برای سود و زیان,
Mandatory Section,بخش اجباری,
Manual,کتابچه راهنمای,
Manual Inspection,بازرسی دستی,
Manufacture,ساخت,
Manufacture against Material Request,ساخت در برابر درخواست پاسخ به مواد,
Manufactured Qty,تولید تعداد,
Manufacturer,سازنده,
Manufacturer Part Number,تولید کننده شماره قسمت,
Manufacturers used in Items,تولید کنندگان مورد استفاده در موارد,
Manufacturing,ساخت,
Manufacturing Date,تاریخ تولید,
Manufacturing Manager,ساخت مدیر,
Manufacturing Section,بخش ساخت,
Manufacturing Settings,تنظیمات ساخت,
Manufacturing Type,نوع تولید,
Manufacturing User,ساخت کاربری,
Margin,حاشیه,
Margin Money,پول حاشیه,
Margin Rate or Amount,نرخ حاشیه و یا مقدار,
Margin Type,نوع حاشیه,
Marital Status,وضعیت تاهل,
Market Segment,بخش بازار,
Married,متاهل,
Mask,ماسک,
Material Consumption for Manufacture,مصرف مواد برای ساخت,
Material Issue,شماره مواد,
Material Receipt,دریافت مواد,
Material Request,درخواست مواد,
Material Request Date,مواد تاریخ درخواست پاسخ به,
Material Request Detail,جزئیات درخواست مواد,
Material Request Item,مورد درخواست مواد,
Material Request Plan Item,مورد درخواست طرح مواد,
Material Request Planning,برنامه ریزی درخواست مواد,
Material Request Type,مواد نوع درخواست,
Material Request used to make this Stock Entry,درخواست مواد مورد استفاده در ساخت این سهام ورود,
Material Requested,مواد مورد نیاز,
Material Requests,درخواست مواد,
Material Requests for which Supplier Quotations are not created,درخواست مواد که نقل قول تامین کننده ایجاد نمی,
Material Transfer,انتقال مواد,
Material Transfer for Manufacture,انتقال مواد برای تولید,
Material Transferred,مواد منتقل شده است,
Material Transferred for Manufacture,مواد منتقل شده برای ساخت,
Material Transferred for Manufacturing,مواد منتقل ساخت,
Material Transferred for Subcontract,ماده انتقال قرارداد قرارداد,
Materials Required (Exploded),مواد مورد نیاز (منفجر شد),
Max Amount,حداکثر مقدار,
Max Amt,حداکثر امت,
Max Discount (%),حداکثر تخفیف (٪),
Max Grade,حداکثر درجه,
Max Qty,حداکثر تعداد,
Max Qty (As Per Stock UOM),حداکثر تعداد (بر اساس موجودی UOM),
Max Sample Quantity,حداکثر تعداد نمونه,
Max Score,حداکثر امتیاز,
Maximum Invoice Amount,حداکثر مبلغ فاکتور,
Maximum Net Rate,حداکثر نرخ خالص,
Maximum Payment Amount,حداکثر مبلغ پرداختی,
Maximum Use,حداکثر استفاده,
Maximum Value,حداکثر ارزش,
Maximum sample quantity that can be retained,حداکثر تعداد نمونه که می تواند حفظ شود,
Medium,متوسط,
Mention if non-standard Receivable account,اگر حساب دریافتنی غیر استاندارد است را ذکر کنید,
Mention if non-standard payable account,ذکر است اگر غیر استاندارد حساب های قابل پرداخت,
Mention if non-standard receivable account applicable,اگر حساب دریافتنی ذکر غیر استاندارد قابل اجرا,
Merge Invoices Based On,ادغام فاکتورها بر اساس,
Merge Similar Account Heads,ادغام سران حساب های مشابه,
Merged,ادغام شد,
Message,پیام,
Message Examples,نمونه پیام,
Message for Supplier,پیام برای عرضه,
Message to show,پیام را نشان می دهد,
Message will be sent to the users to get their status on the Project,پیام برای دریافت وضعیت کاربران در پروژه ارسال خواهد شد,
Messages greater than 160 characters will be split into multiple messages,پیام های بزرگتر از 160 کاراکتر خواهد شد را به چندین پیام را تقسیم,
Middle Name,نام پدر,
Min Amount,مقدار حداقل,
Min Amt,حداقل آمت,
Min Grade,درجه درجه,
Min Order Qty,حداقل تعداد سفارش,
Min Qty,حداقل تعداد,
Min Qty (As Per Stock UOM),حداقل تعداد (بر اساس موجودی UOM),
Minimum Invoice Amount,حداقل مبلغ فاکتور,
Minimum Net Rate,حداقل نرخ خالص,
Minimum Order Qty,حداقل تعداد سفارش تعداد,
Minimum Order Quantity,حداقل مقدار سفارش,
Minimum Payment Amount,حداقل مبلغ پرداختی,
Minimum Total Spent,حداقل کل صرفه جویی شده,
Minimum Value,حداقل ارزش,
Minimum quantity should be as per Stock UOM,حداقل مقدار باید مطابق با UOM Stock باشد,
Minute,دقیقه,
Minutes,دقایق,
Mixed Conditions,شرایط مختلط,
Mobile,سیار,
Mobile No,موبایل بدون,
Mode of Payment,نحوه پرداخت,
Mode of Payment Account,نحوه حساب پرداخت,
Model,مدل,
Modes of Payment,حالت پرداخت,
Monday,دوشنبه,
Monitor Progress,مانیتور پیشرفت,
Monitoring Frequency,فرکانس نظارت,
Month,ماه,
Month(s) after the end of the invoice month,ماه (ها) بعد از پایان ماه فاکتور,
Monthly,ماهیانه,
Monthly Distribution,توزیع ماهانه,
Monthly Distribution Percentage,درصد ماهانه توزیع,
Monthly Distribution Percentages,درصد ماهانه توزیع,
Monthly Rate,نرخ ماهانه,
Monthly Sales Target,هدف فروش ماهانه,
Months,ماه ها,
More Info,اطلاعات بیشتر,
More Information,اطلاعات بیشتر,
More/Less than 12 months.,بیشتر/کمتر از 12 ماه.,
Moving Average,میانگین متحرک,
Multi Currency,چند ارز,
Multiple Tier Program,برنامه چند مرحله ای,
Must be Whole Number,باید عدد,
Must be a publicly accessible Google Sheets URL and adding Bank Account column is necessary for importing via Google Sheets,باید یک URL کاربرگ‌نگار Google برای عموم قابل دسترسی باشد و افزودن ستون حساب بانکی برای درون‌بُرد از طریق Google Sheets ضروری است.,
Mute Email,بیصدا کردن ایمیل,
My Profile,نمایه من,
My Settings,تنظیمات من,
N/A,N / A,
Name,نام,
Name and Employee ID,نام و کارمند ID,
Name of Beneficiary,نام كاربر,
Name of the Monthly Distribution,نام توزیع ماهانه,
Named Place,مکان نامگذاری شده,
Naming Series,نامگذاری سری,
Naming Series Prefix,پیشوند سری نامگذاری,
Naming Series and Price Defaults,نام گذاری سری ها و پیش فرض های قیمت,
Natural Gas,گاز طبیعی,
Net Amount,مقدار خالص,
Net Amount (Company Currency),مبلغ خالص (شرکت ارز),
Net Hour Rate,خالص نرخ ساعت,
Net Purchase Amount,مبلغ خالص خرید,
Net Rate,نرخ خالص,
Net Rate (Company Currency),نرخ خالص (شرکت ارز),
Net Total,مجموع خالص,
Net Total (Company Currency),مجموع خالص (شرکت ارز),
Net Weight,وزن خالص,
Net Weight UOM,وزن خالص UOM,
New Asset Value,ارزش دارایی جدید,
New BOM,BOM جدید,
New Balance In Account Currency,تراز جدید به ارز حساب,
New Balance In Base Currency,تعادل جدید در ارز پایه,
New Exchange Rate,نرخ ارز جدید,
New Expenses,هزینه های جدید,
New Income,درآمد جدید,
New Purchase Invoice,فاکتور خرید جدید,
New Purchase Orders,سفارشات خرید جدید,
New Quotations,نقل قول جدید,
New Sales Invoice,جدید فاکتور فروش,
New Sales Orders,جدید سفارشات فروش,
New Workplace,جدید محل کار,
New invoices will be generated as per schedule even if current invoices are unpaid or past due date,فاکتورهای جدید طبق برنامه زمان بندی تولید می شوند حتی اگر فاکتورهای فعلی پرداخت نشده یا سررسید باشند,
Next Depreciation Date,بعدی تاریخ استهلاک,
Next Due Date,تاریخ تحویل بعدی,
Next email will be sent on:,ایمیل بعدی خواهد شد در ارسال:,
No,بدون,
No Answer,بدون پاسخ,
No of Docs,شماره اسناد,
No of Employees,تعداد کارمندان,
No of Months (Expense),تعداد ماه ها (هزینه),
No of Months (Revenue),تعداد ماه ها (درآمد),
No of Requested SMS,تعداد SMS درخواست شده,
No of Sent SMS,تعداد SMS های ارسال شده,
No of Shares,بدون سهام,
No of Visits,تعداد بازدید ها,
No stock transactions can be created or modified before this date.,هیچ تراکنش موجودیی را نمی توان قبل از این تاریخ ایجاد یا تغییر داد.,
No. of Employees,تعداد کارمندان,
Non Conformance,عدم انطباق,
None,هیچی,
Not Applicable,قابل اجرا نیست,
Not Billed,صورتحساب نه,
Not Delivered,تحویل داده است,
Not Started,شروع نشده,
Note,یادداشت,
Note: Email will not be sent to disabled users,توجه: ایمیل را به کاربران غیر فعال شده ارسال نمی شود,
Notes,یادداشت,
Notes HTML,یادداشت های HTML,
Notice (days),مقررات (روز),
Notify Employee,اعلام کارمند,
Notify Other,اطلاع دیگر,
Notify Reposting Error to Role,خطای ارسال مجدد به نقش را اطلاع دهید,
Notify Supplier,اطلاع رسانی کننده,
Notify Via Email,از طریق ایمیل اطلاع دهید,
Notify by Email on Creation of Automatic Material Request,در مورد ایجاد درخواست خودکار مواد از طریق ایمیل اطلاع دهید,
Notify customer and agent via email on the day of the appointment.,در روز قرار ملاقات از طریق ایمیل به مشتری و نماینده اطلاع دهید.,
Number of Columns,تعداد ستون ها,
Number of Concurrent Appointments,تعداد قرارهای همزمان,
Number of Days,تعداد روزها,
Number of columns for this section. 3 cards will be shown per row if you select 3 columns.,تعداد ستون های این بخش. در صورت انتخاب 3 ستون ، 3 کارت در هر سطر نشان داده می شود.,
Number of days after invoice date has elapsed before canceling subscription or marking subscription as unpaid,تعداد روزهای پس از تاریخ فاکتور قبل از لغو اشتراک یا علامتگذاری اشتراک به عنوان بدون پرداخت هزینه سپری شده است,
Number of days appointments can be booked in advance,تعداد ملاقاتهای روزانه را می توانید از قبل رزرو کنید,
Number of days that the subscriber has to pay invoices generated by this subscription,تعداد روزهایی که مشترکین باید فاکتورهای تولید شده توسط این اشتراک را پرداخت کنند,
"Number of intervals for the interval field e.g if Interval is 'Days' and Billing Interval Count is 3, invoices will be generated every 3 days",تعداد فواصل برای فیلد بازه، مثلا اگر فاصله ای است &quot;روز&quot; و شمارش مبلغ پرداخت 3 است، هر 3 روز فاکتور تولید می شود,
Numeric,عددی,
Numeric Inspection,بازرسی عددی,
Numeric Values,مقادیر عددی,
O+,O +,
O-,O-,
Objective,هدف، واقعگرایانه,
Objectives,اهداف,
Odometer Value (Last),ارزش کیلومترشمار (آخرین),
Off,خاموش,
Offer Date,پیشنهاد عضویت,
Offsetting Account,تسویه حساب,
Old Parent,قدیمی مرجع,
On Hold,در حال برگزاری,
On Hold Since,از زمان انتظار,
On Item Quantity,در مورد مورد,
On Net Total,در مجموع خالص,
On Paid Amount,با مبلغ پرداخت شده,
On Previous Row Amount,در قبلی مقدار ردیف,
On Previous Row Total,در ردیف قبلی مجموع,
"On submission of the stock transaction, system will auto create the Serial and Batch Bundle based on the Serial No / Batch fields.",پس از ارسال تراکنش موجودی، سیستم به صورت خودکار باندل سریال و دسته را بر اساس فیلدهای شماره سریال / دسته ایجاد می‌کند.,
On-machine press checks,چک پرس روی دستگاه,
"Once set, this invoice will be on hold till the set date",پس از تنظیم، این فاکتور تا تاریخ تعیین شده به تعویق افتاده است,
Only 'Payment Entries' made against this advance account are supported.,فقط «ثبت‌های پرداخت» انجام‌شده در برابر این حساب پیش پرداخت پشتیبانی می‌شوند.,
Only Deduct Tax On Excess Amount ,فقط از مقدار مازاد مالیات کسر کنید,
Only Include Allocated Payments,فقط شامل پرداخت های اختصاص داده شده است,
Only applies for Normal Payments,فقط برای پرداخت های عادی اعمال می‌شود,
Only leaf nodes are allowed in transaction,تنها برگ در معامله اجازه,
Only show Customer of these Customer Groups,فقط مشتری این گروه های مشتری را نشان دهید,
Only show Items from these Item Groups,فقط مواردی را از این گروه های اقلام نشان دهید,
Open,باز,
Open Activities HTML,Activity HTML را باز کنید,
Open Issues,شماره های باز,
Open Notifications,گسترش اطلاعیه,
Open Projects,پروژه های باز,
Open Quotations,نقل قولها را باز کنید,
Open To Do,باز برای انجام,
Open Work Orders,دستور کار باز است,
Opening Accumulated Depreciation,باز کردن استهلاک انباشته,
Opening Amount,مقدار افتتاحیه,
Opening Balance Details,جزئیات افتتاحیه,
Opening Date,افتتاح عضویت,
Opening Entry,ورود افتتاح,
Opening Invoice Creation Tool,افتتاح حساب ایجاد ابزار,
Opening Invoice Creation Tool Item,آیتم ابزار ایجاد فاکتور افتتاح شد,
Opening Stock,سهام باز کردن,
Opening Time,زمان باز شدن,
Operating Cost,هزینه های عملیاتی,
Operating Cost (Company Currency),هزینه های عملیاتی (شرکت ارز),
Operating Cost Per BOM Quantity,هزینه عملیاتی به ازای هر مقدار BOM,
Operating Cost(Company Currency),هزینه های عملیاتی (شرکت ارز),
Operating Costs,هزینه های عملیاتی,
Operation,عمل,
Operation Cost,هزینه عملیات,
Operation Description,عملیات توضیحات,
Operation ID,شناسه عملیات,
Operation Row Number,شماره ردیف عملیات,
Operation Time,زمان عمل,
Operation completed for how many finished goods?,عملیات برای چند کالا به پایان رسید به پایان؟,
Operation time does not depend on quantity to produce,زمان عملیات به مقدار تولید بستگی ندارد,
Operations,عملیات,
Operator,اپراتور,
Opportunities,فرصت ها,
Opportunity,فرصت,
Opportunity Amount,مقدار فرصت,
Opportunity Amount (Company Currency),مقدار فرصت (ارز شرکت),
Opportunity Date,فرصت تاریخ,
Opportunity From,فرصت از,
Opportunity Item,مورد فرصت,
Opportunity Lost Reason,فرصت از دست رفته دلیل,
Opportunity Lost Reason Detail,فرصت جزئیات دلیل از دست رفته,
Opportunity Owner,صاحب فرصت,
Opportunity Summary by Sales Stage,خلاصه فرصت بر اساس مرحله فروش,
Opportunity Type,نوع فرصت,
Opportunity Value,ارزش فرصت,
Optimize Route,بهینه سازی مسیر,
Options,گزینه,
Orange,نارنجی,
Order Confirmation Date,سفارش تایید تاریخ,
Order Confirmation No,سفارش تأیید شماره,
Order Date,تاریخ سفارش,
Order Information,اطلاعات سفارش,
Order No,شماره سفارش,
Order Status,وضعیت سفارش,
Order Type,نوع سفارش,
"Order in which sections should appear. 0 is first, 1 is second and so on.",ترتیب که در آن بخش ها باید ظاهر شوند. 0 در درجه اول ، 1 دوم است و غیره.,
Ordered,مرتب,
Ordered Qty,دستور داد تعداد,
Ordered Quantity,تعداد دستور داد,
Organization,سازمان,
Organization Name,نام سازمان,
Orientation,گرایش,
Original Item,مورد اصلی,
Other,دیگر,
Other Details,جزئیات دیگر,
Other Info,سایر اطلاعات,
Other Settings,سایر تنظیمات,
Out of AMC,از AMC,
Out of Order,خارج از سفارش,
Out of Warranty,خارج از ضمانت,
Outgoing,خروجی,
Outgoing Rate,نرخ خروجی,
Outstanding,برجسته,
Outstanding Amount,مقدار برجسته,
Outward,به سمت خارج,
Over Billing Allowance (%),بیش از کمک هزینه صورتحساب (٪),
Over Delivery/Receipt Allowance (%),کمک هزینه تحویل / دریافت (٪),
Over Picking Allowance,اجازه برداشت بیش از حد,
Over Transfer Allowance,بیش از کمک هزینه انتقال,
Over Transfer Allowance (%),بیش از کمک هزینه انتقال (٪),
Overdue,سر رسیده,
Overdue Days,روزهای معوقه,
Overdue Payment,پرداخت معوقه,
Overdue Payments,پرداخت های معوق,
Overdue and Discounted,عقب افتاده و تخفیف,
Overproduction Percentage For Sales Order,درصد تولید بیش از حد برای سفارش فروش,
Overproduction Percentage For Work Order,درصد تولید بیش از حد برای سفارش کار,
Overproduction for Sales and Work Order,تولید بیش از حد برای فروش و سفارش کار,
Overview,بررسی اجمالی,
Owned,متعلق به,
PAN No,PAN نه,
PDF Name,نام PDF,
PIN,PIN,
PMO-,PMO-,
PO Supplied Item,مورد تحویل PO,
PO-JOB.#####,PO-JOB. #####,
POS,POS,
POS Closing Entry,ورودی بسته شدن POS,
POS Closing Entry Detail,جزئیات ورودی بسته شدن POS,
POS Closing Entry Taxes,مالیات ورودی POS بسته شدن,
POS Customer Group,POS و ضوابط گروه,
POS Field,زمینه POS,
POS Invoice,فاکتور POS,
POS Invoice Item,مورد فاکتور POS,
POS Invoice Merge Log,گزارش ادغام فاکتور POS,
POS Invoice Reference,مرجع فاکتور POS,
POS Invoices,فاکتورهای POS,
POS Item Group,POS مورد گروه,
POS Opening Entry,ورودی افتتاحیه POS,
POS Opening Entry Detail,جزئیات ورودی افتتاحیه POS,
POS Payment Method,روش پرداخت POS,
POS Profile,نمایش POS,
POS Profile User,کاربر پروفایل POS,
POS Register,ثبت نام POS,
POS Search Fields,فیلدهای جستجوی POS,
POS Setting,تنظیمات POS,
POS Settings,تنظیمات POS,
POS Transactions,معاملات POS,
POS-CLO-,POS-CLO-,
PSOA Cost Center,مرکز هزینه PSOA,
PSOA Project,پروژه PSOA,
PU-SSP-.YYYY.-,PU-SSP- .YYYY.-,
PUR-ORD-.YYYY.-,PUR-ORD- .YYYY.-,
PUR-RFQ-.YYYY.-,PUR-RFQ- .YYYY.-,
PUR-SQTN-.YYYY.-,PUR-SQTN- .YYYY.-,
Package Weight Details,بسته بندی جزییات وزن,
Packed Item,مورد بسته بندی شده,
Packed Items,آیتم ها بسته بندی شده,
Packed Qty,تعداد بسته بندی شده,
Packing List,فهرست بسته بندی,
Packing Slip,بسته بندی لغزش,
Packing Slip Item,بسته بندی مورد لغزش,
Packing Unit,واحد بسته بندی,
Page Break,شکست صفحه,
Page Break After Each SoA,شکست صفحه پس از هر SoA,
Paid,پرداخت,
Paid Amount,مبلغ پرداخت,
Paid Amount (Company Currency),مبلغ پرداخت شده (شرکت ارز),
Paid Amount After Tax,مبلغ پرداختی پس از کسر مالیات,
Paid Amount After Tax (Company Currency),مبلغ پرداختی پس از مالیات (ارز شرکت),
Paid From Account Type,پرداخت از نوع حساب,
Paid Loan,وام پرداخت شده,
Paid To Account Type,پرداخت به نوع حساب,
Pallets,پالت,
Parameter,پارامتر,
Parameter Group,گروه پارامتر,
Parameter Group Name,نام گروه پارامتر,
Parameter Name,نام پارامتر,
Parameters,مولفه های,
Parcel Template,قالب بسته,
Parcel Template Name,نام قالب بسته,
Parcels,بسته ها,
Parent,والدین,
Parent Account,پدر و مادر حساب,
Parent Batch,دسته ای پدر و مادر,
Parent Company,شرکت مادر,
Parent Cost Center,مرکز هزینه پدر و مادر,
Parent Customer Group,مشتریان پدر و مادر گروه,
Parent Department,والدین,
Parent Detail docname,جزئیات docname پدر و مادر,
Parent Document,سند والد,
Parent Item,مورد پدر و مادر,
Parent Item Group,مورد گروه پدر و مادر,
Parent Location,موقعیت والدین,
Parent Procedure,رویه والدین,
Parent Row No,شماره ردیف والد,
Parent Sales Person,شخص پدر و مادر فروش,
Parent Supplier Group,گروه تامین کننده والدین,
Parent Task,وظیفه والدین,
Parent Territory,منطقه مرجع,
Parent Warehouse,انبار پدر و مادر,
Partial Material Transferred,مواد جزئی منتقل شد,
Partial Success,موفقیت جزئی,
"Partial stock can be reserved. For example, If you have a Sales Order of 100 units and the Available Stock is 90 units then a Stock Reservation Entry will be created for 90 units. ",موجودی جزئی قابل رزرو است. به عنوان مثال، اگر شما یک سفارش فروش 100 واحدی دارید و موجودی در دسترس 90 واحد است، یک ورودی رزرو موجودی برای 90 واحد ایجاد می شود.,
Partially Completed,نیمه تکمیل شده,
Partially Delivered,تا حدی تحویل شد,
Partially Depreciated,نیمه مستهلک,
Partially Fulfilled,تقریبا کامل شده است,
Partially Ordered,تا حدی سفارش داده شده است,
Partially Paid,پرداخت جزئی,
Partially Received,تا حدی دریافت شد,
Partially Reconciled,تا حدی تطبیق کرد,
Partially Reserved,تا حدی رزرو شده است,
Partly Billed,تا حدودی صورتحساب,
Partly Delivered,تا حدودی تحویل,
Partly Paid,تا حدی پرداخت شده,
Partly Paid and Discounted,تا حدودی پرداخت شده و با تخفیف,
Partner Type,نوع شریک,
Partner website,وب سایت شریک,
Partnership,شراکت,
Party,حزب,
Party Account,حساب حزب,
Party Account Currency,حزب حساب ارز,
Party Account No. (Bank Statement),شماره حساب طرف (صورتحساب بانکی),
Party Balance,تعادل حزب,
Party Bank Account,حساب بانکی حزب,
Party Details,جزئیات حزب,
Party IBAN (Bank Statement),طرف IBAN (صورتحساب بانکی),
Party Information,اطلاعات مهمانی,
Party Item Code,کد آیتم طرف,
Party Link,لینک طرف,
Party Name,نام حزب,
Party Name/Account Holder (Bank Statement),نام طرف / دارنده حساب (صورتحساب بانکی),
Party Specific Item,مورد خاص طرف,
Party Type,نوع حزب,
Party User,کاربر حزب,
Passed,گذشت,
Passport Details,مشخصات پاسپورت,
Passport Number,شماره پاسپورت,
Past Due Date,تاریخ تحویل گذشته,
Path,مسیر,
Pause,وقفه,
Pause SLA On Status,مکث SLA در وضعیت,
Paused,مکث کرد,
Pay,پرداخت,
Pay To / Recd From,پرداخت به / از Recd,
Payable,قابل پرداخت,
Payables,حساب های پرداختنی,
Payer Settings,تنظیمات پرداخت کننده,
Payment,پرداخت,
Payment Account,حساب پرداخت,
Payment Amount,مبلغ پرداختی,
Payment Amount (Company Currency),مبلغ پرداختی (ارز شرکت),
Payment Channel,کانال پرداخت,
Payment Deductions or Loss,کسر پرداخت یا از دست دادن,
Payment Document,سند پرداخت,
Payment Due Date,پرداخت با توجه تاریخ,
Payment Entries,مطالب پرداخت,
Payment Entry,ورود پرداخت,
Payment Entry Deduction,پرداخت کسر ورود,
Payment Entry Reference,مرجع پرداخت ورودی,
Payment From / To,پرداخت از / به,
Payment Gateway,دروازه پرداخت,
Payment Gateway Account,پرداخت حساب دروازه,
Payment Gateway Details,پرداخت جزئیات دروازه,
Payment Ledger,دفتر کل پرداخت,
Payment Ledger Entry,ثبت دفتر پرداخت,
Payment Limit,محدودیت پرداخت,
Payment Methods,روش های پرداخت,
Payment Order,دستور پرداخت,
Payment Order Reference,مرجع پرداخت پرداخت,
Payment Order Status,وضعیت سفارش پرداخت,
Payment Order Type,نوع سفارش پرداخت,
Payment Ordered,پرداخت سفارش شده,
Payment Period Based On Invoice Date,دوره پرداخت بر اساس فاکتور عضویت,
Payment Plan,برنامه پرداخت,
Payment Reconciliation,آشتی پرداخت,
Payment Reconciliation Allocation,تخصیص تطبیق پرداخت,
Payment Reconciliation Invoice,پرداخت آشتی فاکتور,
Payment Reconciliation Payment,آشتی پرداخت,
Payment Reconciliation Settings,تنظیمات تطبیق پرداخت,
Payment Reference,مرجع پرداخت,
Payment References,منابع پرداخت,
Payment Request,درخواست پرداخت,
Payment Request Type,نوع درخواست پرداخت,
Payment Request created from Sales Order or Purchase Order will be in Draft status. When disabled document will be in unsaved state.,درخواست پرداخت ایجاد شده از سفارش فروش یا سفارش خرید در وضعیت پیش‌نویس خواهد بود. وقتی غیرفعال شود، سند در حالت ذخیره نشده خواهد بود.,
Payment Schedule,برنامه زمانی پرداخت,
Payment Term,شرایط پرداخت,
Payment Term Name,نام و نام خانوادگی پرداخت,
Payment Terms,شرایط پرداخت,
Payment Terms Status for Sales Order,وضعیت شرایط پرداخت برای سفارش فروش,
Payment Terms Template,قالب پرداخت شرایط,
Payment Terms Template Detail,شرایط پرداخت جزئیات قالب,
Payment Terms from orders will be fetched into the invoices as is,شرایط پرداخت از سفارش‌ها همانطور که هست در فاکتورها آورده می شود,
Payment Type,نوع پرداخت,
Payments,پرداخت,
Payroll Entry,ورودی حقوق و دستمزد,
Payslip,Payslip,
Pending,در انتظار,
Pending Amount,در انتظار مقدار,
Pending Qty,انتظار تعداد,
Pending Review,در انتظار نقد و بررسی,
Pending SO Items For Purchase Request,در انتظار SO آیتم ها برای درخواست خرید,
Per Month,هر ماه,
Per Received,هر دریافت شده,
Per Transferred,در هر انتقال,
Per Week,در هفته,
Per Year,در سال,
Percentage,در صد,
Percentage (%),درصد (%),
Percentage Allocation,درصد تخصیص,
Percentage you are allowed to order beyond the Blanket Order quantity.,درصدی که مجاز به سفارش آن هستید فراتر از مقدار سفارش کلی.,
Percentage you are allowed to sell beyond the Blanket Order quantity.,درصدی که مجاز به فروش آن هستید فراتر از مقدار سفارش کلی.,
Percentage you are allowed to transfer more against the quantity ordered. For example: If you have ordered 100 units. and your Allowance is 10% then you are allowed to transfer 110 units.,درصدی که مجاز به انتقال تعداد بیشتری در برابر مقدار سفارش داده شده هستید. به عنوان مثال: اگر شما 100 واحد سفارش داده اید. و کمک هزینه شما 10٪ است ، بنابراین شما مجاز به انتقال 110 واحد هستید.,
Period Closing Settings,تنظیمات اختتامیه دوره,
Period Closing Voucher,دوره کوپن اختتامیه,
Period Details,جزئیات دوره,
Period End Date,تاریخ پایان تاریخ,
Period Name,نام دوره,
Period Score,امتیاز دوره,
Period Settings,تنظیمات دوره,
Period Start Date,شروع تاریخ دوره,
Periodicity,تناوب,
Permanent Address,آدرس دائمی,
Permanent Address Is,آدرس دائمی است,
Personal Details,اطلاعات شخصی,
Personal Email,ایمیل شخصی,
Petrol,بنزین,
Phone,تلفن,
Phone Ext.,تلفن خارجی,
Phone No,تلفن,
Phone Number,شماره تلفن,
Pick List,لیست انتخاب,
Pick List Item,مورد را انتخاب کنید,
Pick Manually,انتخاب دستی,
Pick Serial / Batch Based On,انتخاب سریال / دسته بر اساس,
Pick Serial / Batch No,انتخاب سریال / شماره دسته,
Picked Qty,کیفی را برداشت,
Picked Qty (in Stock UOM),تعداد انتخاب شده (در انبار UOM),
Pickup,سوار کردن,
Pickup Contact Person,شخص تماس وانت,
Pickup Date,تاریخ تحویل,
Pickup From,وانت از,
Pickup Type,نوع پیکاپ,
Pickup from,وانت از,
Pickup to,وانت به,
Place of Issue,محل صدور,
Plaid Access Token,نشانه دسترسی به Plaid,
Plaid Client ID,شناسه مشتری Plaid,
Plaid Environment,محیط زیست فرش,
Plaid Secret,راز مخفی,
Plaid Settings,تنظیمات Plaid,
Plan,طرح,
Plan Name,نام برنامه,
Plan material for sub-assemblies,مواد را برای طرح زیر مجموعه,
Plan operations X days in advance,برنامه ریزی عملیات X روز قبل,
Plan time logs outside Workstation working hours,ثبت گزارش از زمان ثبت نام در خارج از ساعت کاری ایستگاه کاری,
Plan to Request Qty,برنامه ریزی برای مقدار درخواست,
Planned,برنامه ریزی شده,
Planned End Date,برنامه ریزی پایان تاریخ,
Planned End Time,برنامه ریزی زمان پایان,
Planned Operating Cost,هزینه های عملیاتی برنامه ریزی شده,
Planned Qty,برنامه ریزی تعداد,
Planned Quantity,تعداد برنامه ریزی شده,
Planned Start Date,برنامه ریزی تاریخ شروع,
Planned Start Time,برنامه ریزی زمان شروع,
Planning,برنامه ریزی,
Plans,برنامه ها,
Plant Dashboard,داشبورد کارخانه,
Plant Floor,سالن کارخانه,
Point Of Sale,نقطه فروش,
Policy No,سیاست هیچ,
Policy number,شماره خط,
Portal,پرتال,
Portal User,کاربر پورتال,
Portal Users,کاربران پورتال,
Portrait,پرتره,
Post Description Key,توضیحات کلیدی,
Post Graduate,فوق لیسانس,
Post Route Key,کلید مسیر پیام,
Post Route Key List,پیام مسیر مسیر پیام,
Post Route String,خط مسیر ارسال,
Post Title Key,عنوان پست کلید,
Posting Date,تاریخ ارسال,
Posting Time,مجوز های ارسال و زمان,
Potential Sales Deal,معامله فروش بالقوه,
Prefered Contact Email,ترجیح ایمیل تماس,
Prefered Email,ترجیح ایمیل,
Prevdoc DocType,DOCTYPE Prevdoc,
Prevent POs,جلوگیری از POs,
Prevent Purchase Orders,جلوگیری از سفارشات خرید,
Prevent RFQs,جلوگیری از RFQs,
Preventive,پیشگیری,
Preventive Action,اقدام پیشگیرانه,
Preventive Maintenance,تعمیر و نگهداری پیشگیرانه,
Preview,پیش نمایش,
Preview Email,پیش نمایش ایمیل,
Preview Required Materials,پیش نمایش مواد مورد نیاز,
Previous Work Experience,قبلی سابقه کار,
Price,قیمت,
Price Discount Scheme,طرح تخفیف قیمت,
Price Discount Slabs,اسلب تخفیف قیمت,
Price List,لیست قیمت,
Price List Country,لیست قیمت کشور,
Price List Currency,لیست قیمت ارز,
Price List Defaults,لیست قیمت پیش فرض,
Price List Exchange Rate,لیست قیمت نرخ ارز,
Price List Name,لیست قیمت نام,
Price List Rate,لیست قیمت نرخ,
Price List Rate (Company Currency),لیست قیمت نرخ (شرکت ارز),
Price Not UOM Dependent,قیمت وابسته UOM نیست,
Price or Product Discount,قیمت یا تخفیف محصول,
Pricing Rule,قانون قیمت گذاری,
Pricing Rule Brand,نام تجاری قیمت گذاری قیمت,
Pricing Rule Detail,جزئیات قیمت گذاری قیمت,
Pricing Rule Help,قانون قیمت گذاری راهنما,
Pricing Rule Item Code,کد قیمت کالا,
Pricing Rule Item Group,گروه بندی قواعد قیمت گذاری,
Pricing Rules,قوانین قیمت گذاری,
Primary Address,آدرس اولیه,
Primary Address and Contact,آدرس و مخاطب اصلی,
Primary Contact,مخاطب اصلی,
Primary Contact Email,ایمیل تماس اولیه,
Primary Party,طرف اصلی,
Primary Role,نقش اصلی,
Primary Settings,تنظیمات اولیه,
Print Format,چاپ فرمت,
Print Heading,چاپ سرنویس,
Print Language,چاپ زبان,
Print Preferences,تنظیمات برگزیده,
Print Receipt on Order Complete,چاپ رسید در صورت کامل شدن سفارش,
Print Settings,تنظیمات چاپ,
Print Without Amount,چاپ بدون مقدار,
Printing Details,اطلاعات چاپ,
Printing Settings,تنظیمات چاپ,
Priorities,اولویت های,
Priority,اولویت,
Probability,احتمال,
Probability (%),احتمال (٪),
Problem,مسئله,
Procedure,روش,
Process Deferred Accounting,فرآیند حسابداری معوق,
Process Description,شرح فرایند,
Process Loss,از دست دادن فرآیند,
Process Loss Qty,تعداد از دست دادن فرآیند,
Process Loss Report,گزارش از دست دادن فرآیند,
Process Owner,صاحب فرآیند,
Process Owner Full Name,نام کامل مالک فرآیند,
Process Payment Reconciliation,فرآیند تطبیق پرداخت,
Process Payment Reconciliation Log,گزارش تطبیق پرداخت فرآیند,
Process Payment Reconciliation Log Allocations,تخصیص گزارش تطبیق پرداخت فرآیند,
Process Statement Of Accounts,صورت وضعیت حساب ها,
Process Statement Of Accounts Customer,روند کار مشتری حساب ها,
Process Subscription,فرآیند اشتراک,
Processed BOMs,BOM های پردازش شده,
Processes,مراحل,
Procurement Tracker,ردیاب خرید,
Produced,ساخته,
Produced Qty,تعداد تولیدی,
Produced Quantity,مقدار زیاد تولید,
Product,تولید - محصول,
Product Bundle,بسته نرم افزاری محصولات,
Product Bundle Balance,موجودی بسته نرم افزاری محصولات,
Product Bundle Help,محصولات بسته نرم افزاری راهنما,
Product Bundle Item,محصولات بسته نرم افزاری مورد,
Product Discount Scheme,طرح تخفیف محصول,
Product Discount Slabs,اسلب تخفیف محصولات,
Product Enquiry,پرس و جو محصولات,
Product Price ID,شناسه قیمت محصول,
Production,تولید,
Production Analytics,تجزیه و تحلیل ترافیک تولید,
Production Item,مورد تولید,
Production Plan,برنامه تولید,
Production Plan Item,تولید مورد طرح,
Production Plan Item Reference,مرجع آیتم طرح تولید,
Production Plan Material Request,تولید درخواست پاسخ به طرح مواد,
Production Plan Material Request Warehouse,طرح تولید انبار درخواست مواد,
Production Plan Qty,مقدار برنامه تولید,
Production Plan Sales Order,تولید برنامه سفارش فروش,
Production Plan Sub Assembly Item,آیتم زیر مونتاژ برنامه تولید,
Production Plan Sub-assembly Item,آیتم زیر مونتاژ برنامه تولید,
Production Plan Summary,خلاصه برنامه تولید,
Production Planning Report,گزارش برنامه ریزی تولید,
Profile,مشخصات,
Profit & Loss,سود و زیان,
Profit and Loss,حساب سود و زیان,
Profit and Loss Statement,بیانیه سود و زیان,
Profit and Loss Summary,خلاصه سود و زیان,
Profitability Analysis,تحلیل سودآوری,
Progress,پیشرفت,
Project,پروژه,
Project Billing Summary,خلاصه صورتحساب پروژه,
Project Name,نام پروژه,
Project Status,وضعیت پروژه,
Project Summary,خلاصه ی پروژه,
Project Template,الگوی پروژه,
Project Template Task,کار پروژه الگوی پروژه,
Project Type,نوع پروژه,
Project Update,به روز رسانی پروژه,
Project User,پروژه کاربر,
Project will be accessible on the website to these users,پروژه در وب سایت به این کاربران در دسترس خواهد بود,
Project wise Stock Tracking,پروژه هوشمندانه ردیابی سهام,
Projected,بینی,
Projected Qty,تعداد پیش بینی شده,
Projected Quantity as Source,تعداد بینی به عنوان منبع,
Projects,پروژه,
Projects Manager,مدیر پروژه های,
Projects Settings,تنظیمات پروژه,
Projects User,پروژه های کاربری,
Promotional,تبلیغاتی,
Promotional Scheme,طرح تبلیغاتی,
Promotional Scheme Id,شناسه طرح تبلیغاتی,
Promotional Scheme Price Discount,تخفیف قیمت طرح تبلیغاتی,
Promotional Scheme Product Discount,تخفیف محصول طرح تبلیغاتی,
Prompt Qty,تعداد را اعلان کنید,
Prorate,پروانه,
Prospect,مشتری بالقوه,
Prospect Lead,سرنخ مشتری بالقوه,
Prospect Opportunity,فرصت مشتری بالقوه,
Prospect Owner,مالک مشتری بالقوه,
Prospects Engaged But Not Converted,چشم انداز مشغول اما تبدیل نمی,
Provide Email Address registered in company,آدرس ایمیل ثبت شده در شرکت,
Provider,ارائه دهنده,
Providing,فراهم آوردن,
Provisional Expense Account,حساب هزینه موقت,
Publish Date,تاریخ انتشار,
Publisher,ناشر,
Publisher ID,شناسه ناشر,
Purchase,خرید,
Purchase Amount,مبلغ خرید,
Purchase Analytics,تجزیه و تحلیل ترافیک خرید,
Purchase Date,تاریخ خرید,
Purchase Defaults,پیش فرض های خرید,
Purchase Details,جزئیات خرید,
Purchase Invoice,فاکتورخرید,
Purchase Invoice Advance,فاکتور خرید پیشرفته,
Purchase Invoice Item,خرید آیتم فاکتور,
Purchase Invoice Trends,خرید روند فاکتور,
Purchase Manager,مدیر خرید,
Purchase Master Manager,خرید استاد مدیر,
Purchase Order,سفارش خرید,
Purchase Order Analysis,آنالیز سفارش خرید,
Purchase Order Item,خرید سفارش مورد,
Purchase Order Item Supplied,خرید سفارش مورد عرضه,
Purchase Order Pricing Rule,قانون قیمت گذاری سفارش سفارش,
Purchase Order Trends,خرید سفارش روند,
Purchase Orders Items Overdue,اقلام سفارشات خرید عقب افتاده است,
Purchase Orders to Bill,سفارشات خرید به بیل,
Purchase Orders to Receive,سفارشات خرید برای دریافت,
Purchase Receipt,رسید خرید,
Purchase Receipt (Draft) will be auto-created on submission of Subcontracting Receipt.,رسید خرید (پیش نویس) به صورت خودکار با ارائه رسید پیمانکاری فرعی ایجاد می شود.,
Purchase Receipt Detail,جزئیات رسید رسید,
Purchase Receipt Item,خرید آیتم رسید,
Purchase Receipt Item Supplied,مورد رسید خرید عرضه,
Purchase Receipt Items,آیتم ها رسید خرید,
Purchase Receipt No,رسید خرید بدون,
Purchase Receipt Trends,روند رسید خرید,
Purchase Receipts,رسید خرید,
Purchase Register,خرید ثبت نام,
Purchase Tax Template,خرید قالب مالیات,
Purchase Taxes and Charges,خرید مالیات و هزینه,
Purchase Taxes and Charges Template,خرید مالیات و هزینه الگو,
Purchase User,خرید کاربر,
Purchased,خریداری شده,
Purchasing,خرید,
Purple,رنگ بنفش,
Purpose,هدف,
Purposes,اهداف,
Putaway Rule,قانون Putaway,
Qty,تعداد,
Qty (Company),مقدار (شرکت),
Qty (Warehouse),مقدار (انبار),
Qty After Transaction,تعداد بعد از تراکنش,
Qty As Per BOM,مقدار طبق BOM,
Qty Change,تغییر تعداد,
Qty Consumed Per Unit,تعداد مصرف شده در هر واحد,
Qty In Stock,تعداد موجود در انبار,
Qty To Manufacture,تعداد برای تولید,
Qty To Produce,تعداد برای تولید,
Qty and Rate,تعداد و نرخ,
Qty as Per Stock UOM,تعداد به ازای موجودی UOM,
Qty as per Stock UOM,تعداد در هر بورس UOM,
Qty for which recursion isn't applicable.,تعداد که بازگشت برای آنها قابل اعمال نیست.,
Qty in Stock UOM,تعداد موجود در انبار UOM,
Qty of Finished Goods Item,مقدار کالای تمام شده کالا,
Qty of raw materials will be decided based on the qty of the Finished Goods Item,مقدار کمی از مواد اولیه براساس تعداد کالاهای نهایی تصمیم گرفته خواهد شد,
Qty to Be Consumed,مقدار قابل مصرف,
Qty to Transfer,تعداد می توان به انتقال,
Qualification,صلاحیت,
Qualification Status,وضعیت صلاحیت,
Qualified,واجد شرایط,
Qualified By,واجد شرایط توسط,
Qualified on,واجد شرایط,
Quality,کیفیت,
Quality Action,اقدام با کیفیت,
Quality Action Resolution,قطعنامه اقدام کیفیت,
Quality Feedback,بازخورد کیفیت,
Quality Feedback Parameter,پارامتر بازخورد کیفیت,
Quality Feedback Template,الگوی بازخورد کیفیت,
Quality Feedback Template Parameter,پارامتر قالب بازخورد کیفیت,
Quality Goal,هدف کیفیت,
Quality Goal Objective,هدف کیفیت هدف,
Quality Inspection,بازرسی کیفیت,
Quality Inspection Parameter,پارامتر بازرسی کیفیت,
Quality Inspection Parameter Group,گروه پارامترهای بازرسی کیفیت,
Quality Inspection Reading,خواندن بازرسی کیفیت,
Quality Inspection Required,بازرسی کیفیت مورد نیاز است,
Quality Inspection Settings,تنظیمات بازرسی کیفیت,
Quality Inspection Summary,خلاصه بازرسی کیفیت,
Quality Inspection Template,الگو بازرسی کیفیت,
Quality Inspection Template Name,نام بازخورد کیفیت نام,
Quality Management,مدیریت کیفیت,
Quality Manager,مدیر کیفیت,
Quality Meeting,جلسه کیفیت,
Quality Meeting Agenda,برنامه ملاقات با کیفیت,
Quality Meeting Minutes,دقیقه جلسات با کیفیت,
Quality Procedure,رویه کیفیت,
Quality Procedure Process,فرایند روش کیفیت,
Quality Review,بررسی کیفیت,
Quality Review Objective,هدف مرور کیفیت,
Quantity,مقدار,
Quantity  that must be bought or sold per UOM,مقدار که باید در هر UOM خریداری شود یا فروخته شود,
Quantity & Stock,مقدار و سهام,
Quantity Difference,تفاوت تعداد,
Quantity and Amount,مقدار و مقدار,
Quantity and Description,مقدار و توضیحات,
Quantity and Rate,مقدار و نرخ,
Quantity and Warehouse,مقدار و انبار,
Quantity of item obtained after manufacturing / repacking from given quantities of raw materials,تعداد آیتم به دست آمده پس از تولید / repacking از مقادیر داده شده از مواد خام,
Quarterly,فصلنامه,
Query Options,گزینه های پرس و جو,
Query Route String,رشته مسیر درخواستی,
Queued,صف,
Quick Stock Balance,مانده سهام سریع,
Quotation,نقل قول,
Quotation Item,مورد نقل قول,
Quotation Lost Reason,نقل قول را فراموش کرده اید دلیل,
Quotation Lost Reason Detail,نقل قول جزئیات دلیل گمشده,
Quotation Number,شماره پیش فاکتور,
Quotation To,نقل قول برای,
Quotation Trends,روند نقل قول,
Quote Status,نقل قول وضعیت,
Raise Material Request When Stock Reaches Re-order Level,هنگامی که سهام به سطح سفارش مجدد رسید ، درخواست مواد را افزایش دهید,
Raised By,مطرح شده توسط,
Raised By (Email),مطرح شده توسط (ایمیل),
Random,تصادفی,
Range,محدوده,
Rate,نرخ,
Rate & Amount,نرخ و مبلغ,
Rate (Company Currency),نرخ (شرکت ارز),
Rate Of Materials Based On,نرخ مواد بر اساس,
Rate Of TDS As Per Certificate,میزان TDS طبق گواهی,
Rate Section,بخش امتیاز دهی,
Rate With Margin,نرخ با حاشیه,
Rate With Margin (Company Currency),نرخ با مارجین (ارزش شرکت),
Rate and Amount,سرعت و مقدار,
Rate at which Customer Currency is converted to customer's base currency,سرعت که در آن مشتریان ارز به ارز پایه مشتری تبدیل,
Rate at which Price list currency is converted to company's base currency,سرعت که در آن لیست قیمت ارز به ارز پایه شرکت تبدیل,
Rate at which Price list currency is converted to customer's base currency,سرعت که در آن لیست قیمت ارز به ارز پایه مشتری تبدیل,
Rate at which customer's currency is converted to company's base currency,سرعت که در آن مشتری ارز به ارز پایه شرکت تبدیل,
Rate at which supplier's currency is converted to company's base currency,سرعت که در آن عرضه کننده کالا در ارز به ارز پایه شرکت تبدیل,
Rate at which this tax is applied,سرعت که در آن این مالیات اعمال می شود,
Rate of Depreciation,نرخ استهلاک,
Rate of Depreciation (%),نرخ استهلاک (%),
Rate of Interest (%) Yearly,نرخ بهره (٪) سالانه,
Rate of Stock UOM,نرخ موجودی UOM,
Rate or Discount,نرخ یا تخفیف,
Rates,نرخ ها,
Rating,رتبه,
Raw Material Cost,هزینه مواد خام,
Raw Material Cost (Company Currency),هزینه مواد اولیه (ارز شرکت),
Raw Material Cost Per Qty,هزینه مواد خام به ازای هر تعداد,
Raw Material Item Code,مواد اولیه کد مورد,
Raw Materials,مواد خام,
Raw Materials Consumed,مواد اولیه مصرفی,
Raw Materials Consumption ,مصرف مواد اولیه,
Raw Materials Supplied,مواد اولیه عرضه شده,
Raw Materials Supplied Cost,هزینه مواد اولیه عرضه شده,
Raw Materials Warehouse,انبار مواد اولیه,
Re-order Level,ترتیب سطح,
Re-order Qty,تعداد نقطه سفارش,
Read Only,فقط خواندنی,
Reading 1,خواندن 1,
Reading 10,خواندن 10,
Reading 2,خواندن 2,
Reading 3,خواندن 3,
Reading 4,خواندن 4,
Reading 5,خواندن 5,
Reading 6,خواندن 6,
Reading 7,خواندن 7,
Reading 8,خواندن 8,
Reading 9,خواندن 9,
Reading Value,مقدار خواندن,
Readings,خوانش,
Reason For Putting On Hold,دلیل برای قرار گرفتن در معرض,
Reason for Leaving,دلیلی برای ترک,
Recalculate Incoming/Outgoing Rate,محاسبه مجدد نرخ ورودی/خروجی,
Receipt,اعلام وصول,
Receipt Document,سند دریافت,
Receipt Document Type,دریافت نوع سند,
Receivable,دریافتنی,
Receivable / Payable Account,حساب دریافتنی / پرداختنی,
Receivable/Payable Account,حساب دریافتنی/پرداختنی,
Receivables,مطالبات,
Receive,دريافت كردن,
Received,رسیده,
Received Amount,دریافت مبلغ,
Received Amount (Company Currency),دریافت مبلغ (شرکت ارز),
Received Amount After Tax,مبلغ دریافتی پس از کسر مالیات,
Received Amount After Tax (Company Currency),مبلغ دریافتی پس از کسر مالیات (ارز شرکت),
Received Items To Be Billed,دریافت گزینه هایی که صورتحساب,
Received Qty,دریافت تعداد,
Received Qty in Stock UOM,تعداد در انبار UOM دریافت شد,
Received Quantity,مقدار دریافت شده,
Received and Accepted,دریافت و پذیرفته,
Receiver List,فهرست گیرنده,
Receiving,دریافت,
Recipient,گیرنده,
Recipient Message And Payment Details,گیرنده پیام و جزئیات پرداخت,
Recipients,دریافت کنندگان,
Reconcile,وفق دادن,
Reconcile All Serial Nos / Batches,تطبیق همه شماره سریال ها / دسته ها,
Reconciled,آشتی کرد,
Reconciled Entries,ثبت های تطبیق شده,
Reconciliation Date,تاریخ تطبیق,
Reconciliation Error Log,لاگ خطای تطبیق,
Reconciliation Queue Size,اندازه صف تطبیق,
Reconciliation Takes Effect On,تطبیق تاثیر می گذارد روی,
Recording HTML,ضبط HTML,
Recording URL,URL ضبط,
Recurse Every (As Per Transaction UOM),تکرار هر (بر اساس UOM تراکنش),
Red,قرمز,
Redeem Against,رفع مخالفت,
Redeem Loyalty Points,امتیازات وفاداری را بپردازید,
Redeemed Points,امتیازات بازخرید شده,
Redemption,رستگاری,
Redemption Account,حساب تخفیف,
Redemption Cost Center,مرکز هزینه بازخرید,
Redemption Date,تاریخ رستگاری,
Ref Code,کد,
Reference,ارجاع,
Reference Date,مرجع تاریخ,
Reference Detail,جزئیات مرجع,
Reference Detail No,شماره مرجع شماره,
Reference Doctype,Doctype مرجع,
Reference Document,سند مرجع,
Reference Document Name,نام اسناد مرجع,
Reference Document Type,مرجع نوع سند,
Reference Due Date,تاریخ تحویل مرجع,
Reference Exchange Rate,نرخ ارز مرجع,
Reference Name,نام مرجع,
Reference No,شماره مرجع,
Reference Number,شماره مرجع,
Reference Purchase Receipt,رسید خرید مرجع,
Reference Row,مرجع ردیف,
Reference Row #,مرجع ردیف #,
Reference Type,نوع مرجع,
Reference number of the invoice from the previous system,شماره مرجع فاکتور از سیستم قبلی,
References,مراجع,
Referral Code,کد ارجاع,
Referral Sales Partner,شریک فروش ارجاع,
Refresh Google Sheet,برگه Google را بازخوانی کنید,
Regional,منطقه ای,
Registration Details,جزییات ثبت نام,
Regular,منظم,
Rejected,رد,
Rejected Qty,رد تعداد,
Rejected Quantity,تعداد رد,
Rejected Serial No,رد سریال,
Rejected Serial and Batch Bundle,باندل سریال و دسته رد شده,
Rejected Warehouse,انبار را رد کرد,
Relation,ارتباط,
Release Date,تاریخ انتشار,
Relieving Date,تسکین عضویت,
Reload,بارگذاری مجدد,
Remark,اظهار,
Remarks,سخنان,
Remarks Column Length,طول ستون اظهارات,
Rename Attribute Value in Item Attribute.,تغییر مقدار مشخصه در مشخصه مورد.,
Rename Log,تغییر نام ورود,
Rename Tool,ابزار تغییر نام,
Rent Cost,اجاره هزینه,
Rented,اجاره,
Reorder level based on Warehouse,سطح تغییر مجدد ترتیب بر اساس انبار,
Repack,REPACK,
Repair Cost,هزینه تعمیر,
Repair Details,جزئیات تعمیر,
Repair Status,وضعیت تعمیر,
Replace,جایگزین کردن,
Replace BOM,جایگزین BOM,
Replied,پاسخ,
Report,گزارش,
Report Date,گزارش تخلف,
Report Filters,گزارش فیلترها,
Report Type,نوع گزارش,
Reports,گزارش ها,
Reports to,گزارش به,
Repost Accounting Ledger,بازنشر دفتر کل حسابداری,
Repost Accounting Ledger Items,بازنشر اقلام دفتر کل حسابداری,
Repost Accounting Ledger Settings,بازنشر تنظیمات دفتر کل حسابداری,
Repost Allowed Types,بازنشر انواع مجاز,
Repost Error Log,لاگ خطای ارسال مجدد,
Repost Item Valuation,ارسال مجدد ارزش گذاری مورد,
Repost Payment Ledger,ارسال مجدد دفتر کل پرداخت,
Repost Payment Ledger Items,ارسال مجدد اقلام دفتر کل پرداخت,
Repost Status,وضعیت بازنشر,
Reposting Data File,ارسال مجدد فایل داده,
Reposting Info,بازنشر اطلاعات,
Represents Company,نمایندگی شرکت,
Represents a Financial Year. All accounting entries and other major transactions are tracked against the Fiscal Year.,نشان دهنده یک سال مالی است. کلیه ثبت‌های حسابداری و سایر تراکنش‌های عمده در برابر سال مالی ردیابی می شوند.,
Request Parameters,پارامترهای درخواست,
Request Type,درخواست نوع,
Request for,درخواست برای,
Request for Information,درخواست اطلاعات,
Request for Quotation,درخواست برای نقل قول,
Request for Quotation Item,درخواست برای مورد دیگر,
Request for Quotation Supplier,درخواست برای عرضه دیگر,
Requested,خواسته,
Requested Items To Be Transferred,آیتم ها درخواست می شود منتقل,
Requested Items to Order and Receive,موارد را برای سفارش و دریافت درخواست کرد,
Requested Numbers,شماره درخواست شده,
Requested Qty,تعداد درخواست,
Required By,مورد نیاز,
Required Date,تاریخ مورد نیاز,
Required Items,اقلام مورد نیاز,
Required Qty,مورد نیاز تعداد,
Requirement,مورد نیاز,
Requires Fulfilment,نیاز به انجام است,
"Reselect, if the chosen address is edited after save",در صورتی که آدرس انتخاب شده پس از ذخیره ویرایش، مجددا انتخاب کنید,
"Reselect, if the chosen contact is edited after save",اگر مخاطب انتخاب شده پس از ذخیره ویرایش، دوباره انتخاب کنید,
Reservation Based On,رزرو بر اساس,
Reserve Stock,ذخیره موجودی,
Reserve Warehouse,انبار رزرو,
Reserved,رزرو شده,
Reserved Qty,این سایت متعلق به تعداد,
Reserved Qty for Production,تعداد مادی و معنوی برای تولید,
Reserved Qty for Production Plan,تعداد رزرو شده برای طرح تولید,
Reserved Qty for Subcontract,مقدار رزرو شده برای قرارداد فرعی,
Reserved Stock,موجودی رزرو شده,
Reset Company Default Values,بازنشانی مقادیر پیش فرض شرکت,
Reset Raw Materials Table,بازنشانی جدول مواد اولیه,
Reset Service Level Agreement,تنظیم مجدد توافق نامه سطح سرویس,
Resignation Letter Date,استعفای نامه تاریخ,
Resolution,حل,
Resolution By,قطعنامه توسط,
Resolution Date,قطعنامه عضویت,
Resolution Details,جزییات قطعنامه,
Resolution Due,سررسید حل و فصل,
Resolution Time,زمان قطعنامه,
Resolutions,قطعنامه,
Resolved,حل شده,
Resolved By,حل,
Response By,پاسخ توسط,
Response Details,جزئیات پاسخ,
Response Key List,لیست کلید واکنش,
Response Options,گزینه های پاسخ,
Response Result Key Path,پاسخ کلیدی نتیجه کلید,
Response and Resolution,پاسخ و حل و فصل,
Responsible,مسئول,
Restrict,محدود کردن,
Restrict Items Based On,موارد را بر اساس محدود کنید,
Restrict to Countries,محدود به کشورهای,
Result Key,کلید نتیجه,
Result Preview Field,زمینه پیش نمایش نتایج,
Result Route Field,نتیجه مسیر میدان,
Result Title Field,عنوان فیلد نتیجه,
Retain Sample,ذخیره نمونه,
Retried,دوباره امتحان شد,
Return,برگشت,
Return Against,بازگشت در مقابل,
Return Against Delivery Note,بازگشت علیه تحویل توجه داشته باشید,
Return Against Purchase Invoice,بازگشت از فاکتورخرید,
Return Against Purchase Receipt,بازگشت علیه رسید خرید,
Return Against Subcontracting Receipt,استرداد در مقابل رسید پیمانکاری فرعی,
Return Issued,حواله بازگشت صادر شد,
Return Qty from Rejected Warehouse,تعداد بازگرداندن از انبار مرجوعی,
Returned,بازگشت,
Returned Against,بازگشت در برابر,
Returned Qty,بازگشت تعداد,
Returned Qty ,مقدار برگردانده شده,
Returned Qty in Stock UOM,تعداد برگردانده شده در انبار UOM,
Returns,بازگشت,
Reversal Of,معکوس شدن,
Review,مرور,
Review Date,بررسی تاریخ,
Reviews,بررسی ها,
Rgt,Rgt,
Right Child,فرزند راست,
Right Index,نمایه درست,
Ringing,زنگ زدن,
Role Allowed to Create/Edit Back-dated Transactions,نقش مجاز برای ایجاد/ویرایش تراکنش های قدیمی,
Role Allowed to Edit Frozen Stock,نقش مجاز برای ویرایش سهام منجمد,
Role Allowed to Over Bill ,نقش مجاز به Over Bill,
Role Allowed to Over Deliver/Receive,نقش مجاز به تحویل/دریافت بیش از حد,
Role Allowed to Override Stop Action,نقش مجاز برای لغو عمل توقف,
Role Allowed to Set Frozen Accounts and Edit Frozen Entries,نقش برای تنظیم حسابهای منجمد و ویرایش مطالب منجمد مجاز است,
Role allowed to bypass Credit Limit,نقش مجاز برای دور زدن محدودیت اعتبار,
Root,ریشه,
Root Type,نوع ریشه,
Round Free Qty,دور تعداد رایگان,
Round Off,گرد کردن,
Round Off Account,دور کردن حساب,
Round Off Cost Center,دور کردن مرکز هزینه,
Round Off Tax Amount,دور کردن مبلغ مالیات,
Round Off for Opening,گرد کردن برای افتتاحیه,
Round Tax Amount Row-wise,گرد کردن مقدار مالیات مبتنی بر ردیف,
Rounded Total,گرد مجموع,
Rounded Total (Company Currency),گرد مجموع (شرکت ارز),
Rounding Adjustment,تنظیم گرد کردن,
Rounding Adjustment (Company Currency,تعدیل گرد کردن (ارزش شرکت,
Rounding Adjustment (Company Currency),تنظیم گرد کردن (ارزش شرکت),
Rounding Loss Allowance,زیان گرد کردن مجاز,
Route,مسیر,
Routing,مسیریابی,
Routing Name,نام مسیر,
Rows with Same Account heads will be merged on Ledger,ردیف هایی با سرهای حساب یکسان در دفتر کل ادغام می شوند,
Rule Applied,قانون اعمال می شود,
Rule Description,شرح قانون,
Run parallel job cards in a workstation,اجرای موازی کارت های در یک ایستگاه کاری,
Running,در حال اجرا,
SAL-CAM-.YYYY.-,SAL-CAM- .YYYY.-,
SAL-ORD-.YYYY.-,SAL-ORD- .YYYY.-,
SAL-QTN-.YYYY.-,SAL-QTN- .YYYY.-,
SCO Supplied Item,مورد عرضه شده SCO,
SER-WRN-.YYYY.-,SER-WRN- .YYYY.-,
SLA Fulfilled On,SLA تکمیل شد,
SLA Fulfilled On Status,SLA در وضعیت تکمیل شد,
SLA Paused On,SLA متوقف شد,
SMS Center,مرکز SMS,
SMS Log,SMS ورود,
STO-ITEM-.YYYY.-,STO-ITEM- .YYYY.-,
STO-PICK-.YYYY.-,STO-PICK-.YYY.-,
SUP-.YYYY.-,SUP-.YYYY.-,
SWIFT Number,شماره SWIFT,
SWIFT number,شماره SWIFT,
Safety Stock,سهام ایمنی,
Salary,حقوق,
Salary Currency,ارز حقوق و دستمزد,
Salary Mode,حالت حقوق و دستمزد,
Sales,فروش,
Sales Analytics,تجزیه و تحلیل ترافیک فروش,
Sales Contributions and Incentives,مشارکت ها و مشوق های فروش,
Sales Defaults,پیش فرض های فروش,
Sales Funnel,قیف فروش,
Sales Incoming Rate,نرخ ورودی فروش,
Sales Invoice,فاکتور فروش,
Sales Invoice Advance,فاکتور فروش پیشرفته,
Sales Invoice Item,مورد فاکتور فروش,
Sales Invoice No,فاکتور فروش بدون,
Sales Invoice Payment,فاکتور فروش پرداخت,
Sales Invoice Timesheet,فاکتور فروش برنامه زمانی,
Sales Invoice Trends,فروش روند فاکتور,
Sales Manager,مدیر فروش,
Sales Master Manager,مدیر ارشد فروش,
Sales Monthly History,تاریخچه فروش ماهانه,
Sales Order,سفارش فروش,
Sales Order Analysis,تجزیه و تحلیل سفارش فروش,
Sales Order Date,تاریخ سفارش فروش,
Sales Order Item,مورد سفارش فروش,
Sales Order Packed Item,سفارش فروش کالای بسته بندی شده,
Sales Order Reference,مرجع سفارش فروش,
Sales Order Status,وضعیت سفارش فروش,
Sales Order Trends,سفارش فروش روند,
Sales Orders,سفارشات فروش,
Sales Orders to Bill,سفارشات فروش به بیل,
Sales Orders to Deliver,سفارشات فروش برای تحویل,
Sales Partner,شریک فروش,
Sales Partner ,شریک فروش,
Sales Partner Commission Summary,خلاصه کمیسیون شریک فروش,
Sales Partner Item,مورد شریک فروش,
Sales Partner Name,نام شریک فروش,
Sales Partner Target,فروش شریک هدف,
Sales Partner Target Variance based on Item Group,شرط فروش شریک متغیر مبتنی بر گروه مورد,
Sales Partner Transaction Summary,خلاصه معاملات معامله شریک فروش,
Sales Partner Type,نوع شریک فروش,
Sales Partners Commission,کمیسیون همکاران فروش,
Sales Payment Summary,خلاصه پرداخت پرداخت,
Sales Person,شخص فروش,
Sales Person Commission Summary,خلاصه کمیسیون فروش شخصی,
Sales Person Name,نام فروشنده,
Sales Person Target Variance Based On Item Group,واریانس هدف افراد فروش بر اساس گروه کالا,
Sales Person Targets,اهداف فروشنده,
Sales Person-wise Transaction Summary,فروش شخص عاقل خلاصه معامله,
Sales Pipeline Analytics,تجزیه و تحلیل خط لوله فروش,
Sales Register,ثبت فروش,
Sales Stage,مرحله فروش,
Sales Tax Template,قالب مالیات بر فروش,
Sales Taxes and Charges,مالیات فروش و هزینه ها,
Sales Taxes and Charges Template,مالیات فروش و اتهامات الگو,
Sales Team,تیم فروش,
Sales Update Frequency in Company and Project,فرکانس به روز رسانی فروش در شرکت و پروژه,
Sales User,فروش کاربر,
Salutation,سلام,
Salvage Value Percentage,درصد ارزش نجات,
Same Item,همان مورد,
Sample Quantity,تعداد نمونه,
Sample Retention Warehouse,نمونه نگهداری انبار,
Sample Size,اندازهی نمونه,
Sanctioned,تحریم,
Saturday,روز شنبه,
Scan Barcode,اسکن بارکد,
Scan Mode,حالت اسکن,
Scanned Cheque,اسکن چک,
Schedule,برنامه,
Schedule Date,برنامه زمانبندی عضویت,
Scheduled,برنامه ریزی,
Scheduled Date,تاریخ برنامه ریزی شده,
Scheduled Time,زمان برنامه ریزی شده,
Scheduled Time Logs,گزارش های زمان برنامه ریزی شده,
Schedules,برنامه,
Scheduling,برنامه ریزی,
School/University,مدرسه / دانشگاه,
Score,نمره,
Scorecard Actions,اقدامات کارت امتیازی,
Scoring Criteria,معیارهای ارزیابی,
Scoring Setup,تنظیم مقدماتی,
Scoring Standings,جدول رده بندی,
Scrap & Process Loss,ضایعات و از دست دادن فرآیند,
Scrap Cost Per Qty,هزینه قراضه در هر تعداد,
Scrap Item Code,کد آیتم ضایعات,
Scrap Item Name,نام آیتم ضایعات,
Scrap Items,موارد ضایعات,
Scrap Material Cost,هزینه ضایعات مواد,
Scrap Material Cost(Company Currency),هزینه ضایعات مواد (شرکت ارز),
Scrap Warehouse,انبار ضایعات,
Scrapped,اوراق,
Search APIs,API های جستجو,
Search Term Param Name,نام و نام خانوادگی جستجوگر کلمه,
Second Email,ایمیل دوم,
Secondary Party,طرف ثانویه,
Secondary Role,نقش ثانویه,
Section Based On,بخش مبتنی بر,
Section Cards,کارت های بخش,
Section HTML,بخش HTML,
Section Order,ترتیب بخش,
Select Billing Address,آدرس صورتحساب را انتخاب کنید,
Select Customers By,انتخاب مشتری توسط,
Select DocType,انتخاب DOCTYPE,
Select Items to Manufacture,انتخاب موارد برای ساخت,
Select Job Worker Address,انتخاب آدرس پیمانکار,
Select Shipping Address,انتخاب آدرس حمل و نقل,
Select Supplier Address,کنید] را انتخاب کنید,
Select company name first.,انتخاب نام شرکت برای اولین بار.,
Select the Bank Account to reconcile.,برای آشتی ، حساب بانکی را انتخاب کنید.,
"Select, to make the customer searchable with these fields",انتخاب کنید تا مشتری را با این فیلدها جستجو کنید,
Selected Vouchers,کوپن های انتخاب شده,
Self delivery,تحویل خود,
Selling,فروش,
Selling Settings,فروش تنظیمات,
Send After (days),ارسال بعد از (روزها),
Send Attached Files,ارسال فایل های پیوست,
Send Document Print,ارسال سند چاپ,
Send Email,ارسال ایمیل,
Send SMS,ارسال اس ام اس,
Send To,فرستادن به,
Send To Primary Contact,ارسال به مخاطب اصلی,
Send regular summary reports via Email.,ارسال گزارش خلاصه به طور منظم از طریق ایمیل.,
Send to Subcontractor,ارسال به پیمانکار,
Send with Attachment,ارسال با پیوست,
Sender,فرستنده,
Sender Name,نام فرستنده,
Sent,فرستاده,
Sent On,فرستاده شده در,
Sent To,فرستادن به,
Sequence ID,شناسه توالی,
Sequence Id,شناسه توالی,
Sequential,متوالی,
Serial & Batch Item,آیتم سریال و دسته ای,
Serial & Batch Item Settings,تنظیمات آیتم سریال و دسته ای,
Serial / Batch Bundle,باندل سریال / دسته,
Serial / Batch No,شماره سریال / دسته,
Serial No,شماره سریال,
Serial No / Batch,سریال بدون / دسته,
Serial No Ledger,دفتر کل شماره سریال,
Serial No Service Contract Expiry,سریال بدون خدمات قرارداد انقضاء,
Serial No Status,سریال نیست,
Serial No Warranty Expiry,سریال بدون گارانتی انقضاء,
Serial No and Batch,سریال نه و دسته ای,
Serial No and Batch for Finished Good,شماره سریال و دسته ای برای Finished Good,
Serial Nos and Batches,سریال شماره و دسته,
Serial Number Series,شماره سریال سری,
Serial and Batch,سریال و دسته,
Serial and Batch Bundle,باندل سریال و دسته,
Serial and Batch Details,جزئیات سریال و دسته,
Serial and Batch Entry,ثبت سریال و دسته,
Serial and Batch No,شماره سریال و دسته,
Serial and Batch Nos will be auto-reserved based on <b>Pick Serial / Batch Based On</b>,شماره های سریال و دسته بر اساس <b>انتخاب سریال / دسته بر اساس</b> به صورت خودکار رزرو می شوند,
Serial and Batch Reservation,رزرو سریال و دسته,
Serial and Batch Summary,خلاصه سریال و دسته ای,
Series,سلسله,
Series for Asset Depreciation Entry (Journal Entry),سریال برای ورودی های ارزشمندی دارایی (ورودی مجله),
Service Address,خدمات آدرس,
Service Cost Per Qty,هزینه خدمات در هر تعداد,
Service Day,روز خدمت,
Service End Date,تاریخ پایان خدمات,
Service Expense Total Amount,هزینه خدمات کل مبلغ,
Service Expenses,هزینه های خدمات,
Service Item,آیتم خدمات,
Service Item Qty,تعداد مورد خدمات,
Service Item Qty / Finished Good Qty,تعداد آیتم خدمات / تعداد کالای تمام شده,
Service Item UOM,مورد خدمات UOM,
Service Items,آیتم‌های خدماتی,
Service Level Agreement,توافق نامه سطح خدمات,
Service Level Agreement Creation,ایجاد توافق نامه سطح خدمات,
Service Level Agreement Details,جزئیات توافق نامه سطح خدمات,
Service Level Agreement Status,وضعیت توافق نامه سطح خدمات,
Service Level Agreements,موافقت نامه های سطح خدمات,
Service Level Name,نام سطح خدمات,
Service Level Priority,اولویت سطح خدمات,
Service Provider,ارائه دهنده خدمات,
Service Received But Not Billed,خدمات دریافت شده اما قبض نشده است,
Service Start Date,تاریخ شروع سرویس,
Service Stop Date,تاریخ توقف خدمات,
Services,خدمات,
Session Defaults,پیش‌فرض‌های نشست,
Set Accepted Warehouse,انبار پذیرفته شده را تنظیم کنید,
Set Advances and Allocate (FIFO),تنظیم پیشرفت و اختصاص (FIFO),
Set Basic Rate Manually,تنظیم نرخ اصلی به صورت دستی,
Set From Warehouse,مجموعه از انبار,
Set Item Group-wise budgets on this Territory. You can also include seasonality by setting the Distribution.,مجموعه ای مورد بودجه گروه عاقلانه در این سرزمین. شما همچنین می توانید با تنظیم توزیع شامل فصلی.,
Set Landed Cost Based on Purchase Invoice Rate,تنظیم هزینه تمام شده تا درب انبار بر اساس نرخ فاکتور خرید,
Set Operating Cost Based On BOM Quantity,هزینه عملیاتی را بر اساس مقدار BOM تنظیم کنید,
Set Posting Date,تاریخ ارسال را تنظیم کنید,
Set Reserve Warehouse,انبار رزرو را تنظیم کنید,
Set Source Warehouse,انبار منبع را تنظیم کنید,
Set Target Warehouse,انبار هدف را تنظیم کنید,
Set Valuation Rate Based on Source Warehouse,نرخ ارزش گذاری را بر اساس انبار منبع تنظیم کنید,
Set fieldname from which you want to fetch the data from the parent form.,نام فیلدی را که می‌خواهید داده‌ها را از فرم والد دریافت کنید، تنظیم کنید.,
Set rate of sub-assembly item based on BOM,تنظیم مقدار مورد مونتاژ بر اساس BOM,
Set targets Item Group-wise for this Sales Person.,مجموعه اهداف مورد گروه عاقلانه برای این فرد از فروش.,
Set the status manually.,وضعیت را به صورت دستی تنظیم کنید.,
Sets 'Accepted Warehouse' in each row of the Items table.,انبار پذیرفته شده را در هر ردیف از جدول آیتم ها تنظیم می کند.,
Sets 'Rejected Warehouse' in each row of the Items table.,انبار مرجوعی را در هر ردیف از جدول آیتم ها تنظیم می کند.,
Sets 'Reserve Warehouse' in each row of the Supplied Items table.,انبار ذخیره را در هر ردیف از جدول اقلام عرضه شده تنظیم می کند.,
Sets 'Source Warehouse' in each row of the items table.,&quot;انبار منبع&quot; را در هر ردیف از جدول موارد تنظیم می کند.,
Sets 'Target Warehouse' in each row of the items table.,&quot;Target Warehouse&quot; را در هر ردیف از جدول موارد تنظیم می کند.,
Sets 'Warehouse' in each row of the Items table.,&quot;انبار&quot; را در هر ردیف از جدول آیتم ها تنظیم می کند.,
Setting Account Type helps in selecting this Account in transactions.,تنظیم نوع حساب کمک می کند تا در انتخاب این حساب در معاملات.,
Setting the account as a Company Account is necessary for Bank Reconciliation,تنظیم حساب به عنوان حساب شرکت برای تسویه حساب بانکی ضروری است,
Settings,تنظیمات,
Settings for Selling Module,تنظیمات برای فروش ماژول,
Settled,حل و فصل,
Setup,برپایی,
Share Balance,تعادل سهم,
Share Ledger,به اشتراک گذاشتن لجر,
Share Transfer,انتقال به اشتراک بگذارید,
Share Type,نوع توزیع,
Shareholder,صاحب سهام,
Shelf Life In Days,عمر مفید در روز,
Shift,تغییر مکان,
Shift Factor,ضریب تغییر,
Shift Name,نام شیفت,
Shipment,حمل و نقل,
Shipment Amount,مبلغ حمل و نقل,
Shipment Delivery Note,یادداشت تحویل حمل و نقل,
Shipment ID,شناسه حمل و نقل,
Shipment Information,اطلاعات حمل و نقل,
Shipment Parcel,بسته حمل و نقل,
Shipment Parcel Template,قالب بسته حمل و نقل,
Shipment Type,نوع حمل و نقل,
Shipment details,جزئیات حمل و نقل,
Shipping Account,حساب های حمل و نقل,
Shipping Address,حمل و نقل آدرس,
Shipping Address Details,جزئیات آدرس حمل و نقل,
Shipping Address Name,حمل و نقل آدرس,
Shipping Address Template,الگوی آدرس حمل و نقل,
Shipping Amount,مقدار حمل و نقل,
Shipping City,حمل و نقل شهر,
Shipping Country,حمل و نقل کشور,
Shipping County,حمل و نقل شهرستان,
Shipping Rule,قانون حمل و نقل,
Shipping Rule Condition,حمل و نقل قانون وضعیت,
Shipping Rule Conditions,حمل و نقل قانون شرایط,
Shipping Rule Country,قانون حمل و نقل کشور,
Shipping Rule Label,قانون حمل و نقل برچسب,
Shipping Rule Type,نوع خط حمل و نقل,
Shipping State,حمل و نقل دولت,
Shipping Zipcode,کد پستی حمل و نقل,
Shopping Cart,سبد خرید,
Short Name,نام کوتاه,
Short Term Loan Account,حساب وام کوتاه مدت,
Short biography for website and other publications.,بیوگرافی کوتاه برای وب سایت ها و نشریات دیگر.,
Show Balances in Chart Of Accounts,نمایش موجودی در نمودار حساب,
Show Barcode Field in Stock Transactions,نمایش فیلد بارکد در معاملات موجودی,
Show Failed Logs,نمایش لاگ های ناموفق,
Show In Website,نمایش در وب سایت,
Show Inclusive Tax in Print,مالیات فراگیر را در چاپ نشان دهید,
Show Items,نمایش آیتم ها,
Show Latest Forum Posts,نمایش آخرین پست های انجمن,
Show Net Values in Party Account,نمایش ارزش خالص در حساب طرف,
Show Operations,نمایش عملیات,
Show Pay Button in Purchase Order Portal,نمایش دکمه پرداخت در پورتال سفارش خرید,
Show Payment Schedule in Print,نمایش برنامه پرداخت در چاپ,
Show Remarks,نمایش اظهارات,
Show Taxes as Table in Print,نمایش مالیات به عنوان جدول در چاپ,
Show in Website,نمایش در وب سایت,
Signatory Position,مکان امضاء,
Signed,امضاء شده,
Signed By (Company),امضا شده توسط (شرکت),
Signed On,امضا شده,
Signee,زنی,
Signee (Company),Signee (شرکت),
Signee Details,جزئیات Signee,
"Simple Python Expression, Example: doc.status == 'Open' and doc.issue_type == 'Bug'",عبارت ساده پایتون، مثال: doc.status == 'Open' و doc.issue_type == 'Bug',
"Simple Python Expression, Example: territory != 'All Territories'",بیان ساده پایتون ، مثال: Territory! = &#39;All Territories&#39;,
Simultaneous,همزمان,
Single,تک,
Single Tier Program,برنامه تک ردیف,
Single Transaction Threshold,آستانه معامله تنها,
Skip Available Sub Assembly Items,صرف نظر از آیتم‌های زیر مونتاژ موجود,
Skip Delivery Note,پرش به یادداشت تحویل,
Skip Material Transfer to WIP Warehouse,انتقال مواد به انبار WIP بروید,
Skipped,رد شد,
Skype ID,نام کاربری اسکایپ,
Slideshow,نمایش به صورت اسلاید,
Sold,فروخته شده,
Source,منبع,
Source DocType,DocType منبع,
Source Document Name,منبع نام سند,
Source Document Type,منبع نوع سند,
Source Exchange Rate,نرخ مبادله منبع,
Source Fieldname,نام فیلد منبع,
Source Location,محل منبع,
Source Name,نام منبع,
Source Type,نوع منبع,
Source Warehouse,انبار منبع,
Source Warehouse Address,آدرس انبار منبع,
Sourced by Supplier,منبع تأمین کننده,
South Africa VAT Account,حساب مالیات بر ارزش افزوده آفریقای جنوبی,
South Africa VAT Settings,تنظیمات مالیات بر ارزش افزوده آفریقای جنوبی,
Spacer,اسپیسر,
Specify Exchange Rate to convert one currency into another,مشخص نرخ ارز برای تبدیل یک ارز به ارز را به یکی دیگر,
Specify conditions to calculate shipping amount,مشخص شرایط برای محاسبه مقدار حمل و نقل,
Split Early Payment Discount Loss into Income and Tax Loss,زیان تخفیف پرداخت زودهنگام را به درآمد و ضرر مالیات تقسیم کنید,
Split From,تقسیم از,
Stage,صحنه,
Stage Name,نام مرحله,
Stale Days,روزهای سخت,
Standard Selling Rate,نرخ فروش استاندارد,
Standard Template,قالب استاندارد,
"Standard Terms and Conditions that can be added to Sales and Purchases. Examples: Validity of the offer, Payment Terms, Safety and Usage, etc.",شرایط و ضوابط استاندارد که می تواند به خرید و فروش اضافه شود. مثال: اعتبار پیشنهاد، شرایط پرداخت، ایمنی و استفاده و غیره.,
Standing Name,نام مستعار,
Start Date,تاریخ شروع,
Start Time,زمان شروع,
Start and End Dates,تاریخ شروع و پایان,
Start date of current invoice's period,تاریخ دوره صورتحساب فعلی شروع,
Started Time,زمان شروع شده,
Starting location from left edge,محل شروع از لبه سمت چپ,
Starting position from top edge,موقعیت شروع از لبه بالا,
State/Province,ایالت/استان,
Status,وضعیت,
Status Details,جزئیات وضعیت,
Status Illustration,مصور سازی وضعیت,
Statutory info and other general information about your Supplier,اطلاعات قانونی و دیگر اطلاعات کلی در مورد تامین کننده خود را,
Stock,موجودی,
Stock Adjustment,تنظیم سهام,
Stock Adjustment Account,حساب تنظیم سهام,
Stock Ageing,سهام سالمندی,
Stock Analytics,تجزیه و تحلیل ترافیک سهام,
Stock Balance,تعادل سهام,
Stock Closing,اختتامیه موجودی,
Stock Consumed During Repair,موجودی مصرف شده در حین تعمیر,
Stock Consumption Details,جزئیات مصرف موجودی,
Stock Details,جزئیات سهام,
Stock Entry,سهام ورود,
Stock Entry (Outward GIT),ورود سهام (GIT به خارج),
Stock Entry Child,کودک ورود سهام,
Stock Entry Detail,جزئیات سهام ورود,
Stock Entry Type,نوع ورود سهام,
Stock Frozen Upto,سهام منجمد تا حد,
Stock Items,انبار قلم,
Stock Ledger,سهام لجر,
Stock Ledger Entry,سهام لجر ورود,
Stock Ledger Invariant Check,چک ثابت دفتر کل موجودی,
Stock Ledger Variance,واریانس دفتر کل موجودی,
Stock Manager,سهام مدیر,
Stock Planning,برنامه ریزی موجودی,
Stock Projected Qty,سهام بینی تعداد,
Stock Qty,موجودی تعداد,
Stock Qty vs Serial No Count,تعداد سهام در مقابل سریال بدون تعداد,
Stock Received But Not Billed,سهام دریافتی اما صورتحساب نه,
Stock Reconciliation,سهام آشتی,
Stock Reconciliation Item,مورد سهام آشتی,
Stock Reposting Settings,تنظیمات ارسال مجدد موجودی,
Stock Reservation,رزرو موجودی,
Stock Reservation Entry,ثبت رزرو موجودی,
Stock Reserved Qty (in Stock UOM),تعداد موجودی رزرو شده (در انبار UOM),
Stock Settings,تنظیمات سهام,
Stock Summary,خلاصه سهام,
Stock Transactions Settings,تنظیمات معاملات موجودی,
Stock UOM,سهام UOM,
Stock UOM Quantity,مقدار موجودی UOM,
Stock Uom,سهام UOM,
Stock User,سهام کاربر,
Stock Validations,اعتبارسنجی موجودی,
Stock Value,سهام ارزش,
Stock and Account Value Comparison,مقایسه ارزش سهام و حساب,
Stock and Manufacturing,موجودی و تولید,
Stock transactions that are older than the mentioned days cannot be modified.,معاملات موجودی با قدمت بیشتر از روزهای مذکور قابل تغییر نمی باشد.,
Stock will be reserved on submission of <b>Purchase Receipt</b> created against Material Request for Sales Order.,موجودی هنگام ارسال <b>رسید خرید</b> ایجاد شده بر اساس درخواست مواد برای سفارش فروش رزرو خواهد شد.,
Stop,توقف,
Stop Reason,توقف دلیل,
Stopped,متوقف,
Straight Line,خط مستقیم,
Sub Assemblies & Raw Materials,زیر مونتاژها و مواد اولیه,
Sub Assembly Item Code,کد آیتم‌های زیر مونتاژ,
Sub Assembly Items,آیتم‌های زیر مونتاژ,
Sub Assembly Warehouse,انبار زیر مونتاژ,
Sub Operation,عملیات فرعی,
Sub Operations,عملیات فرعی,
Sub Procedure,روش فرعی,
Subcontract,مقاطعه کاری فرعی,
Subcontract BOM,قرارداد فرعی BOM,
Subcontract Order Summary,خلاصه سفارش قرارداد فرعی,
Subcontracted Item,مورد زیر قرارداد,
Subcontracted Item To Be Received,مورد مورد منعقد شده برای دریافت,
Subcontracted Quantity,مقدار قرارداد فرعی شده,
Subcontracted Raw Materials To Be Transferred,مواد اولیه فرعی را منتقل می کند,
Subcontracting BOM,پیمانکاری فرعی BOM,
Subcontracting Order,سفارش پیمانکاری فرعی,
Subcontracting Order (Draft) will be auto-created on submission of Purchase Order.,سفارش پیمانکاری فرعی (پیش نویس) با ارسال سفارش خرید به صورت خودکار ایجاد می شود.,
Subcontracting Order Item,مورد سفارش پیمانکاری فرعی,
Subcontracting Order Service Item,آیتم خدمات سفارش قرارداد فرعی,
Subcontracting Order Supplied Item,اقلام عرضه شده سفارش پیمانکاری فرعی,
Subcontracting Purchase Order,سفارش خرید پیمانکاری فرعی,
Subcontracting Receipt,رسید پیمانکاری فرعی,
Subcontracting Receipt Item,آیتم رسید پیمانکاری,
Subcontracting Receipt Supplied Item,آیتم عرضه شده رسید پیمانکاری فرعی,
Subcontracting Settings,تنظیمات پیمانکاری فرعی,
Subdivision,زیر مجموعه,
Subject,موضوع,
Submit After Import,ارسال پس از درون‌بُرد,
Submit ERR Journals?,دفترهای روزنامه ERR ارسال شود؟,
Submit Generated Invoices,فاکتورهای تولید شده را ارسال کنید,
Submit Journal Entries,ارسال مطالب ژورنالی,
Submitted,ارسال شده,
Subscription,اشتراک,
Subscription End Date,تاریخ پایان اشتراک,
Subscription Invoice,اشتراک فاکتور,
Subscription Period,دوره اشتراک,
Subscription Plan,طرح اشتراک,
Subscription Plan Detail,جزئیات طرح اشتراک,
Subscription Plans,طرحهای اشتراکی,
Subscription Price Based On,قیمت اشتراک براساس,
Subscription Section,بخش اشتراک,
Subscription Settings,تنظیمات اشتراک,
Subscription Start Date,تاریخ شروع اشتراک,
Subtitle,عنوان فرعی,
Succeeded,موفق شد,
Success,موفقیت,
Success Redirect URL,URL تغییر مسیر موفقیت آمیز,
Success Settings,تنظیمات موفقیت,
Successful,موفق شدن,
Suggestions,پیشنهادات,
Sum of Repair Cost and Value of Consumed Stock Items.,مجموع هزینه تعمیر و ارزش آیتم‌های موجودی مصرف شده.,
Summary,خلاصه,
Sunday,یکشنبه,
Supplied Items,اقلام عرضه,
Supplied Qty,عرضه تعداد,
Supplier,تامین کننده,
Supplier Address,تامین کننده آدرس,
Supplier Address Details,جزئیات آدرس تامین کننده,
Supplier Contact,تماس با تامین کننده,
Supplier Delivery Note,توجه داشته باشید تحویل فروشنده,
Supplier Details,اطلاعات بیشتر تامین کننده,
Supplier Group,گروه تامین کننده,
Supplier Group Item,مورد گروه تامین کننده,
Supplier Group Name,نام گروه تامین کننده,
Supplier Info,اطلاعات تامین کننده,
Supplier Invoice,فاکتور تامین کننده,
Supplier Invoice Date,تامین کننده فاکتور عضویت,
Supplier Invoice No,تامین کننده فاکتور بدون,
Supplier Item,مورد تامین کننده,
Supplier Items,آیتم ها تامین کننده,
Supplier Lead Time (days),زمان سرب تامین کننده (روزها),
Supplier Ledger Summary,تهیه کننده خلاصه کتاب,
Supplier Name,نام منبع,
Supplier Naming By,تامین کننده نامگذاری توسط,
Supplier Part No,کننده قسمت بدون,
Supplier Part Number,تامین کننده شماره قسمت,
Supplier Portal Users,کاربران پورتال تامین کننده,
Supplier Primary Address,آدرس اصلی تامین کننده,
Supplier Primary Contact,تماس اصلی تامین کننده,
Supplier Quotation,نقل قول تامین کننده,
Supplier Quotation Comparison,مقایسه قیمت فروشنده,
Supplier Quotation Item,تامین کننده مورد عبارت,
Supplier Score,امتیازات فروشنده,
Supplier Scorecard,کارت امتیازی متوازن,
Supplier Scorecard Criteria,معیارهای کارت امتیازی تامین کننده,
Supplier Scorecard Period,دوره کارت امتیازی تامین کننده,
Supplier Scorecard Scoring Criteria,معیارهای ارزیابی کارت امتیازی تامین کننده,
Supplier Scorecard Scoring Standing,امتیازدهی کارت امتیازی متوالی فروشنده,
Supplier Scorecard Scoring Variable,متغیر رتبه بندی کارت امتیازی تامین کننده,
Supplier Scorecard Setup,تنظیم کارت امتیازی تامین کننده,
Supplier Scorecard Standing,کارت امتیازی کارت اعتباری,
Supplier Scorecard Variable,متغیر کارت امتیازی تامین کننده,
Supplier Type,نوع منبع,
Supplier Warehouse,انبار عرضه کننده کالا,
Supplier delivers to Customer,ارائه کننده به مشتری,
Supplier of Goods or Services.,تامین کننده کالا یا خدمات.,
Supplier-Wise Sales Analytics,تامین کننده حکیم فروش تجزیه و تحلیل ترافیک,
Suppliers,تأمین کنندگان,
Supply Raw Materials for Purchase,عرضه مواد اولیه برای خرید,
Support,پشتیبانی,
Support Hour Distribution,توزیع ساعت پشتیبانی,
Support Portal,پورتال پشتیبانی,
Support Search Source,پشتیبانی منبع جستجو,
Support Settings,تنظیمات پشتیبانی,
Support Team,تیم پشتیبانی,
Suspended,تعطیل,
Synchronize all accounts every hour,همگام سازی همه حساب ها در هر ساعت,
System Manager,سیستم مدیریت,
"System User (login) ID. If set, it will become default for all HR forms.",سیستم کاربر (ورود به سایت) ID. اگر تعیین شود، آن را تبدیل به طور پیش فرض برای همه اشکال HR.,
System will automatically create the serial numbers / batch for the Finished Good on submission of work order,سیستم به طور خودکار شماره سریال / دسته ای را برای کالای تمام شده در هنگام ارسال سفارش ایجاد می کند,
System will fetch all the entries if limit value is zero.,اگر مقدار حد صفر باشد ، تمام ورودی ها را بارگیری می کند.,
System will notify to increase or decrease quantity or amount ,سیستم به افزایش یا کاهش کمیت یا مقدار اطلاع می دهد,
TDS Computation Summary,خلاصه محاسبات TDS,
TS-.YYYY.-,TS -YYYY.-,
Table for Item that will be shown in Web Site,جدول برای مورد است که در وب سایت نشان داده خواهد شد,
Tag Line,نقطه حساس,
Target,هدف,
Target  Amount,هدف مقدار,
Target Asset,دارایی هدف,
Target Asset Location,مکان دارایی مورد نظر,
Target Batch No,شماره دسته هدف,
Target Detail,جزئیات هدف,
Target Distribution,توزیع هدف,
Target Exchange Rate,نرخ ارز هدف,
Target Fieldname (Stock Ledger Entry),نام فیلد هدف (ثبت دفتر کل موجودی),
Target Fixed Asset Account,حساب دارایی ثابت هدف,
Target Has Batch No,هدف دارای Batch No,
Target Has Serial No,هدف دارای شماره سریال,
Target Incoming Rate,نرخ ورودی هدف,
Target Is Fixed Asset,هدف دارایی ثابت است,
Target Item Code,کد آیتم هدف,
Target Item Name,نام آیتم هدف,
Target Location,محل مورد نظر,
Target Qty,هدف تعداد,
Target Serial No,شماره سریال هدف,
Target Warehouse,هدف انبار,
Target Warehouse Address,آدرس انبار هدف,
Targets,اهداف,
Tariff Number,شماره تعرفه,
Task,وظیفه,
Task Completion,وظیفه تکمیل,
Task Depends On,کار بستگی به,
Task Description,شرح وظیفه,
Task Name,وظیفه نام,
Task Progress,وظیفه پیشرفت,
Task Type,نوع کار,
Task Weight,وظیفه وزن,
Tasks,وظایف,
Tax,مالیات,
Tax Account,حساب مالیاتی,
Tax Amount After Discount Amount,مبلغ مالیات پس از تخفیف مبلغ,
Tax Amount After Discount Amount (Company Currency),مبلغ مالیات پس از تخفیف مقدار (شرکت ارز),
Tax Amount will be rounded on a row(items) level,مقدار مالیات در سطح ردیف (آیتم‌ها) گرد می شود,
Tax Breakup,فروپاشی مالیات,
Tax Category,دسته مالیات,
Tax ID,ID مالیات,
Tax Id,شناسه مالیات,
Tax Rate,نرخ مالیات,
Tax Rates,نرخ مالیات,
Tax Rule,قانون مالیات,
Tax Settings,تنظیمات مالیاتی,
Tax Type,نوع مالیات,
Tax Withheld Vouchers,کوپن های مالیاتی کسر شده,
Tax Withholding Account,حساب سپرده مالیاتی,
Tax Withholding Category,بخش مالیات اجباری,
Tax Withholding Details,جزئیات کسر مالیات,
Tax Withholding Net Total,کل خالص کسر مالیات,
Tax Withholding Rate,نرخ اخراج مالیاتی,
Tax Withholding Rates,نرخ استرداد مالیات,
Tax will be withheld only for amount exceeding the cumulative threshold,مالیات فقط برای مبلغی که بیش از آستانه تجمعی باشد، کسر خواهد شد,
Taxable Amount,مبلغ مشمول مالیات,
Taxes,عوارض,
Taxes and Charges,مالیات و هزینه,
Taxes and Charges Added,مالیات و هزینه اضافه شده,
Taxes and Charges Added (Company Currency),مالیات و هزینه اضافه شده (شرکت ارز),
Taxes and Charges Calculation,مالیات و هزینه محاسبه,
Taxes and Charges Deducted,مالیات و هزینه کسر,
Taxes and Charges Deducted (Company Currency),مالیات و هزینه کسر (شرکت ارز),
Team,تیم,
Team Member,عضو تیم,
Telephony Call Type,نوع تماس تلفنی,
Template,قالب,
Template Name,نام الگو,
Template Options,گزینه های الگو,
Template Task,وظیفه الگو,
Template Title,عنوان الگو,
Template Warnings,هشدارهای الگو,
Temporary,موقت,
Temporary Opening Account,افتتاح حساب موقت,
Term Details,جزییات مدت,
Terms,شرایط,
Terms & Conditions,شرایط و ضوابط,
Terms Template,الگوی شرایط,
Terms and Conditions,شرایط و ضوابط,
Terms and Conditions Content,شرایط و ضوابط محتوا,
Terms and Conditions Details,قوانین و مقررات جزئیات,
Terms and Conditions Help,شرایط و ضوابط راهنما,
Territory,منطقه,
Territory Item,قلمرو مورد,
Territory Manager,مدیر منطقه,
Territory Name,نام منطقه,
Territory Target Variance Based On Item Group,متغیرهای هدف سرزمینی مبتنی بر گروه مورد,
Territory Targets,اهداف منطقه,
Territory-wise Sales,فروش زمینی,
The BOM which will be replaced,BOM که جایگزین خواهد شد,
"The account head under Liability or Equity, in which Profit/Loss will be booked",سر حساب تحت مسئولیت و یا حقوق صاحبان سهام، که در آن سود / زیان رزرو خواهد شد,
The gross weight of the package. Usually net weight + packaging material weight. (for print),وزن ناخالص از بسته. معمولا وزن خالص + وزن مواد بسته بندی. (برای چاپ),
The net weight of this package. (calculated automatically as sum of net weight of items),وزن خالص این بسته. (به طور خودکار به عنوان مجموع وزن خالص از اقلام محاسبه),
The new BOM after replacement,BOM جدید پس از تعویض,
"The percentage you are allowed to bill more against the amount ordered. For example, if the order value is $100 for an item and tolerance is set as 10%, then you are allowed to bill up to $110 ",درصدی که مجاز به قبض بیشتر در برابر مبلغ سفارش شده هستید. به عنوان مثال ، اگر مقدار سفارش 100 دلار برای کالایی 100 دلار باشد و میزان تحمل 10 درصد تعیین شود ، در این صورت مجاز به صدور صورت حساب تا 110 دلار هستید.,
The percentage you are allowed to pick more items in the pick list than the ordered quantity.,درصد مجاز برای انتخاب آیتم‌های بیشتر از مقدار سفارش داده‌شده در فهرست برداشت.,
"The percentage you are allowed to receive or deliver more against the quantity ordered. For example, if you have ordered 100 units, and your Allowance is 10%, then you are allowed to receive 110 units.",درصدی که مجاز به دریافت یا تحویل بیشتر در برابر مقدار سفارش شده هستید. به عنوان مثال ، اگر 100 واحد سفارش داده اید و کمک هزینه شما 10٪ است ، در این صورت مجاز به دریافت 110 واحد هستید.,
"The percentage you are allowed to transfer more against the quantity ordered. For example, if you have ordered 100 units, and your Allowance is 10%, then you are allowed transfer 110 units.",درصدی که مجاز به انتقال بیشتر نسبت به مقدار سفارش شده هستید. به عنوان مثال، اگر 100 عدد سفارش داده اید، و مقدار مجاز شما 10٪ است، سپس شما مجاز به انتقال 110 واحد هستید.,
"The users with this Role are allowed to create/modify a stock transaction, even though the transaction is frozen.",کاربران دارای این نقش مجاز به ایجاد/تغییر تراکنش موجودی هستند، حتی اگر تراکنش مسدود شده باشد.,
This Account has '0' balance in either Base Currency or Account Currency,این حساب دارای موجودی '0' به ارز پایه یا ارز حساب است,
This filter will be applied to Journal Entry.,این فیلتر برای ثبت دفتر روزنامه اعمال خواهد شد.,
This is a location where final product stored.,این مکانی است که محصول نهایی در آن ذخیره می شود.,
This is a location where operations are executed.,این مکانی است که عملیات در آن انجام می شود.,
This is a location where raw materials are available.,این مکان جایی است که مواد اولیه در دسترس است.,
This is a location where scraped materials are stored.,این مکانی است که در آن مواد خراشیده شده ذخیره می شوند.,
"This section allows the user to set the Body and Closing text of the Dunning Letter for the Dunning Type based on language, which can be used in Print.",این بخش به کاربر اجازه می دهد متن و Closing نامه Dunning Letter را برای نوع Dunning بر اساس زبان تنظیم کند ، که می تواند در چاپ استفاده شود.,
This tool helps you to update or fix the quantity and valuation of stock in the system. It is typically used to synchronise the system values and what actually exists in your warehouses.,این ابزار کمک می کند تا شما را به روز رسانی و یا تعمیر کمیت و ارزیابی سهام در سیستم. این است که به طور معمول برای همزمان سازی مقادیر سیستم و آنچه که واقعا در انبارها شما وجود دارد استفاده می شود.,
This value shall be used when no matching Common Code for a record is found.,این مقدار باید زمانی استفاده شود که هیچ کد مشترک منطبقی برای یک رکورد پیدا نشود.,
"This will be appended to the Item Code of the variant. For example, if your abbreviation is ""SM"", and the item code is ""T-SHIRT"", the item code of the variant will be ""T-SHIRT-SM""",این خواهد شد به کد مورد از نوع اضافه خواهد شد. برای مثال، اگر شما مخفف &quot;SM&quot; است، و کد مورد است &quot;تی شرت&quot;، کد مورد از نوع خواهد بود &quot;تی شرت-SM&quot;,
This will restrict user access to other employee records,این دسترسی کاربر به سوابق کارمند دیگر محدود می شود,
Threshold for Suggestion,آستانه پیشنهاد,
Threshold for Suggestion (In Percentage),آستانه پیشنهاد (در درصد),
Thumbnail,بند انگشتی,
Thursday,پنج شنبه,
Tier Name,نام ردیف,
Time,زمان,
Time (In Mins),Time (In Mins),
Time Between Operations (Mins),زمان بین عملیات (مین ها),
Time In Mins,زمان در دقیقه,
Time Logs,زمان ثبت,
Time Sheet,ورقه ثبت ساعات کار,
Time Sheet List,زمان فهرست ورق,
Time Sheets,ورق های زمان,
Time at which materials were received,زمانی که در آن مواد دریافت شده,
Time in mins,زمان به دقیقه,
Time in mins.,زمان به دقیقه.,
Timeline,جدول زمانی,
Timesheet,برنامه زمانی,
Timesheet Detail,جزئیات برنامه زمانی,
Timesheets,برنامه های زمانی,
Timeslots,بارهای زمانی,
Title,عنوان,
To,به,
To Bill,به بیل,
To Currency,به ارز,
To Date,به روز,
To Deliver,رساندن,
To Deliver and Bill,برای ارائه و بیل,
To Delivery Date,تا تاریخ تحویل,
To Doctype,برای Doctype,
To Employee,به کارمند,
To Folio No,به برگه شماره,
To Invoice Date,به فاکتور تاریخ,
To No,به نه,
To Package No.,برای بسته بندی شماره,
To Payment Date,به تاریخ پرداخت,
To Produce,به تولید,
To Range,به محدوده,
To Receive,برای دریافت,
To Receive and Bill,برای دریافت و بیل,
To Reference Date,به تاریخ مرجع,
To Rename,تغییر نام دهید,
To Shareholder,به سهامداران,
To Time,به زمان,
To Track inbound purchase,برای ردیابی خرید ورودی,
To Value,به ارزش,
To Warehouse (Optional),به انبار (اختیاری),
To apply condition on parent field use parent.field_name and to apply condition on child table use doc.field_name. Here field_name could be based on the actual column name of the respective field.,برای اعمال شرط در فیلد والد از parent.field_name و برای اعمال شرط در جدول فرزند از doc.field_name استفاده کنید. در اینجا field_name می تواند بر اساس نام ستون واقعی فیلد مربوطه باشد.,
To be Delivered to Customer,برای تحویل به مشتری,
Toggle Full Width,تغییر وضعیت عرض کامل,
Toggle Theme,تغییر تم,
Tools,ابزار,
Total,کل,
Total (Company Currency),مجموع (شرکت ارز),
Total Additional Costs,مجموع هزینه های اضافی,
Total Advance,جستجوی پیشرفته مجموع,
Total Allocated Amount,مجموع مقدار اختصاص داده شده,
Total Allocated Amount (Company Currency),مجموع مقدار اختصاص داده شده (شرکت ارز),
Total Allocations,مجموع تخصیص ها,
Total Amount,مقدار کل,
Total Amount Currency,مبلغ کل ارز,
Total Amount in Words,مقدار کل به عبارت,
Total Asset Cost,هزینه کل دارایی,
Total Billable Amount,مجموع مبلغ قابل پرداخت,
Total Billable Amount (via Timesheet),مجموع مبلغ قابل پرداخت (از طریق Timesheets),
Total Billable Hours,مجموع ساعت قابل پرداخت,
Total Billed Amount,مبلغ کل صورتحساب,
Total Billed Amount (via Sales Invoice),مجموع مبلغ پرداخت شده (از طریق صورتحساب فروش),
Total Billed Hours,جمع ساعت در صورتحساب یا لیست,
Total Billing Amount,کل مقدار حسابداری,
Total Billing Hours,کل ساعت صورتحساب,
Total Characters,مجموع شخصیت,
Total Commission,کمیسیون ها,
Total Completed Qty,تعداد کل تکمیل شده است,
Total Consumed Material Cost (via Stock Entry),مجموع هزینه مصرف مواد (از طریق ورودی سهام),
Total Cost,هزینه کل,
Total Cost (Company Currency),هزینه کل (ارز شرکت),
Total Costing Amount,مبلغ کل هزینه یابی,
Total Costing Amount (via Timesheet),مقدار کل هزینه (از طریق Timesheets),
Total Credit,مجموع اعتباری,
Total Debit,دبیت مجموع,
Total Estimated Distance,مجموع تخمین زده شده,
Total Experience,تجربه ها,
Total Gain/Loss,مجموع افزایش / از دست دادن,
Total Hold Time,کل زمان نگهداری,
Total Holidays,کل تعطیلات,
Total Incoming Value (Receipt),مجموع ارزش ورودی (رسید),
Total Interest,سود کل,
Total Message(s),پیام ها (بازدید کنندگان),
Total Monthly Sales,کل فروش ماهانه,
Total Net Weight,مجموع وزن خالص,
Total Number of Depreciations,تعداد کل Depreciations,
Total Operating Cost,مجموع هزینه های عملیاتی,
Total Operation Time,کل زمان عملیات,
Total Outgoing Value (Consumption),کل ارزش خروجی (مصرف),
Total Outstanding,مجموع برجسته,
Total Planned Qty,تعداد کل برنامه ریزی شده,
Total Produced Qty,مجموع تولید شده,
Total Projected Qty,کل پیش بینی تعداد,
Total Purchase Cost (via Purchase Invoice),هزینه خرید مجموع (از طریق فاکتورخرید ),
Total Qty,مجموع تعداد,
Total Quantity,تعداد کل,
Total Repair Cost,کل هزینه تعمیر,
Total Reposting Count,تعداد کل بازنشر,
Total Sales Amount (via Sales Order),کل مبلغ فروش (از طریق سفارش خرید),
Total Stock Summary,خلاصه سهام مجموع,
Total Supplied Qty,تعداد کل عرضه شده,
Total Taxes and Charges,مجموع مالیات و هزینه,
Total Taxes and Charges (Company Currency),مجموع مالیات و هزینه (شرکت ارز),
Total Time in Mins,زمان کل در مینس,
Total Value,ارزش کل,
Total Value Difference (Incoming - Outgoing),تفاوت ارزش کل (ورودی - خروجی),
Total Weight,وزن مجموع,
Total Weight (kg),وزن کل (کیلوگرم),
Total Working Hours,کل ساعات کار,
Totals,مجموع,
Track Service Level Agreement,توافق نامه سطح سرویس پیگیری کنید,
Track separate Income and Expense for product verticals or divisions.,پیگیری درآمد و هزینه جداگانه برای محصول و یا عمودی بخش.,
Tracking Status,وضعیت پیگیری,
Tracking Status Info,اطلاعات وضعیت ردیابی,
Tracking URL,URL پیگیری,
Transaction,معامله,
Transaction Currency,واحد ارز تراکنش,
Transaction Date,تاریخ تراکنش,
Transaction Deletion Record,رکورد حذف تراکنش,
Transaction Deletion Record Item,مورد رکورد حذف تراکنش,
Transaction Details,جزئیات تراکنش,
Transaction Exchange Rate,نرخ ارز معاملات,
Transaction ID,شناسه تراکنش,
Transaction Settings,تنظیمات تراکنش,
Transaction Type,نوع تراکنش,
Transactions Annual History,معاملات تاریخی سالانه,
Transfer,انتقال,
Transfer Material Against,انتقال مواد در مقابل,
Transfer Status,وضعیت انتقال,
Transfer Type,نوع انتقال,
Transferred,منتقل شده,
Transferred Qty,انتقال تعداد,
Transit,ترانزیت,
Transport Receipt Date,تاریخ تحویل حمل و نقل,
Transport Receipt No,شماره گیرنده حمل و نقل,
Transporter,حمل کننده,
Transporter Details,اطلاعات حمل و نقل,
Transporter Info,حمل و نقل اطلاعات,
Transporter Name,نام حمل و نقل,
Tree Details,جزییات درخت,
Trial Balance,آزمایش تعادل,
Trial Balance (Simple),موجودی آزمایشی (ساده),
Trial Balance for Party,تعادل دادگاه برای حزب,
Trial Period End Date,تاریخ پایان دوره آزمایشی,
Trial Period Start Date,تاریخ شروع محاکمه,
Trialling,آزمایشی,
Truncates 'Remarks' column to set character length,"ستون ""Remarks"" را برای تنظیم طول کاراکتر کوتاه می کند",
Tuesday,سهشنبه,
Twice Daily,دو بار در روز,
Two-way,دو طرفه,
Type,نوع,
Type Of Call,نوع تماس,
Type of Payment,نوع پرداخت,
Type of Transaction,نوع تراکنش,
Type of document to rename.,نوع سند به تغییر نام دهید.,
UAE VAT 201,مالیات بر ارزش افزوده امارات متحده عربی 201,
UAE VAT Account,حساب مالیات بر ارزش افزوده امارات متحده عربی,
UAE VAT Accounts,حساب های مالیات بر ارزش افزوده امارات متحده عربی,
UAE VAT Settings,تنظیمات مالیات بر ارزش افزوده امارات متحده عربی,
UOM,UOM,
UOM Category,رده UOM,
UOM Conversion Detail,جزئیات UOM تبدیل,
UOM Conversion Factor,UOM عامل تبدیل,
UOM Name,نام UOM,
UOMs,UOMs,
UPC-A,UPC-A,
URL,URL,
Unallocated Amount,مقدار تخصیص نیافته,
Under AMC,تحت AMC,
Under Graduate,مقطع,
Under Warranty,تحت گارانتی,
Unfulfilled,غیرممکن است,
Units of Measure,واحدهای اندازه گیری,
Unlink Advance Payment on Cancellation of Order,پیش پرداخت لغو سفارش را لغو پیوند کنید,
Unlink Payment on Cancellation of Invoice,قطع ارتباط پرداخت در لغو فاکتور,
Unlinked,بدون پیوند,
Unpaid,پرداخت نشده,
Unpaid and Discounted,بدون پرداخت و تخفیف,
Unplanned machine maintenance,تعمیر و نگهداری ماشین بدون برنامه,
Unqualified,فاقد صلاحیت,
Unrealized Exchange Gain/Loss Account,حساب ناخالص مبادله سود / زیان,
Unrealized Profit / Loss Account,حساب سود / زیان تحقق نیافته,
Unrealized Profit / Loss account for intra-company transfers,حساب سود / زیان تحقق نیافته برای نقل و انتقالات درون شرکتی,
Unrealized Profit/Loss account for intra-company transfers,حساب سود/زیان تحقق نیافته برای نقل و انتقالات درون شرکتی,
Unreconcile Payment,پرداخت ناسازگار,
Unreconcile Payment Entries,ورودی های پرداخت ناسازگار,
Unreconciled,نامشخص,
Unreconciled Amount,مبلغ ناسازگار,
Unreconciled Entries,ورودی های تطبیق نگرفته,
Unresolved,حل نشده,
Unscheduled,برنامه ریزی,
Unsigned,نامشخص,
Unsubscribed,اشتراک لغو,
Unverified,تایید نشده,
Upcoming Calendar Events,رویدادهای آینده تقویم,
Update Auto Repeat Reference,به روزرسانی خودکار مرجع تکرار,
Update BOM Cost Automatically,به روز رسانی BOM هزینه به صورت خودکار,
"Update BOM cost automatically via scheduler, based on the latest Valuation Rate/Price List Rate/Last Purchase Rate of raw materials",بر اساس آخرین نرخ ارزیابی / نرخ لیست قیمت / آخرین نرخ خرید مواد اولیه ، هزینه BOM را به طور خودکار از طریق زمانبند به روز کنید.,
Update Billed Amount in Delivery Note,مبلغ صورتحساب در یادداشت تحویل را به روز کنید,
Update Billed Amount in Sales Order,مقدار تخفیف در سفارش فروش را به روز کنید,
Update Consumed Material Cost In Project,هزینه مواد مصرفی مصرف شده در پروژه را به روز کنید,
Update Cost,به روز رسانی هزینه,
Update Existing Price List Rate,به روز رسانی نرخ لیست قیمت موجود,
Update Existing Records,به روز رسانی رکوردهای موجود,
Update Rate and Availability,نرخ به روز رسانی و در دسترس بودن,
Update Stock,به روز رسانی سهام,
Update Type,نوع بروزرسانی,
Update frequency of Project,فرکانس به روز رسانی پروژه,
Update latest price in all BOMs,به روز رسانی آخرین قیمت در تمام BOMs,
Update the modified timestamp on new communications received in Lead & Opportunity.,به‌روزرسانی تایم‌استمپ تغییرات بر روی ارتباطات جدید دریافت‌شده در سرنخ و فرصت.,
Update timestamp on new communication,به روز رسانی تایم‌استمپ در ارتباطات جدید,
Updated via 'Time Log' (In Minutes),"به روز شده از طریق ""Time Log"" (به دقیقه)",
Upload XML Invoices,صورت حساب XML را بارگذاری کنید,
Urgent,فوری,
Use Batch-wise Valuation,استفاده از ارزش گذاری دسته ای,
Use Company Default Round Off Cost Center,از مرکز هزینه دور پیش فرض شرکت استفاده کنید,
Use Company default Cost Center for Round off,از مرکز هزینه پیش‌فرض شرکت برای دور کردن استفاده کنید,
Use Google Maps Direction API to calculate estimated arrival times,برای محاسبه زمان رسیدن تخمینی از API جهت نقشه Google استفاده کنید,
Use Google Maps Direction API to optimize route,برای بهینه سازی مسیر از API Direction Maps استفاده کنید,
Use HTTP Protocol,استفاده از پروتکل HTTP,
Use Item based reposting,از ارسال مجدد بر اساس آیتم استفاده کنید,
Use Multi-Level BOM,استفاده از چند سطح BOM,
Use Serial / Batch Fields,استفاده از فیلدهای سریال / دسته,
Use Serial No / Batch Fields,از فیلدهای شماره سریال / دسته استفاده کنید,
Use Transaction Date Exchange Rate,از نرخ مبادله تاریخ تراکنش استفاده کنید,
Use for Shopping Cart,استفاده برای سبد خرید,
Use this field to render any custom HTML in the section.,برای ارائه هر HTML دلخواه در این بخش از این قسمت استفاده کنید.,
Used,استفاده شده,
Used for Production Plan,مورد استفاده برای طرح تولید,
User,کاربر,
User Details,مشخصات کاربر,
User ID,ID کاربر,
User Remark,نکته کاربری,
User Resolution Time,زمان وضوح کاربر,
Users,کاربران,
Users can enable the checkbox If they want to adjust the incoming rate (set using purchase receipt) based on the purchase invoice rate.,اگر کاربران بخواهند نرخ ورودی (تنظیم با استفاده از رسید خرید) را بر اساس نرخ فاکتور خرید تنظیم کنند، می توانند کادر انتخاب را فعال کنند.,
Users with this role are allowed to over bill above the allowance percentage,کاربرانی که این نقش را دارند مجاز به اضافه صورتحساب بالاتر از درصد مجاز هستند,
Users with this role are allowed to over deliver/receive against orders above the allowance percentage,کاربرانی که این نقش را دارند مجاز به بیش تحویل/دریافت سفارش‌ها بالاتر از درصد مجاز هستند,
Users with this role are allowed to set frozen accounts and create / modify accounting entries against frozen accounts,کاربران با این نقش ها اجازه تنظیم حساب های یخ زده و ایجاد / تغییر نوشته های حسابداری در برابر حساب منجمد,
Utilities,نرم افزار,
VAT Accounts,حساب های مالیات بر ارزش افزوده,
VAT Audit Report,گزارش حسابرسی مالیات بر ارزش افزوده,
Valid From,معتبر از,
Valid Till,تاخیر معتبر,
Valid Upto,معتبر تا,
Valid for Countries,معتبر برای کشورهای,
Validate Applied Rule,یک قانون کاربردی را تأیید کنید,
Validate Negative Stock,اعتبار موجودی منفی,
Validate Selling Price for Item Against Purchase Rate or Valuation Rate,قیمت فروش کالا را در برابر نرخ خرید یا نرخ ارزیابی تأیید کنید,
Validate Stock on Save,اعتبار موجودی در ذخیره,
Validity,اعتبار,
Validity Details,جزئیات اعتبار,
Validity and Usage,اعتبار و کاربرد,
Validity in Days,اعتبار در روز,
Valuation,ارزیابی,
Valuation Method,روش های ارزش گذاری,
Valuation Rate,نرخ گذاری,
Valuation and Total,ارزش گذاری و مجموع,
Value,ارزش,
Value After Depreciation,ارزش پس از استهلاک,
Value Based Inspection,بازرسی مبتنی بر ارزش,
Value Details,جزئیات ارزش,
Value of Goods,ارزش کالاها,
Variable Name,نام متغیر,
Variables,متغیرها,
Variant Attributes,صفات نوع,
Variant Based On,بر اساس نوع,
Variant Field,فیلد متغیر,
Variant Of,نوع,
Variants,انواع,
Vehicle,وسیله نقلیه,
Vehicle Date,خودرو تاریخ,
Vehicle No,خودرو بدون,
Vehicle Number,تعداد خودرو,
Vehicle Value,ارزش خودرو,
Verified By,تایید شده توسط,
Version,نسخه,
Via Customer Portal,از طریق پورتال مشتری,
Via Landed Cost Voucher,از طریق کوپن هزینه تمام شده تا درب انبار,
Video,فیلم,
Video Settings,تنظیمات ویدیو,
View Website,مشاهده وب سایت,
View attachments,مشاهده پیوست ها,
Views,بازدیدها,
Vimeo,ویمئو,
Visited,ملاقات کرد,
Voice,صدا,
Voice Call Settings,تنظیمات تماس صوتی,
Voucher Detail No,جزئیات کوپن بدون,
Voucher Name,نام کوپن,
Voucher No,کوپن بدون,
Voucher Qty,مقدار کوپن,
Voucher Subtype,زیرنوع کوپن,
Voucher Type,کوپن نوع,
Voucher-wise Balance,تراز مبتنی بر کوپن,
Vouchers,کوپن,
WIP Composite Asset,دارایی ترکیبی «کار در حال انجام»,
WIP Warehouse,انبار WIP,
Wages,مزد,
Wages per hour,دستمزد در ساعت,
Warehouse,مخزن,
Warehouse Contact Info,انبار اطلاعات تماس,
Warehouse Detail,جزئیات انبار,
Warehouse Details,جزئیات انبار,
Warehouse Name,نام انبار,
Warehouse Settings,تنظیمات انبار,
Warehouse Type,نوع انبار,
Warehouse Wise Stock Balance,تراز موجودی مبتنی بر انبار,
Warehouse and Reference,انبار و مرجع,
Warehouse wise Item Balance Age and Value,انبار عاقل عنصر تعادل سن و ارزش,
Warehouses,ساختمان و ذخیره سازی,
Warn,هشدار دادن,
Warn POs,اخطار POs,
Warn Purchase Orders,هشدار سفارشات خرید,
Warn RFQs,اخطار RFQs,
Warn for new Purchase Orders,اخطار سفارشات خرید جدید,
Warn for new Request for Quotations,اخطار برای درخواست جدید برای نقل قول,
Warranty / AMC Details,گارانتی / AMC اطلاعات بیشتر,
Warranty / AMC Status,گارانتی / AMC وضعیت,
Warranty Claim,ادعای گارانتی,
Warranty Expiry Date,گارانتی تاریخ انقضاء,
Warranty Period (Days),دوره گارانتی (روز),
Warranty Period (in days),دوره گارانتی (در روز),
Website,سایت اینترنتی,
Website Attribute,ویژگی وب سایت,
Website Description,وب سایت توضیحات,
Website Filter Field,فیلترینگ وب سایت,
Website Image,تصویر وب سایت,
Website Item Group,وب سایت مورد گروه,
Website Manager,مدیر وب سایت,
Website Specifications,مشخصات وب سایت,
Wednesday,چهار شنبه,
Week,هفته,
Weekday,روز هفته,
Weekly,هفتگی,
Weekly Off,فعال هفتگی,
Weekly Time to send,زمان ارسال هفتگی,
Weight,وزن,
Weight (kg),وزن (کیلوگرم),
Weight Per Unit,وزن در واحد,
Weight UOM,وزن UOM,
Weighting Function,تابع وزن,
Welcome email sent,ایمیل ارسال,
WhatsApp,واتس اپ,
Wheels,چرخ ها,
"When a parent warehouse is chosen, the system conducts stock checks against the associated child warehouses",هنگامی که یک انبار اصلی انتخاب می شود، سیستم بررسی های موجودی را در مقابل انبارهای فرزند مرتبط انجام می دهد,
"While making Purchase Invoice from Purchase Order, use Exchange Rate on Invoice's transaction date rather than inheriting it from Purchase Order. Only applies for Purchase Invoice.",هنگام تهیه فاکتور خرید از سفارش خرید، به جای ارث بردن آن از سفارش خرید، از نرخ مبادله در تاریخ تراکنش فاکتور استفاده کنید. فقط برای فاکتور خرید اعمال می شود.,
Widowed,بیوه,
Width (cm),عرض (سانتی متر),
Width of amount in word,عرض مقدار در کلمه,
Will also apply for variants,همچنین برای انواع اعمال می شود,
Will also apply for variants unless overrridden,همچنین برای انواع اعمال می شود مگر اینکه overrridden,
With Operations,با عملیات,
Withdrawal,برداشت از حساب,
Work Done,کار تمام شد,
Work In Progress,کار در حال انجام,
Work Order,سفارش کار,
Work Order Consumed Materials,مواد مصرفی دستور کار,
Work Order Item,مورد سفارش کار,
Work Order Operation,عملیات سفارش کار,
Work Order Qty,تعداد سفارش کار,
Work Order Stock Report,سفارش کار سفارش سفارش,
Work Order Summary,خلاصه سفارش کار,
Work Orders in Progress,دستور کار در حال پیشرفت است,
Work in Progress,کار در حال انجام,
Work-in-Progress Warehouse,کار در حال پیشرفت انبار,
Workday,روز کاری,
Working,کار,
Working Hours,ساعات کاری,
Workstation,ایستگاه های کاری,
Workstation / Machine,ایستگاه کاری / ماشین,
Workstation Dashboard,داشبورد ایستگاه کاری,
Workstation Name,نام ایستگاه های کاری,
Workstation Status,وضعیت ایستگاه کاری,
Workstation Type,نوع ایستگاه کاری,
Workstation Working Hour,ایستگاه های کاری کار یک ساعت,
Workstations,ایستگاه های کاری,
Write Off,کسر کردن,
Write Off Account,ارسال فعال حساب,
Write Off Amount,مبلغ را بنویسید,
Write Off Amount (Company Currency),ارسال کردن مقدار (شرکت ارز),
Write Off Based On,ارسال فعال بر اساس,
Write Off Cost Center,ارسال فعال مرکز هزینه,
Write Off Difference Amount,نوشتن کردن مقدار تفاوت,
Write Off Entry,ارسال فعال ورود,
Write Off Limit,محدودیت نوشتن,
Write Off Outstanding Amount,ارسال فعال برجسته مقدار,
Writeoff,تسویه حساب,
Written Down Value,نوشته شده ارزش پایین,
Year,سال,
Year End Date,سال پایان تاریخ,
Year Name,نام سال,
Year Start Date,سال تاریخ شروع,
Year of Passing,سال عبور,
Yearly,سالیانه,
Yellow,زرد,
Yes,بله,
YouTube,YouTube,
YouTube Interactions,تعاملات YouTube,
Youtube ID,شناسه یوتیوب,
Youtube Statistics,آمار یوتیوب,
Zero Balance,تراز صفر,
Zip File,فایل فشرده,
description,شرح,
development,توسعه,
"e.g. ""Summer Holiday 2019 Offer 20""",به عنوان مثال &quot;تعطیلات تابستانی 2019 پیشنهاد 20&quot;,
example: Next Day Shipping,به عنوان مثال: حمل و نقل روز بعد,
exchangerate.host,مبادله.میزبان,
image,تصویر,
lft,LFT,
material_request_item,material_request_item,
old_parent,old_parent,
per hour,در ساعت,
product bundle item row's name in sales order. Also indicates that picked item is to be used for a product bundle,نام ردیف آیتم‌های باندل محصول در سفارش فروش. همچنین نشان می دهد که آیتم انتخاب شده قرار است برای یک باندل محصول استفاده شود,
production,تولید,
rgt,RGT,
sandbox,جعبه شنی,
temporary name,نام موقت,
title,عنوان,
unique e.g. SAVE20  To be used to get discount,منحصر به فرد به عنوان مثال SAVE20 برای استفاده از تخفیف استفاده می شود,
