 Is Child Table,Är Undertabell,
%  Delivered,% Levereras,
% Amount Billed,% Belopp fakturerat,
% Billed,% Fakturerad,
% Complete Method,% Komplett metod,
% Completed,% Slutfört,
% Installed,% Installerad,
% Ordered,% Beställt,
% Picked,% Plockad,
% Process Loss,% Process Förlust,
% Progress,% Framgång,
% Received,% Emot,
% Returned,% Retur,
% of materials billed against this Sales Order,% Av material faktureras mot denna kundorder,
% of materials delivered against this Sales Order,% Av material som levereras mot denna kundorder,
(Hour Rate / 60) * Actual Operation Time,(Timkostnad/60) * Faktisk produktionstid,
(including),(inklusive),
* Will be calculated in the transaction.,* Kommer att beräknas i transaktionen.,
1 Loyalty Points = How much base currency?,1 Lojalitetspoäng = Hur mycket basvaluta?,
1 hr,1 timme,
2 Yearly,2 årligen,
3 Yearly,Var Tredje År,
30 mins,30 minuter,
6 hrs,6 timmar,
"<br>
<h4>Note</h4>
<ul>
<li>
You can use <a href=""https://jinja.palletsprojects.com/en/2.11.x/"" target=""_blank"">Jinja tags</a> in <b>Subject</b> and <b>Body</b> fields for dynamic values.
</li><li>
    All fields in this doctype are available under the <b>doc</b> object and all fields for the customer to whom the mail will go to is available under the  <b>customer</b> object.
</li></ul>
<h4> Examples</h4>
<!-- {% raw %} -->
<ul>
    <li><b>Subject</b>:<br><br><pre><code>Statement Of Accounts for {{ customer.customer_name }}</code></pre><br></li>
    <li><b>Body</b>: <br><br>
<pre><code>Hello {{ customer.customer_name }},<br>PFA your Statement Of Accounts from {{ doc.from_date }} to {{ doc.to_date }}.</code> </pre></li>
</ul>
<!-- {% endraw %} -->","<br>
<h4>Observera</h4>
<ul>
<li>
Du kan använda <a href=""https://jinja.palletsprojects.com/en/2.11.x/"" target=""_blank"">Jinja Taggar</a> i <b>Ämne</b> och <b> Huvudtext</b>-fält för dynamiska värden.
</li><li>
     Alla fält i denna doctype är tillgängliga under <b>doc</b>-objekt och alla fält för kund som e-post meddelande går till är tillgängliga under <b>customer</b>-objekt.
</li></ul>
<h4> Exempel</h4>
<!-- {% rå %} -->
<ul>
     <li><b>Ämne</b>:<br><br><pre><code>Konto besked för {{ customer.customer_name }}</code></pre><br></li>
     <li><b>Huvudtext</b>: <br><br>
<pre><code>Hej {{ customer.customer_name }},<br>Kontoutdrag från {{ doc.from_date }} till {{ doc.to_date }}.</code> </pre></ li>
</ul>
<!-- {% endraw %} -->",
"<div class=""columnHeading"">Other Details</div>","<div class=""columnHeading"">Övriga Detaljer</div>",
"<div class=""text-muted text-center"">No Matching Bank Transactions Found</div>","<div class=""text-muted text-center"">Inga avstämda Bank Transaktioner hittades</div>",
"<div>
<h3> All dimensions in centimeter only </h3>
</div>","<div>
<h3> Alla mått endast i centimeter </h3>
</div>",
"<h3>About Product Bundle</h3>

<p>Aggregate group of <b>Items</b> into another <b>Item</b>. This is useful if you are bundling a certain <b>Items</b> into a package and you maintain stock of the packed <b>Items</b> and not the aggregate <b>Item</b>.</p>
<p>The package <b>Item</b> will have <code>Is Stock Item</code> as <b>No</b> and <code>Is Sales Item</code> as <b>Yes</b>.</p>
<h4>Example:</h4>
<p>If you are selling Laptops and Backpacks separately and have a special price if the customer buys both, then the Laptop + Backpack will be a new Product Bundle Item.</p>","<h3>Om Artikel Paket</h3>

<p>Paketera grupp av <b>artiklar</b> till annan <b>Artikel</b>. Det är användbart om man paketerar vissa <b>Artiklar</b> i paket och har lager av packade <b>Artiklar</b> och inte paketarad <b>Artikel</b></b>.</b>Artikel kommer att ha <b>Artikel</b>. <code>Är Lagerar Artikel</code> som <b>Nej</b> och <code>Är Försäljning Artikel</code> som <b>Ja</b>.</p>
<h4>Exempel:</h4>
<p>Om man säljer bärbara datorer och ryggsäckar separat och har specialpris om kunder köper båda, så kommer det att vara bärbar dator + ryggsäck som paket artikel.",
"<h3>Currency Exchange Settings Help</h3>
<p>There are 3 variables that could be used within the endpoint, result key and in values of the parameter.</p>
<p>Exchange rate between {from_currency} and {to_currency} on {transaction_date} is fetched by the API.</p>
<p>Example: If your endpoint is exchange.com/2021-08-01, then, you will have to input exchange.com/{transaction_date}</p>","<h3>Valutaväxling Inställningar Hjälp</h3>
<p>Det finns 3 variabler som kan användas av slutpunkt, resultat nyckel och i parameter värde.</p>
<p>Växelkurs mellan {from_currency} och {to_currency} {transaction_date} hämtas av API.</p>
<p>Exempel: Om slutpunkt är exchange.com/2021-08-01 måste du ange exchange.com/{transaction_date}</p>",
"<h4>Body Text and Closing Text Example</h4>

<div>We have noticed that you have not yet paid invoice {{sales_invoice}} for {{frappe.db.get_value(""Currency"", currency, ""symbol"")}} {{outstanding_amount}}. This is a friendly reminder that the invoice was due on {{due_date}}. Please pay the amount due immediately to avoid any further dunning cost.</div>

<h4>How to get fieldnames</h4>

<p>The fieldnames you can use in your template are the fields in the document. You can find out the fields of any documents via Setup &gt; Customize Form View and selecting the document type (e.g. Sales Invoice)</p>

<h4>Templating</h4>

<p>Templates are compiled using the Jinja Templating Language. To learn more about Jinja, <a class=""strong"" href=""http://jinja.pocoo.org/docs/dev/templates/"">read this documentation.</a></p>","<h4>Huvudtext och exempel på Avslutande Text</h4>

<div>Vi har märkt att ni ännu inte har betalat faktura {{sales_invoice}} för {{frappe.db.get_value(""Currency"", currency, ""symbol"")}} {{outstanding_amount}}. Detta är en vänlig påminnelse om att fakturan var förfallen {{due_date}}. Vänligen betala förfallen belopp omedelbart för att undvika ytterligare kostnader.</div>

<h4>Hur får man fältnamn</h4>

<p>Fältnamn man kan använda i mall är fält i dokument. Du kan ta reda på fält namn för alla dokument via Inställningar &gt; Anpassa formulärvy och välj dokument typ (t.ex. Försäljning Faktura)</p>

<h4>Mall</h4>

<p>Mallar kompileras med Jinja Templating Language. Om du vill veta mer om Jinja <a class=""strong"" href=""http://jinja.pocoo.org/docs/dev/templates/"">läs denna dokumentation.</a></p>",
"<h4>Contract Template Example</h4>

<pre>Contract for Customer {{ party_name }}

-Valid From : {{ start_date }} 
-Valid To : {{ end_date }}
</pre>

<h4>How to get fieldnames</h4>

<p>The field names you can use in your Contract Template are the fields in the Contract for which you are creating the template. You can find out the fields of any documents via Setup &gt; Customize Form View and selecting the document type (e.g. Contract)</p>

<h4>Templating</h4>

<p>Templates are compiled using the Jinja Templating Language. To learn more about Jinja, <a class=""strong"" href=""http://jinja.pocoo.org/docs/dev/templates/"">read this documentation.</a></p>","<h4>Exempel på Avtal Mall</h4>

<pre>Avtal för Kund {{ party_name }}

-Giltigt från: {{ start_date }}
-Gäller till: {{ end_date }}
</pre>

<h4>Hur får man fältnamn</h4>

<p>Fältnamn du kan använda i avtal mall är fält i avtal som du skapar mallen för. Du kan ta reda på fält namn för alla dokument via Inställningar &gt; Anpassa formulärvy  och välj dokument typ (t.ex. Avtal)</p>

<h4>Mall</h4>

<p>Mallar kompileras med Jinja Templating Language. Om du vill veta mer om Jinja <a class=""strong"" href=""http://jinja.pocoo.org/docs/dev/templates/"">läser du den här dokumentationen.</a></p>",
"<h4>Standard Terms and Conditions Example</h4>

<pre>Delivery Terms for Order number {{ name }}

-Order Date : {{ transaction_date }} 
-Expected Delivery Date : {{ delivery_date }}
</pre>

<h4>How to get fieldnames</h4>

<p>The fieldnames you can use in your email template are the fields in the document from which you are sending the email. You can find out the fields of any documents via Setup &gt; Customize Form View and selecting the document type (e.g. Sales Invoice)</p>

<h4>Templating</h4>

<p>Templates are compiled using the Jinja Templating Language. To learn more about Jinja, <a class=""strong"" href=""http://jinja.pocoo.org/docs/dev/templates/"">read this documentation.</a></p>","<h4>Exempel på Standard Villkor</h4>

<pre>Leverans Villkor för Order Nummer {{ name }}

-Order Datum: {{ transaction_date }}
-Förväntat Leverans Datum: {{ delivery_date }}
</pre>

<h4>Hur hämtas fältnamn</h4>

<p>Fältnamn som kan användas i E-post Mall är fält i Dokument som man skickar E-post meddelande från. Man kan ta reda på fält namn för alla dokument via Inställning &gt; Anpassa Formulär Vy och välja Dokument Typ (t.ex. Försäljning Faktura)</p>

<h4>Skriva Mallar</h4>

<p>Mallar kompileras med Jinja Mall Språk. Läs mer om Jinja dokumentation: <a class=""strong"" href=""http://jinja.pocoo.org/docs/dev/templates/""></a></p>",
"<h5 class=""text-muted uppercase"">Or</h5>","<h5 class=""text-muted uppercase"">Eller</h5>",
"<label class=""control-label"" style=""margin-bottom: 0px;"">Account Number Settings</label>","<label class=""control-label"" style=""margin-bottom: 0px;"">Konto Nummer Inställnigar</label>",
"<label class=""control-label"" style=""margin-bottom: 0px;"">Amount In Words</label>","<label class=""control-label"" style=""margin-bottom: 0px;"">Belopp i Ord</label>",
"<label class=""control-label"" style=""margin-bottom: 0px;"">Date Settings</label>","<label class=""control-label"" style=""margin-bottom: 0px;"">Datum Inställningar</label>",
"<p>In your <b>Email Template</b>, you can use the following special variables:
</p>
<ul>
        <li>
            <code>{{ update_password_link }}</code>: A link where your supplier can set a new password to log into your portal.
        </li>
        <li>
            <code>{{ portal_link }}</code>: A link to this RFQ in your supplier portal.
        </li>
        <li>
            <code>{{ supplier_name }}</code>: The company name of your supplier.
        </li>
        <li>
            <code>{{ contact.salutation }} {{ contact.last_name }}</code>: The contact person of your supplier.
        </li><li>
            <code>{{ user_fullname }}</code>: Your full name.
        </li>
    </ul>
<p></p>
<p>Apart from these, you can access all values in this RFQ, like <code>{{ message_for_supplier }}</code> or <code>{{ terms }}</code>.</p>","<p>I <b>E-post Mall</b> kan följande specialvariabler användas:
</p>
<ul>
<li>
 <code>{{ update_password_link }} </code>: Länk där leverantör kan ange nytt lösenord för att logga in på leverantör portal.
 </li>
 <li>
 <code>{{ portal_link }}</code>: Länk till offert begäran på leverantör portal.
 </li>
 <li>
 <code>{{ supplier_name }}</code>: Leverantör namn.
 </li>
 <li >
 <code>{{ contact.salutation }} {{ contact.last_name }}</code>: Kontakt person för leverantör.
 </li>
 <li>
 <code>{{ user_fullname } }</code>: Användarens fullständiga namn.
 </li>
 </ul>
<p>
</p>
<p>Förutom dessa kan man komma åt alla värden i offert begäran, som <code>{{ message_for_supplier }}</code> eller <code>{{ terms }}</code>.</p>",
"<pre><h5>Message Example</h5>

&lt;p&gt; Thank You for being a part of {{ doc.company }}! We hope you are enjoying the service.&lt;/p&gt;

&lt;p&gt; Please find enclosed the E Bill statement. The outstanding amount is {{ doc.grand_total }}.&lt;/p&gt;

&lt;p&gt; We don't want you to be spending time running around in order to pay for your Bill.<br>After all, life is beautiful and the time you have in hand should be spent to enjoy it!<br>So here are our little ways to help you get more time for life! &lt;/p&gt;

&lt;a href=""{{ payment_url }}""&gt; click here to pay &lt;/a&gt;

</pre>
","<pre><h5>Meddelande Exempel</h5>

&lt;p&gt; Tack för att ni är en del av {{ doc.company }}! Vi hoppas att ni gillar tjänst.&lt;/p&gt;

&lt;p&gt; Vänligen se bifogat E-faktura. Utestående belopp är {{ doc.grand_total }}.&lt;/p&gt;

&lt;p&gt; Vi vill inte att ni ska spendera tid med att springa runt för att betala faktura.<br>Livet är trots allt vackert och den tid man har bör spenderas för att njuta av livet!<br>Så här är våra små sätt att hjälpa er att få mer tid för livet! &lt; /p&gt;

&lt;a href=""{{ payment_url }}""&gt; klicka här för att betala &lt;/a&gt;

</pre>",
"<pre><h5>Message Example</h5>

&lt;p&gt;Dear {{ doc.contact_person }},&lt;/p&gt;

&lt;p&gt;Requesting payment for {{ doc.doctype }}, {{ doc.name }} for {{ doc.grand_total }}.&lt;/p&gt;

&lt;a href=""{{ payment_url }}""&gt; click here to pay &lt;/a&gt;

</pre>
","<pre><h5>Meddelande Exempel</h5>

&lt;p&gt;Hej {{ doc.contact_person }},&lt;/p&gt;

&lt;p&gt;Begär betalning för {{ doc.doctype }}, {{ doc.name }} för {{ doc.grand_total }}.&lt;/p&gt;

&lt;a href=""{{ payment_url }}""&gt; klicka här för att betala &lt;/a&gt;

</pre>",
"<table class=""table table-bordered table-condensed"">
<thead>
  <tr>
         <th class=""table-sr"" style=""width: 50%;"">Child Document</th>
         <th class=""table-sr"" style=""width: 50%;"">Non Child Document</th>
   </tr>
</thead>
<tbody>
<tr>
         <td>
                  <p> To access parent document field use parent.fieldname and to access child table document field use doc.fieldname </p>

         </td>
         <td>
                    <p>To access document field use doc.fieldname </p>
         </td>
</tr>
<tr>
        <td>
                   <p><b>Example: </b> parent.doctype == ""Stock Entry"" and doc.item_code == ""Test"" </p>

        </td>
         <td>
                   <p><b>Example: </b> doc.doctype == ""Stock Entry"" and doc.purpose == ""Manufacture""</p>    
          </td>
</tr>

</tbody>
</table>






","<thead>
  <tr>
         <th class=""table-sr"" style=""width: 50%;"">Underordnad Dokument</th>
         <th class=""table-sr"" style=""width: 50%;"">Överordnad Dokument</th>
   </tr>
</thead>
<tbody>
<tr>
         <td>
                  <p>För att komma åt överordnad dokument fält använd parent.fieldname och för att komma åt underordnad dokument fält använd doc.fieldname </p>

         </td>
         <td>
                    <p>För att komma åt dokument fält använd doc.fieldname </p>
         </td>
</tr>
<tr>
        <td>
                   <p><b>Exampel: </b> parent.doctype == ""Stock Entry"" and doc.item_code == ""Test"" </p>

        </td>
         <td>
                   <p><b>Exampel: </b> doc.doctype == ""Stock Entry"" and doc.purpose == ""Produktion""</p>    
          </td>
</tr>

</tbody>
</table>",
"A Price List is a collection of Item Prices either Selling, Buying, or both","Prislista är samling av artikel priser som antingen säljs, köpes eller båda",
"A Product or a Service that is bought, sold or kept in stock.","En produkt eller en tjänst som köps, säljs eller hålls i lager.",
A condition for a Shipping Rule,En förutsättning för en frakt Regel,
A customer must have primary contact email.,Kund måste ha primär kontakt e-post adress.,
A logical Warehouse against which stock entries are made.,Ett logiskt lager mot vilken lagerposter görs.,
A third party distributor / dealer / commission agent / affiliate / reseller who sells the companies products for a commission.,En tredjepartsdistributör/återförsäljare/kommissionär/influencer som säljer företagets produkter mot provision.,
A+,A+,
A-,A-,
A4,A4,
AB+,AB+,
AB-,AB-,
ACC-AML-.YYYY.-,ACC-AML-.YYYY.-,
ACC-ASR-.YYYY.-,ACC-ASR-.YYYY.-,
ACC-ASS-.YYYY.-,ACC-ASS-.YYYY.-,
ACC-BTN-.YYYY.-,ACC-BTN-.YYYY.-,
ACC-JV-.YYYY.-,ACC-JV-.YYYY.-,
ACC-PAY-.YYYY.-,ACC-PAY-.YYYY.-,
ACC-PINV-.YYYY.-,ACC-PINV-.YYYY.-,
ACC-PINV-RET-.YYYY.-,ACC-PINV-RET-.YYYY.-,
ACC-PRQ-.YYYY.-,ACC-PRQ-.YYYY.-,
ACC-PSINV-.YYYY.-,ACC-PSINV-.ÅÅÅÅ.-,
ACC-SH-.YYYY.-,ACC-SH-.YYYY.-,
ACC-SINV-.YYYY.-,ACC-SINV-.YYYY.-,
ACC-SINV-RET-.YYYY.-,ACC-SINV-RET-.YYYY.-,
AMC Expiry Date,AMC Förfallodatum,
API,API,
API Details,API Detaljer,
API Endpoint,API slutpunkt,
API Key,API-nyckel,
AWB Number,AWB Nummer,
Abbr,Förkortning,
Abbreviation,Förkortning,
About,Om,
Academics User,Akademisk - användare,
Acceptance Criteria Formula,Acceptans Kriterier Formel,
Acceptance Criteria Value,Acceptans Kriterier Värde,
Accepted,Godkända,
Accepted Qty,Godkänd antal,
Accepted Qty in Stock UOM,Godkänd Kvantitet (per Lager Enhet),
Accepted Quantity,Godkänd kvantitet,
Accepted Warehouse,Godkänt lager,
Access Key,Åtkomst Nyckel,
Account,konto,
Account Balance,Balanskonto,
Account Balance (From),Konto Saldo (Från),
Account Balance (To),Konto Saldo (Till),
Account Closing Balance,Konto Stängning Saldo,
Account Currency,Konto Valuta,
Account Currency (From),Konto Valuta (Från),
Account Currency (To),Konto Valuta (Till),
Account Details,Kontouppgifter,
Account Head,Kontohuvud,
Account Manager,Kontohanterare,
Account Name,Kontonamn,
Account Number,Kontonummer,
Account Opening Balance,Öppning Saldo,
Account Paid From,Konto betalas från,
Account Paid To,Konto betalt för att,
Account Subtype,Kontotyp,
Account Type,Användartyp,
Account for Change Amount,Konto för förändring Belopp,
Accounting,Redovisning,
Accounting Details,Redovisning Detaljer,
Accounting Dimension,Redovisningsdimension,
Accounting Dimension Detail,Redovisningsdimensiondetalj,
Accounting Dimension Filter,Bokföring Dimension Filter,
Accounting Dimensions,Redovisningsdimensioner,
Accounting Dimensions ,Redovisningsdimensioner,
Accounting Dimensions Filter,Bokföring Dimension Filter,
Accounting Entries,Bokföringsposter,
Accounting Period,Redovisningsperiod,
Accounting entries are frozen up to this date. Nobody can create or modify entries except users with the role specified below,Bokföringsposter är frusna fram till detta datum. Ingen kan skapa eller ändra poster förutom användare med rollen som anges nedan,
Accounts,konton,
Accounts Closing,Bokföring Låsning,
Accounts Frozen Till Date,Konton frysta till datum,
Accounts Manager,Account Manager,
Accounts Payable,Leverantörsreskontra,
Accounts Payable Summary,Leverantörsreskontra Sammanfattning,
Accounts Receivable,Kundreskontra,
Accounts Receivable Credit Account,Kundfordringar Kreditkonto,
Accounts Receivable Discounted Account,Kundfordringar Rabatterat konto,
Accounts Receivable Summary,Kundfordringar Sammanfattning,
Accounts Receivable Unpaid Account,Kundfordringar Obetalt konto,
Accounts Receivable/Payable,Fordringar/Skulder,
Accounts Settings,Kontoinställningar,
Accounts User,Användare,
Accounts to Merge,Konton som ska Slås Samman,
Accumulated Depreciation,Ackumulerade avskrivningar,
Accumulated Depreciation Account,Ackumulerade avskrivningar konto,
Accumulated Depreciation Amount,Ackumulerade avskrivningar Belopp,
Acquisition Date,förvärvs~~POS=TRUNC,
Action,Åtgärd,
Action If Quality Inspection Is Not Submitted,Åtgärd om kvalitetskontroll inte lämnas in,
Action If Quality Inspection Is Rejected,Åtgärd om Kvalitet Kontroll är Avvisad,
Action If Same Rate is Not Maintained,Åtgärd om Marginal inte Bibehålls,
Action if Accumulated Monthly Budget Exceeded on Actual,Åtgärd om ackumulerad månadsbudget överskrider faktiska,
Action if Accumulated Monthly Budget Exceeded on MR,Åtgärd om ackumulerad månadsbudget överskrider MR,
Action if Accumulated Monthly Budget Exceeded on PO,Åtgärd om ackumulerad månadsbudget överskrider PO,
Action if Annual Budget Exceeded on Actual,Åtgärd om årlig budget överskred på faktiska,
Action if Annual Budget Exceeded on MR,Åtgärd om årlig budget överskrider MR,
Action if Annual Budget Exceeded on PO,Åtgärd om årlig budget överskrider PO,
Action if Same Rate is Not Maintained Throughout Sales Cycle,Åtgärd om samma Pris inte bibehålls under Försäljning,
Actions,Åtgärder,
Actions performed,Åtgärder utförda,
Active,Aktiv,
Active Status,Aktiv Status,
Activities,verksamhet,
Activity,Aktivitet,
Activity Cost,Aktivitetskostnad,
Activity Type,Aktivitetstyp,
Actual,Faktisk,
Actual Batch Quantity,Faktiskt antal mängder,
Actual Date,Faktiskt Datum,
Actual End Date,Faktiskt Slutdatum,
Actual End Date (via Timesheet),Faktisk Slutdatum (via Tidrapportering),
Actual End Time,Faktiskt Sluttid,
Actual Operating Cost,Faktisk driftkostnad,
Actual Operation Time,Faktisk driftstid,
Actual Qty,Faktiska Antal,
Actual Qty (at source/target),Faktiska Antal (vid källa/mål),
Actual Qty in Warehouse,Faktisk Kvantitet på Lager,
Actual Start Date,Faktiskt startdatum,
Actual Start Date (via Timesheet),Faktiska startdatum (via Tidrapportering),
Actual Start Time,Faktisk starttid,
Actual Time,Verklig Tid,
Actual Time and Cost,Faktisk tid och kostnad,
Actual Time in Hours (via Timesheet),Faktisk tid (i timmar),
Add,Lägga till,
Add Corrective Operation Cost in Finished Good Valuation,Lägg till Korrigerande Driftkostnad i Färdig Artikel,
Add Local Holidays,Lägg till Lokal Helgdag,
Add Manually,Lägg till Manuellt,
Add Or Deduct,Lägg till eller Dra av,
Add Quote,Lägg Citat,
Add Serial / Batch Bundle,Lägg till Serie / Parti Paket,
Add Serial / Batch No,Lägg till Serie/Parti Nummer,
Add Serial / Batch No (Rejected Qty),Lägg till Serie/Parti Nummer (Avvisad Kvantitet),
Add Template,Lägg till Mall,
Add Weekly Holidays,Lägg till veckovisa helgdagar,
Add or Deduct,Lägg till eller dra av,
Add to Holidays,Lägg till helgdagar,
Add to Transit,Lägg till i kollektivtrafik,
Added By,Lagt till Av,
Added On,Tillagd,
Additional Asset Cost,Extra Tillgång Kostnad,
Additional Cost,Extra kostnad,
Additional Cost Per Qty,Extra Kostnad per Kvantitet,
Additional Costs,Merkostnader,
Additional Data,Extra Data,
Additional Details,ytterligare detaljer,
Additional Discount,Ytterligare rabatt,
Additional Discount Amount,Ytterligare rabattbelopp,
Additional Discount Amount (Company Currency),Ytterligare rabattbeloppet (Företagsvaluta),
Additional Discount Percentage,Ytterligare rabattprocent,
Additional Info,Extra Information,
Additional Information,ytterligare information,
Additional Notes,Ytterligare anmärkningar,
Additional Operating Cost,Ytterligare driftkostnader,
Additional information regarding the customer.,Ytterligare information om kunden.,
Address,Adress,
Address & Contact,Adress och kontakt,
Address & Contacts,Adress och kontakter,
Address Desc,Adress fallande,
Address HTML,Adress HTML,
Address Line 1,Adress Linje 1,
Address Line 2,Adress Linje 2,
Address Name,Adressnamn,
Address and Contact,Adress och Kontakt,
Address and Contacts,Adress och kontakter,
Address used to determine Tax Category in transactions,Adress som används för att bestämma skattekategori i transaktioner,
Administrator,Administratör,
Advance Account,Förskottskonto,
Advance Amount,Förskottsmängd,
Advance Paid,Förskottsbetalning,
Advance Payment Date,Förskott Betalning Datum,
Advance Payment Ledger Entry,Förskottsbetalning Register Post,
Advance Payments,Förskottsbetalningar,
Advance Tax,Förskott Moms,
Advance Taxes and Charges,Förskott Moms och Avgifter,
Advance amount,Förskottsmängd,
Advance payments allocated against orders will only be fetched,Förskott betalningar allokerade mot order kommer att hämtas,
Advanced Settings,Avancerade inställningar,
Advances,Förskott,
Affected Transactions,Berörda Transaktioner,
Against,Mot,
Against Account,Mot Konto,
Against Blanket Order,Mot filtorder,
Against Delivery Note Item,Mot leveransnota,
Against Docname,Mot doknamn,
Against Doctype,Mot Doctype,
Against Document Detail No,Mot Dokument Detalj nr,
Against Document No,Mot Dokument nr,
Against Expense Account,Mot utgiftskonto,
Against Income Account,Mot Inkomst konto,
Against Sales Invoice,Mot fakturan,
Against Sales Invoice Item,Mot fakturaprodukt,
Against Sales Order,Mot kundorder,
Against Sales Order Item,Mot Försäljningvara,
Against Stock Entry,Mot aktieinmatning,
Against Voucher,Mot Kupong,
Against Voucher No,Mot Verifikat Nummer,
Against Voucher Type,Mot Kupongtyp,
Ageing Based On,Åldring Baserad på,
Agenda,Dagordning,
Agent Busy Message,Agent Upptaget Meddelande,
Agent Details,Agentinformation,
Agent Group,Agent Grupp,
Agent Unavailable Message,Agent Otillgänglig Meddelande,
Agents,agenter,
Aggregate a group of Items into another Item. This is useful if you are maintaining the stock of the packed items and not the bundled item,Paketera flera Artiklar till ett annat Artikel. Användbart om lager baseras på packade artiklar och inte ingående artiklar,
Agriculture Manager,Jordbrukschef,
Agriculture User,Jordbrukare,
Algorithm,Algoritm,
All,Allt,
All Activities,Alla Aktivitet,
All Activities HTML,Alla Aktivitet HTML,
All Contact,Alla Kontakter,
All Customer Contact,Alla Kundkontakt,
All Employee (Active),Personal (aktiv),
All Lead (Open),Alla Ledare (Öppna),
All Sales Partner Contact,Alla försäljningspartners kontakter,
All Sales Person,Alla försäljningspersonal,
All Sales Transactions can be tagged against multiple Sales Persons so that you can set and monitor targets.,Alla försäljning transaktioner kan taggas mot flera säljare för att ange och övervaka mål.,
All Supplier Contact,Alla Leverantörskontakter,
All allocations have been successfully reconciled,Alla tilldelningar är avstämda,
All the Comments and Emails will be copied from one document to another newly created document(Lead -> Opportunity -> Quotation) throughout the CRM documents.,Alla kommentarer och E-post meddelande kommer att kopieras från ett dokument till ett annat nyskapad dokument (Potentiell Kund -> Möjlighet -> Försäljning Offert) genom hela Säljstöd process.,
Allocate Advances Automatically (FIFO),Tilldela förskott automatiskt (FIFO),
Allocate Payment Based On Payment Terms,Tilldela betalning baserat på betalningsvillkor,
Allocated,Tilldelad,
Allocated Amount,Avsatt mängd,
Allocated Entries,Tilldelade Poster,
Allocated amount,Avsatt mängd,
Allocation,Tilldelning,
Allocations,Tilldelningar,
Allow,Tillåt,
Allow Account Creation Against Child Company,Tillåt att konto skapas mot barnföretag,
Allow Alternative Item,Tillåt alternativ artikel,
Allow Continuous Material Consumption,Tillåt Kontinuerlig Material Förbrukning,
Allow Excess Material Transfer,Tillåt Överflödig Material Överföring,
Allow In Returns,Tillåt Returer,
Allow Internal Transfers at Arm's Length Price,Tillåt Interna Överföringar till Marknad Pris,
Allow Item To Be Added Multiple Times in a Transaction,Tillåt att objekt läggs till flera gånger i en transaktion,
Allow Item to be Added Multiple Times in a Transaction,Tillåt att Artikel läggs till flera gånger i Transaktion,
Allow Lead Duplication based on Emails,Tillåt Potentiella Kunder Duplicering baserat på E-post Meddelande,
Allow Material Transfer from Delivery Note to Sales Invoice,Tillåt materialöverföring från leveransnot till försäljningsfaktura,
Allow Material Transfer from Purchase Receipt to Purchase Invoice,Tillåt materialöverföring från inköpskvitto till inköpsfaktura,
Allow Multiple Sales Orders Against a Customer's Purchase Order,Tillåt flera försäljningsorder mot en kunds inköpsorder,
Allow Negative Stock,Tillåt Negativ lager,
Allow Negative rates for Items,Tillåt Negativa Priser för Artiklar,
Allow Or Restrict Dimension,Tillåt eller Begränsa Dimension,
Allow Overtime,Tillåt övertid,
Allow Partial Reservation,Tillåt Partiell Reservation,
Allow Production on Holidays,Tillåt Produktion på helgdagar,
Allow Purchase,Tillåt Inköp,
Allow Purchase Invoice Creation Without Purchase Order,Tillåt skapande av faktura utan inköpsorder,
Allow Purchase Invoice Creation Without Purchase Receipt,Tillåt skapande av inköpsfaktura utan inköpskvitto,
Allow Rename Attribute Value,Tillåt Byt namn på attributvärde,
Allow Resetting Service Level Agreement,Tillåt återställning av servicenivåavtal,
Allow Sales,Tillåt Försäljning,
Allow Sales Invoice Creation Without Delivery Note,Tillåt skapande av försäljningsfaktura utan leveransnot,
Allow Sales Invoice Creation Without Sales Order,Tillåt skapande av försäljningsfaktura utan försäljningsorder,
Allow Sales Order Creation For Expired Quotation,Tillåt att Försäljning Order skapas för Förfallen Försäljning Offert,
Allow Stale Exchange Rates,Tillåt inaktuella valutakurser,
Allow UOM with Conversion Rate Defined in Item,Tillåt Enhet med Konvertering Sats definierad i Artikel,
Allow User to Edit Discount,Tillåt Användare att Redigera Rabatt,
Allow User to Edit Price List Rate in Transactions,Låt användaren redigera prislista i transaktioner,
Allow User to Edit Rate,Tillåt Användare att Redigera Pris,
Allow Zero Rate,Tillåt Noll Pris,
Allow Zero Valuation Rate,Tillåt nollvärderingsfrekvens,
Allow existing Serial No to be Manufactured/Received again,Tillåt att befintligt serienummer produceras/tas emot igen,
Allow material consumptions without immediately manufacturing finished goods against a Work Order,Tillåt Material Förbrukning utan att omedelbart producera färdiga artiklar mot Arbetsorder,
Allow multi-currency invoices against single party account ,Tillåt Fler Valuta Fakturor mot Parti Konto,
Allow to Edit Stock UOM Qty for Purchase Documents,Tillåt att redigera Lager Enhet Kvantitet för Inköp Dokument,
Allow to Edit Stock UOM Qty for Sales Documents,Tillåt att redigera Lager Enhet Kvantitet för Försäljning Dokument,
Allow transferring raw materials even after the Required Quantity is fulfilled,Tillåt överföring av råmaterial även efter att Erfordrad Kvantitet är uppfylld,
Allowed,Tillåten,
Allowed Dimension,Tillåten Dimension,
Allowed Doctypes,Tillåtna Dokument,
Allowed To Transact With,Tillåtet att handla med,
Allows to keep aside a specific quantity of inventory for a particular order.,Tillåter reservation av specifierad artikel kvantitet för angiven order.,
Alternative Item Code,Alternativ produktkod,
Alternative Item Name,Alternativt artikelnamn,
Amended From,Ändrat Från,
Amount,Mängd,
Amount (Company Currency),Belopp (Företagsvaluta),
Amount Difference,mängd Skillnad,
Amount Difference with Purchase Invoice,Belopp Skillnad mot Inköp Faktura,
Amount Eligible for Commission,Provision Belopp,
Amount In Figure,Belopp I figur,
Amount in Account Currency,Belopp i Konto Valuta,
Amount in party's bank account currency,Belopp i partens Bank Konto Valuta,
Amount in transaction currency,Belopp i transaktion valuta,
Amounts,Belopp,
An Item Group is a way to classify items based on types.,Artikel grupp är ett sätt att klassificera artiklar baserat på typer.,
Annual Expenses,årliga kostnader,
Annual Income,Årlig inkomst,
Annual Revenue,Årlig Omsätning,
Applicable Charges,Tillämpliga avgifter,
Applicable Dimension,Tillämpad Dimension,
Applicable For,Tillämplig för,
Applicable Holiday List,Tillämplig kalender,
Applicable Modules,Tillämpliga moduler,
Applicable On Account,Tillämplig På Konto,
Applicable To (Designation),Är tillämpligt för (Destination),
Applicable To (Employee),Är tillämpligt för (anställd),
Applicable To (Role),Är tillämpligt för (Roll),
Applicable To (User),Är tillämpligt för (Användare),
Applicable for Countries,Gäller Länder,
Applicable for Users,Gäller för användare,
Applicable for external driver,Gäller för extern drivrutin,
Applicable on Material Request,Gäller på materialförfrågan,
Applicable on Purchase Order,Gäller på inköpsorder,
Applicable on booking actual expenses,Gäller vid bokning av faktiska utgifter,
Applied on each reading.,Tillämpas vid varje läsning.,
Applies To,Tillämpas På,
Apply Additional Discount On,Applicera ytterligare rabatt på,
Apply Discount On,Tillämpa rabatt på,
Apply Discount on Discounted Rate,Tillämpa rabatt på rabatterat pris,
Apply Discount on Rate,Tillämpa rabatt på pris,
Apply Multiple Pricing Rules,Tillämpa flera prissättningsregler,
Apply On,Applicera på,
Apply Putaway Rule,Tillämpa Lägg Undan Regel,
Apply Recursion Over (As Per Transaction UOM),Tillämpa Rekursion Över (per Transaktion Enhet),
Apply Rule On Brand,Tillämpa regel om märke,
Apply Rule On Item Code,Tillämpa regel om artikelkod,
Apply Rule On Item Group,Tillämpa regel om artikelgrupp,
Apply Rule On Other,Tillämpa regel på andra,
Apply SLA for Resolution Time,Tillämpa Service Nivå Avtal för Resolution Tid,
Apply TDS,Tillämpa TDS,
Apply Tax Withholding Amount,Applicera Skatteavdrag Belopp,
Apply Tax Withholding Amount ,Tillämpa Moms Avdrag Belopp,
Apply restriction on dimension values,Tillämpa begränsning på dimension värde,
Apply to All Inventory Documents,Tillämpa på Alla Lager Dokument,
Apply to Document,Tillämpa på Dokument,
Appointment,Utnämning,
Appointment Booking Settings,Inställningar för bokning av möten,
Appointment Booking Slots,Utnämning Bokning Slots,
Appointment Details,Utnämningsuppgifter,
Appointment Duration (In Minutes),Utnämningstid (inom några minuter),
Appointment With,Möte med,
Approving Role (above authorized value),Godkännande Roll (ovan auktoriserad värde),
Approving User  (above authorized value),Godkännande Användare (ovan auktoriserad värde),
Approximately match the description/party name against parties,Ungefärlig avstämning av beskrivning/partinamn mot parti,
Apps,Appar,
Area,Område,
Area UOM,Område UOM,
As per Stock UOM,Per Stock UOM,
Assembly Items,Montering Artiklar,
Asset,Tillgång,
Asset Account,Tillgångskonto,
Asset Activity,Tillgång Aktivitet,
Asset Capitalization,Tillgång Bokning,
Asset Capitalization Asset Item,Tillgång Bokning Tillgång Post,
Asset Capitalization Service Item,Tillgång Bokning Service Post,
Asset Capitalization Stock Item,Tillgång Bokning Lager Post,
Asset Category,tillgångsslag,
Asset Category Account,Tillgångsslag konto,
Asset Category Name,Asset Kategori Namn,
Asset Depreciation Cost Center,Avskrivning kostnadsställe,
Asset Depreciation Details,Tillgång Avskrivning Detaljer,
Asset Depreciation Ledger,Avskrivning Ledger,
Asset Depreciation Schedule,Tillgång Avskrivning Schema,
Asset Depreciations and Balances,Asset Avskrivningar och saldon,
Asset Details,Tillgångsuppgifter,
Asset Finance Book,Asset Finance Book,
Asset Location,Asset Location,
Asset Maintenance,Asset Maintenance,
Asset Maintenance Log,Asset Maintenance Log,
Asset Maintenance Task,Asset Maintenance Task,
Asset Maintenance Team,Asset Maintenance Team,
Asset Movement,Asset Rörelse,
Asset Movement Item,Objektrörelsepost,
Asset Name,tillgångs Namn,
Asset Naming Series,Asset Naming Series,
Asset Owner,Tillgångsägare,
Asset Owner Company,Asset Owner Company,
Asset Quantity,Tillgång Antal,
Asset Received But Not Billed,Tillgång mottagen men ej fakturerad,
Asset Repair,Asset Repair,
Asset Repair Consumed Item,Tillgång Bokning Förbrukad Post,
Asset Settings,Tillgång Inställningar,
Asset Shift Allocation,Tillgång Skift Tilldelning,
Asset Shift Factor,Tillgång Förskjutning Faktor,
Asset Status,Asset Status,
Asset Value,Tillgångsvärde,
Asset Value Adjustment,Värdetillgång för tillgångar,
Assets,Tillgångar,
Assign To,Tilldela till,
Assign to Name,Tilldela namn,
Assignment Conditions,Tilldelning Villkor,
"Attach .csv file with two columns, one for the old name and one for the new name","Bifoga CSV-fil med två kolumner, en för det gamla namnet och en för det nya namnet",
Attach custom Chart of Accounts file,Bifoga anpassad kontoplan,
Attachment,Bifogning,
Attendance & Leaves,Närvaro & Ledighet,
Attendance Device ID (Biometric/RF tag ID),Deltagande enhets-ID (biometrisk / RF-tag-ID),
Attribute,Attribut,
Attribute Name,Attribut Namn,
Attribute Value,Attribut Värde,
Auditor,Redigerare,
Authorised By,Auktoriserad av,
Authorization Control,Behörighetskontroll,
Authorization Rule,Auktoriseringsregel,
Authorized Value,Auktoriserad Värde,
Auto Create Assets on Purchase,Skapa tillgångar automatiskt vid köp,
Auto Create Exchange Rate Revaluation,Automatiskt Skapa Valuta Växling Kurs Omvärdering,
Auto Create Purchase Receipt,Automatiskt Skapa Inköp Följesedel,
Auto Create Serial and Batch Bundle For Outward,Automatiskt Skapa Serie Nummer och Parti Paket för Försäljning,
Auto Create Subcontracting Order,Automatiskt Skapa Underleverantör Order,
Auto Created,Automatisk skapad,
Auto Created Serial and Batch Bundle,Automatiskt Skapad Serie och Parti Paket,
Auto Creation of Contact,Automatiskt Skapa Kontakt,
Auto Insert Item Price If Missing,Automatiskt Infoga Artikel Pris om det saknas,
Auto Material Request,Automaterialförfrågan,
Auto Name,Automatiskt,
Auto Opt In (For all customers),Auto Opt In (för alla kunder),
Auto Reconcile Payments,Automatisk Betalning Avstämning,
Auto Reconciliation Job Trigger,Automatisk Avstämning Jobb Utlösare,
Auto Repeat,Auto Repeat,
Auto Repeat Detail,Auto Repeat Detail,
Auto Reserve Serial and Batch Nos,Automatisk Reservera Serie och Parti Nummer,
Auto Reserve Stock for Sales Order on Purchase,Automatisk Reservera Lager för Försäljning Order vid Inköp,
Auto close Opportunity Replied after the no. of days mentioned above,Automatiskt Stäng Besvarad Möjlighet efter ovan angivet antal dagar,
Auto match and set the Party in Bank Transactions,Automatiskt avstäm och ange Parti i Bank Transaktioner,
Auto re-order,Auto återbeställning,
Auto write off precision loss while consolidation,Automatisk Avskrivning Precision av Förlust under Konsolidering,
Automatically Add Filtered Item To Cart,Automatiskt Lägg till Filtrerad Artikel till Kundkorg,
Automatically Add Taxes and Charges from Item Tax Template,Lägg automatiskt till skatter och avgifter från artikelskattmallen,
Automatically Create New Batch,Skapa automatiskt nytt parti,
Automatically Fetch Payment Terms from Order,Automatikt Hämta Betalning Villkor från Order,
Automatically Process Deferred Accounting Entry,Bearbeta uppskjutna bokföringsposter automatiskt,
Automatically post balancing accounting entry,Automatiskt skapa balans bokföring post,
Availability Of Slots,Tillgänglighet till slots,
Available Batch Qty at From Warehouse,Finns Batch Antal på From Warehouse,
Available Batch Qty at Warehouse,Tillgänglig Batch Antal vid Lager,
Available Batch Report,Tillgänglig Parti Rapport,
Available Qty,Tillgång Antal,
Available Qty For Consumption,Tillgänglig Kvantitet för Förbrukning,
Available Qty at Company,Tillgänglig Kvantitet,
Available Qty at Source Warehouse,Tillgänglig kvantitet vid källlagret,
Available Qty at Target Warehouse,Tillgänglig Kvantitet på Till Lager,
Available Qty at WIP Warehouse,Tillgänglig mängd vid WIP Warehouse,
Available Qty at Warehouse,Tillgång Antal vid Lager,
Available Qty to Reserve,Tillgängligt Kvantitet att Reservera,
Available Quantity,tillgänglig kvantitet,
Available Stock for Packing Items,Tillgängligt lager för förpackningsprodukter,
Available-for-use Date,Tillgänglig för användning Datum,
Average Commission Rate,Genomsnittligt commisionbetyg,
Average Discount,Genomsnittlig rabatt,
Average Response Time,Genomsnittlig svarstid,
Average time taken by the supplier to deliver,Genomsnittlig tid det tar för leverantören att leverera,
Avg Rate,Genomsnittlig Pris,
B+,B +,
B-,B-,
BIN Qty,Lager Kvantitet,
BOM,BOM,
BOM Comparison Tool,BOM-jämförelseverktyg,
BOM Created,Stycklista Skapad,
BOM Creator,Stycklista Generator,
BOM Creator Item,Stycklista Generator Post,
BOM Detail No,BOM Detalj nr,
BOM Explorer,BOM Explorer,
BOM Explosion Item,BOM Explosions Punkt,
BOM Info,Stycklista Information,
BOM Item,BOM Punkt,
BOM No,BOM nr,
BOM No. for a Finished Good Item,BOM nr för ett Färdigt objekt,
BOM Operation,BOM Drift,
BOM Operations Time,BOM-driftstid,
BOM Scrap Item,BOM Scrap Punkt,
BOM Search,BOM Sök,
BOM Stock Calculated,BOM lager beräknad,
BOM Stock Report,BOM Stock Report,
BOM Tree,Stycklista Träd,
BOM Update Batch,Stycklista Uppdatera Parti,
BOM Update Log,Stycklista Uppdatering Logg,
BOM Update Tool,BOM Update Tool,
BOM Update Tool Log with job status maintained,Stycklista Uppdatering Verktyg Logg med jobb status upprätthållen,
BOM Variance Report,BOM-variansrapport,
BOM Website Item,BOM Website Post,
BOM Website Operation,BOM Webbplats Operation,
BOM and Production,Stycklista & Produktion,
BOMs Updated,Stycklista Uppdaterad,
Backflush Raw Materials Based On,Återrapportering Råvaror Based On,
Backflush Raw Materials From Work-in-Progress Warehouse,Backflush råvaror från arbets-i-lager lager,
Backflush Raw Materials of Subcontract Based On,Backflush råvaror av underleverantör baserat på,
Balance In Account Currency,Balans i kontovaluta,
Balance In Base Currency,Balans i basvaluta,
Balance Qty,Balans antal,
Balance Sheet,Balansräkning,
Balance Sheet Summary,Balans Rapport Översikt,
Balance Stock Value,Saldo Lager Värde,
Balance must be,Balans måste vara,
Bank,Bank,
Bank / Cash Account,Bank / Konto,
Bank A/C No.,Bank A / C nr,
Bank Account,Bankkonto,
Bank Account Details,Bankkontouppgifter,
Bank Account Info,Bankkontoinformation,
Bank Account No,Bankkontonummer,
Bank Account Subtype,Bankkontots undertyp,
Bank Account Type,Bankkontotyp,
Bank Balance,Banksaldo,
Bank Charges,Bankavgifter,
Bank Charges Account,Bankkontokonto,
Bank Clearance,Bankklarering,
Bank Clearance Detail,Bankklareringsdetalj,
Bank Clearance Summary,Banken Clearance Sammanfattning,
Bank Credit Balance,Bankens kreditbalans,
Bank Details,Bankuppgifter,
Bank Entry,Bank anteckning,
Bank Guarantee,Bankgaranti,
Bank Guarantee Number,Bankgaranti nummer,
Bank Guarantee Type,Bankgaranti Typ,
Bank Name,Bank namn,
Bank Reconciliation Statement,Bank Avstämning Uttalande,
Bank Reconciliation Tool,Bank Avstämning Verktyg,
Bank Statement Import,Bank Avstämning Import,
Bank Transaction,Banktransaktion,
Bank Transaction Mapping,Kartläggning av banktransaktioner,
Bank Transaction Payments,Banktransaktionsbetalningar,
Bank/Cash Account,Bank / Kassa Konto,
Banking,Bank,
Barcode,Streckkod,
Barcode Type,Streckkodstyp,
Barcodes,Streckkoder,
Base Amount,Bas Belopp,
Base Amount (Company Currency),Basbelopp (företagets valuta),
Base Change Amount (Company Currency),Basförändring Belopp (Company valuta),
Base Cost Per Unit,Bas Kostnad per Enhet,
Base Hour Rate(Company Currency),Base Hour Rate (Company valuta),
Base Rate,Bas Pris,
Base Tax Withholding Net Total,Bas Netto Totalt Ex Moms,
Base Total Billable Amount,Bas Totalt Fakturerbar Belopp,
Base Total Billed Amount,Bas Totalt Fakturerad Belopp,
Base Total Costing Amount,Bas Totalt Kostnad Belopp,
Base URL,Basadress,
Based On,Baserat På,
Based On Payment Terms,Baserat på Betalningsvillkor,
Based On Price List,Baserat på prislista,
Based On Value,Baserad på Värde,
Basic Amount,BASBELOPP,
Basic Amount (Company Currency),Grundbelopp (Company valuta),
Basic Rate (Company Currency),Baskurs (Företagsvaluta),
Basic Rate (as per Stock UOM),Basic Rate (enligt Stock UOM),
Batch,Batch,
Batch Description,Batch Beskrivning,
Batch Details,Partiinformation,
Batch ID,Batch-ID,
Batch Item Expiry Status,Batch Punkt Utgångs Status,
Batch No,Batch nr,
Batch No.,Parti Nummer,
Batch Number Series,Batch Number Series,
Batch Quantity,Partimängd,
Batch Size,Satsstorlek,
Batch UOM,Batch UOM,
Batch and Serial No,Parti och Serie Nummer,
Batch-Wise Balance History,Batchvis Balans Historik,
Before reconciliation,Innan avstämning,
Begin On (Days),Börja på (dagar),
Beginning of the current subscription period,Början av aktuell prenumeration period,
Bill Date,Faktureringsdatum,
Bill No,Fakturanr,
Bill for Rejected Quantity in Purchase Invoice,Faktura för Avvisad Kvantitet i Inköp Faktura,
Billed,Fakturerad,
Billed Amount,Fakturerat antal,
Billed Amt,Fakturerat ant.,
Billed Items To Be Received,Fakturerade Artiklar att Ta Emot,
"Billed, Received & Returned","Fakturerad,Mottagen & Returnerad",
Billing Address,Fakturaadress,
Billing Address Details,Faktura Adress Detaljer,
Billing Address Name,Faktureringsadress Namn,
Billing Amount,Fakturerings Mängd,
Billing City,Fakturerings Ort,
Billing Country,Faktureringsland,
Billing County,Billings County,
Billing Currency,Faktureringsvaluta,
Billing Details,Faktureringsuppgifter,
Billing Email,Fakturerings-e-post,
Billing Hours,fakturerings Timmar,
Billing Interval,Faktureringsintervall,
Billing Interval Count,Faktureringsintervallräkning,
Billing Rate,Faktureringsfrekvens,
Billing State,Faktureringsstaten,
Billing Status,Faktureringsstatus,
Billing Zipcode,Fakturering Postnummer,
Bin,Bin,
Bio / Cover Letter,Bio / Cover Letter,
Bisect Accounting Statements,Halvera Bokföring Rapporter,
Bisect Nodes,Halvera Noder,
Bisecting From,Halvera Från,
Bisecting To,Halverar Till,
Blanket Order,Blankett Order,
Blanket Order Allowance (%),Blankoavtal Order Tillåtelse (%),
Blanket Order Item,Blankettbeställningsartikel,
Blanket Order Rate,Blankett Order Rate,
Block Supplier,Blockleverantör,
Blog Subscriber,Blogg Abonnent,
Blood Group,Blodgrupp,
Blue,Blå,
Body,Kropp,
Body Text,Kropp text,
Body and Closing Text Help,Hjälp för text och avslutande text,
Bom No,Stycklista Nummer,
Book Advance Payments in Separate Party Account,Bokför Förskott Betalningar på Separat Konto,
Book Asset Depreciation Entry Automatically,Bokförtillgodskrivning automatiskt,
Book Deferred Entries Based On,Boka uppskjutna poster baserat på,
Book Deferred Entries Via Journal Entry,Boka uppskjutna poster via journalpost,
Book Tax Loss on Early Payment Discount,Bokför Moms Bortfall vid Tidig Betalning Rabatt,
Booked,bokade,
Booked Fixed Asset,Bokad fast tillgång,
Both,Både,
Branch,Bransch,
Branch Code,Gren-kod,
Brand,Märke,
Brand Defaults,Standard för varumärke,
Brand Name,Varumärke,
Breakdown,Nedbrytning,
Budget,Budget,
Budget Account,budget-konto,
Budget Accounts,budget-konton,
Budget Against,Budget mot,
Budget Amount,budget~~POS=TRUNC,
Budget Detail,Budgetdetalj,
Budget Variance Report,Budget Variationsrapport,
Bulk Transaction Log,Mass Transaktion Logg,
Bulk Transaction Log Detail,Mass Transaktion Logg Detaljer,
Bundle Items,Paketera Artiklar,
Busy,Upptagen,
Buyer of Goods and Services.,Köpare av varor och tjänster.,
Buying,Köpa,
Buying & Selling Settings,Inköp & Försäljning Inställningar,
Buying Settings,Köpinställningar,
Buying and Selling,Inköp & Försäljning,
Bypass Credit Limit Check at Sales Order,Bifoga kreditgränskontroll vid Försäljningsorder,
CC,Kopia Till,
CC To,CC till,
COGS By Item Group,Kostnad för Sålda Artiklar Efter Artikel Grupp,
CRM,CRM,
CRM Note,Säljstöd Anteckning,
CRM Settings,Säljstöd Inställningar,
CRM-LEAD-.YYYY.-,CRM-bly-.YYYY.-,
CRM-OPP-.YYYY.-,CRM-OPP-.YYYY.-,
CUST-.YYYY.-,CUST-.YYYY.-,
Calculate Based On,Beräkna baserad på,
Calculate Depreciation,Beräkna avskrivningar,
Calculate Estimated Arrival Times,Beräkna uppskattade ankomsttider,
Calculate Product Bundle Price based on Child Items' Rates,Beräkna Artikel Paket Pris baserat på Underordnade Artiklar priser,
Calculate daily depreciation using total days in depreciation period,Beräkna daglig avskrivning med hjälp av totalt antal dagar i avskrivningsperiod,
Calculations,beräkningar,
Calendar Event,Kalenderhändelse,
Calibration,Kalibrering,
Call Details,Samtalsinformation,
Call Duration in seconds,Samtalstid i sekunder,
Call Handling Schedule,Samtal Hantering Schema,
Call Log,Samtalslogg,
Call Received By,Samtal Mottagen Av,
Call Receiving Device,Samtal Mottagning Enhet,
Call Routing,Samtal Dirigering,
Call Summary,Sammanfattning av samtal,
Call Type,Samtal Typ,
Campaign,Kampanj,
Campaign Efficiency,Kampanjseffektivitet,
Campaign Email Schedule,Kampanjens e-postschema,
Campaign Item,Kampanj Artikel,
Campaign Name,Kampanjens namn,
Campaign Naming By,Kampanj namnges av,
Campaign Schedules,Kampanjscheman,
Cancel At End Of Period,Avbryt vid slutet av perioden,
Cancel Subscription After Grace Period,Avbryt prenumeration efter Grace Period,
Cancelation Date,Avbokningsdatum,
Canceled,Avbokad,
Cancelled,Inställt,
Canonical URI,Kanonisk URI,
Capacity,Kapacitet,
Capacity Planning,Kapacitetsplanering,
Capacity Planning For (Days),Kapacitetsplanering för (Dagar),
Capacity in Stock UOM,Kapacitet i Lager Enhet,
Capital Work In Progress Account,Capital Work Progress Account,
Capital Work in Progress,Kapitalarbete pågår,
Capitalization Method,Kaptitalisering Sätt,
Capitalize Repair Cost,Kapitalisera Reparation Kostnad,
Capitalized,Kapitaliserad,
Cards,kort,
Carrier,Transportör,
Carrier Service,Transportör Service,
Carry Forward Communication and Comments,Vidarebefordra E-post och Kommentarer,
Cash,Kontanter,
Cash Entry,Kontantinlägg,
Cash Flow,Pengaflöde,
Cash/Bank Account,Kontant / Bankkonto,
Cashier,Kassör,
Cashier Closing,Kassat stängning,
Cashier Closing Payments,Kassaravslutande betalningar,
Catch All,Fånga alla,
Category,Kategori,
Category Details,Kategori Detaljer,
Category Name,Kategorinamn,
Cellphone Number,telefon nummer,
Certificate,Certifikat,
Certificate Details,Certifikatinformation,
Certificate Limit,Certifikatgräns,
Certificate No,Certifikat nr,
Certificate Required,Certifikat krävs,
Change Amount,Ändra Mängd,
Change in Stock Value,Förändring i Lager Värde,
Change this date manually to setup the next synchronization start date,Ändra detta datum manuellt för att ställa in nästa startdatum för synkronisering,
Changes,Ändringar,
Channel Partner,Kanalpartner,
Chargeable,Avgift,
Charges Incurred,Avgifter uppkommit,
Chart Of Accounts,Kontoplan,
Chart Of Accounts Template,Konto Mall,
Chart Preview,Diagramförhandsvisning,
Chart Tree,Diagramträd,
Chart of Accounts,Diagram över konton,
Chart of Accounts Importer,Kontodiagram importör,
Chassis No,chassi nr,
Chat,Chatta,
Check Supplier Invoice Number Uniqueness,Kontrollera Leverantörens unika Fakturanummer,
Check if Asset requires Preventive Maintenance or Calibration,Kontrollera om tillgången kräver förebyggande underhåll eller kalibrering,
Check if it is a hydroponic unit,Kontrollera om det är en hydroponisk enhet,
Check if material transfer entry is not required,Kontrollera om materialöverföring inte krävs,
Check in (group),Checka in (grupp),
Check this to disallow fractions. (for Nos),Markera att tillåta bråkdelar. (För NOS),
Checked On,Kontrollerad,
Checking this will round off the tax amount to the nearest integer,Om vald avrundas moms belopp till närmaste heltal,
Cheque,Check,
Cheque Date,Check Datum,
Cheque Height,Check Höjd,
Cheque Number,Check Nummer,
Cheque Print Template,Check utskriftsmall,
Cheque Size,Check Storlek,
Cheque Width,Check Bredd,
Cheque/Reference Date,Check / Referens Datum,
Cheque/Reference No,Check / referensnummer,
Cheques and Deposits Incorrectly cleared,Checkar och Depositioner felaktigt avstämda,
Child Docname,Barndokumentnamn,
Child Row Reference,Underordnad Rad Referens,
Choose a WIP composite asset,Välj pågående arbete Sammansatt Tillgång,
City,Stad,
Class / Percentage,Klass / Procent,
Classification of Customers by region,Klassificering av kunder per region,
Clauses and Conditions,Klausuler och villkor,
Clear Notifications,Rensa Noteringar,
Clear Table,Rensa Tabell,
Clearance Date,Clearance Datum,
Click on Import Invoices button once the zip file has been attached to the document. Any errors related to processing will be shown in the Error Log.,Klicka på knappen Importera fakturor när zip-filen har bifogats dokumentet. Eventuella fel relaterade till bearbetning visas i felloggen.,
Client,Klient,
Close Issue After Days,Nära Problem Efter dagar,
Close Replied Opportunity After Days,Stäng Besvarad Möjlighet Efter Dagar,
Closed,Stängt,
Closed Document,Stängt dokument,
Closed Documents,Stängda dokument,
Closing,Stänger,
Closing Account Head,Stänger Konto Huvud,
Closing Amount,Utgående belopp,
Closing Balance,Avslutande balans,
Closing Date,Slutdatum,
Closing Stock Balance,Stängning Lager Saldo,
Closing Text,Avslutande text,
Code,Kod,
Code List,Kod Lista,
Collect Progress,Samla framsteg,
Collection Factor (=1 LP),Samlingsfaktor (= 1 LP),
Collection Rules,Samlingsregler,
Collection Tier,Collection Tier,
Color,Färg,
Column in Bank File,Kolumn i bankfil,
Comments,Kommentarer,
Commission,Kommissionen,
Commission Rate,Provisionbetyg,
Commission Rate (%),Provisionsandel (%),
Common Code,Vanlig Kod,
Communication,Kommunikation,
Communication Channel,Kommunikation Kanal,
Communication Medium,Kommunikationsmedium,
Communication Medium Timeslot,Kommunikation Medium Timeslot,
Communication Medium Type,Kommunikation Medium Type,
Companies,Företag,
Company,Företaget,
Company Account,Företagskonto,
Company Address,Företags Adress,
Company Address Display,Bolag Adress Visning,
Company Address Name,Företagets adressnamn,
Company Bank Account,Företagets bankkonto,
Company Billing Address,Bolag Faktura Adress,
Company Contact Person,Bolag Kontakt,
Company Description,Företagsbeskrivning,
Company Description for website homepage,Beskrivning av företaget för webbplats hemsida,
Company Details,Bolag Detaljer,
Company Email,Företagets e-post,
Company Logo,Företagslogotyp,
Company Name,Företagsnamn,
Company Shipping Address,Bolag Leverans Adress,
Company Tagline for website homepage,Företag Tagline för webbplats hemsida,
Company Tax ID,Org.Nr.,
Company registration numbers for your reference. Tax numbers etc.,Organisationsnummer som referens. Skattenummer etc.,
Company which internal customer represents,Bolag som intern kund representerar,
Company which internal customer represents.,Bolag som intern kund representerar.,
Company which internal supplier represents,Bolag som intern leverantör representerar,
Competitor,Konkurrent,
Competitor Detail,Konkurrent Detaljer,
Competitor Name,Konkurrent Namn,
Competitors,Konkurrenter,
Complete,Komplett,
Completed,Avslutade,
Completed By,Fullgjord av,
Completed On,Slutförd,
Completed Qty,Avslutat Antal,
Completed Time,Klar Tid,
Completed Work Orders,Avslutade arbetsorder,
Completion By,Slutförande av,
Completion Date,Slutförande Datum,
Completion Status,Slutförande Status,
Comprehensive Insurance,Allriskförsäkring,
Computer,Dator,
Condition,Tillstånd,
Conditional Rule,Villkor Regel,
Conditional Rule Examples,Villkor Regel Exempel,
Conditions will be applied on all the selected items combined. ,Villkoren kommer att tillämpas på alla valda objekt kombinerade.,
Configuration,Konfiguration,
Configure the action to stop the transaction or just warn if the same rate is not maintained.,Konfigurera åtgärd att stoppa transaktion eller varna om Marginal inte bibehålls.,
Confirmation Date,Bekräftelsedatum,
Connections,Anslutningar,
Consider Entire Party Ledger Amount,Inkludera Hela Partibok Belopp,
Consider Minimum Order Qty,Inkludera Minimum Order Kvantitet,
Consider Rejected Warehouses,Inkludera Avvisad Lager,
Consider Tax or Charge for,Värdera skatt eller avgift för,
Considered In Paid Amount,Moms Inkluderad i Betald Belopp,
Consolidate Sales Order Items,Konsolidera Försäljning Order Artiklar,
Consolidate Sub Assembly Items,Konsolidera Delmontering Artiklar,
Consolidated,Konsoliderad,
Consolidated Credit Note,Koncernredovisning,
Consolidated Financial Statement,Koncernredovisning,
Consolidated Sales Invoice,Konsoliderad försäljningsfaktura,
Consultant,Konsult,
Consumable Cost,Förbrukningsartiklar Kostnad,
Consumed,Förbrukat,
Consumed Asset Total Value,Förbrukad Tillgång Totalt Värde,
Consumed Assets,Förbrukade Tillgångar,
Consumed Items,Konsumerade artiklar,
Consumed Qty,Förbrukad Antal,
Consumed Quantity,Förbrukad Kvantitet,
Consumed Stock Items,Förbrukade Lager Artiklar,
Consumed Stock Total Value,Förbrukad Lager Totalt Värde,
Contact,Kontakt,
Contact Desc,Kontakt Desc,
Contact Email,Kontakt E-Post,
Contact HTML,Kontakta HTML,
Contact Info,Kontaktinformation,
Contact Information,Kontakt information,
Contact List,Kontaktlista,
Contact Mobile,Kontakt Mobil,
Contact Mobile No,Kontakt Mobil nr,
Contact Name,Kontaktnamn,
Contact No.,Kontakt nr,
Contact Person,Kontaktperson,
Contacts,Kontakter,
Content,Innehåll,
Content Type,Typ av innehåll,
Contra Entry,Konteringsanteckning,
Contract,Kontrakt,
Contract Details,Kontraktsdetaljer,
Contract End Date,Kontrakts Slutdatum,
Contract Fulfilment Checklist,Checklista för kontraktsuppfyllelse,
Contract Period,Avtalsperiod,
Contract Template,Kontraktsmall,
Contract Template Fulfilment Terms,Kontraktsmall Uppfyllningsvillkor,
Contract Template Help,Avtal Mall Hjälp,
Contract Terms,Kontraktsvillkor,
Contract Terms and Conditions,Avtalsvillkor,
Contribution (%),Bidrag (%),
Contribution to Net Total,Bidrag till Net Total,
Control Action,Kontrollåtgärd,
Control Historical Stock Transactions,Kontroll Tidigare Lager Transaktioner,
Conversion Factor,Omvandlingsfaktor,
Conversion Rate,Omvandlingsfrekvens,
Convert Item Description to Clean HTML in Transactions,Konvertera Artikel Beskrivning till ren HTML i Transaktioner,
Converted,Konverterad,
Copied From,Kopierad från,
Copy Fields to Variant,Kopiera fält till variant,
Corrective,korrigerande,
Corrective Action,Korrigerande åtgärder,
Corrective Operation,Korrigerande Åtgärd,
Corrective Operation Cost,Korrigerande Åtgärd Kostnad,
Corrective/Preventive,Korrigerande / Förebyggande,
Cost,Kosta,
Cost Center,Kostnadscenter,
Cost Center Allocation,Resultat Enhet Tilldelning,
Cost Center Allocation Percentage,Resultat Enhet Procentuell Tilldelning,
Cost Center Allocation Percentages,Resultat Enhet Procentuell Tilldelning,
Cost Center Name,Kostnadcenter Namn,
Cost Center Number,Kostnadscentralnummer,
Cost Configuration,Kostnad Inställning,
Cost Per Unit,Kostnad Per Enhet,
Cost of Goods Sold,Kostnad för sålda varor,
Cost of Poor Quality Report,Kostand för Dålig Kvalitet Rapport,
Cost to Company (CTC),Totalt Kostnad per År,
Costing,Kostar,
Costing Amount,Kalkyl Mängd,
Costing Details,Kostnad Detaljer,
Costing Rate,Kalkylfrekvens,
Costing and Billing,Kostnadsberäkning och fakturering,
Count,Antal,
Country,Land,
Country of Origin,Ursprungsland,
Coupon Code,kupongskod,
Coupon Code Based,Baserad på kupongkod,
Coupon Description,Kupongbeskrivning,
Coupon Name,Kupongnamn,
Coupon Type,Kupongtyp,
Create Chart Of Accounts Based On,Skapa konto Baserad på,
Create Grouped Asset,Skapa Grupperad Tillgång,
Create Job Card based on Batch Size,Skapa Jobbkort baserad på Parti Storlek,
Create Ledger Entries for Change Amount,Skapa Register Poster för Växel Belopp,
Create Missing Party,Skapa saknade parti,
Create Receiver List,Skapa Mottagare Lista,
Create User,Skapa användare,
Create User Permission,Skapa användarbehörighet,
Create a new composite asset,Skapa ny Sammansatt Tillgång,
Create in Draft Status,Skapa i Utkast Status,
Create missing customer or supplier.,Skapa saknad kund eller leverantör.,
Creation Document No,Skapande Dokument nr,
Credit,Kredit,
Credit Amount,Kreditbelopp,
Credit Amount in Account Currency,Credit Belopp i konto Valuta,
Credit Amount in Transaction Currency,Kredit Belopp i Transaktion Valuta,
Credit Card Entry,Kreditkorts logg,
Credit Days,Kreditdagar,
Credit Limit,Kreditgräns,
Credit Limit Settings,Kredit Gräns Inställningar,
Credit Limit and Payment Terms,Kreditgräns och betalningsvillkor,
Credit Limits,Kreditgränser,
Credit Months,Kreditmånader,
Credit Note,Kreditnota,
Credit Note Issued,Kreditnota utfärdad,
"Credit Note will update it's own outstanding amount, even if 'Return Against' is specified.","Kredit Faktura kommer att uppdatera sitt eget utestående belopp, även om ""Retur Mot"" är angivet.",
Credit To,Kredit till,
Credit in Company Currency,Kredit i bolaget Valuta,
Criteria,Kriterier,
Criteria Formula,Kriterier Formel,
Criteria Name,Kriterier Namn,
Criteria Setup,Kriterier Setup,
Criteria Weight,Kriterier Vikt,
Cross Listing of Item in multiple groups,Kors Notering av punkt i flera grupper,
Cumulative Transaction Threshold,Kumulativ transaktionströskel,
Currency,Valuta,
Currency Exchange,Valutaväxling,
Currency Exchange Settings,Valutaväxlingsinställningar,
Currency Exchange Settings Details,Valuta Växling Inställning Detaljer,
Currency Exchange Settings Result,Valuta Växling Inställning Resultat,
Currency and Price List,Valuta och prislista,
Current Address,Nuvarande Adress,
Current Address Is,Nuvarande adress är,
Current Amount,nuvarande belopp,
Current Asset,Aktuell Tillgång,
Current Asset Value,Nuvarande tillgångsvärde,
Current BOM,Aktuell BOM,
Current Exchange Rate,Aktuell växelkurs,
Current Index,Aktuellt Index,
Current Invoice End Date,Aktuell faktura Slutdatum,
Current Invoice Start Date,Nuvarande fakturans startdatum,
Current Level,Aktuell Nivå,
Current Liability,Aktuell Skuld,
Current Node,Aktuell Nod,
Current Qty,Aktuellt Antal,
Current Serial / Batch Bundle,Aktuell Serie / Parti Paket,
Current Serial No,Aktuellt serienummer,
Current State,Nuvarande tillstånd,
Current Stock,Nuvarande lager,
Current Time,Aktuell tid,
Current Valuation Rate,Nuvarande värderingensomsättning,
Custodian,Väktare,
Custody,Vårdnad,
Custom,Anpassad,
Custom HTML,Anpassad HTML,
Custom Remarks,Anpassade anmärkningar,
Custom delimiters,Anpassade Avgränsare,
Custom?,Anpassad?,
Customer,Kunden,
Customer ,Kund,
Customer / Item / Item Group,Kund / Artikel / Artikel Grupp,
Customer / Lead Address,Kund / Huvudadress,
Customer Acquisition and Loyalty,Kundförvärv och Lojalitet,
Customer Address,Kundadress,
Customer Code,Kund kod,
Customer Contact,Kundkontakt,
Customer Contact Email,Kundkontakt Email,
Customer Credit Balance,Kund tillgodohavande,
Customer Credit Limit,Kundkreditgräns,
Customer Defaults,Kund Standard,
Customer Details,Kunduppgifter,
Customer Feedback,Kund Feedback,
Customer Group,kundgrupp,
Customer Group Item,Kund Grupp Artikel,
Customer Group Name,Kundgruppnamn,
Customer Groups,kundgrupper,
Customer Item,Kund Artikel,
Customer Items,Kundartiklar,
Customer Ledger Summary,Sammanfattning av kundbok,
Customer Mobile No,Kund Mobil nr,
Customer Name,Kundnamn,
Customer Naming By,Kundnamn på,
Customer PO Details,Kundens PO-uppgifter,
Customer POS id,Kundens POS-id,
Customer Portal Users,Portal  Användare,
Customer Primary Address,Kundens primära adress,
Customer Primary Contact,Kund Primärkontakt,
Customer Provided,Kund tillhandahålls,
Customer Territory,Kundområde,
Customer Type,kundtyp,
Customer Warehouse (Optional),Kund Warehouse (tillval),
Customer or Item,Kund eller föremål,
Customer's Item Code,Kundens Artikelkod,
Customer's Purchase Order,Kundens beställning,
Customer's Purchase Order Date,Kundens inköpsorder Datum,
Customer's Purchase Order No,Kundens inköpsorder Nr,
Customer-wise Item Price,Kundmässigt artikelpris,
Customers,Kunder,
Customers Without Any Sales Transactions,Kunder utan försäljningstransaktioner,
Customerwise Discount,Kundrabatt,
Customs Tariff Number,Tulltaxan Nummer,
DT-,DT-,
DUNN-.MM.-.YY.-,DUNN-.MM .-. YY.-,
Daily,Dagligen,
Daily Time to send,Daglig Tid att Skicka,
Daily Timesheet Summary,Daglig Tidrapport Sammandrag,
Dashboard,Översikt Panel,
Data Import Configuration,Dataimportkonfiguration,
Date,Datum,
Date ,Datum,
Date Of Retirement,Datum för pensionering,
Date Settings,Datum Inställningar,
Date of Birth,Födelsedatum,
Date of Commencement,Datum för inledande,
Date of Establishment,Datum för etablering,
Date of Incorporation,Datum för upptagande,
Date of Issue,Utgivningsdatum,
Date of Joining,Datum för att delta,
Dates,Datum,
Day,Dag,
Day Of Week,Dag i veckan,
Day of Week,Dag i veckan,
Day to Send,Dag att skicka,
Day(s) after invoice date,Dag (er) efter fakturadatum,
Day(s) after the end of the invoice month,Dag (er) efter fakturamånadens slut,
Days,Dagar,
Days Until Due,Dagar fram till förfall,
Days before the current subscription period,Dagar före aktuell prenumeration period,
DeLinked,Bortkoppplad,
Deal Owner,Ansvarig,
Debit,Debit-,
Debit Amount,Debit Belopp,
Debit Amount in Account Currency,Betal-Belopp i konto Valuta,
Debit Amount in Transaction Currency,Debet Belopp i Transaktion Valuta,
Debit Note,Debetnota,
Debit Note Issued,Debetnota utfärdad,
"Debit Note will update it's own outstanding amount, even if 'Return Against' is specified.","Debet Faktura kommer att uppdatera sitt eget utestående belopp, även om ""Retur Mot"" är angivet.",
Debit To,Debitering,
Debit in Company Currency,Debet i bolaget Valuta,
Debit to,Debitera till,
Debit-Credit Mismatch,Debet-Kredit överensstämmer ej,
Debit-Credit mismatch,Debet-Kredit överensstämmer ej,
Deduct,Dra av,
Deductee Details,Avdrag detaljer,
Deductions or Loss,Avdrag eller förlust,
Default,Standard,
Default Account,Standard konto,
Default Accounts,Standardkonton,
Default Advance Account,Standard Förskött Konto,
Default Advance Paid Account,Standard Förskött Skuld Konto,
Default Advance Received Account,Standard Förskött Intäkt Konto,
Default BOM,Standard BOM,
Default Bank Account,Standard bankkonto,
Default Billing Rate,Standardfakturerings betyg,
Default Buying Cost Center,Standard Inköpsställe,
Default Buying Price List,Standard Inköpslista,
Default Buying Terms,Standardköpvillkor,
Default Cash Account,Standard Konto,
Default Common Code,Standard Gemensam Kod,
Default Company,Standard Company,
Default Company Bank Account,Standardföretagets bankkonto,
Default Cost Center,Standardkostnadsställe,
Default Cost of Goods Sold Account,Standardkostnad Konto Sålda Varor,
Default Costing Rate,Standardkalkyl betyg,
Default Currency,Standard Valuta,
Default Customer Group,Standard Kundgrupp,
Default Deferred Expense Account,Standard uppskjuten kostnadskonto,
Default Deferred Revenue Account,Standard uppskjutna intäkter konto,
Default Dimension,Standarddimension,
Default Discount Account,Standard Rabatt Konto,
Default Distance Unit,Standarddistansenhet,
Default Expense Account,Standardutgiftskonto,
Default Finance Book,Standard finansbok,
Default Finished Goods Warehouse,Standard färdigvarulagret,
Default Holiday List,Standard kalender,
Default In-Transit Warehouse,Standard I Transit Lager,
Default Income Account,Standard Inkomstkonto,
Default Inventory Account,Standard Inventory Account,
Default Item Group,Standard Varugrupp,
Default Item Manufacturer,Standardartillverkare,
Default Letter Head,Standard Brev,
Default Manufacturer Part No,Standard tillverkarens artikelnummer,
Default Material Request Type,Standard Material Typ av förfrågan,
Default Operating Cost Account,Standard Driftskostnad Konto,
Default Payable Account,Standard betalkonto,
Default Payment Discount Account,Standard Rabatt Konto,
Default Payment Request Message,Standardbetalnings Request Message,
Default Payment Terms Template,Standardbetalningsvillkor Mall,
Default Price List,Standard Prislista,
Default Priority,Standardprioritet,
Default Provisional Account,Standard Provisorisk Konto,
Default Purchase Unit of Measure,Standard inköpsenhet av åtgärd,
Default Quotation Validity Days,Standard Offertid Giltighetsdagar,
Default Receivable Account,Standard Mottagarkonto,
Default Sales Unit of Measure,Standardförsäljningsenhet av åtgärd,
Default Scrap Warehouse,Standard skrotlager,
Default Selling Cost Center,Standard Kostnadsställe Försäljning,
Default Selling Terms,Standardförsäljningsvillkor,
Default Service Level Agreement,Standardavtal om servicenivå,
Default Source Warehouse,Standardkälla Lager,
Default Stock UOM,Standard Stock UOM,
Default Supplier,Standard Leverantör,
Default Supplier Group,Standardleverantörsgrupp,
Default Target Warehouse,Standard Valt Lager,
Default Territory,Standard Område,
Default Unit of Measure,Standard mätenhet,
Default Valuation Method,Standardvärderingsmetod,
Default Value,Standardvärde,
Default Warehouse,Standard Lager,
Default Warehouse for Sales Return,Standardlager för försäljningsretur,
Default Warehouses for Production,Standardlager för produktion,
Default Work In Progress Warehouse,Standard Work In Progress Warehouse,
Default Workstation,Standard arbetsstation,
Default account will be automatically updated in POS Invoice when this mode is selected.,Standardkonto uppdateras automatiskt i POS-faktura när det här läget är valt.,
Default settings for your stock-related transactions,Standard inställningar för lager relaterade transaktioner,
Default: 10 mins,Standard: 10 minuter,
Defaults,Standard,
Deferred Accounting,Uppskjuten Bokföring,
Deferred Accounting Defaults,Uppskjuten Bokföring Standard,
Deferred Accounting Settings,Uppskjutna redovisningsinställningar,
Deferred Expense,Uppskjuten kostnad,
Deferred Expense Account,Uppskjuten utgiftskonto,
Deferred Revenue,Uppskjuten intäkt,
Deferred Revenue Account,Uppskjuten inkomstkonto,
Deferred Revenue and Expense,Uppskjuten Intäkt och Kostnad,
Delay between Delivery Stops,Fördröjning mellan leveransstopp,
Delayed Item Report,Försenad artikelrapport,
Delayed Order Report,Försenad orderrapport,
Delayed Tasks Summary,Försenad Uppgifter Översikt,
Delete Accounting and Stock Ledger Entries on deletion of Transaction,Ta bort Bokföring och Lager Register Poster vid radering av Transaktion,
Delete Bins,Ta bort från Papperskorg,
Delete Cancelled Ledger Entries,Ta bort Annullerade Register Poster,
Delete Leads and Addresses,Ta bort Prospekt och Adresser,
Delete Transactions,Ta bort Transaktioner,
Delimiter options,Avgränsning Alternativ,
Delivered,levereras,
Delivered By Supplier,Levereras av Supplier,
Delivered Items To Be Billed,Levererade artiklar att faktureras,
Delivered Qty,Levererat Antal,
Delivered by Supplier (Drop Ship),Levereras av leverantören (Drop Ship),
Delivery,Leverans,
Delivery Date,Leveransdatum,
Delivery Details,Leveransdetaljer,
Delivery Manager,Leverans Ansvarig,
Delivery Note,Följesedel,
Delivery Note Item,Följesedel Anteckningspunkt,
Delivery Note No,Följesedel nr,
Delivery Note Packed Item,Försäljning Följesedel Packad Artikel,
Delivery Note Trends,Följesedel Trender,
Delivery Settings,Leveransinställningar,
Delivery Status,Leveransstatus,
Delivery Stop,Leveransstopp,
Delivery Stops,Leveransstopp,
Delivery To,Leverans till,
Delivery Trip,Leveransresa,
Delivery User,Leverans Användare,
Delivery Warehouse,Leverans Lager,
Delivery to,Leverera Till,
Demo Company,Demo Bolag,
Department,Avdelning,
Departure Time,Avgångstid,
Dependant SLE Voucher Detail No,Beroende SLE Verifikat Detalj Nummer,
Dependencies,beroenden,
Dependent Task,Beroende Uppgift,
Dependent Tasks,Beroende uppgifter,
Depends on Tasks,Beror på Uppgifter,
Deposit,Insättning,
Depreciate based on daily pro-rata,Skriv av baserat på dagliga proportioner,
Depreciate based on shifts,Skriv av baserat på förskjutningar,
Depreciation,Avskrivningar,
Depreciation Amount,Avskrivningsbelopp,
Depreciation Details,Avskrivning Detaljer,
Depreciation Entry,avskrivningar Entry,
Depreciation Entry Posting Status,Avskrivning Post Bokföring Status,
Depreciation Expense Account,Avskrivningar konto,
Depreciation Method,avskrivnings Metod,
Depreciation Options,Avskrivningsalternativ,
Depreciation Posting Date,Datum för avskrivning,
Depreciation Schedule,avskrivningsplanen,
Depreciation Schedule View,Avskrivning Schema Vy,
Description,Beskrivning,
Description of Content,Beskrivning av Innehåll,
Designation,Beteckning,
Desk User,Skrivbord Användare,
Detailed Reason,Detaljerad anledning,
Details,Detaljer,
Determine Address Tax Category From,Bestäm adressskattekategori från,
Diesel,Diesel,
Difference,Skillnad,
Difference (Dr - Cr),Skillnad (Dr - Cr),
Difference Account,Differenskonto,
Difference Amount,Differensbelopp,
Difference Amount (Company Currency),Skillnad Belopp (Company valuta),
Difference Posting Date,Differens Bokföring Datum,
Dimension Defaults,Dimension Standardvärden,
Dimension Details,Dimension Detaljer,
Dimension Filter Help,Dimension Filter Hjälp,
Dimension Name,Dimension Namn,
Dimension-wise Accounts Balance Report,Bokföring Saldo Rapport per Dimension,
Dimensions,Dimensioner,
Direct Expense,Direkta Kostnader,
Direct Income,Direkt inkomst,
Disable,inaktivera,
Disable Capacity Planning,Inaktivera kapacitetsplanering,
Disable In Words,Inaktivera uttrycker in,
Disable Last Purchase Rate,Inaktivera Senaste Inköp Pris,
Disable Rounded Total,Inaktivera avrundat Totalbelopp,
Disable Serial No And Batch Selector,Inaktivera Serie Nummer och Parti Väljare,
Disable auto setting Grand Total to default Payment Mode,Inaktivera automatisk tilldelning av Total Summa till Standard Betalning Läge,
Disabled,Inaktiverad,
Disables auto-fetching of existing quantity,Inaktiverar automatisk hämtning av befintlig kvantitet,
Disassemble,Demontera,
Disbursed,Utbetalt,
Discount,Rabatt,
Discount (%) on Price List Rate with Margin,Rabatt (%) på prislista med marginal,
Discount Account,Rabatt Konto,
Discount Amount,Rabattbelopp,
Discount Date,Rabatt Datum,
Discount Percentage,Rabatt Procent,
Discount Settings,Rabatt Inställningar,
Discount Type,Rabatttyp,
Discount Validity,Rabatt Giltighet,
Discount Validity Based On,Rabatt Giltighet Baserad På,
Discount and Margin,Rabatt och marginal,
Discount on Other Item,Rabatt på annan artikel,
Discount on Price List Rate (%),Rabatt på Prislista Andel (%),
Discounted Amount,Rabatterad Belopp,
Discounted Invoice,Rabatterad faktura,
Discounts,rabatter,
"Discounts to be applied in sequential ranges like buy 1 get 1, buy 2 get 2, buy 3 get 3 and so on","Rabatter som ska tillämpas i sekventiella intervall som köp 1 få 1, köp 2 få 2, köp 3 få 3 och så vidare",
Discrepancy between General and Payment Ledger,Avvikelse mellan Bökföring Register och Betalning Register,
Dislikes,Ogillar inte,
Dispatch Address,Leverans Adress,
Dispatch Address Name,Leverans Adress Namn,
Dispatch Information,Dispatch Information,
Dispatch Notification Attachment,Dispatch Notification Attachment,
Dispatch Notification Template,Dispatch Notification Template,
Dispatch Settings,Dispatch Settings,
Disposal Date,bortskaffande Datum,
Distance,Distans,
Distance UOM,Avstånd UOM,
Distance from left edge,Avstånd från vänstra kanten,
Distance from top edge,Avståndet från den övre kanten,
Distinct Item and Warehouse,Distinkt Artikel och Lager,
Distinct unit of an Item,Distinkt enhet för en försändelse,
Distribute Additional Costs Based On ,Fördela Extra Kostnader Baserat På,
Distribute Charges Based On,Fördela avgifter som grundas på,
Distribute Manually,Fördela Manuellt,
Distribution Name,Distributions Namn,
Divorced,Skild,
Do Not Contact,Kontakta ej,
Do Not Explode,Utvidga Ej,
Do Not Update Serial / Batch on Creation of Auto Bundle,Uppdatera inte Serie / Parti vid skapande av Automatiskt Paket,
Do Not Use Batch-wise Valuation,Använd inte partivis värdering,
Do not show any symbol like $ etc next to currencies.,Visa inte någon symbol som $ etc bredvid valutor.,
Do not update variants on save,Uppdatera inte varianter på spara,
DocField,DocType Fält,
DocType,DocType,
Doctype,Doctype,
Document Name,Dokumentnamn,
Document Type,Dokumentstyp,
Document Type ,Dokumenttyp,
Documents,Dokument,
Documents Processed on each trigger. Queue Size should be between 5 and 100,Dokument Behandlade vid varje utlösare. Kö storlek bör vara mellan 5 och 100,
Domain,Domän,
Don't Enforce Free Item Qty,Tvinga Inte Gratis Artikel Kvantitet,
Don't Reserve Sales Order Qty on Sales Return,Reservera inte Försäljning Order Kvantitet vid Försäljning Retur,
Don't Send Emails,Skicka inte E-post,
Done,Klar,
Dont Recompute tax,Räkna inte om Moms,
Doors,dörrar,
Double Declining Balance,Dubbel degressiv,
Download Required Materials,Ladda ner obligatoriskt material,
Download Template,Hämta mall,
Downtime,Driftstopp,
Downtime Analysis,Analys av stillestånd,
Downtime Entry,Driftstopp,
Downtime Reason,Driftsstopp Anledning,
Draft,Förslag,
Driver,Förare,
Driver Address,Förarens adress,
Driver Email,Förarens e-post,
Driver Name,Förarens namn,
Driver licence class,Körkort,
Driving License Categories,Körkortskategorier,
Driving License Category,Körkortskategori,
Drop Ship,Drop Ship,
Due Date,Förfallodatum,
Due Date Based On,Förfallodatum baserad på,
Dunning,Dunning,
Dunning Amount,Dunning Belopp,
Dunning Amount (Company Currency),Påminnelse Avgift (Bolag Valuta),
Dunning Fee,Dunning avgift,
Dunning Letter,Dunning Letter,
Dunning Letter Text,Dunning Letter Text,
Dunning Level,Påminnelse Nivå,
Dunning Type,Dunning Type,
Duration,Varaktighet,
Duration (Days),Varaktighet (dagar),
Dynamic Condition,Dynamiska Villkor,
EAN,EAN,
ERPNext Integrations,ERPNext Integrations,
ERPNext User ID,ERPNext användar-ID,
Each Transaction,Varje transaktion,
Edit Posting Date and Time,Redigera Publiceringsdatum och tid,
Education,Utbildning,
Educational Qualification,Utbildnings Kvalificering,
Electric,Elektrisk,
Electricity Cost,Elkostnad,
Electricity down,El nere,
Electronic Invoice Register,Elektroniskt fakturaregister,
Email,E-post,
Email Account,Email Konto,
Email Address,E-postadress,
Email Campaign,E-postkampanj,
Email Campaign For ,E-postkampanj för,
Email Details,E-postdetaljer,
Email Digest,E-postutskick,
Email Digest Recipient,E-post Utskick Mottagare,
Email Digest Settings,E-postutskick Inställningar,
Email Group,E-postgrupp,
Email Id,E-post-ID,
Email Sent,Email Skickat,
Email Settings,E-postinställningar,
Email Template,E-postmall,
Email sent to,Email skickat till,
Emergency Contact,Kontaktinformation I En Nödsituation,
Emergency Contact Name,kontaktperson för nödfall,
Emergency Phone,Nödtelefon,
Employee,Anställd,
Employee ,Anställd,
Employee Advance,Anställd Advance,
Employee Billing Summary,Sammanfattning av fakturering av anställda,
Employee Detail,anställd Detalj,
Employee Education,Anställd Utbildning,
Employee External Work History,Anställd Extern Arbetserfarenhet,
Employee Group,Medarbetargrupp,
Employee Group Table,Tabell över anställda,
Employee Internal Work History,Anställd interna arbetshistoria,
Employee Name,Anställd Namn,
Employee Number,Anställningsnummer,
Employee User Id,Användare ID,
Enable Appointment Scheduling,Aktivera schemaläggning för möten,
Enable Auto Email,Aktivera automatisk e-post,
Enable Automatic Party Matching,Aktivera Automatiskt Parti Avstämning,
Enable Capital Work in Progress Accounting,Aktivera redovisning av pågående kapitalarbete,
Enable Common Party Accounting,Aktivera Gemensam Parti Bokföring,
Enable Deferred Expense,Aktivera uppskjuten kostnad,
Enable Deferred Revenue,Aktivera uppskjuten intäkt,
Enable Discount Accounting for Selling,Aktivera Rabatt Bokföring för Försäljning,
Enable European Access,Aktivera europeisk åtkomst,
Enable Fuzzy Matching,Aktivera Ungefärlig Avstämning,
Enable Health Monitor,Aktivera System Övervakning,
Enable Immutable Ledger,Aktivera Oförenderlig Bokföring,
Enable Perpetual Inventory,Aktivera evigt lager,
Enable Provisional Accounting For Non Stock Items,Aktivera Provisorisk Bokföring för ej Lager Artiklar,
Enable Stock Reservation,Aktivera Lager Reservation,
Enable YouTube Tracking,Aktivera YouTube-spårning,
Enable it if users want to consider rejected materials to dispatch.,Aktivera om användare vill inkludera att avvisat material ska skickas.,
Enable this checkbox even if you want to set the zero priority,Aktivera denna kryssruta även om nollprioritet ska anges,
"Enable this option to calculate daily depreciation by considering the total number of days in the entire depreciation period, (including leap years) while using daily pro-rata based depreciation",Aktivera detta alternativ för att beräkna daglig avskrivning genom att använda totalt antal dagar i hela avskrivningsperiod (inklusive skottår) vid användning av proportionell baserad avskrivning,
Enabled,Aktiverat,
Enabling this ensures each Purchase Invoice has a unique value in Supplier Invoice No. field within a particular fiscal year,Aktivera för att säkerställa att varje Inköp Faktura har unikt värde i fält Leverantör Faktura Nummer fält per bokföring år,
Enabling this option will allow you to record - <br><br> 1. Advances Received in a <b>Liability Account</b> instead of the <b>Asset Account</b><br><br>2. Advances Paid in an <b>Asset Account</b> instead of the <b> Liability Account</b>,Aktivera för att möjliggöra bokföring av: <br><br> 1. Mottagna Förskott Betalningar bokförs på <b>Skuld Konto</b> istället för <b>Tillgång Konto</b><br><br>2. Betalade Förskott Betalningar bokförs på <b>Tillgång Konto</b> istället för <b>Skuld Konto</b>,
Enabling this will allow creation of multi-currency invoices against single party account in company currency,Aktivera för att tillåta skapande av fakturor i flera valutor mot enskilt konto i bolag valuta,
Encashment Date,Inlösnings Datum,
End Date,Slutdatum,
End Time,Sluttid,
End date of current invoice's period,Slutdatum för aktuell faktura period,
End of Life,Uttjänta,
End of the current subscription period,Slut datum på aktuell prenumeration period,
Enough Parts to Build,Tillräckligt med delar för att bygga,
Ensure Delivery Based on Produced Serial No,Se till att leverans är baserad på tillverkat serienummer,
Enter name of campaign if source of enquiry is campaign,Ange namnet på kampanjen om källförfrågan är kampanjen,
Entity,Entitet,
Entity Type,Entitetstyp,
Entry Type,Entry Type,
Equity,Eget kapital,
Equity/Liability Account,Eget kapital / Ansvarskonto,
Error,Fel,
Error Description,Felbeskrivning,
Error Log,Felloggen,
Error Message,Felmeddelande,
Errors Notification,Fel Avisering,
Estimated Arrival,Beräknad ankomsttid,
Estimated Cost,Beräknad kostnad,
Estimated Time and Cost,Beräknad tid och kostnad,
Evaluation Period,Utvärderingsperiod,
Event,Händelse,
Example URL,Exempel URL,
"Example: ABCD.#####
If series is set and Serial No is not mentioned in transactions, then automatic serial number will be created based on this series. If you always want to explicitly mention Serial Nos for this item. leave this blank.","Exempel:. ABCD ##### Om serie är angiven och Serie Nummer inte anges i transaktioner, skapas Serie Nummer automatiskt utifrån denna serie. Om man alltid vill ange serie nummer för denna artikel lämna det tomt.",
"Example: ABCD.#####. If series is set and Batch No is not mentioned in transactions, then automatic batch number will be created based on this series. If you always want to explicitly mention Batch No for this item, leave this blank. Note: this setting will take priority over the Naming Series Prefix in Stock Settings.","Exempel: ABCD. #####. Om serier är inställda och batchnummer inte nämns i transaktioner, kommer automatiskt batchnummer att skapas baserat på denna serie. Om du alltid vill uttryckligen ange parti nr för det här objektet, lämna det här tomt. Obs! Den här inställningen kommer att prioriteras över namngivningssprefixet i lagerinställningar.",
Exception Budget Approver Role,Undantag Budget Approver Rol,
Excessive machine set up time,För hög maskininställningstid,
Exchange Gain / Loss,Valutaväxling Resultat,
Exchange Gain / Loss Account,Exchange vinst / förlust konto,
Exchange Gain Or Loss,Valutaväxling Resultat,
Exchange Gain/Loss,Exchange vinst / förlust,
Exchange Rate,Växelkurs,
Exchange Rate Revaluation,Valutakursomvärdering,
Exchange Rate Revaluation Account,Valutakursomräkningskonto,
Exchange Rate Revaluation Settings,Valutaväxling Kurs Omvärdering Inställningar,
Excise Entry,Punktnotering,
Excise Page Number,Punktnotering sidnummer,
Excluded DocTypes,Exkluderade DocTyper,
Existing Company,Befintligt företag,
Existing Company ,befintliga Company,
Exit Interview Held On,Avsluta intervjun hålls,
Expected Amount,Förväntad mängd,
Expected Closing Date,Förväntat slutdatum,
Expected Delivery Date,förväntat leveransdatum,
Expected End Date,Förväntad slutdatum,
Expected Hrs,Förväntad tid,
Expected Start Date,Förväntat startdatum,
Expected Time (in hours),Förväntad tid (i timmar),
Expected Time Required (In Mins),Förväntad Tid (I Minuter),
Expected Value After Useful Life,Förväntat värde eller återanvändas,
Expense,Utgift,
Expense Account,Utgiftskonto,
Expense Claim,Utgiftsräkning,
Expense Head,Utgiftshuvud,
Expenses Included In Asset Valuation,Kostnader som ingår i tillgångsvärdet,
Expenses Included In Valuation,Kostnader ingår i rapporten,
Expired,Utgånget,
Expiry,BESTFÖRE,
Expiry Date,Utgångsdatum,
Expiry Duration (in days),Förfallotid (i dagar),
Exploded Items,Exploderade artiklar,
Exponential Smoothing Forecasting,Exponentiell utjämningsprognosering,
External Work History,Extern Arbetserfarenhet,
FIFO,FIFO,
FIFO Queue vs Qty After Transaction Comparison,FIFO Kö mot Kvantitet Efter Transaktion Jämförelse,
"FIFO Stock Queue (qty, rate)","FIFO Lager Kö (kvantitet, pris)",
Failed,Misslyckades,
Failure Date,Fel datum,
Failure Description,Fel Beskrivning,
Family Background,Familjebakgrund,
Fax,Fax,
Feedback,Respons,
Feedback By,Feedback av,
Fees,avgifter,
Fetch Customers,Hämta kunder,
Fetch Timesheet in Sales Invoice,Hämta Tidrapport i Försäljning Faktura,
Fetch Value From,Hämta Värde Från,
Fetch items based on Default Supplier.,Hämta objekt baserat på standardleverantör.,
Field,Fält,
Field Mapping,Fältkartläggning,
Field Name,Fältnamn,
Field in Bank Transaction,Fält i banktransaktion,
Fieldname,Fältnamn,
Fields,Fält,
Fields will be copied over only at time of creation.,Fält kopieras endast över tiden vid skapandet.,
Fieldtype,Fieldtype,
File to Rename,Fil att byta namn på,
Filter Duration (Months),Filterlängd (månader),
Filter by Reference Date,Filtrera efter Referens Datum,
Filter on Invoice,Filtrera Faktura,
Filter on Payment,Filtrera Betalning,
Filters,Filter,
Final Product,Färdig Artikel,
Finance Book,Finansbok,
Finance Book Detail,Finans bok detaljer,
Finance Book Id,Finans bok ID,
Finance Books,Finansböcker,
Financial Ratios,Finansiell Nyckeltal,
Financial reports will be generated using GL Entry doctypes (should be enabled if Period Closing Voucher is not posted for all years sequentially or missing) ,Finansiella Rapporter kommer att genereras med hjälp av Bokföring Poster (ska vara aktiverat om Period Låsning Verifikat inte publiceras för alla år i följd eller saknas),
Finished Good,Slutade bra,
Finished Good BOM,Färdig Stycklista,
Finished Good Item,Färdig Artikel,
Finished Good Item Quantity,Färdig Artikel Kvantitet,
Finished Good Qty,Färdig Artikel Kvantitet,
Finished Good Quantity ,Färdig Artikel Kvantitet,
Finished Good UOM,Färdig Artikel Enhet,
Finished Goods,Färdiga varor,
Finished Goods Based Operating Cost,Färdiga Artiklar Baserade Driftskostnader,
Finished Goods Item,Färdig Artikel Post,
Finished Goods Reference,Färdig Artikel Referens,
Finished Goods Warehouse,Färdigvarulager,
Finished Goods based Operating Cost,Färdiga Artiklar Baserade Driftskostnader,
First Email,Första Email,
First Name,Förnamn,
First Responded On,Först svarade den,
First Response Due,Första Respons,
First Response Time,Första svarstiden,
First Response Time for Issues,Första svarstiden för problem,
First Response Time for Opportunity,Första svarstiden för möjligheter,
Fiscal Year,Räkenskapsår,
Fiscal Year Company,Räkenskapsårets Företag,
Fixed,Fast,
Fixed Asset,Fast tillgångar,
Fixed Asset Account,Fast tillgångskonto,
Fixed Asset Defaults,Fasta Tillgångar,
Fixed Asset Register,Fast tillgångsregister,
Fixed Deposit Number,Fast Deponeringsnummer,
Fixed Rate,Fast ränta,
Fixed Time,Fast Tid,
Fleet Manager,Fleet manager,
Floor,Yta,
Floor Name,Yta Namn,
Folio no.,Folio nr.,
Follow Calendar Months,Följ kalendermånaderna,
For Buying,För köp,
For Company,För Företag,
For Job Card,För Jobbkort,
For Operation,För Åtgärd,
For Price List,För prislista,
For Production,För produktion,
For Selling,För försäljning,
For Warehouse,För lager,
For dunning fee and interest,För påminnelseavgift och ränta,
"For e.g. 2012, 2012-13","För t.ex. 2012, 2012-13",
For how much spent = 1 Loyalty Point,För hur mycket spenderat = 1 Lojalitetspoäng,
For individual supplier,För individuell leverantör,
For reference,Som referens,
"For the convenience of customers, these codes can be used in print formats like Invoices and Delivery Notes","För att underlätta för kunderna, kan dessa koder användas i utskriftsformat som fakturor och följesedlar",
Foreign Trade Details,Foreign Trade Detaljer,
Formula Based Criteria,Formel Baserade Kriterier,
Forum Posts,Foruminlägg,
Forum URL,Forumadress,
Frappe Support,Frappe Support,
Free Item,Gratis artikel,
Free Item Rate,Gratis Artikel Pris,
Freeze Stocks Older Than (Days),Frysta lager äldre än (dagar),
Frequency,Frekvens,
Frequency To Collect Progress,Frekvens för att samla framsteg,
Frequency of Depreciation (Months),Frekvens av avskrivningar (månader),
Friday,Fredag,
From,Från,
From BOM,Från BOM,
From Company,Från Företag,
From Corrective Job Card,Från Korrigerande Jobbkort,
From Currency,Från Valuta,
From Customer,Från Kunden,
From Date,Från Datum,
From Delivery Date,Från Leverans Datum,
From Doctype,Från DocType,
From Employee,Från anställd,
From Folio No,Från Folio nr,
From Invoice Date,Från fakturadatum,
From Lead,Från Prospekt,
From No,Från nr,
From Opportunity,Från Möjlighet,
From Package No.,Från Paket No.,
From Payment Date,Från Betalning Datum,
From Prospect,Från Prospekt,
From Range,Från räckvidd,
From Reference Date,Från Referens Datum,
From Shareholder,Från aktieägare,
From Template,Från mall,
From Time,Från tid,
From Time ,Från Tid,
From Value,Från Värde,
From Voucher Detail No,Från Verifikat Detalj Nummer,
From Voucher No,Från Verifikat Nummer,
From Voucher Type,Från Verifikat Typ,
From Warehouse,Från Warehouse,
Frozen,Fryst,
Fuel Type,Bränsletyp,
Fuel UOM,bränsle UOM,
Fulfilled,uppfyllt,
Fulfillment User,Uppfyllande användare,
Fulfilment Deadline,Uppfyllnadsfristen,
Fulfilment Details,Uppfyllningsdetaljer,
Fulfilment Status,Uppfyllningsstatus,
Fulfilment Terms,Uppfyllningsvillkor,
Fulfilment Terms and Conditions,Uppfyllande Villkor,
Full Name,Fullständigt Namn,
Full and Final Statement,Avgång Avtal,
Fully Billed,Fullt fakturerad,
Fully Completed,Helt Avslutad,
Fully Delivered,Fullt Levererad,
Fully Depreciated,helt avskriven,
GL Entry,GL Entry,
GL Entry Processing Status,Bokföring Register Bearbetning Status,
GL reposting index,Bokföring Register Ompostering Index,
Gain/Loss,Vinst / förlust,
Gain/Loss Account on Asset Disposal,Vinst / Förlust konto på Asset Avfallshantering,
Gain/Loss accumulated in foreign currency account. Accounts with '0' balance in either Base or Account currency,Resultat ackumulerad på konto i utländsk valuta. Konto med '0' saldo i antingen Bas eller Konto valuta,
Gain/Loss already booked,Resultat Bokförd,
Gain/Loss from Revaluation,Omvärdering Resultat,
Gender,Kön,
General,Allmänt,
General Ledger,Allmän huvudbok,
General Settings,Allmänna Inställningar,
General and Payment Ledger Comparison,Bokföring och Betalning Register Jämförelse,
General and Payment Ledger mismatch,Bokföring och Betalning Register Jämförelse,
Generate Invoice At,Skapa Faktura,
Generate New Invoices Past Due Date,Skapa nya fakturor förfallodatum,
Generate Schedule,Generera Schema,
"Generate packing slips for packages to be delivered. Used to notify package number, package contents and its weight.","Skapa följesedlar efter paket som skall levereras. Används för att meddela kollinummer, paketets innehåll och dess vikt.",
Generated,Skapad,
Get Advances Paid,Få utbetalda förskott,
Get Advances Received,Få erhållna förskott,
Get Allocations,Hämta Tilldelningar,
Get Current Stock,Få Nuvarande lager,
Get Entries,Få inlägg,
Get Finished Goods for Manufacture,Hämta Artiklar för Produktion,
Get Item Locations,Hämta objektplatser,
Get Items,Hämta artiklar,
Get Items From,Få objekt från,
Get Items From Purchase Receipts,Hämta objekt från kvitton,
Get Items from Open Material Requests,Få Artiklar från Open Material Begäran,
Get Latest Query,Hämta senaste frågan,
Get Material Request,Få Material Request,
Get Outstanding Invoices,Hämta utestående fakturor,
Get Outstanding Orders,Hämta Utestående Ordrar,
Get Raw Materials Cost from Consumption Entry,Hämta Råmaterial Kostnad från Förbrukning Post,
Get Raw Materials for Purchase,Hämta Råmaterial för Inköp,
Get Raw Materials for Transfer,Hämta Råmaterial för Överföring,
Get Sales Orders,Hämta kundorder,
Get Scrap Items,Hämta Rest Artiklar,
Get Started Sections,Kom igång sektioner,
Get Sub Assembly Items,Hämta Delmontering Artiklar,
Gift Card,Present kort,
Give free item for every N quantity,Lämna gratis artikel för varje N kvantitet,
Global Defaults,Globala standardinställningar,
Goal,Mål,
Goods,Gods,
Grace Period,Grace Period,
Graduate,Examinera,
Grand Total,Totalsumma,
Grand Total (Company Currency),Totalsumma (Företagsvaluta),
Grant Commission,Bevilja Provision,
Green,Grön,
Greeting Message,Hälsning Meddelande,
Greeting Subtitle,Hälsning Undertext,
Greeting Title,Hälsningstitel,
Greetings Section,Hälsningsavsnitt,
Gross Margin,Bruttomarginal,
Gross Margin %,Bruttomarginal%,
Gross Profit,Bruttoförtjänst,
Gross Purchase Amount,Bruttoköpesumma,
Gross Weight,Bruttovikt,
Gross Weight UOM,Bruttovikt UOM,
Gross and Net Profit Report,Brutto- och nettovinstrapport,
Group Same Items,Sammanfoga lika Artikelrader,
Group same items,Grupp samma objekt,
HR Manager,HR-chef,
HR User,HR-Konto,
HR-DRI-.YYYY.-,HR-DRI-.YYYY.-,
HR-EMP-,HR-EMP,
Half Yearly,Halvår,
Half-yearly,Halvår,
Has Alternative Item,Har Alternativ Artikel,
Has Batch No,Har Sats nr,
Has Certificate ,Har certifikat,
Has Corrective Cost,Har Korrigerande Kostnad,
Has Expiry Date,Har förfallodatum,
Has Item Scanned,Har Artikel Skannad,
Has Print Format,Har Utskriftsformat,
Has Priority,Har Prioritet,
Has Serial No,Har Löpnummer,
Has Variants,Har Varianter,
Have Default Naming Series for Batch ID?,Har Standard Nummer Serie för Parti?,
Heads (or groups) against which Accounting Entries are made and balances are maintained.,Huvudtyper (eller grupper) mot vilka bokföringsposter görs och balanser upprätthålls.,
Health Details,Hälsa Detaljer,
Heatmap,Värme Karta,
Height (cm),Höjd (cm),
Help,Hjälp,
Help Article,Hjälp artikel,
Help Section,Hjälpavsnitt,
Help Text,Hjälp text,
Helps you distribute the Budget/Target across months if you have seasonality in your business.,Hjälper vid fördelning av Budget/ Mål över månader om bolag har säsongsvariationer.,
"Here you can maintain family details like name and occupation of parent, spouse and children","Här kan du behålla familje detaljer som namn och ockupationen av förälder, make och barn",
"Here you can maintain height, weight, allergies, medical concerns etc","Här kan du behålla längd, vikt, allergier, medicinska problem etc",
Hero Image,Hjältebild,
Hero Section,Hjältesektion,
Hero Section Based On,Hjältesektion baserad på,
Hidden list maintaining the list of contacts linked to Shareholder,Dold lista som behåller listan över kontakter som är kopplade till aktieägare,
Hide Currency Symbol,Dölj Valutasymbol,
Hide Customer's Tax ID from Sales Transactions,Dölj kundens skatte-ID från försäljningstransaktioner,
Hide Images,Dölj Bilder,
Hide Unavailable Items,Dölj otillgängliga objekt,
Hide timesheets,Dölj Tidrapporter,
High,Hög,
"Higher the number, higher the priority","Högre nummer, högre prioritet",
History In Company,Historia Företaget,
Hold Invoice,Håll faktura,
Hold Type,Håll typ,
Holiday,Sommar,
Holiday List,Holiday Lista,
Holiday List Name,Semester Listnamn,
Holidays,Helgdagar,
Homepage,Hemsida,
Homepage Section,Hemsidan avsnitt,
Homepage Section Card,Hemsida avsnitt kort,
Homepage Slideshow,Hemsida Bildspel,
Hour Rate,Tim värde,
Hourly,Varje timme,
Hours,timmar,
How frequently?,Hur ofta?,
How often should Project and Company be updated based on Sales Transactions?,Hur ofta ska Project och Company uppdateras baserat på försäljningstransaktioner?,
How often should Project be updated of Total Purchase Cost ?,Hur ofta ska Projekt uppdateras baserat på Totalt Inköp Kostnad?,
Hrs,H,
IBAN,IBAN,
ID,ID,
IP Address,IP-adress,
IRS 1099,IRS 1099,
ISS-.YYYY.-,ISS-.YYYY.-,
Identification of the package for the delivery (for print),Identifiering av paketet för leverans (för utskrift),
Idle,Overksam,
"If ""Months"" is selected, a fixed amount will be booked as deferred revenue or expense for each month irrespective of the number of days in a month. It will be prorated if deferred revenue or expense is not booked for an entire month","Om du väljer &quot;Månader&quot; bokas ett fast belopp som uppskjuten intäkt eller kostnad för varje månad, oberoende av antalet dagar i en månad. Det kommer att värderas om uppskjuten intäkt eller kostnad inte bokförs under en hel månad",
"If <b>Enabled</b> - Reconciliation happens on the <b>Advance Payment posting date</b><br>
If <b>Disabled</b> - Reconciliation happens on oldest of 2 Dates: <b>Invoice Date</b> or the <b>Advance Payment posting date</b><br>
","Om <b>Aktiverad</b> - Avstämning sker på <b>Förskott Betalning datum</b><br>
Om <b>Inaktiverad</b> - Avstämning sker på äldsta av 2 datum: <b>Faktura datum</b> eller <b>Förskott Betalning datum</b><br>",
If Income or Expense,Om intäkter eller kostnader,
"If blank, parent Warehouse Account or company default will be considered in transactions",Om det är tomt kommer överordnat lager konto eller företagets standard att beaktas i transaktioner,
"If checked, Rejected Quantity will be included while making Purchase Invoice from Purchase Receipt.","Om vald, kommer avvisad kvantitet att inkluderas när Inköp Faktura skapas från Inköp Följesedel.",
"If checked, Stock will be reserved on <b>Submit</b>","Om vald, kommer Lager Reservation att skapas vid <b>Godkänn<b>",
"If checked, picked qty won't automatically be fulfilled on submit of pick list.","Om vald, kommer plockad kvantitet inte automatiskt att uppfyllas när plocklista godkänns.",
"If checked, the tax amount will be considered as already included in the Paid Amount in Payment Entry","Om vald, kommer moms belopp anses vara inkluderad i Betald Belopp i Betalning Post",
"If checked, the tax amount will be considered as already included in the Print Rate / Print Amount","Om markerad, kommer skattebeloppet anses redan ingå i Skriv värdet / Skriv beloppet",
If different than customer address,Om annan än kundens adress,
"If disable, 'In Words' field will not be visible in any transaction","Om inaktivera, &quot;uttrycker in&quot; fältet inte kommer att vara synlig i någon transaktion",
"If disable, 'Rounded Total' field will not be visible in any transaction","Om inaktiverad ""Rundad Totalt fältet inte syns i någon transaktion",
If enabled then system won't apply the pricing rule on the delivery note which will be create from the pick list,Om aktiverat kommer systemet inte att tillämpa prisregel på följesedel som kommer att skapas från plocklista,
"If enabled, a print of this document will be attached to each email","Om aktiverad, kommer utskrift av detta dokument att bifogas till varje e-post meddelande",
"If enabled, additional ledger entries will be made for discounts in a separate Discount Account","Om aktiverad, extra bokföring poster kommer att skapas för rabatter på separat rabatt konto",
"If enabled, all files attached to this document will be attached to each email","Om aktiverad, kommer alla filer som bifogas detta dokument att bifogas till varje e-post meddelande",
"If enabled, do not update serial / batch values in the stock transactions on creation of auto Serial 
 / Batch Bundle. ","Om aktiverad, uppdatera inte serie nummer /parti värde i lager transaktioner vid skapande av automatiskt Serie Nummer 
 / Parti Paket.",
"If enabled, ledger entries will be posted for change amount in POS transactions","Om aktiverad,bokföring poster kommer att bokföras för Växel Belopp i Kassa Transaktioner",
"If enabled, the consolidated invoices will have rounded total disabled",Om aktiverad kommer Konsoliderad Faktura att ha avrundad totalt inaktiverad,
"If enabled, the item rate won't adjust to the valuation rate during internal transfers, but accounting will still use the valuation rate.","Om aktiverad, kommer artikel pris inte att sättas till grund pris vid interna överföringar, men bokföring kommer fortfarande att använda grund pris.",
"If enabled, the system will allow selecting UOMs in sales and purchase transactions only if the conversion rate is set in the item master.",Om aktiverad kommer system att tillåta val av Enhet i försäljning och inköp transaktioner endast om konvertering sats är angiven i Artikel Inställningar.,
"If enabled, the system will create material requests even if the stock exists in the 'Raw Materials Warehouse'.","Om aktiverad, kommer system att skapa material begäran även om det finns på 'Råmaterial Lager'.",
"If enabled, the system will use the moving average valuation method to calculate the valuation rate for the batched items and will not consider the individual batch-wise incoming rate.","aaOm aktiverad, kommer system att använda Ma värdering sätt för att beräkna värdering för artikel partier och kommer inte att beakta individuell per parti pris.",
"If enabled, then system will only validate the pricing rule and not apply automatically. User has to manually set the discount percentage / margin / free items to validate the pricing rule","Om aktiverad, kommer system bara att validera prissättning regel och inte tillämpas automatiskt. Användare måste manuellt ange rabatt procent / marginal / gratis artikel för att validera prissättning regel",
"If item is a variant of another item then description, image, pricing, taxes etc will be set from the template unless explicitly specified","Om artikeln är en variant av ett annat objekt kommer beskrivning, bild, prissättning, skatter etc att ställas från mallen om inte annat uttryckligen anges",
"If mentioned, the system will allow only the users with this Role to create or modify any stock transaction earlier than the latest stock transaction for a specific item and warehouse. If set as blank, it allows all users to create/edit back-dated transactions.","Om angiven kommer system att tillåta Användare med denna roll att skapa eller ändra lager transaktioner tidigare än senaste lager transaktion för specifik artikel och lager. Om angiven som tomt, tillåter det alla Användare att skapa/redigera backdaterade transaktioner.",
If more than one package of the same type (for print),Om mer än ett paket av samma typ (för utskrift),
"If rate is zero then item will be treated as ""Free Item""","Om pris är noll kommer artikel att behandlas som ""Gratis Artikel""",
If subcontracted to a vendor,Om underleverantörer till en leverantör,
"If the account is frozen, entries are allowed to restricted users.","Om kontot är fruset, är poster endast tillgängligt för begränsade användare.",
"If there is no assigned timeslot, then communication will be handled by this group",Om det inte finns någon tilldelad tidslucka kommer kommunikationen att hanteras av denna grupp,
"If this checkbox is checked, paid amount will be splitted and allocated as per the amounts in payment schedule against each payment term",Om den här kryssrutan är markerad delas betalt belopp och fördelas enligt beloppen i betalningsschemat mot varje betalningstid,
"If this checkbox is enabled, then the system won’t run the MRP for the available sub-assembly items.",Om vald kommer systemet inte att köra Material Resurs Planering för tillgängliga undermontering artiklar.,
If this is checked subsequent new invoices will be created on calendar  month and quarter start dates irrespective of current invoice start date,"Om detta är markerat kommer efterföljande nya fakturor att skapas under kalendermånadens och kvartals startdatum, oavsett nuvarande fakturas startdatum",
If this is unchecked Journal Entries will be saved in a Draft state and will have to be submitted manually,Om detta inte är markerat sparas journalposter i utkaststillstånd och måste skickas manuellt,
"If this is unchecked, direct GL entries will be created to book deferred revenue or expense",Om detta inte är markerat skapas direkt GL-poster för att boka uppskjuten intäkt eller kostnad,
"If this item has variants, then it cannot be selected in sales orders etc.","Om denna artikel har varianter, så det kan inte väljas i kundorder etc.",
"If yes, then this warehouse will be used to store rejected materials","Om ja, kommer detta lager att användas för att lagra avvisat material",
"If you need to reconcile particular transactions against each other, then please select accordingly. If not, all the transactions will be allocated in FIFO order.","Om man behöver stämma av specifika transaktioner mot varandra, välj därefter. Om inte, kommer alla transaktioner att tilldelas i FIFO ordning.",
"If your CSV uses a different delimiter, add that character here, ensuring no spaces or additional characters are included.","Om CSV använder en annan avgränsare, lägg till det tecknet här, se till att inga mellanslag eller ytterligare tecken inkluderas.",
Ignore,Ignorera,
Ignore Account Closing Balance,Ignorera Bokföring Stängning Saldo,
Ignore Available Stock,Ignorera Tillgängligt Lager,
Ignore Default Payment Terms Template,Ignorera Standard Betalning Villkor Mall,
Ignore Employee Time Overlap,Ignorera överlappning av arbetstiden,
Ignore Is Opening check for reporting,Ignorera Öppning Kontroll för rapportering,
Ignore Pricing Rule,Ignorera Prisregler,
Ignore System Generated Credit / Debit Notes,Ignorera System Skapade Kredit / Debet Notor,
Ignore User Time Overlap,Ignorera överlappning av användartid,
Ignore Voucher Type filter and Select Vouchers Manually,Ignorera Verifikat Typ filter och Välj Verifikat Manuellt,
Ignore Workstation Time Overlap,Ignorera överlappning av arbetsstationen,
Ignores legacy Is Opening field in GL Entry that allows adding opening balance post the system is in use while generating reports,Ignorerar gammal 'Är Öppning' fält i Bokföring Post som gör det möjligt att lägga till Öppning Saldo Post efter att system används vid skapande av rapporter,
Image,Bild,
Image View,Visa bild,
Import Chart of Accounts from a csv file,Importera kontoplan från en csv-fil,
Import File,Importera Fil,
Import File Errors and Warnings,Importera Fil Fel och Varningar,
Import Invoices,Importera fakturor,
Import Log,Import logg,
Import Log Preview,Importera Logg Förhandsvisning,
Import Preview,Importera Förhandsvisning,
Import Supplier Invoice,Importera leverantörsfaktura,
Import Type,Import Typ,
Import Warnings,Import Varningar,
Import from Google Sheets,Importera från Google Sheets,
In House,Intern,
In Maintenance,Under underhåll,
In Mins,In Mins,
In Minutes,I Minuter,
In Percentage,I procent,
In Process,Pågående,
In Progress,Pågående,
In Stock Qty,I lager Antal,
In Transit,I transit,
In Words,I Ord,
In Words (Company Currency),I ord (Företagsvaluta),
In Words (Export) will be visible once you save the Delivery Note.,I ord (Export) kommer att vara synlig när du sparar följesedel.,
In Words will be visible once you save the Delivery Note.,I Ord kommer att synas när du sparar följesedel.,
In Words will be visible once you save the Sales Invoice.,I Ord kommer att synas när du sparar fakturan.,
In Words will be visible once you save the Sales Order.,I Ord kommer att synas när du sparar kundorder.,
In mins,I Minuter,
In minutes,Om några minuter,
Inactive,Inaktiv,
Inactive Customers,inaktiva kunder,
Inactive Sales Items,Inaktiva försäljningsartiklar,
Inactive Status,Inaktiv Status,
Incentives,Sporen,
Include Ageing Summary,Inkludera åldringsöversikt,
Include Exploded Items,Inkludera explosiva artiklar,
Include Item In Manufacturing,Inkludera objekt i tillverkningen,
Include Non Stock Items,Inkludera icke-lagerobjekt,
Include POS Transactions,Inkludera POS-transaktioner,
Include Payment (POS),Inkluderar Betalning (POS),
Include Reconciled Entries,Inkludera avstämnignsanteckningar,
Include Safety Stock in Required Qty Calculation,Inkludera Säkerhet Lager i Begärd Kvantitet Beräkning,
Include Subcontracted Items,Inkludera underleverantörer,
Include UOM,Inkludera UOM,
Include in gross,Inkludera i brutto,
Including items for sub assemblies,Inklusive poster för underheter,
Income,Inkomst,
Income Account,Inkomst konto,
Incoming,Inkommande,
Incoming Call Handling Schedule,Inkommande Samtalshantering Schema,
Incoming Call Settings,Inkommande Samtal Inställningar,
Incoming Rate,Inkommande betyg,
Incoming Rate (Costing),Inköp Pris (Kostnad),
Incorrect Balance Qty After Transaction,Felaktig Saldo Kvantitet Efter Transaktion,
Incorrect Serial No Valuation,Felaktig Serie Nummer Värdering,
Incorrect Serial and Batch Bundle,Felaktig Serie och Parti Paket,
Incorrect Stock Value Report,Felaktig Lager Värde Rapport,
Increase In Asset Life(Months),Utökning av Tillgång Livslängd (Månader),
Increment,Inkrement,
Indent,Rekvisition,
Indicates that the package is a part of this delivery (Only Draft),Anger att paketet är en del av denna leverans (endast utkast),
Indicator Color,Indikatorfärg,
Indirect Expense,Indirekt Kostnad,
Indirect Income,Indirekt inkomst,
Individual,Individuell,
Industry,Industri,
Industry Type,Industrityp,
Initial Email Notification Sent,Initial Email Notification Sent,
Initialize Summary Table,Initiera Översikt Tabell,
Initiated,initierad,
Insert New Records,Infoga Nya Poster,
Inspected By,Inspekteras av,
Inspection Required,Inspektion krävs,
Inspection Required before Delivery,Inspektion krävs innan leverans,
Inspection Required before Purchase,Inspektion krävs innan köp,
Inspection Type,Inspektionstyp,
Installation Date,Installations Datum,
Installation Note,Installeringsnotis,
Installation Note Item,Installeringsnotis objekt,
Installation Status,Installationsstatus,
Installation Time,Installationstid,
Installed Qty,Installerat antal,
Instruction,Instruktion,
Instructions,Instruktioner,
Insurance Company,Försäkringsbolag,
Insurance Details,Insurance Information,
Insurance End Date,Försäkrings slutdatum,
Insurance Start Date,Försäkring Startdatum,
Insurance details,Försäkringsinformation,
Insured value,Försäkrade värde,
Insurer,Försäkringsgivare,
Integration Details,Integrationsdetaljer,
Integration ID,Integrations-ID,
Inter Company Invoice Reference,Interfaktura Referens,
Inter Company Journal Entry,Inter Company Journal Entry,
Inter Company Journal Entry Reference,Inter Company Journal Entry Reference,
Inter Company Order Reference,Inter Company Order Reference,
Inter Company Reference,Inter Company Reference,
Inter Transfer Reference,Intern Överföring Referens,
Inter Warehouse Transfer Settings,Inter Warehouse Transfer Inställningar,
Interest,Intressera,
Interested,Intresserad,
Internal Customer,Intern Kund,
Internal Supplier,Intern Leverantör,
Internal Transfer,Intern transaktion,
Internal Work History,Intern Arbetserfarenhet,
Interval should be between 1 to 59 MInutes,Intervall ska vara mellan 1 och 59 minuter,
Introduction,Introduktion,
Invalid Ledger Entries,Ogiltiga Register Poster,
Inventory,Inventering,
Inventory Dimension,Lager Dimension,
Inventory Settings,Lager Inställningar,
Invoice,Faktura,
Invoice Cancellation,Faktura Annullering,
Invoice Date,Fakturadatum,
Invoice Discounting,Fakturabidrag,
Invoice Limit,Faktura Gräns,
Invoice Number,Fakturanummer,
Invoice Portion,Fakturahandel,
Invoice Portion (%),Faktura Andel (%),
Invoice Series,Fakturaserie,
Invoice Type,Faktura Typ,
Invoice and Billing,Faktura & Fakturering,
Invoices,fakturor,
Invoices and Payments have been Fetched and Allocated,Fakturor och Betalningar är Hämtade och Tilldelade,
Invoicing Features,Fakturering Funktioner,
Inward,Inåt,
Is Account Payable,Är leverantörsskuld,
Is Active,Är Aktiv,
Is Adjustment Entry,Är Justering Post,
Is Advance,Är Advancerad,
Is Alternative,Är Alternativ,
Is Billable,Är fakturerbar,
Is Cancelled,Är Inställd,
Is Cash or Non Trade Discount,Är Kontant eller Ej Försäljning Rabatt,
Is Company,Är Företag,
Is Company Account,Är företagskonto,
Is Composite Asset,Är Sammansatt Tillgång,
Is Consolidated,Är konsoliderad,
Is Container,Är Container,
Is Corrective Job Card,Är Korrigerande Jobbkort,
Is Corrective Operation,Är Korrigerande Åtgärd,
Is Cumulative,Är kumulativ,
Is Customer Provided Item,Är kunden tillhandahållen artikel,
Is Default,Är standard,
Is Default Account,Är standardkonto,
Is Default Language,Är standardspråk,
Is Delivery Note Required for Sales Invoice Creation?,Krävs leveransnot för att skapa försäljningsfaktura?,
Is Discounted,Är rabatterad,
Is Exchange Gain / Loss?,Är Valutaväxling Resultat?,
Is Existing Asset,Är befintlig tillgång,
Is Expandable,Är Utvidningsbar,
Is Finished Item,Är Färdig Artikel,
Is Fixed Asset,Är anläggningstillgång,
Is Free Item,Är gratis artikel,
Is Frozen,Är Frozen,
Is Fully Depreciated,Är Helt Avskriven,
Is Group,Är grupperad,
Is Group Warehouse,Är Grupp Lager,
Is Internal Customer,Är internkund,
Is Internal Supplier,Är Intern Leverantör,
Is Mandatory,Är obligatorisk,
Is Milestone,Är Milestone,
Is Old Subcontracting Flow,Är Gammal Underleverantör Flöde,
Is Opening,Är Öppning,
Is Opening Entry,Är öppen anteckning,
Is Outward,Är Utgående,
Is Paid,Är betalad,
Is Period Closing Voucher Entry,Är Period Stängning Verifikat Post,
Is Purchase Order Required for Purchase Invoice & Receipt Creation?,Krävs inköpsorder för inköp av faktura och kvitto?,
Is Purchase Receipt Required for Purchase Invoice Creation?,Krävs inköpskvitto för att skapa faktura?,
Is Rate Adjustment Entry (Debit Note),Är Pris Justering Post (Debet Nota),
Is Recursive,Är Rekursiv,
Is Rejected,Är Avvisad,
Is Rejected Warehouse,Är Avvisad Lager,
Is Return,Är Returnerad,
Is Return (Credit Note),Är Retur (Kreditnot),
Is Return (Debit Note),Är Retur (Debit Not),
Is Sales Order Required for Sales Invoice & Delivery Note Creation?,Krävs försäljningsorder för att skapa försäljningsfaktura och leveransnot?,
Is Scrap Item,Är Rest Artikel,
Is Short/Long Year,Är Kort/Långt År,
Is Standard,Är Standard,
Is Stock Item,Är Lager Artikel,
Is Subcontracted,Är utlagt,
Is System Generated,Är System Skapad,
Is Tax Withholding Account,Är Moms Avdrag Konto,
Is Template,Är Mall,
Is Transporter,Är Transporter,
Is a Subscription,Är en prenumeration,
Is this Tax included in Basic Rate?,Är denna skatt inkluderar i Basic kursen?,
Issue,Problem,
Issue Analytics,Ärende Analys,
Issue Credit Note,Utgåva Kreditnot,
Issue Date,Utgivningsdatum,
Issue Priority,Utgåva prioritet,
Issue Split From,Problem delad från,
Issue Summary,Ärende Översikt,
Issue Type,Typ av utgåva,
Issue a debit note with 0 qty against an existing Sales Invoice,Utfärda Debet Nota med 0 i Kvantitet mot befintlig Försäljning Faktura,
Issued,Utfärdad,
Issued Items Against Work Order,Utgivna poster mot arbetsorder,
Issues,frågor,
Issuing Date,Utgivningsdatum,
Item,Objekt,
Item Alternative,Alternativ Alternativ,
Item Attribute,Produkt Attribut,
Item Attribute Value,Produkt Attribut Värde,
Item Attribute Values,Produkt Attribut Värden,
Item Balance (Simple),Artikelbalans (Enkel),
Item Barcode,Produkt Streckkod,
Item Code,Produktkod,
Item Customer Detail,Produktdetaljer kund,
Item Default,Objektstandard,
Item Defaults,Objektstandard,
Item Description,Produktbeskrivning,
Item Details,Artikel detaljer,
Item Group,Produkt Grupp,
Item Group Defaults,Produktgruppsinställningar,
Item Group Name,Produkt  Gruppnamn,
Item Group wise Discount,Rabatt per Artikel Grupp,
Item Groups,artikelgrupper,
Item Image (if not slideshow),Produktbild (om inte bildspel),
Item Locations,Objektplatser,
Item Manager,Produktansvarig,
Item Manufacturer,Punkt Tillverkare,
Item Name,Föremålsnamn,
Item Naming By,Produktnamn Genom,
Item Price,Produkt Pris,
Item Price Settings,Artikel Pris Inställningar,
Item Price Stock,Produktpris Lager,
Item Prices,Produktpriser,
Item Quality Inspection Parameter,Produktkvalitetskontroll Parameter,
Item Reference,Artikel Referens,
Item Reorder,Produkt Ändra ordning,
Item Serial No,Produkt Löpnummer,
Item Shortage Report,Produkt Brist Rapportera,
Item Supplier,Produkt Leverantör,
Item Tax,Produkt Skatt,
Item Tax Amount Included in Value,Artikel Skattebelopp ingår i värdet,
Item Tax Rate,Produkt Skattesats,
Item Tax Template,Objekt skattemall,
Item Tax Template Detail,Objekt skatt mall mall,
Item To Manufacture,Produkt för att tillverka,
Item UOM,Produkt UOM,
Item Variant,Produkt Variant,
Item Variant Attribute,Punkt Variant Attribut,
Item Variant Details,Varianter av varianter,
Item Variant Settings,Alternativ för varianter av varianter,
Item Website Specification,Produkt hemsidespecifikation,
Item Weight Details,Produkt Vikt detaljer,
Item Wise Tax Detail,Produktvis Skatte Detalj,
Item and Warehouse,Artikel och Lager,
Item and Warranty Details,Punkt och garantiinformation,
Item operation,Artikeloperation,
Item to be manufactured or repacked,Produkt som skall tillverkas eller packas,
Item-wise Price List Rate,Produktvis Prislistavärde,
Item-wise Purchase History,Produktvis Köphistorik,
Item-wise Purchase Register,Produktvis Inköpsregister,
Item-wise Sales History,Produktvis försäljnings historia,
Item-wise Sales Register,Produktvis säljregister,
Items,Produkter,
Items To Be Requested,Produkter att begäras,
Items to Be Repost,Artikel som ska Läggas om,
Items under this warehouse will be suggested,Föremål under detta lager kommer att föreslås,
Itemwise Discount,Produktvis rabatt,
Itemwise Recommended Reorder Level,Produktvis Rekommenderad Ombeställningsnivå,
Job Capacity,Arbetskapacitet,
Job Card,Jobbkort,
Job Card Item,Jobbkortsartikel,
Job Card Operation,Jobbkort Åtgärd,
Job Card Scheduled Time,Jobbkort Schemalagd Tid,
Job Card Scrap Item,Jobbkort Rest Artikel,
Job Card Summary,Sammanställning av jobbkort,
Job Card Time Log,Jobbkortets tidlogg,
Job Card and Capacity Planning,Jobbkort & Kapacitet Planering,
Job Cards,Jobbkort,
Job Started,Jobb började,
Job Title,Jobbtitel,
Job Worker,Jobb Ansvarig,
Job Worker Address,Jobb Ansvarig Adress,
Job Worker Address Details,Jobb Ansvarig Adress Detaljer,
Job Worker Contact,Jobb Ansvarig Kontakt,
Job Worker Delivery Note,Jobb Ansvarig Följesedel,
Job Worker Name,Jobb Ansvarig Namn,
Job Worker Warehouse,Jobb Ansvarig Lager,
Joining,Anställning,
Journal Entry,Journalanteckning,
Journal Entry Account,Journalanteckning konto,
Journal Entry Template,Mall för journalpost,
Journal Entry Template Account,Konto för mall för journalpost,
Journal Entry Type,Typ av journalpost,
Journal Entry for Scrap,Journal Entry för skrot,
Journals,Journaler,
"Keep Track of Sales Campaigns. Keep track of Leads, Quotations, Sales Order etc from Campaigns to gauge Return on Investment. ","Håll koll på säljkampanjer. Håll koll på Prospekter, Offerter, kundorder etc från kampanjer för att mäta avkastning på investeringen.",
Key,Nyckel,
Keyboard Shortcuts,Kort Kommando,
Label,Etikett,
Landed Cost Help,Landad kostnad Hjälp,
Landed Cost Item,Landad kostnadspost,
Landed Cost Purchase Receipt,Landad kostnad inköpskvitto,
Landed Cost Taxes and Charges,Landed Cost skatter och avgifter,
Landed Cost Voucher,Landad Kostnad rabatt,
Landed Cost Voucher Amount,Landad Kostnad rabattmängd,
Landscape,Landskap,
Language,Språk,
Lapsed,förfallit,
Last Carbon Check,Sista Carbon Check,
Last Completion Date,Sista slutdatum,
Last Integration Date,Sista integrationsdatum,
Last Name,Efternamn,
Last Purchase Rate,Senaste Beställningsvärde,
Latitude,Latitud,
Lead,Prospekt,
Lead Details,Prospekt Detaljer,
Lead Name,Prospekt Namn,
Lead Owner,Prospekt ägaren,
Lead Owner Efficiency,Effektivitet hos ledningsägaren,
Lead Source,bly Källa,
Lead Time,Ledtid,
Lead Time Date,Ledtid datum,
Lead Time in days,Ledtid i dagar,
Lead Type,Prospekt Typ,
Leads,Potentiella Kunder,
"Learn about <a href=""https://docs.erpnext.com/docs/v13/user/manual/en/accounts/articles/common_party_accounting#:~:text=Common%20Party%20Accounting%20in%20ERPNext,Invoice%20against%20a%20primary%20Supplier."">Common Party</a>","Lär dig om <a href=""https://docs.erpnext.com/docs/v13/user/manual/en/accounts/articles/common_party_accounting#:~:text=Common%20Party%20Accounting%20in%20ERPNext,Invoice%20against%20a%20primary%20Supplier."">Gemensam Parti</a>",
Leave Encashed?,Lämna inlösen?,
"Leave blank for home.
This is relative to site URL, for example ""about"" will redirect to ""https://yoursitename.com/about""","Lämna tom för Hem. Detta är relativt till webbadress, till exempel 'Om' kommer att omdirigera till 'https://yoursitename.com/about'",
Leave blank if the Supplier is blocked indefinitely,Lämna tomma om Leverantören är obestämd,
Leave blank to use the standard Delivery Note format,Lämna tomt för att använda standardleveransnotatformatet,
Ledger Health,Register Status,
Ledger Health Monitor,Register Status Övervakning,
Ledger Health Monitor Company,Register Status Övervakning Bolag,
Ledger Merge,Bokgöring Register Sammanslagning,
Ledger Merge Accounts,Register Sammanslagning Konton,
Left,Vänster,
Left Child,Vänster Underordnad,
Left Index,Vänster index,
Legal Entity / Subsidiary with a separate Chart of Accounts belonging to the Organization.,Juridisk person / Dotterbolag med en separat kontoplan som tillhör organisationen.,
Length (cm),Längd (cm),
Letter Head,Brev,
Letter or Email Body Text,Text i brev eller e-post,
Letter or Email Closing Text,Text för brev eller e-post,
Level,Nivå,
Level (BOM),Nivå (Stycklista),
Lft,Lft,
Liability,Ansvar,
License Details,Licensinformation,
License Number,Licensnummer,
License Plate,Registreringsskylt,
Likes,Gillar,
Limit timeslot for Stock Reposting,Begränsa tid för Lager Omläggning,
Limited to 12 characters,Begränsat till 12 tecken,
Limits don't apply on,Gräns gäller inte,
Line spacing for amount in words,Radavstånd för beloppet i ord,
Link,Länk,
Link Options,Länkalternativ,
Link existing Quality Procedure.,Länka befintligt kvalitetsförfarande.,
Linked Documents,Länkade dokument,
Linked Invoices,Länkade fakturor,
Linked Location,Länkad plats,
Links,Länkar,
List items that form the package.,Lista objekt som bildar paketet.,
Load All Criteria,Ladda alla kriterier,
Loan,Lån,
Loan End Date,Lånets slutdatum,
Loan Period (Days),Låneperiod (dagar),
Loan Start Date,Lånets startdatum,
Location,Läge,
Location Details,Plats detaljer,
Location Name,Platsnamn,
Locked,Låst,
Log Entries,Logg Poster,
Log out,Logga Ut,
Log the selling and buying rate of an Item,Logga försäljning och inköp pris för Artikel,
Logo,Logo,
Longitude,Longitud,
Lost,Förlorade,
Lost Opportunity,Förlorad möjlighet,
Lost Quotation,förlorade Offert,
Lost Quotations,Förlorade Försäljning Offerter,
Lost Reason,Förlorad Anledning,
Lost Reason Detail,Förlorad anledning detalj,
Lost Reasons,Förlorade skäl,
Low,Låg,
Lower Deduction Certificate,Lägre avdragsintyg,
Loyalty Amount,Lojalitetsbelopp,
Loyalty Point Entry,Lojalitetspoäng inträde,
Loyalty Point Entry Redemption,Återbetalning av lojalitetspoäng,
Loyalty Points,Lojalitetspoäng,
Loyalty Points Redemption,Lojalitetspoäng Inlösen,
Loyalty Program,Lojalitetsprogram,
Loyalty Program Collection,Lojalitetsprogram Samling,
Loyalty Program Help,Lojalitetsprogram Hjälp,
Loyalty Program Name,Lojalitetsprogramnamn,
Loyalty Program Tier,Lojalitetsprogram Tier,
Loyalty Program Type,Lojalitetsprogramtyp,
MAT-DN-.YYYY.-,MAT-DN-.YYYY.-,
MAT-DN-RET-.YYYY.-,MAT-DN-RET-.YYYY.-,
MAT-DT-.YYYY.-,MAT-DT-.YYYY.-,
MAT-INS-.YYYY.-,MAT-INS-.YYYY.-,
MAT-LCV-.YYYY.-,MAT-LCV-.YYYY.-,
MAT-MR-.YYYY.-,MAT-MR-.YYYY.-,
MAT-MSH-.YYYY.-,MAT-MSH-.YYYY.-,
MAT-MVS-.YYYY.-,MAT-MVS-.YYYY.-,
MAT-PAC-.YYYY.-,MAT-PAC-.YYYY.-,
MAT-PR-RET-.YYYY.-,MAT-PR-RET-.YYYY.-,
MAT-PRE-.YYYY.-,MAT-PRE-.YYYY.-,
MAT-QA-.YYYY.-,MAT-QA-.YYYY.-,
MAT-RECO-.YYYY.-,MAT-RECO-.YYYY.-,
MAT-STE-.YYYY.-,MAT-STE-.YYYY.-,
MFG-BLR-.YYYY.-,MFG-BLR-.YYYY.-,
MFG-PP-.YYYY.-,MFG-PP-.YYYY.-,
MFG-WO-.YYYY.-,MFG-WO-.YYYY.-,
Machine malfunction,Maskinfel,
Machine operator errors,Fel på maskinoperatören,
Main Cost Center,Standard Resultat Enhet,
Maintain Same Rate Throughout Sales Cycle,Behåll samma takt hela säljcykeln,
Maintain Same Rate Throughout the Purchase Cycle,Håll samma hastighet under hela köpcykeln,
Maintain Stock,Behåll Lager,
Maintenance,Underhåll,
Maintenance Date,Underhållsdatum,
Maintenance Details,Service Detaljer,
Maintenance Manager,Underhållschef,
Maintenance Manager Name,Underhållsansvarig namn,
Maintenance Required,Underhåll krävs,
Maintenance Role,Underhålls roll,
Maintenance Schedule,Underhållsschema,
Maintenance Schedule Detail,Underhållsschema Detalj,
Maintenance Schedule Item,Underhållsschema Produkt,
Maintenance Schedules,Underhålls scheman,
Maintenance Status,Underhåll Status,
Maintenance Task,Underhållsuppgift,
Maintenance Tasks,Underhållsuppgifter,
Maintenance Team,Underhållsteam,
Maintenance Team Member,Underhållspersonal,
Maintenance Team Members,Underhållspersonal,
Maintenance Team Name,Underhållsgruppsnamn,
Maintenance Time,Servicetid,
Maintenance Type,Servicetyp,
Maintenance User,Serviceanvändare,
Maintenance Visit,Servicebesök,
Maintenance Visit Purpose,Servicebesökets syfte,
Major/Optional Subjects,Stora / valfria ämnen,
Make,Göra,
Make Depreciation Entry,Göra Av- Entry,
Make Difference Entry,Skapa Differensinlägg,
Make Payment via Journal Entry,Gör betalning via Journal Entry,
Make Sales Invoice,Skapa fakturan,
Make Serial No / Batch from Work Order,Skapa Serie / Parti Nummer från Arbetsorder,
Manage cost of operations,Hantera kostnaderna för verksamheten,
Mandatory,Obligatorisk,
Mandatory Depends On,Erfordrad Beroende Av,
Mandatory For Balance Sheet,Obligatoriskt för balansräkningen,
Mandatory For Profit and Loss Account,Obligatoriskt för resultaträkningskonto,
Mandatory Section,Erfodrad Sektion,
Manual,Manuell,
Manual Inspection,Manuell Kontroll,
Manufacture,Tillverkning,
Manufacture against Material Request,Tillverkning mot Material Begäran,
Manufactured Qty,Tillverkas Antal,
Manufacturer,Tillverkare,
Manufacturer Part Number,Tillverkarens varunummer,
Manufacturers used in Items,Tillverkare som används i artiklar,
Manufacturing,Tillverkning,
Manufacturing Date,Tillverkningsdatum,
Manufacturing Manager,Tillverkningsansvarig,
Manufacturing Section,Tillverkningssektionen,
Manufacturing Settings,Tillverknings Inställningar,
Manufacturing Type,Produktion Typ,
Manufacturing User,Tillverkningsanvändare,
Margin,Marginal,
Margin Money,Marginalpengar,
Margin Rate or Amount,Marginal snabbt eller hur mycket,
Margin Type,marginal Type,
Marital Status,Civilstånd,
Market Segment,Marknadssegment,
Married,Gift,
Mask,Mask,
Material Consumption for Manufacture,Materialförbrukning för tillverkning,
Material Issue,Materialproblem,
Material Receipt,Material Kvitto,
Material Request,Materialförfrågan,
Material Request Date,Material Request Datum,
Material Request Detail,Materialförfrågan Detalj,
Material Request Item,Material Begäran Produkt,
Material Request Plan Item,Material Beställningsplan,
Material Request Planning,Material Beställningsplanering,
Material Request Type,Typ av Materialbegäran,
Material Request used to make this Stock Entry,Material Begäran används för att göra detta Lagerinlägg,
Material Requested,Material som begärs,
Material Requests,material Framställningar,
Material Requests for which Supplier Quotations are not created,Material Begäran för vilka leverantörsofferter är inte skapade,
Material Transfer,Material Transfer,
Material Transfer for Manufacture,Material Transfer för Tillverkning,
Material Transferred,Material överfört,
Material Transferred for Manufacture,Material Överfört för tillverkning,
Material Transferred for Manufacturing,Material Överfört för tillverkning,
Material Transferred for Subcontract,Material överfört för underleverantör,
Materials Required (Exploded),Material som krävs (Expanderad),
Max Amount,Maxbelopp,
Max Amt,Max Amt,
Max Discount (%),Max rabatt (%),
Max Grade,Max Grade,
Max Qty,Max Antal,
Max Qty (As Per Stock UOM),Maximum Kvantitet (per Lager Enhet),
Max Sample Quantity,Max provkvantitet,
Max Score,Max poäng,
Maximum Invoice Amount,Maximal Fakturabelopp,
Maximum Net Rate,Maximum Netto Pris,
Maximum Payment Amount,Maximum Betalning Belopp,
Maximum Use,Maximal användning,
Maximum Value,Maximum Värde,
Maximum sample quantity that can be retained,Maximal provkvantitet som kan behållas,
Medium,Medium,
Mention if non-standard Receivable account,Ange om ej Standard Fordring Konto,
Mention if non-standard payable account,Nämn om inte-standard betalnings konto,
Mention if non-standard receivable account applicable,Nämn om icke-standard mottagningskonto tillämpat,
Merge Invoices Based On,Slå Samman Faktura Baserad På,
Merge Similar Account Heads,Slå Samman Liknande Konto Poster,
Merged,Sammanslagen,
Message,Meddelande,
Message Examples,Meddelande Exempel,
Message for Supplier,Meddelande till leverantören,
Message to show,Meddelande för att visa,
Message will be sent to the users to get their status on the Project,Meddelande kommer att skickas till användarna för att få sin status i projektet,
Messages greater than 160 characters will be split into multiple messages,Meddelanden som är större än 160 tecken delas in i flera meddelanden,
Middle Name,Mellannamn,
Min Amount,Min belopp,
Min Amt,Min Amt,
Min Grade,Min betyg,
Min Order Qty,Min Order kvantitet,
Min Qty,Min Antal,
Min Qty (As Per Stock UOM),Minimum Kvantitet (per Lager Enhet),
Minimum Invoice Amount,Minimifakturabelopp,
Minimum Net Rate,Minimum Netto Pris,
Minimum Order Qty,Minimum Antal,
Minimum Order Quantity,Minimum antal,
Minimum Payment Amount,Minimum Betalning Belopp,
Minimum Total Spent,Minsta totala utgifter,
Minimum Value,Mimimum Värde,
Minimum quantity should be as per Stock UOM,Minsta kvantitet ska vara enligt lager UOM,
Minute,Minut,
Minutes,Minuter,
Mixed Conditions,Blandade villkor,
Mobile,Mobil,
Mobile No,Mobilnummer,
Mode of Payment,Betalningssätt,
Mode of Payment Account,Betalningssätt konto,
Model,Modell,
Modes of Payment,Betalningsmetoder,
Monday,Måndag,
Monitor Progress,Monitor Progress,
Monitor for Last 'X' days,"Övervakning för senaste ""X"" dagar",
Monitoring Frequency,Övervaka frekvens,
Month,Månad,
Month(s) after the end of the invoice month,Månad (er) efter fakturamånadens slut,
Monthly,Månadsvis,
Monthly Distribution,Månads Fördelning,
Monthly Distribution Percentage,Månadsdistributions Procent,
Monthly Distribution Percentages,Månadsdistributions Procentsatser,
Monthly Rate,Månadsavgift,
Monthly Sales Target,Månadsförsäljningsmål,
Months,Månader,
More Info,Mer Information,
More Information,Mer information,
More/Less than 12 months.,Mer/Mindre än 12 månader.,
Moving Average,Rörligt medelvärde,
Multi Currency,Flera valutor,
Multiple Tier Program,Multiple Tier Program,
Must be Whole Number,Måste vara heltal,
Must be a publicly accessible Google Sheets URL and adding Bank Account column is necessary for importing via Google Sheets,Måste vara publik tillgänglig URL för Google Sheets och det är nödvändigt att lägga till Bank Konto Kolumn att importera via Google Sheets,
Mute Email,Mute E,
My Profile,Min Profil,
My Settings,Mina Inställningar,
N/A,N / A,
Name,namn,
Name and Employee ID,Namn och Anställnings ID,
Name of Beneficiary,Stödmottagarens namn,
Name of the Monthly Distribution,Namn på månadens distribution,
Named Place,Namngiven Plats,
Naming Series,Namge Serien,
Naming Series Prefix,Namn Serie Prefix,
Naming Series and Price Defaults,Nummer Serie & Pris Standard,
Natural Gas,Naturgas,
Net Amount,Nettobelopp,
Net Amount (Company Currency),Nettobelopp (Företagsvaluta),
Net Hour Rate,Netto timmekostnad,
Net Purchase Amount,Netto Inköp Belopp,
Net Rate,Netto kostnad,
Net Rate (Company Currency),Netto kostnad (Företagsvaluta),
Net Total,Netto Totalt,
Net Total (Company Currency),Netto Totalt (Företagsvaluta),
Net Weight,Nettovikt,
Net Weight UOM,Nettovikt UOM,
New Asset Value,Nytt tillgångsvärde,
New BOM,Ny BOM,
New Balance In Account Currency,Ny Saldo i Konto Valuta,
New Balance In Base Currency,Ny balans i basvaluta,
New Exchange Rate,Ny växelkurs,
New Expenses,nya kostnader,
New Income,ny inkomst,
New Purchase Invoice,Ny inköpsfaktura,
New Purchase Orders,Nya beställningar,
New Quotations,Nya Citat,
New Sales Invoice,Ny försäljningsfaktura,
New Sales Orders,Ny kundorder,
New Workplace,Ny Arbetsplats,
New invoices will be generated as per schedule even if current invoices are unpaid or past due date,Nya fakturor genereras enligt schema även om nuvarande fakturor är obetalda eller förfallna,
Next Depreciation Date,Nästa Av- Datum,
Next Due Date,Nästa Förfallodatum,
Next email will be sent on:,Nästa e-post kommer att skickas på:,
No,Nej,
No Answer,Ingen Svar,
No of Docs,Antal Dokument,
No of Employees,Personal Antal,
No of Months (Expense),Antal Månader,
No of Months (Revenue),Antal Månader,
No of Requested SMS,Antal Begärd SMS,
No of Sent SMS,Antal skickade SMS,
No of Shares,Antal aktier,
No of Visits,Antal besök,
No stock transactions can be created or modified before this date.,Inga lager transaktioner kan skapas eller ändras före detta datum.,
No. of Employees,Personal Antal,
Non Conformance,Bristande överensstämmelse,
None,Ingen,
Not Applicable,Inte Tillämpbar,
Not Billed,Inte Billed,
Not Delivered,Inte Levererad,
Not Started,Inte Startat,
Note,Notera,
Note: Email will not be sent to disabled users,Obs: E-post kommer inte att skickas till inaktiverade användare,
Notes,Anmärkningar,
Notes HTML,Anteckningar HTML,
Notice (days),Observera (dagar),
Notify Employee,Meddela medarbetare,
Notify Other,Meddela Annan,
Notify Reposting Error to Role,Avisera omläggning fel till roll,
Notify Supplier,Meddela Leverantör,
Notify Via Email,Meddela via e-post,
Notify by Email on Creation of Automatic Material Request,Meddela via e-post om skapande av automatisk materialförfrågan,
Notify customer and agent via email on the day of the appointment.,Meddela kund och agent via e-post dagen för avtalet.,
Number of Columns,Antal kolumner,
Number of Concurrent Appointments,Antal samtidiga möten,
Number of Days,Antal Dagar,
Number of columns for this section. 3 cards will be shown per row if you select 3 columns.,Antal kolumner för detta avsnitt. 3 kort visas per rad om du väljer 3 kolumner.,
Number of days after invoice date has elapsed before canceling subscription or marking subscription as unpaid,Antal dagar efter fakturadatum har förflutit innan du avbryter prenumerationen eller prenumerationen som obetald,
Number of days appointments can be booked in advance,Antal dagars möten kan bokas i förväg,
Number of days that the subscriber has to pay invoices generated by this subscription,Antal dagar som abonnenten måste betala fakturor som genereras av denna prenumeration,
"Number of intervals for the interval field e.g if Interval is 'Days' and Billing Interval Count is 3, invoices will be generated every 3 days","Antal intervaller för intervallfältet, t ex om intervallet är &quot;dagar&quot; och faktureringsintervalsräkning är 3, fakturor kommer att genereras var tredje dag",
Numeric,Numerisk,
Numeric Inspection,Numerisk Kontroll,
Numeric Values,Numeriska värden,
O+,O +,
O-,O-,
Objective,Mål,
Objectives,mål,
Odometer Value (Last),Vägmätare Value (Senaste),
Off,Av,
Offer Date,Erbjudandet Datum,
Offsetting Account,Avräkning Konto,
Old Parent,Gammalt mål,
Oldest Of Invoice Or Advance,Äldsta Faktura eller Förskott,
On Hold,Placerad i kö,
On Hold Since,På vänt sedan,
On Item Quantity,På artikelkvantitet,
On Net Total,På Net Totalt,
On Paid Amount,På Betald Belopp,
On Previous Row Amount,På föregående v Belopp,
On Previous Row Total,På föregående v Totalt,
On enabling this cancellation entries will be posted on the actual cancellation date and reports will consider cancelled entries as well,När du aktiverar denna annullering kommer poster att publiceras på faktisk annullering datum och rapporter kommer också att inkludera annullerade poster,
"On submission of the stock transaction, system will auto create the Serial and Batch Bundle based on the Serial No / Batch fields.",Vid godkännade av lager transaktion kommer system att automatiskt skapa Serie  och Parti Paket baserat på Serienummer / Parti fält.,
On-machine press checks,Presskontroller på maskinen,
"Once set, this invoice will be on hold till the set date",När den är inställd kommer den här fakturan att vara kvar tills det angivna datumet,
Only 'Payment Entries' made against this advance account are supported.,"Endast ""Betalning Poster"" som skapas mot detta förskott konto stöds.",
Only Deduct Tax On Excess Amount ,Endast Dra av Skatt på Överskjutande Belopp,
Only Include Allocated Payments,Endast Inkludera allokerade betalningar,
Only applies for Normal Payments,Gäller endast för Normala Betalningar,
Only leaf nodes are allowed in transaction,Endast huvudnoder är tillåtna i transaktionen,
Only show Customer of these Customer Groups,Visa endast kund för dessa kundgrupper,
Only show Items from these Item Groups,Visa endast artiklar från dessa artikelgrupper,
"Only values between [0,1) are allowed. Like {0.00, 0.04, 0.09, ...}
Ex: If allowance is set at 0.07, accounts that have balance of 0.07 in either of the currencies will be considered as zero balance account","Endast värden mellan [0,1) är tillåtna, t.ex.{0.00, 0.04, 0.09, ...}
Exempel: Om tillåtelse är angiven till 0,07, kommer konton som har saldo på 0,07 i någon av valutorna att betraktas som noll saldo konto.",
Open,Öppen,
Open Activities HTML,Öppna Aktiviteter HTML,
Open Issues,Öppna nummer,
Open Notifications,Öppna meddelanden,
Open Projects,Öppna projekt,
Open Quotations,Öppna citat,
Open To Do,Öppna att göra,
Open Work Orders,Öppna arbetsorder,
Opening Accumulated Depreciation,Ingående ackumulerade avskrivningar,
Opening Amount,Öppningsbelopp,
Opening Balance Details,Öppningsbalansinformation,
Opening Date,Öppningsdatum,
Opening Entry,Öppnings post,
Opening Invoice Creation Tool,Öppnande av fakturaverktyg,
Opening Invoice Creation Tool Item,Öppnande av fakturaobjektverktygsartikel,
Opening Number of Booked Depreciations,Öppning Nummer för Bokförda Avskrivningar,
Opening Stock,ingående lager,
Opening Time,Öppnings Tid,
Operating Cost,Rörelse Kostnad,
Operating Cost (Company Currency),Driftskostnad (Company valuta),
Operating Cost Per BOM Quantity,Drift Kostnad per Stycklista Kvantitet,
Operating Cost(Company Currency),Driftskostnad (Company valuta),
Operating Costs,Operations Kostnader,
Operation,Funktion,
Operation Cost,Driftkostnad,
Operation Description,Drift Beskrivning,
Operation ID,Operations-ID,
Operation Row Number,Operation radnummer,
Operation Time,Drifttid,
Operation completed for how many finished goods?,Driften färdig för hur många färdiga varor?,
Operation time does not depend on quantity to produce,Åtgärd Tid beror inte på kvantitet som ska produceras,
Operations,Verksamhet,
Operator,Operatör,
Opportunities,möjligheter,
Opportunity,Möjlighet,
Opportunity Amount,Opportunity Amount,
Opportunity Amount (Company Currency),Möjlighet Belopp (Bolag Valuta),
Opportunity Date,Möjlighet Datum,
Opportunity From,Möjlighet Från,
Opportunity Item,Möjlighet Punkt,
Opportunity Lost Reason,Möjlighet förlorad anledning,
Opportunity Lost Reason Detail,Opportunity Lost Reason Detail,
Opportunity Owner,Möjlighet Ansvarig,
Opportunity Summary by Sales Stage,Möjlighet Översikt efter Försäljning Stadium,
Opportunity Type,Möjlighet Typ,
Opportunity Value,Möjlighet Värde,
Optimize Route,Optimera Rutt,
Options,Val,
Orange,Orange,
Order Confirmation Date,Orderbekräftelsedatum,
Order Confirmation No,Orderbekräftelse nr,
Order Date,Order Datum,
Order Information,Beställningsinformation,
Order No,Order Nummer,
Order Type,Beställ Type,
"Order in which sections should appear. 0 is first, 1 is second and so on.","Ordning i vilka avsnitt som ska visas. 0 är först, 1 är andra och så vidare.",
Ordered,Beställde,
Ordered Qty,Beställde Antal,
Ordered Quantity,Beställd kvantitet,
Organization,Organisation,
Organization Name,Organisationsnamn,
Orientation,Orientering,
Original Item,Ursprunglig artikel,
Other,Annat,
Other Details,Andra detaljer,
Other Info,Övrig Information,
Other Settings,Andra inställningar,
Out of AMC,Slut på AMC,
Out of Order,Trasig,
Out of Warranty,Ingen garanti,
Outgoing,Utgående,
Outgoing Rate,Utgående betyg,
Outstanding,Utestående,
Outstanding (Company Currency),Utestående (Bolag Valuta),
Outstanding Amount,Utestående belopp,
Outward,Utåt,
Over Billing Allowance (%),Över faktureringsbidrag (%),
Over Delivery/Receipt Allowance (%),Överleverans / kvittobidrag (%),
Over Picking Allowance,Över Plock Tillåtelse,
Over Transfer Allowance,Över Överföring Tillåtelse,
Over Transfer Allowance (%),Överföringsbidrag (%),
Overdue,Försenad,
Overdue Days,Försenade dagar,
Overdue Payment,Förfallna Fakturor,
Overdue Payments,Förfallna Fakturor,
Overdue and Discounted,Försenade och rabatterade,
Overproduction Percentage For Sales Order,Överproduktionsprocent för försäljningsorder,
Overproduction Percentage For Work Order,Överproduktionsprocent för arbetsorder,
Overproduction for Sales and Work Order,Överproduktion för försäljning och arbetsorder,
Overview,Recension,
Owned,Ägs,
PAN No,PAN Nej,
PDF Name,PDF Namn,
PIN,STIFT,
PMO-,PMO-,
PO Supplied Item,PO medlevererad artikel,
PO-JOB.#####,PO-JOB. #####,
POS,POS,
POS Closing Entry,POS stängningspost,
POS Closing Entry Detail,POS-avslutningsinformation,
POS Closing Entry Taxes,POS avslutande ingångsskatter,
POS Customer Group,POS Kundgrupp,
POS Field,POS-fält,
POS Invoice,POS-faktura,
POS Invoice Item,POS-fakturapost,
POS Invoice Merge Log,Sammanloggning för POS-faktura,
POS Invoice Reference,POS-fakturahänvisning,
POS Invoices,POS-fakturor,
POS Item Group,POS Artikelgrupp,
POS Opening Entry,POS öppningsinträde,
POS Opening Entry Detail,POS-öppningsdetalj,
POS Payment Method,POS-betalningsmetod,
POS Profile,POS-profil,
POS Profile User,POS Profil Användare,
POS Register,POS-register,
POS Search Fields,Kassa Sök Fält,
POS Setting,Kassa Inställningar,
POS Settings,POS-inställningar,
POS Transactions,POS-transaktioner,
POS-CLO-,POS-CLO-,
PSOA Cost Center,PSOA Cost Center,
PSOA Project,PSOA-projekt,
PU-SSP-.YYYY.-,PU-SSP-.YYYY.-,
PUR-ORD-.YYYY.-,PUR-ORD-.YYYY.-,
PUR-RFQ-.YYYY.-,PUR-RFQ-.YYYY.-,
PUR-SQTN-.YYYY.-,PUR-SQTN-.YYYY.-,
Package Weight Details,Paket Vikt Detaljer,
Packed Item,Packad artikel,
Packed Items,Packade artiklar,
Packed Qty,Förpackad Kvantitet,
Packing List,Packlista,
Packing Slip,Följesedel,
Packing Slip Item,Följesedels artikel,
Packing Unit,Förpackningsenhet,
Page Break,Sidbrytning,
Page Break After Each SoA,Sidbrytning efter varje SoA,
Paid,Betalats,
Paid Amount,Betalt belopp,
Paid Amount (Company Currency),Betald Belopp (Company valuta),
Paid Amount After Tax,Betald Belopp efter Moms,
Paid Amount After Tax (Company Currency),Betald Belopp efter Moms (Bolag Valuta),
Paid From Account Type,Betald från Konto Typ,
Paid Loan,Betalt lån,
Paid To Account Type,Betald till Konto Typ,
Pallets,Pall,
Parameter,Parameter,
Parameter Group,Parameter Grupp,
Parameter Group Name,Parameter Grupp Namn,
Parameter Name,Parameternamn,
Parameters,parametrar,
Parcel Template,Leverans Paket Mall,
Parcel Template Name,Leverans Paket Mall Namn,
Parcels,Paket,
Parent,Förälder,
Parent Account,Moderbolaget konto,
Parent Batch,Föräldragrupp,
Parent Company,Moderbolag,
Parent Cost Center,Överordnat kostnadsställe,
Parent Customer Group,Överordnad kundgrupp,
Parent Department,Föräldraavdelningen,
Parent Detail docname,Överordnat Detalj doknamn,
Parent Document,Överordnad Dokument,
Parent Item,Överordnad produkt,
Parent Item Group,Överordnad produktgrupp,
Parent Location,Parent Location,
Parent Procedure,Föräldraförfarande,
Parent Row No,Överordnad Rad Nummer,
Parent Sales Person,Överordnad Försäljningsperson,
Parent Supplier Group,Moderbolaget,
Parent Task,Föräldrauppgift,
Parent Territory,Överordnat område,
Parent Warehouse,moderLager,
Partial Material Transferred,Delvis Material Överförd,
Partial Success,Delvis Klar,
"Partial stock can be reserved. For example, If you have a Sales Order of 100 units and the Available Stock is 90 units then a Stock Reservation Entry will be created for 90 units. ","Delvis Lager kan reserveras. Till exempel, om du har en försäljning order på 100 enheter och det tillgängliga lagret är 90 enheter kommer lager reservation post att skapas för 90",
Partially Completed,Delvis Färdig,
Partially Delivered,Delvis Levererad,
Partially Depreciated,delvis avskrivna,
Partially Fulfilled,Delvis uppnått,
Partially Ordered,Delvis beställt,
Partially Paid,Delvis betald,
Partially Received,Delvis mottagen,
Partially Reconciled,Delvis Avstämd,
Partially Reserved,Delvis Reserverad,
Partly Billed,Delvis Faktuerard,
Partly Delivered,Delvis Levererad,
Partly Paid,Delvis Betald,
Partly Paid and Discounted,Delvis Betald och Rabatterad,
Partner Type,Partner Typ,
Partner website,partner webbplats,
Partnership,Partner,
Party,Parti,
Party Account,Parti-konto,
Party Account Currency,Party konto Valuta,
Party Account No. (Bank Statement),Parti Konto Nummer (Kontoutdrag),
Party Balance,Parti Balans,
Party Bank Account,Partibankonto,
Party Details,Fest Detaljer,
Party IBAN (Bank Statement),Parti IBAN (Kontoutdrag),
Party Information,Partiinformation,
Party Item Code,Parti Artikel Kod,
Party Link,Parti Länk,
Party Name,Party Namn,
Party Name/Account Holder (Bank Statement),Parti Namn/Kontoinnehavare (Kontoutdrag),
Party Specific Item,Parti Specifik Artikel,
Party Type,Parti Typ,
Party User,Party-användare,
Passed,passerade,
Passport Details,Passport Detaljer,
Passport Number,Passnummer,
Past Due Date,Förfallodagen,
Path,Väg,
Pause,Paus,
Pause SLA On Status,Pausa SLA i status,
Paused,Pausad,
Pay,Betala,
Pay To / Recd From,Betala Till / RECD Från,
Payable,Betalning sker,
Payables,Skulder,
Payer Settings,Payer Inställningar,
Payment,Betalning,
Payment Account,Betalningskonto,
Payment Amount,Betalningsbelopp,
Payment Amount (Company Currency),Faktura Belopp (Bolag Valuta),
Payment Channel,Betalningskanal,
Payment Deductions or Loss,Betalnings Avdrag eller förlust,
Payment Document,betalning Dokument,
Payment Due Date,Förfallodag,
Payment Entries,betalningsAnteckningar,
Payment Entry,betalning Entry,
Payment Entry Deduction,Betalning Entry Avdrag,
Payment Entry Reference,Betalning Entry Referens,
Payment From / To,Betalning från / till,
Payment Gateway,Payment Gateway,
Payment Gateway Account,Betalning Gateway konto,
Payment Gateway Details,Betalning Gateway Detaljer,
Payment Ledger,Betalning Register,
Payment Ledger Entry,Betalning Register Post,
Payment Limit,Betalning Gräns,
Payment Methods,Betalningsmetoder,
Payment Order,Betalningsorder,
Payment Order Reference,Betalningsorderreferens,
Payment Order Status,Betalningsorder Status,
Payment Order Type,Betalningsorder Typ,
Payment Ordered,Betalningsbeställd,
Payment Period Based On Invoice Date,Betalningstiden Baserad på Fakturadatum,
Payment Plan,Betalningsplan,
Payment Reconciliation,Betalning Avstämning,
Payment Reconciliation Allocation,Betalning Avstämning Tilldelning,
Payment Reconciliation Invoice,Betalning Avstämning Faktura,
Payment Reconciliation Payment,Betalning Avstämning Betalning,
Payment Reconciliation Settings,Betalning Avstämning Inställningar,
Payment Reference,Betalningsreferens,
Payment References,betalnings~~POS=TRUNC Referenser,
Payment Request,Betalningsbegäran,
Payment Request Outstanding,Betalning Begäran Utestående Belopp,
Payment Request Type,Betalningsförfrågan Typ,
Payment Request created from Sales Order or Purchase Order will be in Draft status. When disabled document will be in unsaved state.,Betalning Begäran som skapas från Försäljning Order eller Inköp Order kommer att få Utkast status. När inaktiverad kommer dokument att vara i osparat tillstånd.,
Payment Schedule,Betalningsplan,
Payment Term,Betalningsvillkor,
Payment Term Name,Betalningsnamn Namn,
Payment Term Outstanding,Betalningsvillkor Utestående Belopp,
Payment Terms,Betalningsvillkor,
Payment Terms Status for Sales Order,Betalning Villkor Status för Försäljning Order,
Payment Terms Template,Betalningsvillkor Mall,
Payment Terms Template Detail,Betalningsvillkor Mallinformation,
Payment Terms from orders will be fetched into the invoices as is,Betalning Villkor från Order hämtas till Faktura som den är,
Payment Type,Betalning Typ,
Payments,Betalningar,
Payroll Entry,Löneinmatning,
Payslip,lönespecifikation,
Pending,Väntar,
Pending Amount,Väntande antal,
Pending Qty,Väntar Antal,
Pending Review,Väntar på granskning,
Pending SO Items For Purchase Request,I avvaktan på SO Artiklar till inköpsanmodan,
Per Month,Per månad,
Per Received,Per Mottagen,
Per Transferred,Per överförd,
Per Week,Per vecka,
Per Year,Per år,
Percentage,Procentsats,
Percentage (%),Procent (%),
Percentage Allocation,Procentuell Fördelning,
Percentage you are allowed to order beyond the Blanket Order quantity.,Procentandel tillåten för order utöver Blankoavtal Order Kvantitet.,
Percentage you are allowed to sell beyond the Blanket Order quantity.,Procentandel tillåten för försäljning utöver Blankoavtal Order Kvantitet.,
Percentage you are allowed to transfer more against the quantity ordered. For example: If you have ordered 100 units. and your Allowance is 10% then you are allowed to transfer 110 units.,"Procentandel du får överföra mer mot den beställda kvantiteten. Till exempel: Om du har beställt 100 enheter. och din ersättning är 10%, då får du överföra 110 enheter.",
Period Closing Settings,Period Låsning Inställningar,
Period Closing Voucher,Period Utgående Rabattkoder,
Period Details,Period Detaljer,
Period End Date,Period Slutdatum,
Period Name,Periodens namn,
Period Score,Periodpoäng,
Period Settings,Periodinställningar,
Period Start Date,Periodens startdatum,
Period To Date,Period Till Datum,
Period_from_date,Period Från Datum,
Periodicity,Periodicitet,
Permanent Address,Permanent Adress,
Permanent Address Is,Permanent Adress är,
Personal Details,Personliga detaljer,
Personal Email,Personligt E-post,
Petrol,Bensin,
Phone,Telefon,
Phone Ext.,Telefon Anknytning,
Phone No,Telefonnr,
Phone Number,Telefonnummer,
Pick List,Plocklista,
Pick List Item,Välj listobjekt,
Pick Manually,Plocka Manuellt,
Pick Serial / Batch Based On,Välj Serie / Parti Baserad På,
Pick Serial / Batch No,Välj Serie / Parti Nummer,
Picked Qty,Plockad antal,
Picked Qty (in Stock UOM),Plockad Kvantitet (Lager Enhet),
Pickup,Hämtning,
Pickup Contact Person,Hämtning Adress Kontakt Person,
Pickup Date,Hämtning Datum,
Pickup From,Hämtning Från,
Pickup Type,Hämtning Typ,
Pickup from,Hämtning Från,
Pickup to,Hämtning Till,
Place of Issue,Utgivningsplats,
Plaid Access Token,Plaid Access Token,
Plaid Client ID,Plaid Client ID,
Plaid Environment,Plädmiljö,
Plaid Secret,Plädhemlighet,
Plaid Settings,Plädinställningar,
Plan,Planen,
Plan Name,Plannamn,
Plan material for sub-assemblies,Planera material för underenheter,
Plan operations X days in advance,Planera operationer X dagar i förväg,
Plan time logs outside Workstation working hours,Planera tidsloggar utanför arbetstids arbetstid,
Plan to Request Qty,Planerad Kvantitet,
Planned,Planerad,
Planned End Date,Planerat Slutdatum,
Planned End Time,Planerat Sluttid,
Planned Operating Cost,Planerade driftkostnader,
Planned Qty,Planerade Antal,
Planned Quantity,Planerad Kvantitet,
Planned Start Date,Planerat startdatum,
Planned Start Time,Planerad starttid,
Planning,Planering,
Plans,Plans,
Plant Dashboard,Fabrik Översikt Panel,
Plant Floor,Produktion Yta,
Point Of Sale,Försäljningsstället,
Policy No,policy Nej,
Policy number,Försäkringsnummer,
Portal,Portal,
Portal User,Portal Användare,
Portal Users,Portal Användare,
Portrait,Porträtt,
Post Description Key,Post Beskrivning Key,
Post Graduate,Betygsinlägg,
Post Route Key,Skriv in ruttnyckeln,
Post Route Key List,Skriv in ruttlängdslistan,
Post Route String,Skriv ruttsträng,
Post Title Key,Posttitelnyckel,
Posting Date,Bokningsdatum,
Posting Date Inheritance for Exchange Gain / Loss,Bokning Datum Övertagen för Växling Resultat,
Posting Datetime,Bokföring Datum och Tid,
Posting Time,Boknings Tid,
Potential Sales Deal,Potentiella säljmöjligheter,
Prefered Contact Email,Föredragen Kontakta E-post,
Prefered Email,Föredragen E,
Prevdoc DocType,Prevdoc DocType,
Prevent POs,Förhindra PO,
Prevent Purchase Orders,Förhindra köporder,
Prevent RFQs,Förhindra RFQs,
Preventive,Förebyggande,
Preventive Action,Förebyggande åtgärd,
Preventive Maintenance,Förebyggande underhåll,
Preview,Förhandsgranska,
Preview Email,Förhandsgranska e-post,
Preview Required Materials,Förhandsgranska Erfordrad Material,
Previous Work Experience,Tidigare Arbetslivserfarenhet,
Price,Pris,
Price Discount Scheme,Prisrabatt,
Price Discount Slabs,Prisrabattplattor,
Price List,Prislista,
Price List Country,Prislista Land,
Price List Currency,Prislista Valuta,
Price List Defaults,Prislista Standard,
Price List Exchange Rate,Prislista Växelkurs,
Price List Name,Pris Listnamn,
Price List Rate,Prislista värde,
Price List Rate (Company Currency),Prislista värde (Företagsvaluta),
Price Not UOM Dependent,Pris ej UOM beroende,
Price or Product Discount,Pris eller produktrabatt,
Pricing Rule,Prissättning regel,
Pricing Rule Brand,Prissättningsmärke,
Pricing Rule Detail,Prissättningsdetalj,
Pricing Rule Help,Prissättning Regel Hjälp,
Pricing Rule Item Code,Prissättningsartikelkod,
Pricing Rule Item Group,Prissättningsartikelgrupp,
Pricing Rules,Priseregler,
Primary Address,Primäradress,
Primary Address and Contact,Primär Adress & Kontakt,
Primary Contact,Primär Kontakt,
Primary Contact Email,Primär kontakt e-post,
Primary Party,Primär Parti,
Primary Role,Primär Roll,
Primary Settings,primära inställningar,
Print Format,Utskriftsformat,
Print Heading,Utskrifts Rubrik,
Print Language,print Språk,
Print Preferences,Utskriftsinställningar,
Print Receipt on Order Complete,Skriv ut när Ordern är klar,
Print Settings,Utskriftsinställningar,
Print Without Amount,Skriv ut utan Belopp,
Printing Details,Utskrifter Detaljer,
Printing Settings,Utskriftsinställningar,
Priorities,prioriteringar,
Priority,Prioritet,
Probability,Sannolikhet,
Probability (%),Sannolikhet (%),
Problem,Problem,
Procedure,Procedur,
Process Deferred Accounting,Behandla uppskjuten redovisning,
Process Description,Metodbeskrivning,
Process Loss,Process Förlust,
Process Loss Qty,Process Förlust Kvantitet,
Process Loss Report,Process Förlust Rapport,
Process Owner,Processägare,
Process Owner Full Name,Processägarens fullständiga namn,
Process Payment Reconciliation,Betalning Avstämning Bearbetning,
Process Payment Reconciliation Log,Betalning Avstämning Bearbetning Logg,
Process Payment Reconciliation Log Allocations,Betalning Avstämning Bearbetning Logg Tilldelningar,
Process Statement Of Accounts,Behandla kontoutdrag,
Process Statement Of Accounts CC,Behandla Kontoutdrag Kopia,
Process Statement Of Accounts Customer,Process Kontoöversikt Kund,
Process Subscription,Behandla Prenumeration,
Process in Single Transaction,Process i Singel Transaktion,
Processed BOMs,Behandlade Stycklistor,
Processes,processer,
Procurement Tracker,Upphandlingsspårare,
Produced,Producerat,
Produced Qty,Producerad mängd,
Produced Quantity,Producerat Kvantitet,
Product,Produkt,
Product Bundle,Produktpaket,
Product Bundle Balance,Produktbuntbalans,
Product Bundle Help,Produktpaket Hjälp,
Product Bundle Item,Produktpaket Punkt,
Product Discount Scheme,Produktrabatt,
Product Discount Slabs,Produktrabattplattor,
Product Enquiry,Produkt Förfrågan,
Product Price ID,Artikel Pris,
Production,Produktion,
Production Analytics,produktions~~POS=TRUNC Analytics,
Production Item,Produktions artikel,
Production Plan,Produktionsplan,
Production Plan Item,Produktionsplan för artikel,
Production Plan Item Reference,Produktion Plan Post Referens,
Production Plan Material Request,Produktionsplanen Material Begäran,
Production Plan Material Request Warehouse,Produktionsplan Materialbegärande lager,
Production Plan Qty,Produktion Plan Kvantitet,
Production Plan Sales Order,Produktionsplan för kundorder,
Production Plan Sub Assembly Item,Produktion Plan Delmontering Artikel,
Production Plan Sub-assembly Item,Produktion Plan Delmontering Artikel,
Production Plan Summary,Produktion Plan Översikt,
Production Planning Report,Produktionsplaneringsrapport,
Profile,Profil,
Profit & Loss,Vinst förlust,
Profit and Loss,Resultaträkning,
Profit and Loss Statement,Resultaträkning,
Profit and Loss Summary,Resultat Rapport Översikt,
Profitability Analysis,lönsamhets~~POS=TRUNC,
Progress,Framsteg,
Project,Projekt,
Project Billing Summary,Projekt faktureringsöversikt,
Project Name,Projektnamn,
Project Status,Projektstatus,
Project Summary,Projekt sammanfattning,
Project Template,Projektmall,
Project Template Task,Projektmalluppgift,
Project Type,Projekt Typ,
Project Update,Projektuppdatering,
Project User,projektAnvändar,
Project will be accessible on the website to these users,Projektet kommer att vara tillgänglig på webbplatsen till dessa användare,
Project wise Stock Tracking,Projektvis lagerhållning,
Projected,Projicerad,
Projected Qty,Projicerad mängd,
Projected Quantity as Source,Projicerade Kvantitet som källa,
Projects,projekt,
Projects Manager,Projekt Chef,
Projects Settings,Projektinställningar,
Projects User,Projekt Användare,
Promotional,PR,
Promotional Scheme,Kampanjschema,
Promotional Scheme Id,Kampanjschema-id,
Promotional Scheme Price Discount,Kampanjschema Prisrabatt,
Promotional Scheme Product Discount,Kampanjschema Produktrabatt,
Prompt Qty,Fråga efter Kvantitet,
Prorate,prorata,
Prospect,Prospekt,
Prospect Lead,Prospekt Potentiell Kund,
Prospect Opportunity,Prospekt Möjlighet,
Prospect Owner,Prospekt Ansvarig,
Prospects Engaged But Not Converted,Utsikter Engaged Men Not Converted,
Provide Email Address registered in company,Ge e-postadress är registrerad i sällskap,
Provider,provider,
Providing,tillhandahålla,
Provisional Expense Account,Provisorisk Kostnad Konto,
Publish Date,Utgivningsdatum,
Publisher,Utgivare,
Publisher ID,Utgivarens ID,
Purchase,Inköp,
Purchase Amount,Köpesumma,
Purchase Analytics,Inköps analyser,
Purchase Date,inköpsdatum,
Purchase Defaults,Inköpsstandard,
Purchase Details,Köpinformation,
Purchase Invoice,Inköpsfaktura,
Purchase Invoice Advance,Inköpsfakturan Advancerat,
Purchase Invoice Item,Inköpsfaktura Artiklar,
Purchase Invoice Trends,Inköpsfaktura Trender,
Purchase Manager,Inköpsansvarig,
Purchase Master Manager,Inköpschef,
Purchase Order,Inköpsorder,
Purchase Order Analysis,Inköpsorderanalys,
Purchase Order Item,Inköpsorder Artikeln,
Purchase Order Item Supplied,Inköpsorder Artikelleverans,
Purchase Order Pricing Rule,Beställningsprisregler,
Purchase Order Trends,Inköpsorder Trender,
Purchase Orders Items Overdue,Inköpsorder Föremål Försenade,
Purchase Orders to Bill,Beställningar till Bill,
Purchase Orders to Receive,Inköpsorder att ta emot,
Purchase Receipt,Inköpskvitto,
Purchase Receipt (Draft) will be auto-created on submission of Subcontracting Receipt.,Inköp Följesedel (utkast) kommer att skapas automatiskt vid godkännande av Underleverantör Följesedel.,
Purchase Receipt Detail,Köp kvitto detalj,
Purchase Receipt Item,Inköpskvitto Artikel,
Purchase Receipt Item Supplied,Inköpskvitto Artikel Levereras,
Purchase Receipt Items,Inköpskvitto artiklar,
Purchase Receipt No,Inköpskvitto Nr,
Purchase Receipt Trends,Kvitto Trender,
Purchase Receipts,Kvitton,
Purchase Register,Inköpsregistret,
Purchase Tax Template,Köp Tax Mall,
Purchase Taxes and Charges,Inköp skatter och avgifter,
Purchase Taxes and Charges Template,Inköp Skatter och avgifter Mall,
Purchase User,Inköpsanvändare,
Purchased,Köpt,
Purchasing,Köp av,
Purple,Lila,
Purpose,Syfte,
Purposes,Ändamål,
Putaway Rule,Lägg Undan Regel,
Qty,Antal,
Qty (Company),Kvantitet (Bolag),
Qty (Warehouse),Kvantitet (Lager),
Qty After Transaction,Kvantitet efter Transaktion,
Qty As Per BOM,Kvantitet per Stycklista,
Qty Change,Kvantitet Förändring,
Qty Consumed Per Unit,Antal konsumeras per Enhet,
Qty In Stock,Kvantitet i Lager,
Qty To Manufacture,Antal att tillverka,
Qty To Produce,Kvantitet att Producera,
Qty and Rate,Kvantitet och Pris,
Qty as Per Stock UOM,Kvantitet per Lager Enhet,
Qty as per Stock UOM,Antal per lager UOM,
Qty for which recursion isn't applicable.,Kvantitet för vilket rekursion inte är tillämplig.,
Qty in Stock UOM,Kvantitet i Lager Enhet,
Qty of Finished Goods Item,Antal färdigvaror,
Qty of raw materials will be decided based on the qty of the Finished Goods Item,Antal råvaror kommer att bestämmas utifrån antalet färdigvaror,
Qty to Be Consumed,Kvantitet att Förbruka,
Qty to Transfer,Antal Transfer,
Qualification,Kvalifikation,
Qualification Status,Kvalificering Status,
Qualified,Kvalificerad,
Qualified By,Kvalificerad Av,
Qualified on,Kvalificerad(Datum),
Quality,Kvalitet,
Quality Action,Kvalitetsåtgärd,
Quality Action Resolution,Kvalitetsåtgärd upplösning,
Quality Feedback,Kvalitetsåterkoppling,
Quality Feedback Parameter,Parameter för kvalitetsåterkoppling,
Quality Feedback Template,Kvalitetsåterkopplingsmall,
Quality Feedback Template Parameter,Parameter för kvalitetsåterkopplingsmall,
Quality Goal,Kvalitetsmål,
Quality Goal Objective,Kvalitetsmål Mål,
Quality Inspection,Kvalitetskontroll,
Quality Inspection Parameter,Kvalitet Kontroll Parameter,
Quality Inspection Parameter Group,Kvalitet Kontroll Parametrar Grupp,
Quality Inspection Reading,Kvalitetskontroll Läsning,
Quality Inspection Required,Kvalitetskontroll krävs,
Quality Inspection Settings,Kvalitet Kontroll Inställningar,
Quality Inspection Summary,Sammanfattning av kvalitetsinspektion,
Quality Inspection Template,Kvalitetskontrollmall,
Quality Inspection Template Name,Kvalitetsinspektionsmallnamn,
Quality Management,Kvalitetshantering,
Quality Manager,Kvalitetsansvarig,
Quality Meeting,Kvalitetsmöte,
Quality Meeting Agenda,Kvalitetsmöte agenda,
Quality Meeting Minutes,Mötesprotokoll av kvalitet,
Quality Procedure,Kvalitetsförfarande,
Quality Procedure Process,Kvalitetsprocessprocess,
Quality Review,Kvalitetsgranskning,
Quality Review Objective,Kvalitetsgranskningsmål,
Quantity,Kvantitet,
Quantity  that must be bought or sold per UOM,Mängd som måste köpas eller säljas per UOM,
Quantity & Stock,Antal &amp; lager,
Quantity Difference,kvantitet Skillnad,
Quantity and Amount,Kvantitet och mängd,
Quantity and Description,Kvantitet och beskrivning,
Quantity and Rate,Kvantitet och betyg,
Quantity and Warehouse,Kvantitet och Lager,
Quantity of item obtained after manufacturing / repacking from given quantities of raw materials,Antal av objekt som erhålls efter tillverkning / ompackning från givna mängder av råvaror,
Quarterly,Kvartals,
Query Options,Fråge Alternativ,
Query Route String,Query Route String,
Queued,I kö,
Quick Stock Balance,Snabb lagerbalans,
Quotation,Offert,
Quotation Item,Offert Artikel,
Quotation Lost Reason,Anledning förlorad Offert,
Quotation Lost Reason Detail,Offert förlorad anledning detalj,
Quotation Number,Försäljning Offert Nummer,
Quotation To,Offert Till,
Quotation Trends,Offert Trender,
Quote Status,Citatstatus,
Raise Material Request When Stock Reaches Re-order Level,Höj materialförfrågan när lager når ombeställningsnivå,
Raised By,Höjt av,
Raised By (Email),Höjt av (e-post),
Random,Slumpmässig,
Range,Intervall,
Rate,Betygsätt,
Rate & Amount,Betygsätt och belopp,
Rate (Company Currency),Andel (Företagsvaluta),
Rate Of Materials Based On,Hastighet av material baserade på,
Rate Of TDS As Per Certificate,TDS-frekvens enligt certifikat,
Rate Section,Pris,
Rate With Margin,Betygsätt med marginal,
Rate With Margin (Company Currency),Betygsätt med marginal (Företagsvaluta),
Rate and Amount,Andel och Belopp,
Rate at which Customer Currency is converted to customer's base currency,I takt med vilket kundens Valuta omvandlas till kundens basvaluta,
Rate at which Price list currency is converted to company's base currency,I takt med vilket Prislistans valuta omvandlas till företagets basvaluta,
Rate at which Price list currency is converted to customer's base currency,I takt med vilket Prislistans valuta omvandlas till kundens basvaluta,
Rate at which customer's currency is converted to company's base currency,I takt med vilket vilken kundens valuta omvandlas till företagets basvaluta,
Rate at which supplier's currency is converted to company's base currency,I takt med vilket leverantörens valuta omvandlas till företagets basvaluta,
Rate at which this tax is applied,I takt med vilken denna skatt tillämpas,
Rate of Depreciation,Avskrivningsgrad,
Rate of Depreciation (%),Avskrivning Takt (%),
Rate of Interest (%) Yearly,Hastighet av intresse (%) Årlig,
Rate of Stock UOM,Pris av Lager Enhet,
Rate or Discount,Betygsätt eller rabatt,
Rates,Priser,
Rating,Betyg,
Raw Material Cost,Råvarukostnad,
Raw Material Cost (Company Currency),Råvarukostnad (företagets valuta),
Raw Material Cost Per Qty,Råmaterial Kostnad per Kvantitet,
Raw Material Item Code,Råvaru Artikelkod,
Raw Materials,Råmaterial,
Raw Materials Actions,Råmaterial Åtgärder,
Raw Materials Consumed,Förbrukade råvaror,
Raw Materials Consumption ,Råmaterial Förbrukning,
Raw Materials Supplied,Råvaror Levereras,
Raw Materials Supplied Cost,Råvaror Levererans Kostnad,
Raw Materials Warehouse,Råmaterial Lager,
Re-order Level,Återuppta nivå,
Re-order Qty,Återuppta Antal,
Read Only,Endast läs,
Reading 1,Avläsning 1,
Reading 10,Avläsning 10,
Reading 2,Avläsning 2,
Reading 3,Avläsning 3,
Reading 4,Avläsning 4,
Reading 5,Avläsning 5,
Reading 6,Avläsning 6,
Reading 7,Avläsning 7,
Reading 8,Avläsning 8,
Reading 9,Avläsning 9,
Reading Value,Avläst Värde,
Readings,Avläsningar,
Reason For Putting On Hold,Anledning för att sätta på sig,
Reason for Leaving,Anledning för att lämna,
Recalculate Incoming/Outgoing Rate,Räkna om In/Ut Pris,
Receipt,Mottagande,
Receipt Document,kvitto Dokument,
Receipt Document Type,Kvitto Document Type,
Receivable,fordran,
Receivable / Payable Account,Fordran / Betal konto,
Receivable/Payable Account,Fordring / Skuld Konto,
Receivables,Fordringar,
Receive,Receive,
Received,Mottagna,
Received Amount,erhållet belopp,
Received Amount (Company Currency),Erhållet belopp (Company valuta),
Received Amount After Tax,Mottaget Belopp Efter Moms,
Received Amount After Tax (Company Currency),Mottaget Belopp Efter Moms (Bolag Valuta),
Received Items To Be Billed,Mottagna objekt som ska faktureras,
Received Qty,Mottagna Antal,
Received Qty in Stock UOM,Mottagen Kvantitet (per Lager Enhet),
Received Quantity,Mottaget kvantitet,
Received and Accepted,Mottagit och godkänt,
Receiver List,Mottagare Lista,
Receiving,Tar emot,
Recipient,Mottagare,
Recipient Message And Payment Details,Mottagare Meddelande och betalningsuppgifter,
Recipients,mottagare,
Reconcile,Avstämma,
Reconcile All Serial Nos / Batches,Stäm av alla Serie Nummer / Partier,
Reconcile Effect On,Avstämning Effektiv,
Reconcile on Advance Payment Date,Stäm av på Förskott Betalning Datum,
Reconciled,förenas,
Reconciled Entries,Avstämda Poster,
Reconciliation Date,Avstämning Datum,
Reconciliation Error Log,Avstämning Fel Logg,
Reconciliation Queue Size,Avstämning Kö Storlek,
Reconciliation Takes Effect On,Avstämning Träder i Kraft,
Recording HTML,Inspelning HTML,
Recording URL,Inspelnings-URL,
Recreate Stock Ledgers,Återskapa Lager Register,
Recurse Every (As Per Transaction UOM),Rekurs Varje (per Transaktion Enhet),
Red,Röd,
Redeem Against,Lösa in mot,
Redeem Loyalty Points,Lösa in lojalitetspoäng,
Redeemed Points,Inlösta poäng,
Redemption,inlösen,
Redemption Account,Inlösenkonto,
Redemption Cost Center,Inlösenkostnadscenter,
Redemption Date,Inlösendatum,
Ref Code,Referenskod,
Reference,Referens,
Reference Date,Referensdatum,
Reference Detail,Referens Detalj,
Reference Detail No,Referensdetalj nr,
Reference Doctype,Referens DocType,
Reference Document,referensdokument,
Reference Document Name,Referensdokumentnamn,
Reference Document Type,Referensdokument Typ,
Reference Due Date,Referens förfallodatum,
Reference Exchange Rate,Referens Växel Kurs,
Reference Name,referens namn,
Reference No,Referens Nummer.,
Reference Number,Referensnummer,
Reference Purchase Receipt,Referensköpskvitto,
Reference Row,referens Row,
Reference Row #,Referens Rad #,
Reference Type,Referens Typ,
Reference number of the invoice from the previous system,Referens Nummer på Faktura från tidigare system,
References,referenser,
Referral Code,Hänvisningskod,
Referral Sales Partner,Referensförsäljningspartner,
Refresh Google Sheet,Uppdatera Google Sheet,
Regional,Regional,
Registration Details,Registreringsdetaljer,
Regular,Regelbunden,
Rejected,Avvisad,
Rejected Qty,Avvisad Antal,
Rejected Quantity,Avvisad Kvantitet,
Rejected Serial No,Avvisat Serienummer,
Rejected Serial and Batch Bundle,Avvisad Serie och Parti Paket,
Rejected Warehouse,Avvisat Lager,
Relation,Förhållande,
Release Date,Utgivningsdatum,
Relieving Date,Avgångs Datum,
Reload,Ladda om,
Remark,Anmärkning,
Remarks,Anmärkningar,
Remarks Column Length,Anmärkningar Kolumn Bredd,
Rename Attribute Value in Item Attribute.,Byt namn på Attribut Värde i Item Attribut.,
Rename Log,Ändra logg,
Rename Tool,Ändrings Verktyget,
Rent Cost,Hyr Kostnad,
Rented,Hyrda,
Reorder level based on Warehouse,Beställningsnivå baserat på Warehouse,
Repack,Packa om,
Repair Cost,Reparationskostnad,
Repair Details,Reparation Detaljer,
Repair Status,Reparationsstatus,
Replace,Ersätt,
Replace BOM,Byt ut BOM,
"Replace a particular BOM in all other BOMs where it is used. It will replace the old BOM link, update cost and regenerate ""BOM Explosion Item"" table as per new BOM.
It also updates latest price in all the BOMs.","Ersätt stycklista i alla andra stycklistor där den används. Den kommer att ersätta gamla stycklista länk, uppdatera kostnaden och regenerera tabell ""Stycklista Utvidgad Artikel"" enligt ny stycklista.
Den uppdaterar också senaste pris i alla stycklistor.",
Replied,Svarade,
Report,Rapport,
Report Date,Rapportdatum,
Report Filters,Rapport Sortering,
Report Type,Rapporttyp,
Reports,rapporter,
Reports to,Rapporter till,
Repost Accounting Ledger,Posta om Bokföring Register,
Repost Accounting Ledger Items,Posta om Bokföring Register Poster,
Repost Accounting Ledger Settings,Posta om Bokföring Register Poster Inställningar,
Repost Allowed Types,Posta om Tillåtna Typer,
Repost Error Log,Posta om Fel Logg,
Repost Item Valuation,Posta om Artikel Värdering,
Repost Payment Ledger,Posta om Betalning Register,
Repost Payment Ledger Items,Posta om Betalning Register Poster,
Reposting Data File,Repostering av Data Fil,
Reposting Info,Repostering Info,
Represents Company,Representerar företaget,
Represents a Financial Year. All accounting entries and other major transactions are tracked against the Fiscal Year.,Representerar ett bokföringsår. Alla bokföringsposter och andra större transaktioner spåras mot bokföringsår.,
Request Parameters,Begäran Parametrar,
Request Type,Typ av förfrågan,
Request for,Begäran om,
Request for Information,Begäran om upplysningar,
Request for Quotation,Offertförfrågan,
Request for Quotation Item,Offertförfrågan Punkt,
Request for Quotation Supplier,Offertförfrågan Leverantör,
Requested,Begärd,
Requested Items To Be Transferred,Efterfrågade artiklar som ska överföras,
Requested Items to Order and Receive,Begärda artiklar att beställa och ta emot,
Requested Numbers,Begärda nummer,
Requested Qty,Begärt Antal,
Required By,Krävs av,
Required Date,Obligatorisk Datum,
Required Items,nödvändiga objekt,
Required Qty,Obligatorisk Antal,
Requirement,Krav,
Requires Fulfilment,Kräver Uppfyllande,
"Reselect, if the chosen address is edited after save",Återmarkera om den valda adressen redigeras efter spara,
"Reselect, if the chosen contact is edited after save",Välj om den valda kontakten är redigerad efter spara,
Reservation Based On,Reservation Baserad På,
Reserve Stock,Reservera,
Reserve Warehouse,Reservlager,
Reserved,Reserverat,
Reserved Qty,Reserverad Antal,
Reserved Qty for Production,Reserverad kvantitet för produktion,
Reserved Qty for Production Plan,Reserverad Kvantitet för Produktion Plan,
Reserved Qty for Subcontract,Reserverad Kvantitet för Underleverantör,
Reserved Stock,Reserverad,
Reset Company Default Values,Återställ Bolag Standard Värde,
Reset Raw Materials Table,Återställ Råmaterial Tabell,
Reset Service Level Agreement,Återställ avtal om servicenivå,
Resignation Letter Date,Avskedsbrev Datum,
Resolution,Åtgärd,
Resolution By,Upplösning av,
Resolution Date,Åtgärds Datum,
Resolution Details,Åtgärds Detaljer,
Resolution Due,Beslut om,
Resolution Time,Upplösningstid,
Resolutions,beslut,
Resolved,Löst,
Resolved By,Åtgärdad av,
Response By,Svar av,
Response Details,Svarsinformation,
Response Key List,Response Key List,
Response Options,Svaralternativ,
Response Result Key Path,Svar sökväg,
Response and Resolution,Svar och Lösning,
Responsible,Ansvarig,
Restrict,Begränsa,
Restrict Items Based On,Begränsa Artiklar Baserat På,
Restrict to Countries,Begränsa till länder,
Result Key,Resultat Nyckel,
Result Preview Field,Resultatförhandsgranskningsfält,
Result Route Field,Resultat Ruttfält,
Result Title Field,Resultat Titel Fält,
Retain Sample,Behåll provet,
Retried,Försökte igen,
Return,Återgå,
Return Against,Retur Mot,
Return Against Delivery Note,Återgå mot Följesedel,
Return Against Purchase Invoice,Återgå mot inköpsfaktura,
Return Against Purchase Receipt,Återgå mot inköpskvitto,
Return Against Subcontracting Receipt,Retur mot Underleverantör Följesedel,
Return Issued,Retur Utfärdad,
Return Qty from Rejected Warehouse,Retur Kvantitet från Avvisad Lager,
Returned,Retur,
Returned Against,Returnerad Mot,
Returned Qty,Återvände Antal,
Returned Qty ,Retur Kvantitet,
Returned Qty in Stock UOM,Retur Kvantitet (per Lager Enhet),
Returns,avkastning,
Reversal Of,Återföring Av,
Review,Recension,
Review Date,Kontroll Datum,
Reviews,recensioner,
Rgt,Rgt,
Right Child,Höger Underordnad,
Right Index,Rätt index,
Ringing,Ringande,
Role Allowed to Create/Edit Back-dated Transactions,Roll Godkänd att Skapa/Redigera Bakdaterade Transaktioner,
Role Allowed to Edit Frozen Stock,Roll tillåtet att redigera fryst lager,
Role Allowed to Over Bill ,Roll Godkänd att Överfakturera,
Role Allowed to Over Deliver/Receive,Roll Godkänd att Över Leverera/Ta Emot,
Role Allowed to Override Stop Action,Roll Godkänd att Åsidosätta Stopp Åtgärd,
Role Allowed to Set Frozen Accounts and Edit Frozen Entries,Roll tillåten för att ställa in frysta konton och redigera frysta poster,
Role allowed to bypass Credit Limit,Roll Godkänd att Åsidosätta Kredit Gräns,
Root,Klass,
Root Type,Root Typ,
Round Free Qty,Avrunda Gratis Kvantitet,
Round Off,Runda av,
Round Off Account,Avrunda konto,
Round Off Cost Center,Avrunda kostnadsställe,
Round Off Tax Amount,Avrunda Moms Belopp,
Round Off for Opening,Avrundning för Öppning,
Round Tax Amount Row-wise,Avrunda Moms Belopp per Artikelrad,
Rounded Total,Avrundat Totalt,
Rounded Total (Company Currency),Avrundat Totalt (Företagsvaluta),
Rounding Adjustment,Avrundningsjustering,
Rounding Adjustment (Company Currency,Avrundningsjustering (Företagsvaluta,
Rounding Adjustment (Company Currency),Avrundningsjustering (företagsvaluta),
Rounding Loss Allowance,Avrundning Förlust Tillåtelse,
Route,Rutt,
Routing,Routing,
Routing Name,Routing Name,
Rows with Same Account heads will be merged on Ledger,Rader med samma Konto Poster kommer slås samman i Bokföring Register,
Rule Applied,Tillämpad regel,
Rule Description,Regelbeskrivning,
Run parallel job cards in a workstation,Kör parallella jobbkort på arbetsplats,
Running,Behandlar,
SAL-CAM-.YYYY.-,SAL-CAM-.YYYY.-,
SAL-ORD-.YYYY.-,SAL-ORD-.YYYY.-,
SAL-QTN-.YYYY.-,SAL-QTN-.YYYY.-,
SCO Supplied Item,Underleverantör Levererad Artikel,
SER-WRN-.YYYY.-,SER-WRN-.YYYY.-,
SLA Fulfilled On,Service Nivå Avtal Uppfylld,
SLA Fulfilled On Status,Service Nivå Avtal Uppfylld Status,
SLA Paused On,Service Nivå Avtal Pausad,
SMS Center,SMS Center,
SMS Log,SMS-logg,
STO-ITEM-.YYYY.-,STO-item-.YYYY.-,
STO-PICK-.YYYY.-,STO-PICK-.YYYY.-,
SUP-.YYYY.-,SUP-.YYYY.-,
SWIFT Number,Byt nummer,
SWIFT number,Byt nummer,
Safety Stock,Säkerhetslager,
Salary,Lön,
Salary Currency,Lön Valuta,
Salary Mode,Lön Läge,
Sales,försäljning,
Sales Analytics,Försäljnings Analytics,
Sales Contributions and Incentives,Försäljningsbidrag och incitament,
Sales Defaults,Försäljningsinställningar,
Sales Funnel,Försäljning tratt,
Sales Incoming Rate,Inkommande Försäljning Pris,
Sales Invoice,Försäljning Faktura,
Sales Invoice Advance,Försäljning Faktura Advance,
Sales Invoice Item,Fakturan Punkt,
Sales Invoice No,Försäljning Faktura nr,
Sales Invoice Payment,Fakturan Betalning,
Sales Invoice Timesheet,Fakturan Tidrapport,
Sales Invoice Trends,Fakturan Trender,
Sales Manager,FÖRSÄLJNINGSCHEF,
Sales Master Manager,Försäljnings master föreståndaren,
Sales Monthly History,Försäljning månadshistoria,
Sales Order,Kundorder,
Sales Order Analysis,Analys av försäljningsorder,
Sales Order Date,Kundorder Datum,
Sales Order Item,Försäljning Beställningsvara,
Sales Order Packed Item,Försäljning Order Packad Artikel,
Sales Order Reference,Försäljning Order Referens,
Sales Order Status,Försäljning Order Status,
Sales Order Trends,Försäljningsorder Trender,
Sales Orders,Kundorder,
Sales Orders to Bill,Försäljningsorder till Bill,
Sales Orders to Deliver,Försäljningsorder att leverera,
Sales Partner,Försäljnings Partner,
Sales Partner ,Försäljning Partner,
Sales Partner Commission Summary,Sammanfattning av försäljningspartnerkommissionen,
Sales Partner Item,Försäljning Partner Artikel,
Sales Partner Name,Försäljnings Partner Namn,
Sales Partner Target,Sales Partner Target,
Sales Partner Target Variance based on Item Group,Försäljningspartner Målvarians baserad på artikelgrupp,
Sales Partner Transaction Summary,Försäljningspartners transaktionsöversikt,
Sales Partner Type,Försäljningspartner typ,
Sales Partners Commission,Försäljning Partners kommissionen,
Sales Payment Summary,Försäljningsbetalningssammanfattning,
Sales Person,Försäljare,
Sales Person Commission Summary,Försäljningskommitté Sammanfattning,
Sales Person Name,Försäljnings Person Namn,
Sales Person Target Variance Based On Item Group,Försäljare Målvariation baserad på artikelgrupp,
Sales Person Targets,Försäljnings Person Mål,
Sales Person-wise Transaction Summary,Försäljningen person visa transaktion Sammanfattning,
Sales Pipeline Analytics,Försäljning Analys,
Sales Register,Försäljningsregistret,
Sales Stage,Försäljningsstadiet,
Sales Tax Template,Moms Mall,
Sales Taxes and Charges,Försäljnings skatter och avgifter,
Sales Taxes and Charges Template,Försäljnings Skatter och avgifter Mall,
Sales Team,Sales Team,
Sales Update Frequency in Company and Project,Försäljning Uppdatering Intervall,
Sales User,Försäljningsanvändar,
Salutation,Salutation,
Salvage Value Percentage,Procentuellt Rest Värde,
Same Item,Samma artikel,
Sample Quantity,Provkvantitet,
Sample Retention Warehouse,Provhållningslager,
Sample Size,Provstorlek,
Sanctioned,sanktionerade,
Saturday,Lördag,
Scan Barcode,Skanna streckkod,
Scan Mode,Skanning Läge,
Scanned Cheque,skannad Check,
Schedule,Tidtabell,
Schedule Date,Schema Datum,
Scheduled,Planerad,
Scheduled Date,Planerat datum,
Scheduled Time,Schemalagd tid,
Scheduled Time Logs,Schemalagda Tidsloggar,
Schedules,Scheman,
Scheduling,Schemaläggning,
School/University,Skola / Universitet,
Score,Göra,
Scorecard Actions,Scorecard Actions,
"Scorecard variables can be used, as well as:
{total_score} (the total score from that period),
{period_number} (the number of periods to present day)
","Resultatkort variabler kan användas, såväl som:
{total_score} (totalt resultat från detta period),
{period_number} (antal intervall tills nu)",
Scoring Criteria,Scoringskriterier,
Scoring Setup,Scoring Setup,
Scoring Standings,Scoring Ställningar,
Scrap & Process Loss,Rest & Bearbetning Förlust,
Scrap Cost Per Qty,Rest Kostnad per Kvantitet,
Scrap Item Code,Rest Artikel Kod,
Scrap Item Name,Rest Artikel Namn,
Scrap Items,skrot Items,
Scrap Material Cost,Skrot Material Kostnad,
Scrap Material Cost(Company Currency),Skrot materialkostnader (Company valuta),
Scrap Warehouse,skrot Warehouse,
Scrapped,skrotas,
Search APIs,Sök API: er,
Search Term Param Name,Sök term Param Namn,
Second Email,Andra e-postadressen,
Secondary Party,Sekundär Parti,
Secondary Role,Sekundär Roll,
Section Based On,Avsnitt baserat på,
Section Cards,Avsnittskort,
Section HTML,Avsnitt HTML,
Section Order,Avsnitt Order,
Select Billing Address,Välj faktureringsadress,
Select Customers By,Välj kunder efter,
Select DocType,Välj DocType,
Select Items to Manufacture,Välj produkter i Tillverkning,
Select Job Worker Address,Välj Jobb Ansvarig Adress,
Select Shipping Address,Välj leveransadress,
Select Supplier Address,Välj Leverantör Adress,
Select company name first.,Välj företagsnamn först.,
Select the Bank Account to reconcile.,Välj bankkonto för att förena.,
"Select, to make the customer searchable with these fields","Välj, för att göra kunden sökbar med dessa fält",
Selected Vouchers,Valda Verifikat,
Self delivery,Egen Leverans,
Selling,Försäljnings,
Selling Settings,Försälja Inställningar,
Send After (days),Skicka efter (dagar),
Send Attached Files,Skicka Bifogade Filer,
Send Document Print,Skicka Utskrifter,
Send Email,Skicka Epost,
Send SMS,Skicka sms,
Send To,Skicka Till,
Send To Primary Contact,Skicka till primär kontakt,
Send regular summary reports via Email.,Skicka regelbundna sammanfattande rapporter via e-post.,
Send to Subcontractor,Skicka till underleverantör,
Send with Attachment,Skicka med bilagan,
Sender,Avsändare,
Sender Name,Avsändarnamn,
Sent,Skickat,
Sent On,Skickas på,
Sent To,Skickat Till,
Sequence ID,Sekvens-ID,
Sequence Id,Sekvens Id,
Sequential,Sekventiell,
Serial & Batch Item,Serie Nummer & Parti,
Serial & Batch Item Settings,Serie Nummer & Parti Inställningar,
Serial / Batch Bundle,Serie / Parti Paket,
Serial / Batch No,Serie / Parti Nummer,
Serial No,Serienummer,
Serial No / Batch,Löpnummer / Batch,
Serial No Ledger,Serie Nummer Register,
Serial No Service Contract Expiry,Löpnummer serviceavtal löper ut,
Serial No Status,Serial No Status,
Serial No Warranty Expiry,Serial Ingen garanti löper ut,
Serial No and Batch,Löpnummer och Batch,
Serial No and Batch for Finished Good,Serie Nummer och Parti för Färdig Artikel,
Serial Nos and Batches,Serienummer och partier,
Serial Number Series,Serial Number Series,
Serial and Batch,Serie Nummer och Parti,
Serial and Batch Bundle,Serie och Parti Paket,
Serial and Batch Details,Serie och Parti Detaljer,
Serial and Batch Entry,Serie och Parti Post,
Serial and Batch No,Serie och Parti Nummer,
Serial and Batch Nos will be auto-reserved based on <b>Pick Serial / Batch Based On</b>,Serie och Parti Nummer kommer att reserveras automatiskt baserat på <b>Välj Serie/Parti baserat på</b>,
Serial and Batch Reservation,Serie Nummer och Parti Reservation,
Serial and Batch Summary,Serie- och batchnummer kommer att reserveras automatiskt baserat på <b>Välj serie/batch baserat på</b>,
Series,Serie,
Series for Asset Depreciation Entry (Journal Entry),Serie för tillgångsavskrivning (Journal Entry),
Service Address,Serviceadress,
Service Cost Per Qty,Service Kostnad Per Kvantitet,
Service Day,Servicedag,
Service End Date,Service Slutdatum,
Service Expense Total Amount,Service Kostnad Totalt Belopp,
Service Expenses,Service Kostnader,
Service Item,Service Artikel,
Service Item Qty,Service Artikel Kvantitet,
Service Item Qty / Finished Good Qty,Service Artikel Kvantitet / Färdig Artikel Kvantitet,
Service Item UOM,Service Artikel Enhet,
Service Items,Service Artikel,
Service Level Agreement,Servicenivåavtal,
Service Level Agreement Creation,Servicenivåavtalskapande,
Service Level Agreement Details,Detaljer om servicenivåavtal,
Service Level Agreement Status,Statusnivå för servicenivåavtal,
Service Level Agreements,Service Level Agreements,
Service Level Name,Service Nivå Namn,
Service Level Priority,Servicenivåprioritet,
Service Provider,Service Leverantör,
Service Received But Not Billed,Tjänsten mottagen men inte fakturerad,
Service Start Date,Service Startdatum,
Service Stop Date,Servicestoppdatum,
Services,tjänster,
Session Defaults,Session Inställningar,
Set Accepted Warehouse,Ställ in accepterat lager,
Set Advances and Allocate (FIFO),Ställ in förskott och fördela (FIFO),
Set Basic Rate Manually,Ställ in grundfrekvens manuellt,
Set From Warehouse,Ange Från Lager,
Set Item Group-wise budgets on this Territory. You can also include seasonality by setting the Distribution.,Ange artikelgrupp visa budgetar på detta område. Du kan även inkludera säsongs genom att ställa in Distribution.,
Set Landed Cost Based on Purchase Invoice Rate,Ange Landad Kostnad baserat på Inköp Faktura Pris,
Set Operating Cost / Scrap Items From Sub-assemblies,Ange Driftskostnad / Skrotade Artiklar från Underenheter,
Set Operating Cost Based On BOM Quantity,Ange Åtgärd Kostnad baserad på Stycklista,
Set Posting Date,Ställ in bokningsdatum,
Set Reserve Warehouse,Ställ Reserve Warehouse,
Set Serial and Batch Bundle Naming Based on Naming Series,Ange namn på Serie och Parti paket baserat på Nummer Serie,
Set Source Warehouse,Ställ in Source Warehouse,
Set Target Warehouse,Ställ in Target Warehouse,
Set Valuation Rate Based on Source Warehouse,Ange Grund Pris Baserad på Från Lager,
Set fieldname from which you want to fetch the data from the parent form.,Ange fältnamn från vilket data ska hämtas från överordnad formulär.,
Set rate of sub-assembly item based on BOM,Ange sats för delmonteringsobjekt baserat på BOM,
Set targets Item Group-wise for this Sales Person.,Uppsatta mål Punkt Gruppvis för säljare.,
Set the status manually.,Ange status manuellt.,
Sets 'Accepted Warehouse' in each row of the Items table.,Ange 'Godkänd Lager' i varje rad i Artiklar Tabell,
Sets 'Rejected Warehouse' in each row of the Items table.,Ange 'Avvisad Lager' i varje rad i Artikel Tabell,
Sets 'Reserve Warehouse' in each row of the Supplied Items table.,Anger 'Reserv Lager' i varje rad i Levererad Artikel Tabell.,
Sets 'Source Warehouse' in each row of the items table.,Ställer in &#39;Source Warehouse&#39; i varje rad i artikelbordet.,
Sets 'Target Warehouse' in each row of the items table.,Ställer in &#39;Target Warehouse&#39; i varje rad i artikelbordet.,
Sets 'Warehouse' in each row of the Items table.,Ställer in &quot;Lager&quot; i varje rad i tabellen Artiklar.,
Setting Account Type helps in selecting this Account in transactions.,Ställa Kontotyp hjälper i att välja detta konto i transaktioner.,
Setting the account as a Company Account is necessary for Bank Reconciliation,Ange konto som Bolag Konto för Bank Avstämmning,
Settings,Inställningar,
Settings for Selling Module,Inställningar för att sälja Modul,
Settled,Fast,
Setup,Inställning,
Share Balance,Aktiebalans,
Share Ledger,Dela Ledger,
Share Transfer,Delöverföring,
Share Type,Share Type,
Shareholder,Aktieägare,
Shelf Life In Days,Hållbarhet i dagar,
Shift,Skift,
Shift Factor,Förskjutning Faktor,
Shift Name,Förskjutning Namn,
Shipment,Leverans,
Shipment Amount,Leverans Belopp,
Shipment Delivery Note,Leverans Försäljning Följesedel,
Shipment ID,Leverans ID,
Shipment Information,Leverans Information,
Shipment Parcel,Leverans Paket,
Shipment Parcel Template,Leverans Paket Mall,
Shipment Type,Leverans Typ,
Shipment details,Leverans Detaljer,
Shipping Account,Frakt konto,
Shipping Address,Leverans Adress,
Shipping Address Details,Leverans Adress Detaljer,
Shipping Address Name,Leveransadress Namn,
Shipping Address Template,Leverans Adress Mall,
Shipping Amount,Fraktbelopp,
Shipping City,Shipping stad,
Shipping Country,Frakt Land,
Shipping County,Frakt County,
Shipping Rule,Frakt Regel,
Shipping Rule Condition,Frakt Regel skick,
Shipping Rule Conditions,Frakt härskar Villkor,
Shipping Rule Country,Frakt Regel Land,
Shipping Rule Label,Frakt Regel Etikett,
Shipping Rule Type,Leveransregel Typ,
Shipping State,Frakt State,
Shipping Zipcode,Frakt Postnummer,
Shopping Cart,Kundvagn,
Short Name,Kort Namn,
Short Term Loan Account,Kortfristigt lånekonto,
Short biography for website and other publications.,Kort biografi för webbplatsen och andra publikationer.,
Show Balances in Chart Of Accounts,Visa Saldo i Kontoplan,
Show Barcode Field in Stock Transactions,Visa Streck/QR Kod Fält i Lager Transaktioner,
Show Failed Logs,Visa Misslyckade Logg,
Show In Website,Visa i Webbsida,
Show Inclusive Tax in Print,Visa inkluderande skatt i tryck,
Show Items,Visa artiklar,
Show Latest Forum Posts,Visa senaste foruminlägg,
Show Net Values in Party Account,Visa Nettovärde i Parti Konto,
Show Operations,Visa Operations,
Show Pay Button in Purchase Order Portal,Visa Betala Knapp i Portal,
Show Payment Schedule in Print,Visa betalningsplan i utskrift,
Show Remarks,Visa Anmärkningar,
Show Taxes as Table in Print,Visa Moms Belopp som Kolumn,
Show in Website,Visa på webbplatsen,
Signatory Position,tecknaren Position,
Signed,Signerad,
Signed By (Company),Signerad av (företag),
Signed On,Inloggad,
Signee,signee,
Signee (Company),Signee (företag),
Signee Details,Signee Detaljer,
"Simple Python Expression, Example: doc.status == 'Open' and doc.issue_type == 'Bug'","Enkelt Python uttryck, exempel: doc.status == 'Open' och doc.issue_type == 'Bug'",
"Simple Python Expression, Example: territory != 'All Territories'","Enkelt Python-uttryck, Exempel: territorium! = &#39;Alla territorier&#39;",
"Simple Python formula applied on Reading fields.<br> Numeric eg. 1: <b>reading_1 &gt; 0.2 and reading_1 &lt; 0.5</b><br>
Numeric eg. 2: <b>mean &gt; 3.5</b> (mean of populated fields)<br>
Value based eg.:  <b>reading_value in (""A"", ""B"", ""C"")</b>","Enkel Python formel tillämpad på läsfält.<br> Numerisk t.ex. 1: <b>reading_1 &gt; 0.2 and reading_1 &lt; 0.5</b><br>
Numerisk t.ex. 2: <b>mean &gt; 3.5</b> (mean of populated fields)<br>
Värde baserad t.ex.:  <b>reading_value in (""A"", ""B"", ""C"")</b>",
Simultaneous,Samtidig,
Single,Singel,
Single Tier Program,Single Tier Program,
Single Transaction Threshold,Enda transaktionströskel,
Skip Available Sub Assembly Items,Hoppa över tillgängliga Delmontering Artiklar,
Skip Delivery Note,Hoppa över leveransanteckning,
Skip Material Transfer to WIP Warehouse,Hoppa över material till WIP Warehouse,
Skipped,Hoppade över,
Skype ID,Skype ID,
Slideshow,Bildspel,
Sold,Såld,
Source,Källa,
Source DocType,Källa DocType,
Source Document Name,Källdokumentnamn,
Source Document Type,Källdokumenttyp,
Source Exchange Rate,Käll Växelkurs,
Source Fieldname,Käll Fältnamn,
Source Location,Källa Plats,
Source Name,käll~~POS=TRUNC,
Source Type,Källtyp,
Source Warehouse,Källa Lager,
Source Warehouse Address,Källa lageradress,
Source Warehouse Address Link,Från Lager Adress Länk,
Sourced by Supplier,Hämtas av leverantör,
South Africa VAT Account,Sydafrika Moms Konto,
South Africa VAT Settings,Sydafrika Moms Konto Inställningar,
Spacer,Mellanrum,
Specify Exchange Rate to convert one currency into another,Ange växelkursen för att konvertera en valuta till en annan,
Specify conditions to calculate shipping amount,Ange villkor för att beräkna fraktbeloppet,
Split Early Payment Discount Loss into Income and Tax Loss,Dela Tidig Betalning Rabatt Bortfall i Intäkt och Moms Bortfall,
Split From,Dela Från,
Stage,Stadie,
Stage Name,Artistnamn,
Stale Days,Stale Days,
Standard Selling Rate,Standard säljkurs,
Standard Template,standardmall,
"Standard Terms and Conditions that can be added to Sales and Purchases. Examples: Validity of the offer, Payment Terms, Safety and Usage, etc.","Standard Villkor som kan läggas till Försäljning och Inköp. Exempel: Erbjudande Giltighet, Betalningsvillkor, Säkerhet,Användning, etc.",
"Standard tax template that can be applied to all Purchase Transactions. This template can contain a list of tax heads and also other expense heads like ""Shipping"", ""Insurance"", ""Handling"", etc.","Standard Moms Mall som kan tillämpas på alla Inköp Transaktioner. Mallen kan innehålla lista över Moms Konto och även andra kostnad konto som ""Leverans"", ""Försäkring"", ""Hantering"" osv.",
"Standard tax template that can be applied to all Sales Transactions. This template can contain a list of tax heads and also other expense/income heads like ""Shipping"", ""Insurance"", ""Handling"" etc.","Standard Moms Mall som kan tillämpas på alla Försäljning Transaktioner. Mallen kan innehålla lista över Moms Konto och även andra kostnad konto som ""Leverans"", ""Försäkring"", ""Hantering"" osv.",
Standing Name,Stående namn,
Start Date,Start Datum,
Start Time,Starttid,
Start and End Dates,Start- och slutdatum,
Start date of current invoice's period,Startdatum för aktuell faktura period,
Started Time,Startad tid,
Starting location from left edge,Startplats från vänstra kanten,
Starting position from top edge,Utgångsläge från övre kanten,
State/Province,Län,
Status,Status,
Status Details,Status Detaljer,
Status Illustration,Statusbild,
Statutory info and other general information about your Supplier,Lagstadgad information och annan allmän information om din leverantör,
Stock,Lager,
Stock Adjustment,Lager för justering,
Stock Adjustment Account,Lager Justering Konto,
Stock Ageing,Lager Åldrande,
Stock Analytics,Arkiv Analytics,
Stock Balance,Lagersaldo,
Stock Closing,Lager Låsning,
Stock Consumed During Repair,Lager Förbrukad under Reparation,
Stock Consumption Details,Lager Förbrukning Detaljer,
Stock Details,Lager Detaljer,
Stock Entry,Stock Entry,
Stock Entry (Outward GIT),Lagerinmatning (GIT),
Stock Entry Child,Lagerinförande barn,
Stock Entry Detail,Stock Entry Detalj,
Stock Entry Type,Lagerinmatningstyp,
Stock Frozen Upto,Lager Fryst Upp,
Stock Items,lager,
Stock Ledger,Stock Ledger,
Stock Ledger Entry,Lager Ledger Entry,
Stock Ledger Invariant Check,Lager Register Oföränderlig Kontroll,
Stock Ledger Variance,Lager Register Avvikelse,
Stock Manager,Lagrets direktör,
Stock Planning,Lager Planering,
Stock Projected Qty,Lager Projicerad Antal,
Stock Qty,Lager Antal,
Stock Qty vs Serial No Count,Antal i lager jämfört med serie nr Antal,
Stock Received But Not Billed,Stock mottagits men inte faktureras,
Stock Reconciliation,Lager Avstämning,
Stock Reconciliation Item,Lager Avstämning Punkt,
Stock Reposting Settings,Lager Ompostering Inställningar,
Stock Reservation,Lager Reservation,
Stock Reservation Entry,Lager Reservation Post,
Stock Reserved Qty (in Stock UOM),Lager Reserverad Kvantitet (Lager Enhet),
Stock Settings,Stock Inställningar,
Stock Summary,lager Sammanfattning,
Stock Transactions Settings,Lager Transaktion Inställningar,
Stock UOM,Lager UOM,
Stock UOM Quantity,Lager Kvantitet,
Stock Uom,Lager UOM,
Stock User,Lager Användar,
Stock Validations,Lager Validering,
Stock Value,Stock Värde,
Stock and Account Value Comparison,Jämförelse av lager och konto,
Stock and Manufacturing,Lager & Produktion,
Stock transactions that are older than the mentioned days cannot be modified.,Lager Transaktioner som är äldre än angiven antal dagar kan inte ändras.,
Stock will be reserved on submission of <b>Purchase Receipt</b> created against Material Request for Sales Order.,Lager kommer att reserveras vid godkännade av <b>Inköp Följesedel</b> skapat mot Material Begäran för Försäljning Order.,
Stop,Stoppa,
Stop Reason,Sluta resonera,
Stopped,Stoppad,
Straight Line,Rak linje,
Sub Assemblies & Raw Materials,Delmonteringar & Råmaterial,
Sub Assembly Item Code,Delmontering Artikel Kod,
Sub Assembly Items,Delmontering Artiklar,
Sub Assembly Warehouse,Delmontering Lager,
Sub Operation,Underåtgärd,
Sub Operations,Underåtgärder,
Sub Procedure,Underförfarande,
Subcontract,Subkontrakt,
Subcontract BOM,Underleverantör Stycklista,
Subcontract Order Summary,Underleverantör Order Översikt,
Subcontracted Item,Underleverantörsartikel,
Subcontracted Item To Be Received,Underleverantör som ska tas emot,
Subcontracted Quantity,Underleverantör Kvantitet,
Subcontracted Raw Materials To Be Transferred,Underleverantörer av råvaror som ska överföras,
Subcontracting BOM,Underleverantör Stycklista,
Subcontracting Conversion Factor,Underleverantör Konvertering Faktor,
Subcontracting Order,Underleverantör Order,
Subcontracting Order (Draft) will be auto-created on submission of Purchase Order.,Underleverantör Order (Utkast) kommer att skapas automatiskt vid godkännande av Inköp Order.,
Subcontracting Order Item,Underleverantör Order Artikel,
Subcontracting Order Service Item,Underleverantör Order Service Artikel,
Subcontracting Order Supplied Item,Underleverantör Order Levererad Artikel,
Subcontracting Purchase Order,Underleverantör Inköp Order,
Subcontracting Receipt,Underleverantör Följesedel/Kvitto,
Subcontracting Receipt Item,Underleverantör Följesedel/Kvitto Artikel,
Subcontracting Receipt Supplied Item,Underleverantör Följesedel/Kvitto Levererad Artikel,
Subcontracting Settings,Underleverantör Inställningar,
Subdivision,Underavdelning,
Subject,Ämne,
Submit After Import,Godkänn efter Import,
Submit ERR Journals?,Godkänn ERR Journaler ?,
Submit Generated Invoices,Godkänn Skapade Fakturor,
Submit Journal Entries,Skicka journalposter,
Submitted,Avsändare,
Subscription,Prenumeration,
Subscription End Date,Slutdatum för prenumeration,
Subscription Invoice,Prenumerationsfaktura,
Subscription Period,Prenumerationsperiod,
Subscription Plan,Prenumerationsplan,
Subscription Plan Detail,Prenumerationsplandetaljer,
Subscription Plans,Prenumerationsplaner,
Subscription Price Based On,Prenumerationspris baserat på,
Subscription Section,Prenumerationsavsnitt,
Subscription Settings,Prenumerationsinställningar,
Subscription Start Date,Prenumerations startdatum,
Subtitle,Texta,
Succeeded,Klar,
Success,Framgång,
Success Redirect URL,Framgång omdirigera URL,
Success Settings,Framgångsinställningar,
Successful,Framgångsrik,
Suggestions,Förslag,
Sum of Repair Cost and Value of Consumed Stock Items.,Summa för reparation kostnad och värde för förbrukade lager artiklar.,
Summary,Sammanfattning,
Sunday,Söndag,
Supplied Items,Medföljande tillbehör,
Supplied Qty,Medföljande Antal,
Supplier,Leverantör,
Supplier Address,Leverantör Adress,
Supplier Address Details,Leverantör Adress Detaljer,
Supplier Contact,Leverantör Kontakt,
Supplier Delivery Note,Leverantörsleveransnotering,
Supplier Details,Leverantör Detaljer,
Supplier Group,Leverantörsgrupp,
Supplier Group Item,Leverantör Grupp Artikel,
Supplier Group Name,Leverantörsgruppsnamn,
Supplier Info,Leverantör Info,
Supplier Invoice,Leverantör Faktura,
Supplier Invoice Date,Leverantörsfakturadatum,
Supplier Invoice No,Leverantörsfaktura Nej,
Supplier Item,Leverantör Artikel,
Supplier Items,Leverantör artiklar,
Supplier Lead Time (days),Leverantörens ledtid (dagar),
Supplier Ledger Summary,Leverantörsbok Sammanfattning,
Supplier Name,Leverantörsnamn,
Supplier Naming By,Leverantör Naming Genom,
Supplier Part No,Leverantör varunummer,
Supplier Part Number,Leverantör Artikelnummer,
Supplier Portal Users,Leverantör  Portal Användare,
Supplier Primary Address,Leverantör Primär Adress,
Supplier Primary Contact,Leverantör Primär Kontakt,
Supplier Quotation,Leverantör Offert,
Supplier Quotation Comparison,Jämförelse av leverantörsnotering,
Supplier Quotation Item,Leverantör offert Punkt,
Supplier Score,Leverantörspoäng,
Supplier Scorecard,Leverantör Scorecard,
Supplier Scorecard Criteria,Leverantörs Scorecard Criteria,
Supplier Scorecard Period,Leverantörens scorecardperiod,
Supplier Scorecard Scoring Criteria,Leverantör Scorecard Scoring Criteria,
Supplier Scorecard Scoring Standing,Leverantör Scorecard Scoring Standing,
Supplier Scorecard Scoring Variable,Leverantör Scorecard Scorevariabel,
Supplier Scorecard Setup,Leverans Scorecard Setup,
Supplier Scorecard Standing,Leverantörs Scorecard Standing,
Supplier Scorecard Variable,Leverantörs Scorecard Variable,
Supplier Type,Leverantör Typ,
Supplier Warehouse,Leverantör Lager,
Supplier delivers to Customer,Leverantören levererar till kunden,
Supplier of Goods or Services.,Leverantör av varor eller tjänster.,
Supplier-Wise Sales Analytics,Leverantör-Wise Sales Analytics,
Suppliers,Leverantörer,
Supply Raw Materials for Purchase,Leverera råvaror för köp,
Support,Stöd,
Support Hour Distribution,Stödtiddistribution,
Support Portal,Supportportal,
Support Search Source,Stöd sökkälla,
Support Settings,support Inställningar,
Support Team,Support Team,
Suspended,Upphängd,
Synchronize all accounts every hour,Synkronisera alla konton varje timme,
System Manager,System Manager,
"System User (login) ID. If set, it will become default for all HR forms.","Systemanvändare (inloggning) ID. Om inställt, kommer det att bli standard för alla HR former.",
System will automatically create the serial numbers / batch for the Finished Good on submission of work order,System kommer automatiskt att skapa serienummer/parti för färdig artikel vid godkännade av arbetsorder,
System will fetch all the entries if limit value is zero.,Systemet hämtar alla poster om gränsvärdet är noll.,
System will notify to increase or decrease quantity or amount ,Systemet meddelar att man ökar eller minskar mängden eller mängden,
TDS Computation Summary,TDS-beräkningsöversikt,
TS-.YYYY.-,TS-.YYYY.-,
Table for Item that will be shown in Web Site,Tabell för punkt som kommer att visas i Web Site,
Tag Line,Tag Linje,
Target,Mål,
Target  Amount,Målbeloppet,
Target Asset,Tillgång,
Target Asset Location,Tillgång Plats,
Target Batch No,Parti Nummer,
Target Detail,Måldetaljer,
Target Distribution,Target Fördelning,
Target Exchange Rate,Växelkurs,
Target Fieldname (Stock Ledger Entry),Fältnamn (Lager Register Post),
Target Fixed Asset Account,Tillgång Konto,
Target Has Batch No,Har Parti Nummer,
Target Has Serial No,Har Serie Nummer,
Target Incoming Rate,In Pris,
Target Is Fixed Asset,Är Tillgång,
Target Item Code,Artikel Kod,
Target Item Name,Artikel Namn,
Target Location,Målplats,
Target Qty,Mål Antal,
Target Serial No,Serie Nummer,
Target Warehouse,Target Lager,
Target Warehouse Address,Mållageradress,
Target Warehouse Address Link,Till Lager Adress Länk,
Targets,Mål,
Tariff Number,tariff Number,
Task,Uppgift,
Task Assignee Email,Uppgift Tilldelade E-post,
Task Completion,uppgift Slutförande,
Task Depends On,Uppgift Beror på,
Task Description,Uppgifts beskrivning,
Task Name,Uppgiftsnamn,
Task Progress,Task framsteg,
Task Type,Uppgiftstyp,
Task Weight,uppgift Vikt,
Tasks,uppgifter,
Tax,Skatt,
Tax Account,Skattekonto,
Tax Amount After Discount Amount,Skattebelopp efter rabatt Belopp,
Tax Amount After Discount Amount (Company Currency),Skattebelopp efter rabatt Belopp (Company valuta),
Tax Amount will be rounded on a row(items) level,Moms Belopp kommer att avrundas per Artikelrad,
Tax Breakup,Skatteavbrott,
Tax Category,Skatt kategori,
Tax ID,Skatte ID,
Tax Id,Skatte ID,
Tax Rate,Skattesats,
Tax Rates,Skattesatser,
Tax Rule,Skatte Rule,
Tax Settings,Moms Inställningar,
Tax Type,Skatte Typ,
Tax Withheld Vouchers,Moms Avdrag Verifikat,
Tax Withholding Account,Skatteavdragskonto,
Tax Withholding Category,Skatteavdragskategori,
Tax Withholding Details,Moms Avdrag Kategori,
Tax Withholding Net Total,Moms Avdrag Netto Totalt,
Tax Withholding Rate,Skattesats,
Tax Withholding Rates,Skatteavdrag,
"Tax detail table fetched from item master as a string and stored in this field.
Used for Taxes and Charges","Moms Tabell hämtad från Artikel Tabell som sträng och lagrad i detta fält.
Används för Moms och Avgifter",
Tax will be withheld only for amount exceeding the cumulative threshold,Moms kommer att dras av bara för belopp som överstiger kumulativ tröskel,
Taxable Amount,Skattepliktiga belopp,
Taxes,Skatter,
Taxes and Charges,Skatter och avgifter,
Taxes and Charges Added,Skatter och avgifter Added,
Taxes and Charges Added (Company Currency),Skatter och avgifter Added (Company valuta),
Taxes and Charges Calculation,Skatter och avgifter Beräkning,
Taxes and Charges Deducted,Skatter och avgifter Avdragen,
Taxes and Charges Deducted (Company Currency),Skatter och avgifter Avgår (Company valuta),
Team Member,Lagmedlem,
Telephony Call Type,Telefoni Typ,
Template,Mall,
Template Name,Mallnamn,
Template Options,Mall Alternativ,
Template Task,Mall Upgift,
Template Title,Mallens titel,
Template Warnings,Mall Varningar,
Temporary,Tillfällig,
Temporary Opening Account,Tillfälligt öppnings konto,
Term Details,Term Detaljer,
Terms,Villkor,
Terms & Conditions,Regler & Villkor,
Terms Template,Villkor Mall,
Terms and Conditions,Villkor,
Terms and Conditions Content,Villkor Innehåll,
Terms and Conditions Details,Villkor Detaljer,
Terms and Conditions Help,Villkor Hjälp,
Territory,Territorium,
Territory Item,Distrikt Artikel,
Territory Manager,Territorium manager,
Territory Name,Territorium Namn,
Territory Target Variance Based On Item Group,Territorium Målvarians baserad på artikelgrupp,
Territory Targets,Territorium Mål,
Territory-wise Sales,Territorisk visad försäljning,
The BOM which will be replaced,BOM som kommer att ersättas,
"The account head under Liability or Equity, in which Profit/Loss will be booked","Konto huvudet under skuld eller eget kapital, där vinst / förlust bokas",
The gross weight of the package. Usually net weight + packaging material weight. (for print),Bruttovikten på paketet. Vanligtvis nettovikt + förpackningsmaterial vikt. (För utskrift),
The net weight of this package. (calculated automatically as sum of net weight of items),Nettovikten av detta paket. (Beräknas automatiskt som summan av nettovikt av objekt),
The new BOM after replacement,Den nya BOM efter byte,
"The percentage you are allowed to bill more against the amount ordered. For example, if the order value is $100 for an item and tolerance is set as 10%, then you are allowed to bill up to $110 ","Procentandelen du får fakturera mer mot det beställda beloppet. Till exempel, om ordervärdet är $ 100 för en artikel och toleransen är satt till 10%, får du fakturera upp till $ 110",
The percentage you are allowed to pick more items in the pick list than the ordered quantity.,Procentandel artiklar du får plocka utöver artiklar i plocklista.,
"The percentage you are allowed to receive or deliver more against the quantity ordered. For example, if you have ordered 100 units, and your Allowance is 10%, then you are allowed to receive 110 units.","Procentandelen du får ta emot eller leverera mer mot den beställda kvantiteten. Till exempel, om du har beställt 100 enheter och din ersättning är 10%, får du ta emot 110 enheter.",
"The percentage you are allowed to transfer more against the quantity ordered. For example, if you have ordered 100 units, and your Allowance is 10%, then you are allowed transfer 110 units.","Procentandel man får överföra mer mot order kvantitet. Till exempel, om man har order på 100 enheter och tillåtelse är 10%, får man överföra upp till 110 enheter.",
"The users with this Role are allowed to create/modify a stock transaction, even though the transaction is frozen.","Användare med denna roll får skapa/ändra lager transaktion, även om transaktion är låst.",
This Account has '0' balance in either Base Currency or Account Currency,"Konto har ""0"" Saldo i antingen Standard Valuta eller Konto Valuta",
This filter will be applied to Journal Entry.,Detta filter kommer att tillämpas på Journal Post,
This is a location where final product stored.,Detta är en plats där slutprodukten lagras.,
This is a location where operations are executed.,Detta är en plats där operationerna utförs.,
This is a location where raw materials are available.,Detta är en plats där råvaror finns tillgängliga.,
This is a location where scraped materials are stored.,Detta är en plats där skrotade material lagras.,
"This section allows the user to set the Body and Closing text of the Dunning Letter for the Dunning Type based on language, which can be used in Print.","Detta avsnitt gör det möjligt för användaren att ställa in Body och Closing-texten för Dunning Letter för Dunning Type baserat på språk, som kan användas i Print.",
This tool helps you to update or fix the quantity and valuation of stock in the system. It is typically used to synchronise the system values and what actually exists in your warehouses.,Detta verktyg hjälper dig att uppdatera eller rätta mängden och värdering av lager i systemet. Det är oftast används för att synkronisera systemvärden och vad som faktiskt finns i dina lager.,
This value shall be used when no matching Common Code for a record is found.,Detta värde ska användas när ingen matchande Gemensam Kod för post hittas.,
"This will be appended to the Item Code of the variant. For example, if your abbreviation is ""SM"", and the item code is ""T-SHIRT"", the item code of the variant will be ""T-SHIRT-SM""","Detta kommer att läggas till den punkt koden varianten. Till exempel, om din förkortning är &quot;SM&quot;, och försändelsekoden är &quot;T-TRÖJA&quot;, posten kod varianten kommer att vara &quot;T-Shirt-SM&quot;",
This will restrict user access to other employee records,Detta kommer att begränsa användaråtkomsten till andra anställningsregister,
Threshold for Suggestion,Tröskel för förslag,
Threshold for Suggestion (In Percentage),Tröskel för Förslag (%),
Thumbnail,Miniatyr,
Thursday,Torsdag,
Tier Name,Tier Name,
Time,Tid,
Time (In Mins),Tid (i minuter),
Time Between Operations (Mins),Tid mellan operationer (minuter),
Time In Mins,Tid i min,
Time Logs,Tid loggar,
Time Sheet,Tidrapportering,
Time Sheet List,Tidrapportering Lista,
Time Sheets,tidrapporter,
Time at which materials were received,Tidpunkt för material mottogs,
Time in mins,Tid i minuter,
Time in mins.,Tid i minuter,
Timeline,tidslinje,
Timesheet,Tidrapport,
Timesheet Detail,tidrapport Detalj,
Timesheets,tidrapporter,
Timeslots,Tidsluckor,
Title,Titel,
To,Till,
To Bill,Till Bill,
To Currency,Till Valuta,
To Date,Till Datum,
To Deliver,Att leverera,
To Deliver and Bill,Att leverera och Bill,
To Delivery Date,Till Leverans Datum,
To Doctype,Till DocType,
To Employee,Till anställd,
To Folio No,Till Folio nr,
To Invoice Date,Att fakturadatum,
To No,Till nr,
To Package No.,Förpackningens Nej,
To Payment Date,Till Betalning Datum,
To Produce,Att Producera,
To Range,Range,
To Receive,Att motta,
To Receive and Bill,Ta emot och Bill,
To Reference Date,Till Referens Datum,
To Rename,Att byta namn,
To Shareholder,Till aktieägare,
To Time,Till Time,
To Track inbound purchase,Att spåra inkommande köp,
To Value,Att Värdera,
To Warehouse (Optional),Till Warehouse (tillval),
To apply condition on parent field use parent.field_name and to apply condition on child table use doc.field_name. Here field_name could be based on the actual column name of the respective field.,"Att tillämpa villkor på överordnad fält, använd parent.field_name och för att tillämpa villkor på underordnad tabell använd doc.field_name. Här kan fältnamn baseras på verklig kolumn namn för respektive fält.",
To be Delivered to Customer,Levereras till Kund,
"To include sub-assembly costs and scrap items in Finished Goods on a work order without using a job card, when the 'Use Multi-Level BOM' option is enabled.","Inkludera kostnader för underenheter och skrot artiklar i Färdiga Artiklar på Arbetsorder utan att använda Jobbkort, när alternativ ""Använd Flernivå Stycklista"" är aktiverat.",
Toggle Full Width,Växla Full Bredd,
Toggle Theme,Växla Tema,
Tools,Verktyg,
Total,Totalt,
Total (Company Currency),Totalt (Company valuta),
Total Additional Costs,Totalt Merkostnader,
Total Advance,Totalt Advance,
Total Allocated Amount,Sammanlagda anslaget,
Total Allocated Amount (Company Currency),Sammanlagda anslaget (Company valuta),
Total Allocations,Totala Tilldelningar,
Total Amount,Totala summan,
Total Amount Currency,Totalt Belopp Valuta,
Total Amount in Words,Total mängd i ord,
Total Asset Cost,Totalt Tillgång Kostnad,
Total Billable Amount,Totala Fakturerbar Mängd,
Total Billable Amount (via Timesheet),Totala fakturabeloppet (via tidstabeller),
Total Billable Hours,Totalt debiterbara timmar,
Total Billed Amount,Totala fakturerade beloppet,
Total Billed Amount (via Sales Invoice),Totalt fakturerat belopp (via försäljningsfakturor),
Total Billed Hours,Totalt Fakturerade Timmar,
Total Billing Amount,Totalt Fakturerings Mängd,
Total Billing Hours,Totalt Fakturerbara Timmar,
Total Characters,Totalt Tecken,
Total Commission,Totalt kommissionen,
Total Completed Qty,Totalt slutfört antal,
Total Consumed Material Cost (via Stock Entry),Total förbrukad materialkostnad (via lagerinmatning),
Total Cost,Total Kostnad,
Total Cost (Company Currency),Total kostnad (företagsvaluta),
Total Costing Amount,Totala Kalkyl Mängd,
Total Costing Amount (via Timesheet),Totalkostnadsbelopp (via tidskrifter),
Total Credit,Total Credit,
Total Debit,Totalt bankkort,
Total Estimated Distance,Totalt beräknat avstånd,
Total Experience,Total Experience,
Total Gain/Loss,Totala vinst / förlust,
Total Hold Time,Total hålltid,
Total Holidays,Totalt helgdagar,
Total Incoming Value (Receipt),Totalt Ingående Värde (Faktura),
Total Interest,Totalt Ränta,
Total Message(s),Totalt Meddelande (er),
Total Monthly Sales,Total månadsförsäljning,
Total Net Weight,Total nettovikt,
Total Number of Booked Depreciations ,Totalt Antal Bokförda Avskrivningar,
Total Number of Depreciations,Totalt Antal Avskrivningar,
Total Operating Cost,Totala driftskostnaderna,
Total Operation Time,Totalt Drift Tid,
Total Outgoing Value (Consumption),Utgående Värde (Förbrukning),
Total Outstanding,Totalt Utestående,
Total Planned Qty,Totalt planerat antal,
Total Produced Qty,Totalt producerad mängd,
Total Projected Qty,Totala projicerade Antal,
Total Purchase Cost (via Purchase Invoice),Totala inköpskostnaden (via inköpsfaktura),
Total Qty,Totalt antal,
Total Quantity,Total kvantitet,
Total Repair Cost,Totalt Reparation Kostnad,
Total Reposting Count,Totalt Ompostering Antal,
Total Sales Amount (via Sales Order),Totala försäljningsbelopp (via försäljningsorder),
Total Stock Summary,Total lageröversikt,
Total Supplied Qty,Totalt Levererad Kvantitet,
Total Taxes and Charges,Totala skatter och avgifter,
Total Taxes and Charges (Company Currency),Totala skatter och avgifter (Företags valuta),
Total Time in Mins,Total tid i minuter,
Total Value,Totalt Värde,
Total Value Difference (Incoming - Outgoing),Värde Differens (Inkommande - Utgående),
Total Weight,Totalvikt,
Total Weight (kg),Total Vikt (kg),
Total Working Hours,Totala arbetstiden,
Totals,Totals,
Track Service Level Agreement,Spåra servicenivåavtal,
Track separate Income and Expense for product verticals or divisions.,Spåra separat intäkter och kostnader för produkt vertikaler eller divisioner.,
Tracking Status,Spårning Status,
Tracking Status Info,Spårning Status Info,
Tracking URL,Spårning URL,
Transaction,Transaktion,
Transaction Currency,transaktionsvaluta,
Transaction Date,Transaktionsdatum,
Transaction Deletion Record,Transaktion Borttagning Post,
Transaction Deletion Record Details,Transaktion Borttagning Post Detaljer,
Transaction Deletion Record Item,Transaktion Borttagning Post Artikel,
Transaction Details,Transaktions Detaljer,
Transaction Exchange Rate,Transaktion Växelkurs,
Transaction ID,Transaktions ID,
Transaction Settings,Transaktion Inställningar,
Transaction Type,Överföringstyp,
Transactions Annual History,Transaktioner Årshistoria,
Transfer,Överföring,
Transfer Material Against,Överför material mot,
Transfer Status,Överföringsstatus,
Transfer Type,Överföringstyp,
Transferred,Överförd,
Transferred Qty,Överfört Antal,
Transport Receipt Date,Transportmottagningsdatum,
Transport Receipt No,Transport kvitto nr,
Transporter,Transporter,
Transporter Details,Transporter Detaljer,
Transporter Info,Transporter info,
Transporter Name,Transportör Namn,
Tree Details,Tree Detaljerad information,
Trial Balance,Trial Balans,
Trial Balance (Simple),Testbalans (enkel),
Trial Balance for Party,Trial Balance för Party,
Trial Period End Date,Pröva period Slutdatum,
Trial Period Start Date,Försöksperiodens startdatum,
Trialling,testar,
Truncates 'Remarks' column to set character length,"Trunkerar kolumn ""Anmärkningar"" för att ange teckenlängd",
Tuesday,Tisdag,
Twice Daily,Två gånger dagligen,
Two-way,Tvåvägs,
Type,Typ,
Type Of Call,Typ av Samtal,
Type of Payment,Typ av betalning,
Type of Transaction,Typ av Transaktion,
Type of document to rename.,Typ av dokument för att byta namn.,
UAE VAT Account,UAE VAT Konto,
UAE VAT Accounts,UAE VAT Konton,
UAE VAT Settings,UAE VAT Inställningar,
UOM,UOM,
UOM Category,UOM Kategori,
UOM Conversion Detail,UOM Omvandlings Detalj,
UOM Conversion Factor,UOM Omvandlingsfaktor,
UOM Name,UOM Namn,
UOMs,UOM,
UPC-A,UPC-A,
URL,URL,
Unallocated Amount,oallokerad Mängd,
Under AMC,Enligt AMC,
Under Graduate,Enligt Graduate,
Under Warranty,Under garanti,
Unfulfilled,Ouppfylld,
Units of Measure,Måttenheter,
Unlink Advance Payment on Cancellation of Order,Lossa förskottsbetalning vid annullering av beställningen,
Unlink Payment on Cancellation of Invoice,Bort länken Betalning på Indragning av faktura,
Unlinked,Bortkopplad,
Unpaid,Obetald,
Unpaid and Discounted,Obetald och rabatterad,
Unplanned machine maintenance,Oplanerat maskinunderhåll,
Unqualified,Okvalificerad,
Unrealized Exchange Gain/Loss Account,Orealiserat Exchange Gain / Loss-konto,
Unrealized Profit / Loss Account,Orealiserad Resultat Konto,
Unrealized Profit / Loss account for intra-company transfers,Orealiserad Resultat konto för koncern överföringar,
Unrealized Profit/Loss account for intra-company transfers,Orealiserad Resultat konto för koncern överföringar,
Unreconcile Payment,Ångra Betalning Avstämning,
Unreconcile Payment Entries,Ångra Betalning Avstämning Post,
Unreconciled,sonade,
Unreconciled Amount,Ångrad Betalning Avstämning Belopp,
Unreconciled Entries,Ångrad Betalning Avstämning Post,
Unresolved,Olöst,
Unscheduled,Ledig,
Unsigned,Osignerad,
Unsubscribed,Otecknade,
Unverified,Unverified,
Upcoming Calendar Events,Kommande kalenderhändelser,
Update Auto Repeat Reference,Uppdatera automatisk repeteringsreferens,
Update BOM Cost Automatically,Uppdatera BOM kostnad automatiskt,
"Update BOM cost automatically via scheduler, based on the latest Valuation Rate/Price List Rate/Last Purchase Rate of raw materials","Uppdatera BOM-kostnaden automatiskt via schemaläggaren, baserat på den senaste värderingsgraden / prislistan / senaste inköpsraten för råvaror",
Update Billed Amount in Delivery Note,Uppdatera Fakturerad Belopp i Försäljning Följesedel,
Update Billed Amount in Purchase Order,Uppdatera Fakturerad Belopp i Inköp Order,
Update Billed Amount in Purchase Receipt,Uppdatera Fakturerad Belopp i Inköp Följesedel,
Update Billed Amount in Sales Order,Uppdatera fakturerat belopp i försäljningsorder,
Update Consumed Material Cost In Project,Uppdatera förbrukat materialkostnad i projektet,
Update Cost,Uppdatera kostnad,
Update Existing Price List Rate,Uppdatera Befintlig Prislista Pris,
Update Existing Records,Uppdatera Befintliga Poster,
Update Outstanding for Self,Uppdatera Utestående för sig själv,
Update Rate and Availability,Uppdateringsfrekvens och tillgänglighet,
Update Stock,Uppdatera lager,
Update Type,Uppdateringstyp,
Update frequency of Project,Projekt Uppdatering Intervall,
Update latest price in all BOMs,Uppdatera senaste priset i alla BOMs,
Update the modified timestamp on new communications received in Lead & Opportunity.,Uppdatera ändrad tidsstämpel på ny konversation mottagen i Potentiell Kund & Möjlighet.,
Update timestamp on new communication,Uppdatera tidsstämpel på ny Konversation,
Updated via 'Time Log' (In Minutes),Uppdaterad via 'Tid Logg' (i Minuter),
Upload XML Invoices,Ladda upp XML-fakturor,
Urgent,Brådskande,
Use Batch-wise Valuation,Använd Värdering per Parti,
Use Company Default Round Off Cost Center,Använd Bolag Standard Avrundning Resultat Enhet,
Use Company default Cost Center for Round off,Använd Bolag standard Resultat Enhet för Avrundning,
Use Google Maps Direction API to calculate estimated arrival times,Använd Google Maps Direction API för att beräkna beräknade ankomsttider,
Use Google Maps Direction API to optimize route,Använd Google Maps Direction API för att optimera rutten,
Use HTTP Protocol,Använd HTTP Protokoll,
Use Item based reposting,Använd Artikel baserad Ompostering,
Use Multi-Level BOM,Använd Multi-Level BOM,
Use Serial / Batch Fields,Använd Serie / Parti Nummer Fält,
Use Serial No / Batch Fields,Använd Serie / Parti Nummer Fält,
Use Transaction Date Exchange Rate,Använd Transaktion Datum Växelkurs,
Use for Shopping Cart,Används för Varukorgen,
Use this field to render any custom HTML in the section.,Använd det här fältet för att återge all anpassad HTML i avsnittet.,
Used,Begagnade,
Used for Production Plan,Används för produktionsplan,
User,Användare,
User Details,Användarinformation,
User ID,användar ID,
User Remark,Användar Anmärkning,
User Resolution Time,Användarens upplösningstid,
Users,användare,
Users can enable the checkbox If they want to adjust the incoming rate (set using purchase receipt) based on the purchase invoice rate.,Användare kan kryssa i rut Om de vill justera inköp pris (anges med inköp följesedel) baserat på inköp faktura pris.,
Users with this role are allowed to over bill above the allowance percentage,Användare med denna roll tillåts att överfakturera över tillåten procentsats,
Users with this role are allowed to over deliver/receive against orders above the allowance percentage,Användare med denna roll tillåts att överleverera/ta emot ordrar över tillåten procentsats,
Users with this role are allowed to set frozen accounts and create / modify accounting entries against frozen accounts,Användare med den här rollen får ställa frysta konton och skapa / ändra bokföringsposter mot frysta konton,
Utilities,Verktyg,
VAT Accounts,Moms Konton,
VAT Audit Report,Moms Revision Rapport,
Valid From,Giltig från,
Valid Till,Giltig till,
Valid Upto,Giltig till,
Valid for Countries,Gäller för länder,
Validate Applied Rule,Validera tillämpad regel,
Validate Components and Quantities Per BOM,Validera Komponenter och Kvantitet per Stycklista,
Validate Negative Stock,Validera Negativ Lager,
Validate Pricing Rule,Validera Prissättning Regel,
Validate Selling Price for Item Against Purchase Rate or Valuation Rate,Validera försäljningspris för artikel mot köpesats eller värderingsgrad,
Validate Stock on Save,Validera Lager på Spara,
Validity,Giltighet,
Validity Details,Giltighetsinformation,
Validity and Usage,Giltighet och användning,
Validity in Days,Giltighet i dagar,
Valuation,Värdering,
Valuation Method,Värderingsmetod,
Valuation Rate,Värderings betyg,
Valuation and Total,Värdering och Total,
Valuation rate for the item as per Sales Invoice (Only for Internal Transfers),Grund Pris för artikel enligt Försäljning Faktura (endast för Interna Överföringar),
Value,Värde,
Value After Depreciation,Värde efter avskrivningar,
Value Based Inspection,Värde Baserad Kontroll,
Value Details,Värde Detaljer,
Value of Goods,Gods Värde,
Variable Name,Variabelt namn,
Variables,variabler,
Variant Attributes,Variant Attribut,
Variant Based On,Variant Based On,
Variant Field,Variant Field,
Variant Of,Variant av,
Variants,Varianter,
Vehicle,Fordon,
Vehicle Date,Fordons Datum,
Vehicle No,Fordons nr,
Vehicle Number,Fordonsnummer,
Vehicle Value,fordons Värde,
Verified By,Verifierad Av,
Version,Version,
Via Customer Portal,Via kundportalen,
Via Landed Cost Voucher,Genom Landad Kostnad Verifikat,
Video,Video,
Video Settings,Videoinställningar,
View Website,Visa Webbplats,
View attachments,Visa bilagor,
Views,Visningar,
Vimeo,Vimeo,
Visited,Besökt,
Voice,Röst,
Voice Call Settings,Röst Samtal Inställningar,
Voucher Detail No,Rabatt Detalj nr,
Voucher Name,Verifikat Namn,
Voucher No,Rabatt nr,
Voucher Qty,Verifikat Kvantitet,
Voucher Subtype,Verifikat Undertyp,
Voucher Type,Rabatt Typ,
Voucher-wise Balance,Saldo per Verifikat,
Vouchers,kuponger,
WIP Composite Asset,Pågående Arbete Sammansatt Tillgång,
WIP Warehouse,WIP Lager,
Wages,Löner,
Wages per hour,Löner per timme,
Warehouse,lager,
Warehouse Contact Info,Lagrets kontaktinfo,
Warehouse Detail,Lagerdetalj,
Warehouse Details,Lager Detaljer,
Warehouse Name,Lager Namn,
Warehouse Settings,Lager Inställningar,
Warehouse Type,Lagertyp,
Warehouse Wise Stock Balance,Lager Saldo per Lager,
Warehouse and Reference,Lager och referens,
Warehouse wise Item Balance Age and Value,Lagerklassigt objekt Balansålder och värde,
Warehouses,Lager,
Warn,Varna,
Warn POs,Varna PO: er,
Warn Purchase Orders,Varna inköpsorder,
Warn RFQs,Varna RFQs,
Warn for new Purchase Orders,Varning för nya inköpsorder,
Warn for new Request for Quotations,Varna för ny Offertförfrågan,
Warranty / AMC Details,Garanti / AMC Detaljer,
Warranty / AMC Status,Garanti / AMC Status,
Warranty Claim,Garantianspråk,
Warranty Expiry Date,Garanti Förfallodatum,
Warranty Period (Days),Garantiperiod (dagar),
Warranty Period (in days),Garantitiden (i dagar),
Website,Webbplats,
Website Attribute,Webbplatsattribut,
Website Description,Webbplats Beskrivning,
Website Filter Field,Fält för webbplatsfilter,
Website Image,Webbplatsbild,
Website Item Group,Webbplats Produkt Grupp,
Website Manager,Webbplats ägare,
Website Specifications,Webbplats Specifikationer,
Wednesday,Onsdag,
Week,Vecka,
Weekday,Veckodag,
Weekly,Veckovis,
Weekly Off,Veckovis Av,
Weekly Time to send,Veckotid att skicka,
Weight,Vikt,
Weight (kg),Vikt (kg),
Weight Per Unit,Vikt per enhet,
Weight UOM,Vikt UOM,
Weighting Function,Viktningsfunktion,
Welcome email sent,Välkommen e-postmeddelandet,
WhatsApp,WhatsApp,
Wheels,hjul,
"When a parent warehouse is chosen, the system conducts stock checks against the associated child warehouses",Näröverordnat lager valts utför system lagerkontroller mot tillhörande underordnade lager,
"While making Purchase Invoice from Purchase Order, use Exchange Rate on Invoice's transaction date rather than inheriting it from Purchase Order. Only applies for Purchase Invoice.","Vid skapande av Inköp Faktura från Inköp Order, använd Inköp Faktura transaktion datum för växelkurs istället för att ärva den från Inköp Order. Gäller endast Inköp Faktura.",
Widowed,Änka,
Width (cm),Bredd (cm),
Width of amount in word,Bredd av beloppet i ord,
Will also apply for variants,Kommer också att ansöka om varianter,
Will also apply for variants unless overrridden,Kommer också att ansöka om varianter såvida inte överskriden,
With Operations,Med verksamhet,
Withdrawal,Uttag,
Work Done,Arbete Gjort,
Work In Progress,Pågående arbete,
Work Order,Arbetsorder,
Work Order Consumed Materials,Arbetsorder Förbrukat Material,
Work Order Item,Arbeta beställningsobjekt,
Work Order Operation,Arbetsorderoperation,
Work Order Qty,Arbetsorder Antal,
Work Order Stock Report,Arbetsordningsbeståndsrapport,
Work Order Summary,Sammanfattning av arbetsorder,
Work Orders in Progress,Arbetsorder pågår,
Work in Progress,Pågående Arbete,
Work-in-Progress Warehouse,Pågående Arbete - Lager,
Workday,Arbetsdag,
Working,Arbetande,
Working Hours,Arbetstimmar,
Workstation,Arbetsstation,
Workstation / Machine,Arbetsstation / maskin,
Workstation Dashboard,Arbetsplats Översikt Panel,
Workstation Name,Arbetsstation Namn,
Workstation Status,Arbetsplats Status,
Workstation Type,Arbetsplats Typ,
Workstation Working Hour,Arbetsstation arbetstimme,
Workstations,Arbetsplatser,
Write Off,Avskrivning,
Write Off Account,Avskrivningskonto,
Write Off Amount,Avskrivningsbelopp,
Write Off Amount (Company Currency),Skriv engångsavgift (Company valuta),
Write Off Based On,Avskrivning Baseras på,
Write Off Cost Center,Avskrivning kostnadsställe,
Write Off Difference Amount,Skriv differensen Belopp,
Write Off Entry,Avskrivningspost,
Write Off Limit,Avskrivning Gräns,
Write Off Outstanding Amount,Avskrivning utestående belopp,
Writeoff,nedskrivning,
Written Down Value,Skriftligt nedvärde,
Year,År,
Year End Date,År Slutdatum,
Year Name,År namn,
Year Start Date,År Startdatum,
Year of Passing,Passerande År,
Yearly,Årlig,
Yellow,Gul,
Yes,Ja,
YouTube,Youtube,
YouTube Interactions,YouTube-interaktioner,
Youtube ID,Youtube-ID,
Youtube Statistics,Youtube-statistik,
Zero Balance,Noll Saldo,
Zip File,Zip fil,
description,Beskrivning,
development,utveckling,
"e.g. ""Summer Holiday 2019 Offer 20""",t.ex. &quot;Sommarsemester 2019 Erbjudande 20&quot;,
example: Next Day Shipping,exempel: Nästa dag Leverans,
image,bild,
lft,Lft,
material_request_item,material_request_item,
old_parent,gammalt_mål,
per hour,per timme,
product bundle item row's name in sales order. Also indicates that picked item is to be used for a product bundle,Artikel paket artikel rad namn i försäljning order. Indikerar också att plockad artikel ska användas för artikel paket,
production,produktion,
quotation_item,Försäljning Offert Artikel,
rgt,RGT,
sandbox,sandlåda,
title,titel,
unique e.g. SAVE20  To be used to get discount,unik t.ex. SAVE20 Används för att få rabatt,
