 Is Child Table,Alt Tablo,
%  Delivered,Teslimat Oranı,
% Amount Billed,Faturalandırma Oranı,
% Billed,% Faturalandı,
% Complete Method,% Tamamlama Yöntemi,
% Completed,% Tamamlandı,
% Installed,% Montajlanan,
% Ordered,% Sipariş verildi,
% Picked,% Hazır,
% Process Loss,% İşletme Zararı,
% Progress,İlerleme % Yüzdesi,
% Received,% Alındı,
% Returned,İade Oranı,
% of materials billed against this Sales Order,% malzemenin faturası bu Satış Emri karşılığında oluşturuldu,
% of materials delivered against this Sales Order,% malzeme bu satış emri karşılığında teslim edildi,
(Hour Rate / 60) * Actual Operation Time,(Saat Hızı / 60) * Gerçek Operasyon Süresi,
(including),(dahildir),
* Will be calculated in the transaction.,* İşlemde hesaplanacaktır.,
1 Loyalty Points = How much base currency?,1 Sadakat Puanı = Ne kadar para birimi?,
1 hr,1 saat,
2 Yearly,2 Yıllık,
3 Yearly,3 Yıllık,
30 mins,30 dakika,
6 hrs,6 saat,
"<br>
<h4>Note</h4>
<ul>
<li>
You can use <a href=""https://jinja.palletsprojects.com/en/2.11.x/"" target=""_blank"">Jinja tags</a> in <b>Subject</b> and <b>Body</b> fields for dynamic values.
</li><li>
    All fields in this doctype are available under the <b>doc</b> object and all fields for the customer to whom the mail will go to is available under the  <b>customer</b> object.
</li></ul>
<h4> Examples</h4>
<!-- {% raw %} -->
<ul>
    <li><b>Subject</b>:<br><br><pre><code>Statement Of Accounts for {{ customer.customer_name }}</code></pre><br></li>
    <li><b>Body</b>: <br><br>
<pre><code>Hello {{ customer.customer_name }},<br>PFA your Statement Of Accounts from {{ doc.from_date }} to {{ doc.to_date }}.</code> </pre></li>
</ul>
<!-- {% endraw %} -->","<br>
<h4>Not</h4>
<ul>
<li>
Dinamik değerler için <b>Konu</b> ve <b>Gövde</b> alanlarında <a href=""https://jinja.palletsprojects.com/en/2.11.x/"" target=""_blank"">Jinja etiketlerini</a> kullanabilirsiniz.
</li><li>
    Bu belge türündeki tüm alanlar <b>belge</b> nesnesi altında ve postanın gideceği müşteriye ait tüm alanlar  <b>müşteri</b> nesnesi altında mevcuttur.
</li></ul>
<h4> Örnekler</h4>
<!-- {% raw %} -->
<ul>
    <li><b>Konu</b>:<br><br><pre><code>Hesap Özeti {{ customer.customer_name }}</code></pre><br></li>
    <li><b>Gövde</b>: <br><br>
<pre><code>Merhaba {{ customer.customer_name }},<br>Hesap Özetinizi {{ doc.from_date }} 'den {{ doc.to_date }}'e kadar PFA yapın.</code> </pre></li>
</ul>
<!-- {% endraw %} -->",
"<div class=""columnHeading"">Other Details</div>","<div class=""columnHeading"">Diğer Detaylar</div>",
"<div class=""text-muted text-center"">No Matching Bank Transactions Found</div>","<div class=""text-muted text-center"">Eşleşen Banka İşlemi Bulunamadı</div>",
"<div>
<h3> All dimensions in centimeter only </h3>
</div>","<div>
<h3> Tüm boyutlar sadece santimetre cinsindendir </h3>
</div>",
"<h3>About Product Bundle</h3>

<p>Aggregate group of <b>Items</b> into another <b>Item</b>. This is useful if you are bundling a certain <b>Items</b> into a package and you maintain stock of the packed <b>Items</b> and not the aggregate <b>Item</b>.</p>
<p>The package <b>Item</b> will have <code>Is Stock Item</code> as <b>No</b> and <code>Is Sales Item</code> as <b>Yes</b>.</p>
<h4>Example:</h4>
<p>If you are selling Laptops and Backpacks separately and have a special price if the customer buys both, then the Laptop + Backpack will be a new Product Bundle Item.</p>","<h3>Ürün Paketi Hakkında</h3>

<p>Bir grup <b>Ürünü</b> başka bir Üründe toplar. Bu, belirli <b>Ürünleri</b> bir pakette topluyorsanız ve toplu <b>Ürünün</b> değil paketlenmiş <b>Ürünlerin</b> stokunu tutuyorsanız kullanışlıdır.</p>
<p>Paket <b>Ürünü</b> <code>Stok</code> Ürünü mü <b>Hayır</b> ve <code>Satış</code> Ürünü mü <b>Evet</b> olarak ayarlanacaktır.</p>
<h4>Örnek:</h4>
<p>Dizüstü Bilgisayarları ve Sırt Çantalarını ayrı ayrı satıyorsanız ve müşteri her ikisini de satın alırsa özel bir fiyatınız varsa, Dizüstü Bilgisayar + Sırt Çantası yeni bir Ürün Paketinin Ürünü olacaktır.</p>",
"<h3>Currency Exchange Settings Help</h3>
<p>There are 3 variables that could be used within the endpoint, result key and in values of the parameter.</p>
<p>Exchange rate between {from_currency} and {to_currency} on {transaction_date} is fetched by the API.</p>
<p>Example: If your endpoint is exchange.com/2021-08-01, then, you will have to input exchange.com/{transaction_date}</p>","<h3>Döviz Kuru Ayarları Yardımı</h3>
<p>Son nokta, sonuç anahtarı ve parametre değerlerinde kullanılabilecek 3 değişken vardır.</p>
<p> {transaction_date} tarihinde {from_currency} ile {to_currency} arasındaki döviz kuru API tarafından alınır.</p>
<p>Örnek: Son noktanız exchange.com/2024-08-01 ise, exchange.com/{transaction_date}</p>girmeniz gerekecektir.",
"<h4>Body Text and Closing Text Example</h4>

<div>We have noticed that you have not yet paid invoice {{sales_invoice}} for {{frappe.db.get_value(""Currency"", currency, ""symbol"")}} {{outstanding_amount}}. This is a friendly reminder that the invoice was due on {{due_date}}. Please pay the amount due immediately to avoid any further dunning cost.</div>

<h4>How to get fieldnames</h4>

<p>The fieldnames you can use in your template are the fields in the document. You can find out the fields of any documents via Setup &gt; Customize Form View and selecting the document type (e.g. Sales Invoice)</p>

<h4>Templating</h4>

<p>Templates are compiled using the Jinja Templating Language. To learn more about Jinja, <a class=""strong"" href=""http://jinja.pocoo.org/docs/dev/templates/"">read this documentation.</a></p>","<h4>Gövde Metni ve Kapanış Metni Örneği</h4>

<div> {{frappe.db.get_value(""Currency"", currency, ""symbol"")}} {{outstanding_amount}}için {{sales_invoice}} faturasını henüz ödemediğinizi fark ettik. Bu, faturanın {{due_date}}tarihinde ödenmesi gerektiğine dair dostane bir hatırlatmadır. Daha fazla ihtar masrafından kaçınmak için lütfen ödenmesi gereken tutarı derhal ödeyin.</div>

<h4>Alan adları nasıl alınır</h4>

<p>Şablonunuzda kullanabileceğiniz alan adları belgede yer alan alanlardır. Herhangi bir belgenin alanlarını Kurulum &gt; Form Görünümünü Özelleştir üzerinden ve belge türünü seçerek öğrenebilirsiniz (örn. Satış Faturası)</p>

<h4>Şablonlama</h4>

<p>Şablonlar Jinja Templating Language kullanılarak derlenir. Jinja hakkında daha fazla bilgi edinmek için <a class=""strong"" href=""http://jinja.pocoo.org/docs/dev/templates/"">bu belgeyi okuyun.</a></p>",
"<h5 class=""text-muted uppercase"">Or</h5>","<h5 class=""text-muted uppercase"">Veya</h5>",
"<label class=""control-label"" style=""margin-bottom: 0px;"">Account Number Settings</label>","<label class=""control-label"" style=""margin-bottom: 0px;"">Hesap Numarası Ayarları</label>",
"<label class=""control-label"" style=""margin-bottom: 0px;"">Amount In Words</label>","<label class=""control-label"" style=""margin-bottom: 0px;"">Kelime Cinsinden Miktar</label>",
"<label class=""control-label"" style=""margin-bottom: 0px;"">Date Settings</label>","<label class=""control-label"" style=""margin-bottom: 0px;"">Tarih Ayarları</label>",
"<p>In your <b>Email Template</b>, you can use the following special variables:
</p>
<ul>
        <li>
            <code>{{ update_password_link }}</code>: A link where your supplier can set a new password to log into your portal.
        </li>
        <li>
            <code>{{ portal_link }}</code>: A link to this RFQ in your supplier portal.
        </li>
        <li>
            <code>{{ supplier_name }}</code>: The company name of your supplier.
        </li>
        <li>
            <code>{{ contact.salutation }} {{ contact.last_name }}</code>: The contact person of your supplier.
        </li><li>
            <code>{{ user_fullname }}</code>: Your full name.
        </li>
    </ul>
<p></p>
<p>Apart from these, you can access all values in this RFQ, like <code>{{ message_for_supplier }}</code> or <code>{{ terms }}</code>.</p>","<p><b>E-posta Şablonunuzda</b>, aşağıdaki özel değişkenleri kullanabilirsiniz:
</p>
<ul>
        <li>
            <code>{{ update_password_link }}</code>: Tedarikçinizin portalınıza giriş yapmak için yeni bir şifre belirleyebileceği bir bağlantı.
        </li>
        <li>
            <code>{{ portal_link }}</code>: Tedarikçi portalınızda bu Fiyat Teklifi Talebine yönlendiren bir bağlantı.
        </li>
        <li>
            <code>{{ supplier_name }}</code>: Tedarikçinizin şirket adı.
        </li>
        <li>
            <code>{{ contact.salutation }} {{ contact.last_name }}</code>: Tedarikçinizin iletişim kişisi.
        </li><li>
            <code>{{ user_fullname }}</code>: Tam adınız.
        </li>
    </ul>
<p></p>
<p>Bunların dışında, bu Fiyat Teklifi Talebindeki tüm değerlere, <code>{{ message_for_supplier }}</code> veya <code>{{ terms }}</code> gibi, erişebilirsiniz.</p>",
"<pre><h5>Message Example</h5>

&lt;p&gt; Thank You for being a part of {{ doc.company }}! We hope you are enjoying the service.&lt;/p&gt;

&lt;p&gt; Please find enclosed the E Bill statement. The outstanding amount is {{ doc.grand_total }}.&lt;/p&gt;

&lt;p&gt; We don't want you to be spending time running around in order to pay for your Bill.<br>After all, life is beautiful and the time you have in hand should be spent to enjoy it!<br>So here are our little ways to help you get more time for life! &lt;/p&gt;

&lt;a href=""{{ payment_url }}""&gt; click here to pay &lt;/a&gt;

</pre>
","<pre><h5>Mesaj Örneği</h5>

&lt;p&gt; {{ doc.company }}'in bir parçası olduğunuz için teşekkür ederiz! Hizmetten keyif aldığınızı umuyoruz.&lt;/p&gt;

&lt;p&gt; E-Fatura ekstresini ekte bulabilirsiniz. Ödenmemiş tutar {{ doc.grand_total }}'dir.&lt;/p&gt;

&lt;p&gt; Faturanızı ödemek için oradan oraya koşturarak zaman harcamanızı istemiyoruz.<br>Sonuçta, hayat güzeldir ve elinizdeki zamanı tadını çıkarmak için harcamalısınız!<br>İşte hayatınıza daha fazla zaman ayırmanıza yardımcı olacak küçük yollarımız! &lt;/p&gt;

&lt;a href=""{{ payment_url }}""&gt; ödeme yapmak için tıklayın &lt;/a&gt;

</pre>",
"<pre><h5>Message Example</h5>

&lt;p&gt;Dear {{ doc.contact_person }},&lt;/p&gt;

&lt;p&gt;Requesting payment for {{ doc.doctype }}, {{ doc.name }} for {{ doc.grand_total }}.&lt;/p&gt;

&lt;a href=""{{ payment_url }}""&gt; click here to pay &lt;/a&gt;

</pre>
","<pre><h5>Mesaj Örneği</h5>

&lt;p&gt;Sevgili {{ doc.contact_person }},&lt;/p&gt;

&lt;p&gt; {{ doc.doctype }}, {{ doc.name }} için {{ doc.grand_total }}için ödeme talep ediyoruz.&lt;/p&gt;

&lt;a href=""{{ payment_url }}""&gt; ödemek için buraya tıklayın &lt;/a&gt;

</pre>",
"A Price List is a collection of Item Prices either Selling, Buying, or both","Fiyat Listesi, Satılan, Alınan veya Her İkisi de Olan Ürün Fiyatlarının bir koleksiyonudur",
"A Product or a Service that is bought, sold or kept in stock.","Bir Ürün veya satın alınan, satılan veya stokta verileri bir hizmet.",
A condition for a Shipping Rule,Sevkiyat Kuralı için şart,
A customer must have primary contact email.,Müşterinin birincil iletişim e-postasına sahip olması gerekir.,
A logical Warehouse against which stock entries are made.,Stok girişleri Depoya karşı yapıldı,
A third party distributor / dealer / commission agent / affiliate / reseller who sells the companies products for a commission.,Bir komisyon için kuruluşlar birimleri şeytan bir üçüncü taraf sağlayıcı / bayi / komisyon ajan / ortaklık / bayi.,
A+,A+,
A-,A-,
A4,A4,
AB+,AB+,
AB-,AB-,
ACC-AML-.YYYY.-,ACC-AML-.YYYY.-,
ACC-ASR-.YYYY.-,ACC-ASR-.YYYY.-,
ACC-ASS-.YYYY.-,ACC-ASS-.YYYY.-,
ACC-BTN-.YYYY.-,ACC-BTN-.YYYY.-,
ACC-JV-.YYYY.-,ACC-JV-.YYYY.-,
ACC-PAY-.YYYY.-,ACC-PAY-.YYYY.-,
ACC-PINV-.YYYY.-,ACC-PINV-.YYYY.-,
ACC-PINV-RET-.YYYY.-,ACC-PINV-RET-.YYYY.-,
ACC-PRQ-.YYYY.-,ACC-PRQ-.YYYY.-,
ACC-PSINV-.YYYY.-,ACC-PSTERS-.YYYY.-,
ACC-SH-.YYYY.-,ACC-SH-.YYYY.-,
ACC-SINV-.YYYY.-,ACC-SINV-.YYYY.-,
ACC-SINV-RET-.YYYY.-,ACC-SINV-RET-.YYYY.-,
AMC Expiry Date,AMC Bitiş Tarihi,
API,API,
API Details,API Ayrıntıları,
API Endpoint,API Endpoint,
API Key,API Key,
AWB Number,AWB Numarası,
Abbr,Kısaltma,
Abbreviation,Kısaltma,
About,Hakkında,
Academics User,Akademi Kullanıcısı,
Acceptance Criteria Formula,Kabul Kriterleri Formülü,
Acceptance Criteria Value,Kabul Kriterleri Değeri,
Accepted,Kabül Edildi,
Accepted Qty,Kabul edilen Miktar,
Accepted Qty in Stock UOM,Stok Biriminde Kabul edilen Miktar,
Accepted Quantity,Kabul edilen Miktar,
Accepted Warehouse,Kabul edilen Depo,
Access Key,Erişim Anahtarı,
Account,Hesap,
Account Balance,Hesap Bakiyesi,
Account Balance (From),Borç Hesabı,
Account Balance (To),Alacak Hesabı,
Account Closing Balance,Hesap Kapanış Bakiyesi,
Account Currency,Hesabın Döviz Cinsi,
Account Currency (From),Hesap Para Birimi (Borç),
Account Currency (To),Hesap Para Birimi (Alacak),
Account Details,Hesap Detayları,
Account Head,Hesap Başlığı,
Account Manager,Muhasebe Yöneticisi,
Account Name,Hesap Adı,
Account Number,Hesap Numarası,
Account Opening Balance,Hesap Açılış Bakiyesi,
Account Paid From,Ödeme Çıkış Hesabı,
Account Paid To,Ödeme Giriş Hesabı,
Account Subtype,Hesap Alt Türü,
Account Type,Hesap Türü,
Account for Change Amount,Değişim Miktarı Hesabı,
Accounting,Muhasebe,
Accounting Details,Muhasebe Detayları,
Accounting Dimension,Muhasebe Boyutu,
Accounting Dimension Detail,Muhasebe Boyut Detayı,
Accounting Dimension Filter,Muhasebe Boyutu Filtresi,
Accounting Dimensions,Muhasebe Boyutları,
Accounting Dimensions ,Muhasebe Boyutları,
Accounting Dimensions Filter,Muhasebe Boyutları Filtresi,
Accounting Entries,Muhasebe Kayıtları,
Accounting Period,Muhasebe Dönemi,
Accounting entries are frozen up to this date. Nobody can create or modify entries except users with the role specified below,Muhasebe girişleri bu tarihe kadar dondurulmuştur. Aşağıda belirtilen role sahip kullanıcılar dışında hiç kimse giremez oluşturamaz veya değiştiremez,
Accounts,Hesaplar,
Accounts Closing,Hesap Kapanışı,
Accounts Frozen Till Date,Hesaplar Bugüne Kadar Donduruldu,
Accounts Manager,Hesap Yöneticisi,
Accounts Payable,Borç Hesabı,
Accounts Payable Summary,Borç Hesabı Özeti,
Accounts Receivable,Alacak Hesabı,
Accounts Receivable Credit Account,Alacak Alacak Hesabı,
Accounts Receivable Discounted Account,Alacak Hesapları,
Accounts Receivable Summary,Alacak Hesabı Özeti,
Accounts Receivable Unpaid Account,Alacaksız Alacak Hesabı,
Accounts Receivable/Payable,Alacak/Borç Hesapları,
Accounts Settings,Hesap Ayarları,
Accounts User,Muhasebe Kullanıcısı,
Accounts to Merge,Birleştirilecek Hesaplar,
Accumulated Depreciation,Birikmiş Amortisman,
Accumulated Depreciation Account,Birikmiş Amortisman Hesabı,
Accumulated Depreciation Amount,Birikmiş Amortisman Tutarı,
Acquisition Date,Alım Tarihi,
Action,İşlem,
Action If Quality Inspection Is Not Submitted,Kalite Denetimi Gönderilmezse Yapılacak İşlem,
Action If Quality Inspection Is Rejected,Kalite Muayenesi Reddedilirse Yapılacak İşlem,
Action If Same Rate is Not Maintained,Aynı Oran Sağlanmazsa Yapılacak İşlem,
Action if Accumulated Monthly Budget Exceeded on Actual,"Gerçekleşen, Aylık Bütçeyi Aşdıysa İşlemleri",
Action if Accumulated Monthly Budget Exceeded on MR,MR Üzerinde Aylık Bütçe Aşıldıysa İşlemleri,
Action if Accumulated Monthly Budget Exceeded on PO,Birikmiş Aylık Bütçe Bütçesi Aşıldıysa Eylem,
Action if Annual Budget Exceeded on Actual,Yıllık Bütçe Gerçekleşen Durumunda Aşıldıysa Eylem,
Action if Annual Budget Exceeded on MR,MR Üzerinde Yıllık Bütçe Aşıldıysa Eylem,
Action if Annual Budget Exceeded on PO,Yıllık Bütçe Bütçesi Aşıldıysa Eylem,
Action if Same Rate is Not Maintained Throughout Sales Cycle,Satış Döngüsü Boyunca Aynı Oran Korunmazsa Yapılacak İşlem,
Actions,İşlemler,
Actions performed,Yapılan eylemler,
Active,Aktif,
Active Status,Aktif Durum,
Activities,Faaliyetler,
Activity,Aktivite,
Activity Cost,Faaliyet Maliyeti,
Activity Type,Faaliyet Türü,
Actual,Gerçek,
Actual Batch Quantity,Gerçek Parti Miktarı,
Actual Date,Gerçek Tarih,
Actual End Date,Fiili Bitiş Tarihi,
Actual End Date (via Timesheet),Gerçek bitiş tarihi (Zaman Tablosu'ndan),
Actual End Time,Gerçek Bitiş Zamanı,
Actual Operating Cost,Fiili Operasyon Maliyeti,
Actual Operation Time,Gerçek Operasyon Süresi,
Actual Qty,Fiili Miktar,
Actual Qty (at source/target),Fiili Miktar (kaynak / hedef),
Actual Qty in Warehouse,Depodaki Gerçek Miktar,
Actual Start Date,Fiili Başlangıç Tarihi,
Actual Start Date (via Timesheet),Gerçek başlangış tarihi (Zaman Tablosu'ndan),
Actual Start Time,Gerçek Başlangıç Zamanı,
Actual Time,Fiili Süre,
Actual Time and Cost,Gerçek Süre ve Maliyet,
Actual Time in Hours (via Timesheet),Gerçek Zaman (Saat olarak),
Add,Ekle,
Add Corrective Operation Cost in Finished Good Valuation,Mamul Değerlemede Düzeltici Operasyon Maliyetini Ekleyin,
Add Local Holidays,Yerel Tatilleri Ekle,
Add Manually,Manuel Olarak Ekle,
Add Or Deduct,Ekle veya Çıkar,
Add Quote,Teklif Ekle,
Add Serial / Batch Bundle,Seri / Toplu Paket Ekle,
Add Serial / Batch No,Seri / Parti No Ekle,
Add Serial / Batch No (Rejected Qty),Seri / Parti No Ekle (Reddedilen Miktar),
Add Template,Şablon Ekle,
Add Weekly Holidays,Haftalık Tatilleri Ekle,
Add or Deduct,Ekle veya Çıkar,
Add to Holidays,Tatillere Ekle,
Add to Transit,Transit Ekle,
Added By,Ekleyen,
Added On,Eklenme Tarihi,
Additional Asset Cost,Ek Varlık Maliyeti,
Additional Cost,Ek Maliyet,
Additional Cost Per Qty,Adet Başına Ek Maliyet,
Additional Costs,Ek Maliyetler,
Additional Data,Ek Veriler,
Additional Details,Ek Detaylar,
Additional Discount,Ek İndirim,
Additional Discount Amount,Ek İndirim Tutarı,
Additional Discount Amount (Company Currency),Ek İndirim Tutarı (Şirket Para Birimi),
Additional Discount Percentage,Ek İndirim Yüzdesi,
Additional Info,Ek Bilgi,
Additional Information,Ek Bilgi,
Additional Notes,Ek Notlar,
Additional Operating Cost,Ek Operasyon Maliyeti,
Additional information regarding the customer.,Müşteri ile ilgili ek bilgi.,
Address,Adres,
Address & Contact,Adres ve İrtibat,
Address & Contacts,Adresler ve Kontaklar,
Address Desc,Azalan Adres,
Address HTML,Adres HTML'si,
Address Line 1,Adres Satırı 1,
Address Line 2,Adres Satırı 2,
Address Name,Adres Adı,
Address and Contact,Adresler ve Kontaklar,
Address and Contacts,Adres ve Kişiler,
Address used to determine Tax Category in transactions,İşlemlerde Kategori Vergisini belirlemek için kullanılan adres,
Administrator,Yönetici,
Advance Account,Peşin Hesap,
Advance Amount,Avans Tutarı,
Advance Paid,Ödenen Avans,
Advance Payment Date,Peşinat Ödeme Tarihi,
Advance Payment Ledger Entry,Peşin Ödeme Muhasebe Kaydı,
Advance Payments,Avans Ödemeleri,
Advance Tax,Peşin Vergi,
Advance Taxes and Charges,Peşin Ödenen Vergi ve Harçlar,
Advance amount,Avans Tutarı,
Advance payments allocated against orders will only be fetched,Sadece siparişlere karşılık gelen avans ödemeleri alınacaktır.,
Advanced Settings,Gelişmiş Ayarlar,
Advances,Avanslar,
Affected Transactions,Etkilenen İşlemler,
Against,Karşı,
Against Account,Hesap Karşılığı,
Against Blanket Order,Açık Siparişe Karşı,
Against Delivery Note Item,Sevk irsaliyesi kalemine karşı,
Against Docname,Belge Adına Karşı,
Against Doctype,Belge Türüne Karşı,
Against Document Detail No,Karşılık Belge Detay No.,
Against Document No,Karşılık Belge No.,
Against Expense Account,Karşılık Gider Hesabı,
Against Income Account,Karşılık Gelir Hesabı,
Against Sales Invoice,Satış Faturası Karşılığı,
Against Sales Invoice Item,Satış Fatura Kalemi karşılığı,
Against Sales Order,Satış Siparişi Karşılığı,
Against Sales Order Item,Satış Sipariş Kalemi karşılığı,
Against Stock Entry,Stok Hareketine karşı,
Against Voucher,Fiş Karşılığı,
Against Voucher No,İlgili Belge No,
Against Voucher Type,Fiş Türü Karşılığı,
Ageing Based On,Yaşlanma Dayanımı,
Agenda,Gündem,
Agent Busy Message,Temsilci Meşgul Mesajı,
Agent Details,Temsilci Detayları,
Agent Group,Temsilci Grubu,
Agent Unavailable Message,Temsilci Müsait Değil Mesajı,
Agents,Temsilciler,
Aggregate a group of Items into another Item. This is useful if you are maintaining the stock of the packed items and not the bundled item,"Bir grup Öğeyi başka bir Öğede birleştirin. Bu, paketlenmiş öğelerin değil, paketlenmiş öğelerin stokunu tutuyorsanız kullanışlıdır.",
Agriculture Manager,Tarım Yöneticisi,
Agriculture User,Tarım Kullanıcısı,
Algorithm,Algoritma,
All,Tümü,
All Activities,Tüm Aktiviteler,
All Activities HTML,Tüm Etkinlikler HTML,
All Contact,Tüm Kişiler,
All Customer Contact,Tüm Müşteri İrtibatları,
All Employee (Active),Tüm Çalışanlar (Aktif),
All Lead (Open),Tüm Müşteri Adayları (Açık),
All Sales Partner Contact,Tüm Satış Ortağı İrtibatları,
All Sales Person,Tüm Satıcılar,
All Sales Transactions can be tagged against multiple Sales Persons so that you can set and monitor targets.,"Tüm Satış İşlemleri birden fazla Satış Elemanına etiketlenebilir, böylece hedefler belirleyebilir ve izleyebilirsiniz.",
All Supplier Contact,Tüm Tedarikçi İrtibatları,
All allocations have been successfully reconciled,Tüm tahsisatların mutabakatı başarıyla sağlandı,
All the Comments and Emails will be copied from one document to another newly created document(Lead -> Opportunity -> Quotation) throughout the CRM documents.,"Tüm Yorumlar ve E-postalar, CRM belgeleri boyunca bir belgeden yeni oluşturulan başka bir belgeye (Aday Müşteri -> Fırsat -> Teklif) kopyalanacaktır.",
Allocate Advances Automatically (FIFO),Avansları Otomatik Olarak Tahsis et (FIFO),
Allocate Payment Based On Payment Terms,Ödeme Vadesine göre Ödeme Tahsisi Yap,
Allocated,Ayrılan,
Allocated Amount,Tahsis Edilen Tutar,
Allocated Entries,Tahsis Edilen Girişler,
Allocated amount,Tahsis edilen Tutar,
Allocation,Tahsis,
Allocations,Tahsisler,
Allow,İzin Ver,
Allow Account Creation Against Child Company,Alt Şirkete Karşı Hesap Oluşturmaya İzin Verin,
Allow Alternative Item,Alternatif Öğeye İzin Ver,
Allow Continuous Material Consumption,Sürekli Malzeme Tüketimi Sağlayın,
Allow Excess Material Transfer,Fazla Malzeme Aktarımına İzin Ver,
Allow In Returns,İadelere İzin Ver,
Allow Internal Transfers at Arm's Length Price,İç Transferlerde Piyasa Fiyatına İzin Ver,
Allow Item To Be Added Multiple Times in a Transaction,Bir İşlemde Öğenin Birden Fazla Kez Eklenmesine İzin Ver,
Allow Item to be Added Multiple Times in a Transaction,Bir İşlemde Öğenin birden çok kez eklenmesine izin ver,
Allow Lead Duplication based on Emails,E-postaya dayalı Aday Çoğaltılmasına İzin ver,
Allow Material Transfer from Delivery Note to Sales Invoice,İrsaliyeden Satış Faturasına Malzeme Transferine İzin Ver,
Allow Material Transfer from Purchase Receipt to Purchase Invoice,İrsaliyeden Satınalma Faturasına Malzeme Transferine İzin Ver,
Allow Multiple Sales Orders Against a Customer's Purchase Order,Müşterinin Satınalma Siparişine karşın birden fazla Satış Siparişine izin ver,
Allow Negative Stock,Negatif Stoğa İzin ver,
Allow Negative rates for Items,Öğeler için Negatif oranlara izin ver,
Allow Or Restrict Dimension,Boyuta İzin Ver veya Sınırla,
Allow Overtime,Fazla Mesaiye izin ver,
Allow Partial Reservation,Kısmi Rezervasyona İzin Ver,
Allow Production on Holidays,Tatilde Üretime izin ver,
Allow Purchase,Satınalmaya izin ver,
Allow Purchase Invoice Creation Without Purchase Order,Satınalma Siparişi olmadan Satınalma Faturası Oluşturmaya İzin Ver,
Allow Purchase Invoice Creation Without Purchase Receipt,Satınalma İrsaliye olmadan Satınalma Faturası Oluşturmaya İzin Ver,
Allow Rename Attribute Value,Öznitelik Değerini Yeniden Adlandırmaya İzin Ver,
Allow Resetting Service Level Agreement,Servis Seviyesi Sözleşmesinin Sıfırlanmasına İzin Ver,
Allow Sales,Satışa izin ver,
Allow Sales Invoice Creation Without Delivery Note,İrsaliye olmadan Satış Faturası Oluşturmaya İzin ver,
Allow Sales Invoice Creation Without Sales Order,Satış Siparişi olmadan Satış Faturası Oluşturmaya İzin ver,
Allow Sales Order Creation For Expired Quotation,Süresi Dolmuş Teklif İçin Müşteri Siparişi Oluşturulmasına İzin Ver,
Allow Stale Exchange Rates,Eski Döviz Kurlarına İzin Ver,
Allow User to Edit Discount,Kullanıcının İndirimi Düzenlemesine İzin Verin,
Allow User to Edit Price List Rate in Transactions,Kullanıcının İşlemlerde Fiyat Listesi Oranını Düzenlemesine İzin Ver,
Allow User to Edit Rate,Kullanıcının Fiyatı Düzenlemesine İzin Verin,
Allow Zero Rate,Sıfır Değerlemeye İzin Ver,
Allow Zero Valuation Rate,Sıfır Değerleme Oranına İzin ver,
Allow existing Serial No to be Manufactured/Received again,Mevcut Seri Numarasının Tekrar Üretilmesine/Alınmasına İzin Ver,
Allow material consumptions without immediately manufacturing finished goods against a Work Order,Bir İş Emrine göre bitmiş ürünleri hemen üretmeden malzeme tüketimine izin verin,
Allow multi-currency invoices against single party account ,Tek Cari hesabına karşı çoklu para birimindeki faturalara izin ver,
Allow to Edit Stock UOM Qty for Purchase Documents,Satın Alma için Stok Birimi Adetini Düzenlemeye İzin Ver,
Allow to Edit Stock UOM Qty for Sales Documents,Satış Belgelerinde Stok Birimi Miktarını Düzenlemeye İzin Ver,
Allow transferring raw materials even after the Required Quantity is fulfilled,Gerekli Miktar yerine getirildikten sonra bile hammadde transferine izin ver,
Allowed,İzin Verilen,
Allowed Dimension,İzin Verilen Boyut,
Allowed Doctypes,İzin Verilen DocType'lar,
Allowed To Transact With,İle İşlem Yapmaya İzin Verildi,
Allows to keep aside a specific quantity of inventory for a particular order.,Belirli bir sipariş için envanterden belirli bir miktarı ayırmaya olanak tanır.,
Alternative Item Code,Alternatif Ürün Kodu,
Alternative Item Name,Alternatif öğe adı,
Amended From,Şu tarihten itibaren değiştirildi:,
Amount,Miktar,
Amount (Company Currency),Tutar (Şirket Para Birimi),
Amount Difference,Tutar Farkı,
Amount Eligible for Commission,Komisyona Uygun Tutar,
Amount In Figure,Miktar (Şekil),
Amount in Account Currency,Hesap Para Birimindeki Tutar,
Amount in party's bank account currency,Tarafın banka hesabındaki tutar para birimi,
Amount in transaction currency,İşlem para birimi cinsinden tutar,
Amounts,Tutarlar,
An Item Group is a way to classify items based on types.,"Ürün Grubu, Ürünleri türlerine göre sınıflandırmanın bir yoludur.",
Annual Expenses,Yıllık Gider,
Annual Income,Yıllık Gelir,
Annual Revenue,Yıllık Gelir,
Applicable Charges,Uygulanabilir Ücretler,
Applicable Dimension,Uygulanabilir Boyut,
Applicable For,Uygulanabilirlik,
Applicable Holiday List,Uygulanabilir Tatil Listesi,
Applicable Modules,Uygulanabilir Modüller,
Applicable On Account,Hesap Üzerinden Uygulanabilir,
Applicable To (Designation),(Göreve) Uygulanabilir,
Applicable To (Employee),(Personele) Uygulanabilir,
Applicable To (Role),(Role) Uygulanabilir,
Applicable To (User),(Kullanıcıya) Uygulanabilir,
Applicable for Countries,Geçerli olduğu Ülkeler,
Applicable for Users,Kullanıcılar için geçerlidir,
Applicable for external driver,Harici sürücü için geçerli,
Applicable on Material Request,Malzeme Talebi Uygulanabilir,
Applicable on Purchase Order,Satınalma Siparişinde Geçerlilik,
Applicable on booking actual expenses,Fiili masraflar için geçerlidir,
Applied on each reading.,Her okumaya uygulanır.,
Applies To,Uygulanan,
Apply Additional Discount On,Ek İndirim Uygulama Modu,
Apply Discount On,İndirim buna göre Uygula,
Apply Discount on Discounted Rate,İndirimli Fiyata İndirim Uygulayın,
Apply Discount on Rate,Fiyatına İndirim Uygula,
Apply Multiple Pricing Rules,Birden Çok Fiyatlandırma Kuralı Uygula,
Apply On,Buna Uygula,
Apply Putaway Rule,Yerleştirme Kuralını Uygula,
Apply Recursion Over (As Per Transaction UOM),Tekrarlamayı Uygula (İşlem Ölçü Birimine Göre),
Apply Rule On Brand,Markaya Kural Uygula,
Apply Rule On Item Code,Ürün Koduna Kural Uygula,
Apply Rule On Item Group,Ürün Grubuna Kural Uygula,
Apply Rule On Other,Kuralı Diğerlerine Uygula,
Apply SLA for Resolution Time,Çözüm Süresi için SLA'yı Uygulayın,
Apply TDS,Vergiyi Dahil Et,
Apply Tax Withholding Amount,Vergi Stopaj Tutarını Uygula,
Apply Tax Withholding Amount ,Vergi Kesintisini Uygula,
Apply restriction on dimension values,Boyut değerlerine kısıtlama uygulayın,
Apply to All Inventory Documents,Tüm Envanter Belgelerine Uygula,
Apply to Document,Belgeye Uygula,
Appointment,Randevu,
Appointment Booking Settings,Randevu Rezervasyon Ayarları,
Appointment Booking Slots,Randevu Rezervasyon Slotları,
Appointment Details,Randevu Detayları,
Appointment Duration (In Minutes),Randevu Süresi (Dakika),
Appointment With,Randevu Bununla İlişkili,
Approving Role (above authorized value),(Yetkili değerin üstünde) Rolü onaylanması,
Approving User  (above authorized value),(Yetkili değerin üstünde) Kullanıcı onaylanması,
Approximately match the description/party name against parties,Açıklama/cari adını carilerle yaklaşık olarak eşleştirin,
Apps,Uygulamalar,
Area,alan,
Area UOM,Alan Birimi,
As per Stock UOM,Stok Birimine göre,
Assembly Items,Montaj Öğeleri,
Asset,Varlık,
Asset Account,Öğe Hesabı,
Asset Activity,Varlık Etkinliği,
Asset Capitalization,Varlık Kapitalizasyonu,
Asset Capitalization Asset Item,Varlık Sermayelendirmesi Varlık Kalemi,
Asset Capitalization Service Item,Varlık Sermayelendirme Hizmet Kalemi,
Asset Capitalization Stock Item,Varlık Sermayesi Stok Kalemi,
Asset Category,Varlık Kategorisi,
Asset Category Account,Varlık Tipi Hesabı,
Asset Category Name,Varlık Kategorisi,
Asset Depreciation Cost Center,Varlık Değer Kaybı Maliyet Merkezi,
Asset Depreciation Details,Varlık Amortisman Detayları,
Asset Depreciation Ledger,Varlık Değer Kaybı Defteri,
Asset Depreciation Schedule,Varlık Amortisman Planı,
Asset Depreciations and Balances,Varlık Değer Kayıpları ve Hesapları,
Asset Details,Varlık Ayrıntıları,
Asset Finance Book,Varlık Mali Defteri,
Asset Location,Varlık Konumu,
Asset Maintenance,Varlık Bakımı,
Asset Maintenance Log,Varlık Bakım Günlüğü,
Asset Maintenance Task,Varlık Bakımı Görevi,
Asset Maintenance Team,Varlık Bakım Ekibi,
Asset Movement,Varlık Hareketi,
Asset Movement Item,Varlık Hareket Kalemi,
Asset Name,Varlık Adı,
Asset Naming Series,Öğe Adlandırma Dizisi,
Asset Owner,Varlık Sahibi,
Asset Owner Company,Varlık Sahibi Firma,
Asset Quantity,Varlık Miktarı,
Asset Received But Not Billed,Varlık Alındı Ancak Faturalandırılmadı,
Asset Repair,Varlık Tamiri,
Asset Repair Consumed Item,Varlık Onarımı Tüketilen Öğe,
Asset Settings,Varlık Ayarları,
Asset Shift Allocation,Varlık Vardiya Ataması,
Asset Shift Factor,Varlık Kaydırma Faktörü,
Asset Status,Varlık Durumu,
Asset Value,Varlık Değeri,
Asset Value Adjustment,Varlık Değer Ayarlaması,
Assets,Varlıklar,
Assign To,Atamak,
Assign to Name,İsme Ata,
Assignment Conditions,Atama Koşulları,
"Attach .csv file with two columns, one for the old name and one for the new name","İki sütun, eski adı diğerinin yeni adının eklenmesi .csv dosyasının birleştirilmesi",
Attach custom Chart of Accounts file,Özel Hesap Planı dosyasını ekleyin,
Attachment,EK,
Attendance & Leaves,Devam ve İzinler,
Attendance Device ID (Biometric/RF tag ID),PDKS Cihaz Kimliği (Biyometrik / RF Tag ID),
Attribute,Nitelik,
Attribute Name,Öznitelik Adı,
Attribute Value,Özellik Değeri,
Auditor,Denetçi,
Authorised By,Yetkilendiren,
Authorization Control,Yetkilendirme Kontrolü,
Authorization Rule,Yetkilendirme Kuralı,
Authorized Value,Yetkilendirilmiş Değer,
Auto Create Assets on Purchase,Satınalmada Varlıkları Otomatik Oluştur,
Auto Create Exchange Rate Revaluation,Döviz Kuru Yeniden Değerlemesini Otomatik Oluştur,
Auto Create Purchase Receipt,Otomatik Satınalma İrsaliyesi Oluştur,
Auto Create Serial and Batch Bundle For Outward,Dışarıya Yönelik Otomatik Seri ve Toplu Paket Oluşturma,
Auto Create Subcontracting Order,Otomatik Taşeron Siparişi Oluştur,
Auto Created,Otomatik Yapılandırıldı,
Auto Created Serial and Batch Bundle,Otomatik Oluşturulan Seri ve Toplu Paket,
Auto Creation of Contact,Kişinin Otomatik Oluşturulması,
Auto Insert Item Price If Missing,Eksikse Ürün Fiyatını Otomatik Ekle,
Auto Material Request,Otomatik Malzeme Talebi,
Auto Name,Otomatik İsim,
Auto Opt In (For all customers),Otomatik Opt In (tüm kullanım için),
Auto Reconcile Payments,Otomatik Ödeme Mutabakatı,
Auto Reconciliation Job Trigger,Otomatik Mutabakat İşlemi Tetikleyicisi,
Auto Repeat,Otomatik Tekrarla,
Auto Repeat Detail,Otomatik Tekrar Detayı,
Auto Reserve Serial and Batch Nos,Seri ve Parti Numaralarını Otomatik Rezerve Et,
Auto Reserve Stock for Sales Order on Purchase,Satın Alma Sırasında Satış Siparişi için Otomatik Stok Ayırma,
Auto close Opportunity Replied after the no. of days mentioned above,Yukarıda belirtilen gün sayısından sonra Yanıtlanan Fırsatı Otomatik Kapat,
Auto match and set the Party in Bank Transactions,Otomatik Cari Eşleştirmeyi Etkinleştir,
Auto re-order,Otomatik Yeniden Sipariş,
Auto write off precision loss while consolidation,Birleştirme Sırasında Hassasiyet Kayıplarını Otomatik Olarak Kapat,
Automatically Add Filtered Item To Cart,Filtrelenmiş Ürünü Sepete Otomatik Olarak Ekle,
Automatically Add Taxes and Charges from Item Tax Template,Öğe Vergisi Şablonundan Otomatik Olarak Vergi ve Masraf Ekleme,
Automatically Create New Batch,Otomatik Olarak Yeni Toplu İş Oluşturma,
Automatically Fetch Payment Terms from Order,Ödeme Vadesini Siparişten Otomatik Getir,
Automatically Process Deferred Accounting Entry,Ertelenmiş Muhasebe Girişini Otomatik Olarak İşle,
Automatically post balancing accounting entry,Dengeleme muhasebe girişini otomatik olarak gönder,
Availability Of Slots,Yuvaların Kullanılabilirliği,
Available Batch Qty at From Warehouse,Depodaki Kullanılabilir Parti Miktarı,
Available Batch Qty at Warehouse,Depodaki Mevcut Parti Miktarı,
Available Batch Report,Mevcut Parti Raporu,
Available Qty,Mevcut Miktar,
Available Qty For Consumption,Tüketim İçin Kullanılabilir Miktar,
Available Qty at Company,Şirketteki Mevcut Miktar,
Available Qty at Source Warehouse,Kaynak Depodaki Mevcut Miktar,
Available Qty at Target Warehouse,Hedef Depodaki Mevcut Miktar,
Available Qty at WIP Warehouse,WIP Ambarında Mevcut Miktar,
Available Qty at Warehouse,Depodaki mevcut miktar,
Available Qty to Reserve,Stok Yapılacak Mevcut Miktar,
Available Quantity,Mevcut Miktar,
Available Stock for Packing Items,Packing Kalemleri İçin Kullanılabilir Stok,
Available-for-use Date,Kullanılabileceği Tarih,
Average Commission Rate,Ortalama Komisyon Oranı,
Average Discount,Ortalama İndirim,
Average Response Time,Ortalama Yanıt Süresi,
Average time taken by the supplier to deliver,Tedarikçinin teslim etmesi için geçen ortalama süre,
Avg Rate,Ortalama Oran,
B+,B+,
B-,B-,
BFS,Genişlik Öncelikli Arama,
BIN Qty,Ürün Ağacı Miktarı,
BOM,Ürün Ağacı,
BOM Comparison Tool,Malzeme Listesi Karşılaştırma Aracı,
BOM Created,Ürün Ağacı Oluşturuldu,
BOM Creator,BOM Oluşturucu,
BOM Creator Item,Ürün Ağacı Oluşturucu Ürünü,
BOM Detail No,BOM Detay yok,
BOM Explorer,BOM Gezgini,
BOM Explosion Item,Ürün Ağacı Patlatılmış Malzemeler,
BOM Info,Ürün Ağacı / BOM Bilgisi,
BOM Item,BOM Ürünü,
BOM No,BOM Numarası,
BOM No. for a Finished Good Item,Biten İyi Ürün için ürün ağacı numarası,
BOM Operation,BOM Operasyonu,
BOM Operations Time,BOM Operasyon Süresi,
BOM Scrap Item,Ürün Ağacı Hurda Kalemi,
BOM Search,Ürün Ağacı Arama,
BOM Stock Calculated,BOM Stoğu Hesaplandı,
BOM Stock Report,Ürün Ağacı Stok Raporu,
BOM Tree,Ürün Ağacı Yapısı,
BOM Update Batch,Ürün Ağacı Toplu Güncelleme,
BOM Update Log,Ürün Ağacı Güncelleme Kayıtları,
BOM Update Tool,BOM Güncelleme Aracı,
BOM Update Tool Log with job status maintained,İş durumunun korunduğu Ürün Ağacı Güncelleme Aracı Günlüğü,
BOM Variance Report,BOM Varyans Raporu,
BOM Website Item,Ürün Ağacı Web Sitesi kalemi,
BOM Website Operation,Ürün Ağacı Web Sitesi Operasyonu,
BOM and Production,Ürün Ağacı ve Üretim,
BOMs Updated,Ürün Ağaçları Güncellendi,
Backflush Raw Materials Based On,Backflush Hammaddeleri Dayalı,
Backflush Raw Materials From Work-in-Progress Warehouse,Devam eden depodaki hammaddelerin geri bilgileri,
Backflush Raw Materials of Subcontract Based On,Taşerona Dayalı Hammadde Maliyetini Şuna göre yap,
Balance In Account Currency,Hesap Döviz Bakiyesi,
Balance In Base Currency,Temel Para Birimi Bakiyesi,
Balance Qty,Bakiye Miktar,
Balance Sheet,Bilanço,
Balance Sheet Summary,Bilanço Özeti,
Balance Stock Value,Stok Değeri Bakiyesi,
Balance must be,Bakiye modu,
Bank,Banka,
Bank / Cash Account,Banka / Kasa Hesabı,
Bank A/C No.,Banka Hesap No.,
Bank Account,Banka Hesabı,
Bank Account Details,Banka Hesap Bilgisi,
Bank Account Info,Banka Hesap Bilgisi,
Bank Account No,Banka Hesap No,
Bank Account Subtype,Banka Hesabı Alt Türü,
Bank Account Type,Banka Hesap Türü,
Bank Balance,Banka Bakiyesi,
Bank Charges,Banka masrafları,
Bank Charges Account,Banka Ücretleri Hesabı,
Bank Clearance,Banka Ödeme,
Bank Clearance Detail,Banka Ödeme Detayı,
Bank Clearance Summary,Banka Gümrükleme Özeti,
Bank Credit Balance,Banka Alacak Bakiyesi,
Bank Details,Banka Detayları,
Bank Entry,Banka Kaydı,
Bank Guarantee,Banka Garantisi,
Bank Guarantee Number,Banka Garanti Numarası,
Bank Guarantee Type,Banka Garanti Türü,
Bank Name,Banka Adı,
Bank Reconciliation Statement,Banka Mutabakat Kaydı,
Bank Reconciliation Tool,Banka Uzlaştırma Aracı,
Bank Statement Import,Banka Hesap Özeti İçe Aktar,
Bank Transaction,banka işlemi,
Bank Transaction Mapping,Banka İşlem Haritalaması,
Bank Transaction Payments,Banka İşlem Ödemeleri,
Bank/Cash Account,Banka / Kasa Hesabı,
Banking,Banka İşlemleri,
Barcode,Barkod,
Barcode Type,Barkod Türü,
Barcodes,Barkodlar,
Base Amount,Birim Tutarı,
Base Amount (Company Currency),Esas Tutar (Şirket Para Birimi),
Base Change Amount (Company Currency),Baz Değişim Miktarı (Şirket Para Birimi),
Base Cost Per Unit,Birim Başına Birim Maliyet,
Base Hour Rate(Company Currency),Baz Saat Hızı (Şirket Para Birimi),
Base Rate,Taban Fiyat,
Base Tax Withholding Net Total,Vergi Stopajı Net Taban Toplamı,
Base Total Billable Amount,Toplam Faturalandırılabilir Tutar,
Base Total Billed Amount,Toplam Fatura Tutarı,
Base Total Costing Amount,Toplam Maliyet Tutarı,
Base URL,Temel URL,
Based On,Buna göre,
Based On Payment Terms,Ödeme Vadesine göre,
Based On Price List,Fiyat Listesine Göre,
Based On Value,Değere Göre,
Basic Amount,Temel Tutar,
Basic Amount (Company Currency),Temel Tutar (Şirket Para Birimi),
Basic Rate (Company Currency),Temel oran (Şirket para birimi),
Basic Rate (as per Stock UOM),Temel Oran (Stok Birimine göre),
Batch,Parti (Batch),
Batch Description,Bölüm Açıklaması,
Batch Details,Batch Ayrıntıları,
Batch ID,Batch ID,
Batch Item Expiry Status,Parti Öğesi Süre Sonu Durumu,
Batch No,Parti No,
Batch No.,Parti No.,
Batch Number Series,Batch/Parti Numarası Serisi,
Batch Quantity,Batch Miktarı,
Batch Size,Parti Boyutu,
Batch UOM,Batch Birimi,
Batch and Serial No,Parti ve Seri No,
Batch-Wise Balance History,Parti bazlı Bakiye Geçmişi,
Before reconciliation,Mutabakat öncesi,
Begin On (Days),Başlama (Gün),
Beginning of the current subscription period,Mevcut abonelik döneminin başlangıcı,
Bill Date,Fatura Tarihi,
Bill No,Fatura No,
Bill for Rejected Quantity in Purchase Invoice,Alış Faturasında Reddedilen Miktar Faturası,
Billed,Faturalanan,
Billed Amount,Faturalanan Tutar,
Billed Amt,Faturalı Tutarı,
Billed Items To Be Received,Alınacak Faturalı Ürünler,
"Billed, Received & Returned","Faturalandı, Teslim Alındı & İade Edildi",
Billing Address,Fatura Adresi,
Billing Address Details,Fatura Adresi Bilgileri,
Billing Address Name,Fatura Adresi Adı,
Billing Amount,Fatura Tutarı,
Billing City,Fatura Şehri,
Billing Country,Fatura Ülkesi,
Billing County,Fatura İlçesi,
Billing Currency,Fatura Para Birimi,
Billing Details,Fatura Detayları,
Billing Email,Fatura E-postası,
Billing Hours,Saatleri Faturalandırma,
Billing Interval,Faturalama Aralığı,
Billing Interval Count,Faturalama Aralığı Sayısı,
Billing Rate,Fatura Oranı,
Billing State,Fatura İlçesi/Eyaleti,
Billing Status,Fatura Durumu,
Billing Zipcode,Fatura Posta kodu,
Bin,Kutu,
Bio / Cover Letter,Biyografi / Kapak Mektubu,
Bisect Accounting Statements,İkiye Bölünmüş Muhasebe Tabloları,
Bisect Nodes,Grupları İkiye Böl,
Bisecting From,Bölme Başlangıcı,
Bisecting To,İkiye Bölme,
Blanket Order,Açık Sipariş,
Blanket Order Allowance (%),Blanket Sipariş Ödeneği (%),
Blanket Order Item,Açık Sipariş Kalemi,
Blanket Order Rate,Açık Sipariş Oranı,
Block Supplier,Tedarikçiyi Engelle,
Blog Subscriber,Blog Abonesi,
Blood Group,Kan Grubu,
Blue,Mavi,
Body,Vücut,
Body Text,gövde metni,
Body and Closing Text Help,Gövde ve Kapanış Metni Yardımı,
Bom No,Ürün Ağacı No,
Book Advance Payments in Separate Party Account,Avans Ödemelerini Ayrı Taraf Hesabında Ayırın,
Book Asset Depreciation Entry Automatically,Varlık Amortisman Kaydını Otomatik olarak Kaydet,
Book Deferred Entries Based On,Defter Ertelenmiş Kayıtları şuna göre,
Book Deferred Entries Via Journal Entry,Yevmiye Kaydıyla Ertelenen Girişleri Ayırtın,
Book Tax Loss on Early Payment Discount,Erken Ödeme İndirimi ile Vergi Kaybını Kaydet,
Booked,Ayrılmış,
Booked Fixed Asset,Rezerve Edilmiş Duran Varlık,
Both,Her ikisi de,
Branch,Şube,
Branch Code,Şube Kodu,
Brand,Marka,
Brand Defaults,Marka Varsayılanları,
Brand Name,Marka Adı,
Breakdown,Arıza,
Budget,Bütçe,
Budget Account,Bütçe Hesabı,
Budget Accounts,Bütçe Hesapları,
Budget Against,Bütçe Karşılığı,
Budget Amount,Bütçe Miktarı,
Budget Detail,Bütçe Detayı,
Budget Variance Report,Bütçe Fark Raporu,
Bulk Transaction Log,Toplu İşlem Günlüğü,
Bulk Transaction Log Detail,Toplu İşlem Günlüğü Detayı,
Bundle Items,Paket Ürünler,
Busy,Meşgul,
Buyer of Goods and Services.,Mal ve Hizmet Alıcı.,
Buying,Satınalma,
Buying & Selling Settings,Alış ve Satış Ayarları,
Buying Settings,Satınalma Ayarları,
Buying and Selling,Alış ve Satış,
Bypass Credit Limit Check at Sales Order,Satış Siparişinde Kredi Limit Kontrolünü Atla,
CC,Bilgi,
CC To,CC için,
COGS By Item Group,Ürün Grubuna Göre Satılan Malın Maliyeti,
CRM,CRM,
CRM Note,CRM Notu,
CRM Settings,CRM Ayarları,
CRM-LEAD-.YYYY.-,CRM-ADAY-.YYYY.-,
CRM-OPP-.YYYY.-,CRM-OPP-.YYYY.-,
CUST-.YYYY.-,MÜŞTERİ-.YYYY.-,
Calculate Based On,Şuna Göre Hesapla,
Calculate Depreciation,Amortisman Hesapla,
Calculate Estimated Arrival Times,Tahmini Varış Sürelerini Hesaplayın,
Calculate Product Bundle Price based on Child Items' Rates,Bundle Ürün Fiyatını Alt Öğelerin Oranlarına Göre Hesapla,
Calculate daily depreciation using total days in depreciation period,Amortisman dönemindeki toplam gün sayısını kullanarak günlük amortismanı hesaplayın,
Calculations,Hesaplamalar,
Calendar Event,Takvim Etkinliği,
Calibration,ayarlamak,
Call Details,Çağrı Ayrıntıları,
Call Duration in seconds,Çağrı Süresi saniye oalrak,
Call Handling Schedule,Çağrı Yönetim Programı,
Call Log,Çağrı Geçmişi,
Call Received By,Çağrı Alındı,
Call Receiving Device,Çağrı Alma Cihazı,
Call Routing,Çağrı Yönlendirme,
Call Summary,Çağrı Özeti,
Call Type,Çağrı Türü,
Campaign,Kampanya,
Campaign Efficiency,Kampanya Verimliliği,
Campaign Email Schedule,Kampanya E-posta Programı,
Campaign Item,Kampanya Ürünü,
Campaign Name,Kampanya Adı,
Campaign Naming By,Adlandırma Şekli,
Campaign Schedules,Kampanya Takvimleri,
Cancel At End Of Period,Dönem Sonunda İptal,
Cancel Subscription After Grace Period,Ek Süreden Sonra Aboneliği İptal Et,
Cancelation Date,İptal Tarihi,
Canceled,İptal edildi,
Cancelled,İptal edildi,
Canonical URI,Benzersiz URL,
Capacity,Kapasite,
Capacity Planning,Kapasite Planlama,
Capacity Planning For (Days),Kapasite Planlama (Gün),
Capacity in Stock UOM,Stok Birimindeki Kapasite,
Capital Work In Progress Account,Sermaye Yarı Mamül Hesabı,
Capital Work in Progress,Sermaye Yarı Mamul,
Capitalization Method,Sermaye Yöntemi,
Capitalize Repair Cost,Onarım Maliyetini Aktifleştir,
Capitalized,Sermayeleştirildi,
Cards,Kartlar,
Carrier,Taşıyıcı,
Carrier Service,Taşıma Hizmeti,
Carry Forward Communication and Comments,İletişimi ve Yorumları Devret,
Cash,Nakit,
Cash Entry,Kasa Kaydı,
Cash Flow,Nakit Akışı,
Cash/Bank Account,Kasa / Banka Hesabı,
Cashier,Kasiyer,
Cashier Closing,Kasiyer Kapanışı,
Cashier Closing Payments,Kasiyer Ödemeleri Kapatma,
Catch All,Tümünü Yakala,
Category,Kategori,
Category Details,Kategori Detayları,
Category Name,Kategori Adı,
Cellphone Number,Cep Telefonu Numarası,
Certificate,Sertifika,
Certificate Details,Sertifika Ayrıntıları,
Certificate Limit,Sertifika Limiti,
Certificate No,sertifika numarası,
Certificate Required,Sertifika Gerekli,
Change Amount,Değişim Tutarı,
Change in Stock Value,Stok Değerindeki Değişim,
Change this date manually to setup the next synchronization start date,BBir sonraki senkronizasyon başlangıç tarihini ayarlamak için bu tarihi manuel olarak değiştirin.,
Changes,Değişiklikler,
Channel Partner,Kanal Ortağı,
Chargeable,ücretli,
Charges Incurred,Yapılan Ücretler,
Chart Of Accounts,Hesap Planı,
Chart Of Accounts Template,Hesap Planı Şablonu,
Chart Preview,Grafik Önizlemesi,
Chart Tree,Grafik Ağacı,
Chart of Accounts,Hesap Planı,
Chart of Accounts Importer,Hesap Planı İçe Aktarıcı,
Chassis No,Şasi No,
Chat,Sohbet,
Check Supplier Invoice Number Uniqueness,Tedarikçi Fatura Numarasının Benzersizliğini Kontrol et,
Check if Asset requires Preventive Maintenance or Calibration,Varlık Önleyici Bakım veya Kalibrasyon gerektirir kontrol edin,
Check if it is a hydroponic unit,Hidroponik bir ünite olup olmadığını kontrol edin,
Check if material transfer entry is not required,Malzeme transfer girişinin gerekli olup olmadığını kontrol et,
Check in (group),Check-in (grup),
Check this to disallow fractions. (for Nos),Kesirlere izin vermemek için bunu işaretleyin. (Nos için),
Checked On,Kontrol Edildi,
Checking this will round off the tax amount to the nearest integer,Bu işaretlendiğinde vergi tutarı en yakın tam sayıya yuvarlanır,
Cheque,Kontrol etmek,
Cheque Date,Çek Tarih,
Cheque Height,Çek Yükseklik,
Cheque Number,Çek Numarası,
Cheque Print Template,Çek Baskı Şablonu,
Cheque Size,Çek Boyut,
Cheque Width,Çek Genişliği,
Cheque/Reference Date,Çek / Referans Tarihi,
Cheque/Reference No,Çek/Referans No,
Cheques and Deposits Incorrectly cleared,Çekler ve Mevduatlar Hatalı Şekilde Temizlenmiş,
Child Docname,Alt Dokuman Adı,
Child Row Reference,Alt Satır Referansı,
Choose a WIP composite asset,Bir Yarı Mamul Bileşik Varlık Seçin,
City,Şehir,
Class / Percentage,Sınıf / Yüzde,
Classification of Customers by region,Bölgelere göre Müşteriler yerleşimi,
Clauses and Conditions,Şartlar ve Koşullar,
Clear Notifications,Bildirimleri Temizle,
Clear Table,Tabloyu Temizle,
Clearance Date,Gümrükleme Tarihi,
Click on Import Invoices button once the zip file has been attached to the document. Any errors related to processing will be shown in the Error Log.,Zip dosyası belgeye eklendikten sonra Faturaları İçe Aktar düğmesine tıklayın. İşlemeyle ilgili tüm hatalar Hata Günlüğünde gösterilir.,
Client,Müşteri,
Close Issue After Days,Sorunu Kapat (gün sonra),
Close Replied Opportunity After Days,Yanıtlanan Fırsatı Kapat (gün sonra),
Closed,Kapalı,
Closed Document,Kapalı Belge,
Closed Documents,Kapalı Belgeler,
Closing,Kapanış,
Closing Account Head,Kapanış Hesap Başkanı,
Closing Amount,Kapanış Tutarı,
Closing Balance,Kapanış Bakiyesi,
Closing Date,Kapanış Tarihi,
Closing Text,Kapanış Metni,
Code,Kod,
Code List,Kod Listesi,
Collect Progress,İlerlemeyi Topla,
Collection Factor (=1 LP),Toplama Faktörü (= 1 LP),
Collection Rules,Koleksiyon Kuralları,
Collection Tier,Koleksiyon Katmanı,
Color,Renk,
Column in Bank File,Banka Dosyasındaki Sütün,
Comments,Yorumlar,
Commission,Komisyon,
Commission Rate,Komisyon Oranı,
Commission Rate (%),Komisyon Oranı (%),
Common Code,Ortak Kod,
Communication,İletişim,
Communication Channel,İletişim Türü,
Communication Medium,Haberleşme Orta,
Communication Medium Timeslot,İletişim Orta Zaman Çizelgesi,
Communication Medium Type,İletişim Orta İpucu,
Companies,Şirketler,
Company,Şirket,
Company Account,Şirket Hesabı,
Company Address,Şirket Adresi,
Company Address Display,Şirket Adres Gösterimi,
Company Address Name,Şirket Adresi Adı,
Company Bank Account,Şirket Banka Hesabı,
Company Billing Address,Şirket Fatura Adresi,
Company Contact Person,Şirket İrtibat Kişisi,
Company Description,Şirket Tanımı,
Company Description for website homepage,web tasarımı ana Firma Açıklaması,
Company Details,Şirket Detayları,
Company Email,Şirket e-posta,
Company Logo,Şirket Logosu,
Company Name,Şirket Adı,
Company Shipping Address,Şirket Sevkiyat Adresi,
Company Tagline for website homepage,web tasarımı ana Şirket Sloganı,
Company Tax ID,Şirket Vergi Numarası,
Company registration numbers for your reference. Tax numbers etc.,Referans için şirket kayıt numaraları. vergi numaraları vb.,
Company which internal customer represents,İç müşterinin temsil ettiği şirket,
Company which internal customer represents.,İç müşterinin temsil ettiği şirket.,
Company which internal supplier represents,Dahili tedarikçinin temsil ettiği şirket,
Competitor,Rakip,
Competitor Detail,Rakip Detayları,
Competitor Name,Rakip Adı,
Competitors,Rakipler,
Complete,Tamamla,
Completed,Tamamlandı,
Completed By,Tarafından tamamlanmıştır,
Completed On,Tamamlanma Tarihi,
Completed Qty,Tamamlanan Miktar,
Completed Time,Tamamlanma Zamanı,
Completed Work Orders,Tamamlanmış İş Emri,
Completion By,Tamamlayan,
Completion Date,Bitiş Tarihi,
Completion Status,Tamamlanma Durumu,
Comprehensive Insurance,Kapsamlı Sigorta,
Computer,Bilgisayar,
Condition,Koşul,
Conditional Rule,Koşullu Kural,
Conditional Rule Examples,Koşullu Kural Örnekleri,
Conditions will be applied on all the selected items combined. ,Seçilen tüm seçeneklere birleştirilmiş yapı uygulanacaktır.,
Configuration,Yapılandırma,
Configure the action to stop the transaction or just warn if the same rate is not maintained.,İşlemi durdurmak için eylemi yapılandırın veya aynı oran korunmazsa sadece uyarı verin.,
Confirmation Date,Onay Tarihi,
Connections,Bağlantılar,
Consider Entire Party Ledger Amount,Tüm Parti Defteri Tutarını Dikkate Alın,
Consider Minimum Order Qty,Minimum Sipariş Miktarını Dikkate al,
Consider Rejected Warehouses,Reddedilen Depoları Göz önünde bulundurun,
Consider Tax or Charge for,Vergi veya Ücret,
Considered In Paid Amount,Ödenen Tutar İçerisinde Sayılır,
Consolidate Sales Order Items,Satış Siparişi Ürünlerini Birleştir,
Consolidate Sub Assembly Items,Alt Montaj Öğelerini Birleştirin,
Consolidated,konsolide,
Consolidated Credit Note,Konsolide Alacak Dekontu,
Consolidated Financial Statement,Konsolide Finansal Tablolar,
Consolidated Sales Invoice,Konsolide Satış Faturası,
Consultant,Danışman,
Consumable Cost,Sarf Malzemesi Maliyeti,
Consumed,Tüketilen,
Consumed Asset Total Value,Tüketilen Varlık Toplam Değeri,
Consumed Assets,Tüketilen Varlıklar,
Consumed Items,Tüketilen Ürünler,
Consumed Qty,Tüketilen Miktar,
Consumed Quantity,Tüketilen Miktar,
Consumed Stock Items,Tüketilen Stok Ürünleri,
Consumed Stock Total Value,Tüketilen Stok Toplam Değeri,
Contact,Kişi,
Contact Desc,İrtibat Azalt,
Contact Email,İletişim E-Posta,
Contact HTML,İletişim HTML'si,
Contact Info,İletişim Bilgisi,
Contact Information,iletişim bilgileri,
Contact List,Kişi Listesi,
Contact Mobile,İletişim Cep No,
Contact Mobile No,İletişim Cep No,
Contact Name,Kişi Adı,
Contact No.,İletişim No,
Contact Person,İlgili Kişi,
Contacts,Kişiler,
Content,İçerik,
Content Type,İçerik Türü,
Contra Entry,Ters Kayıt,
Contract,Sözleşme,
Contract Details,Sözleşme Detayları,
Contract End Date,Sözleşme Bitiş Tarihi,
Contract Fulfilment Checklist,Sözleşme Karşılanma Kontrol Listesi,
Contract Period,Sözleşme Dönemi,
Contract Template,Sözleşme Şablonu,
Contract Template Fulfilment Terms,Sözleşme Şablonu Karşılanma Şartları,
Contract Template Help,Sözleşme Şablonu Yardımı,
Contract Terms,Sözleşme Hükümleri,
Contract Terms and Conditions,Sözleşme Şartları ve Koşulları,
Contribution (%),Katkı Payı (%),
Contribution to Net Total,Net Toplam Katkı,
Control Action,Kontrol İşlemi,
Control Historical Stock Transactions,Geçmiş Stok İşlemlerini Kontrol Et,
Conversion Factor,Katsayı,
Conversion Rate,Dönüşüm Oranı,
Convert Item Description to Clean HTML in Transactions,İşlemlerde Öğe Açıklamasını Temiz HTML'ye Dönüştür,
Converted,Dönüştürüldü,
Copied From,Şurdan Kopyalanacak,
Copy Fields to Variant,Alanları Varyanta Kopyala,
Corrective,Düzeltici,
Corrective Action,Düzeltici İşlem,
Corrective Operation,Düzeltici Faaliyet,
Corrective Operation Cost,Düzeltici Faaliyet Maliyeti,
Corrective/Preventive,Önleyici / Düzeltici,
Cost,Maliyet,
Cost Center,Maliyet Merkezi,
Cost Center Allocation,Maliyet Merkezi Tahsisi,
Cost Center Allocation Percentage,Maliyet Merkezi Dağılımı Yüzdesi,
Cost Center Allocation Percentages,Maliyet Merkezi Dağılımı Yüzdeleri,
Cost Center Name,Maliyet Merkezi Adı,
Cost Center Number,Maliyet Merkezi Numarası,
Cost Configuration,Maliyet Yapılandırması,
Cost Per Unit,Birim Başına Maliyet,
Cost of Goods Sold,Satılan Malın Maliyeti,
Cost of Poor Quality Report,Kalitesizlik Maliyeti Raporu,
Cost to Company (CTC),Şirkete Maliyeti (CTC),
Costing,Maliyetlendirme,
Costing Amount,Maliyet Tutarı,
Costing Details,Maliyet Detayları,
Costing Rate,Maliyet Oranı,
Costing and Billing,Maliyet ve Faturalandırma,
Count,Sayı,
Country,Ülke,
Country of Origin,Menşei ülke,
Coupon Code,Kupon Kodu,
Coupon Code Based,Kupon Koduna Dayalı,
Coupon Description,Kupon Açıklaması,
Coupon Name,Kupon Adı,
Coupon Type,Kupon Türü,
Create Chart Of Accounts Based On,Hesap Planını Buna Göre Oluştur,
Create Grouped Asset,Gruplandırılmış Varlık Oluştur,
Create Job Card based on Batch Size,Parti Büyüklüğüne göre İş Kartı Oluştur,
Create Ledger Entries for Change Amount,Değişiklik Tutarı için Defter Girişlerini Oluştur,
Create Missing Party,Eksik Cariyi Oluştur,
Create Receiver List,Alıcı Listesi Oluştur,
Create User,Kullanıcı Oluştur,
Create User Permission,Kullanıcı İzni Yarat,
Create a new composite asset,Yeni bir bileşik varlık oluşturun,
Create in Draft Status,Taslak Olarak Oluştur,
Create missing customer or supplier.,Eksik müşteri veya tedarikçi oluşturun.,
Creation Document No,Oluşturulan Belge Tarihi,
Credit,Alacak,
Credit Amount,Alacak Tutarı,
Credit Amount in Account Currency,Hesap Para Birimine göre Alacak Tutarı,
Credit Amount in Transaction Currency,İşlem Para Birimindeki Alacak Tutarı,
Credit Card Entry,Kredi Kartı Kaydı,
Credit Days,Alacak Günü,
Credit Limit,Kredi Limiti,
Credit Limit Settings,Kredi Limiti Ayarları,
Credit Limit and Payment Terms,Kredi Limiti ve Ödeme Vadeleri,
Credit Limits,Kredi Limitleri,
Credit Months,Alacak Ayı,
Credit Note,Alacak Dekontu,
Credit Note Issued,Alacak Dekontu Verildi,
"Credit Note will update it's own outstanding amount, even if 'Return Against' is specified.","Alacak Dekontu, ""Karşı İade"" belirtilmiş olsa bile kendi bakiye tutarını güncelleyecektir.",
Credit To,Alacak Yeri,
Credit in Company Currency,Şirket Para Biriminde Alacak,
Criteria,Kriterler,
Criteria Formula,Kriterler Formülü,
Criteria Name,Ölçütler Adı,
Criteria Setup,Ölçütler Kurulumu,
Criteria Weight,Ölçütler Ağırlık,
Cross Listing of Item in multiple groups,Öğenin birden çok grupta Çapraz Listelenmesi,
Cumulative Transaction Threshold,Kümülatif İşlem Eşiği,
Currency,Para Birimi,
Currency Exchange,Döviz Kuru,
Currency Exchange Settings,Döviz Kuru Ayarları,
Currency Exchange Settings Details,Döviz Kuru Ayarları Detayları,
Currency Exchange Settings Result,Döviz Kurları Ayarları Sonucu,
Currency and Price List,Fiyat Listesi ve Para Birimi,
Current Address,Güncel Adres,
Current Address Is,Güncel Adres mi,
Current Amount,Güncel Tutar,
Current Asset,Dönen Varlık,
Current Asset Value,Mevcut Varlık Değeri,
Current BOM,Güncel BOM,
Current Exchange Rate,Mevcut Döviz Kuru,
Current Index,Güncel Dizin,
Current Invoice End Date,Mevcut Fatura Bitiş Tarihi,
Current Invoice Start Date,Mevcut Fatura Başlangıç Tarihi,
Current Level,Mevcut Seviye,
Current Liability,Kısa Vadeli Borç,
Current Node,Mevcut Düğüm,
Current Qty,Güncel Mik,
Current Serial / Batch Bundle,Mevcut Seri / Parti Paketi,
Current Serial No,Güncel Seri No,
Current State,Mevcut Durum,
Current Stock,Güncel Stok,
Current Time,Şimdiki Zaman,
Current Valuation Rate,Güncel Değerleme Oranı,
Custodian,Bekçi,
Custody,göz altı,
Custom,Özel,
Custom HTML,Özel HTML,
Custom Remarks,Özel Açıklamalar,
Custom delimiters,Özel Ayırıcılar,
Custom?,Özel,
Customer,Müşteri,
Customer ,Müşteri,
Customer / Item / Item Group,Müşteri / Ürün / Ürün Grubu,
Customer / Lead Address,Müşteri / Aday Adresi,
Customer Acquisition and Loyalty,Müşteri Edinme ve Sadakat,
Customer Address,Müşteri Adresi,
Customer Code,Müşteri Kodu,
Customer Contact,Müşteri İrtibatı,
Customer Contact Email,Müşteri İletişim E-posta,
Customer Credit Balance,Müşteri Alacak Bakiyesi,
Customer Credit Limit,Müşteri Kredi Limiti,
Customer Defaults,Müşteri Varsayılanları,
Customer Details,Müşteri Detayları,
Customer Feedback,Müşteri Görüşleri,
Customer Group,Müşteri Grubu,
Customer Group Item,Müşteri Grubu Öğesi,
Customer Group Name,Müşteri Grup Adı,
Customer Groups,Müşteri Grupları,
Customer Item,Müşteri Ürünü,
Customer Items,Müşteri Ürünleri,
Customer Ledger Summary,Müşteri Cari Defter Özeti,
Customer Mobile No,Müşteri Mobil No,
Customer Name,Müşteri Adı,
Customer Naming By,Müşteri Adlandırma buna göre,
Customer PO Details,Müşteri Satınalma Siparişi Ayrıntıları,
Customer POS id,Müşteri POS kimliği,
Customer Portal Users,Müşteri Portalı Kullanıcıları,
Customer Primary Address,Müşteri Birincil Adres,
Customer Primary Contact,Müşteri Birincil İletişim,
Customer Provided,Müşteri Tarafından Sağlandı,
Customer Territory,müşteri bölgesi,
Customer Type,Müşteri Tipi,
Customer Warehouse (Optional),Müşteri Deposu (İsteğe bağlı),
Customer or Item,Müşteri veya Ürün,
Customer's Item Code,Müşterinin Ürün Kodu,
Customer's Purchase Order,Müşterinin Satınalma Siparişi,
Customer's Purchase Order Date,Müşterinin Satınalma Sipariş Tarihi,
Customer's Purchase Order No,Müşterinin Satınalma Sipariş Numarası,
Customer-wise Item Price,Müşteri-bilge Öğe Fiyat,
Customers,Müşteriler,
Customers Without Any Sales Transactions,Satış İşlemi olmayan Müşteriler,
Customerwise Discount,Müşteri İndirimi,
Customs Tariff Number,Gümrük Tarife No,
DT-,DT-,
DUNN-.MM.-.YY.-,DUNN-.MM .-. YY.-,
Daily,Günlük,
Daily Time to send,Günlük Gönderme Zamanı,
Daily Timesheet Summary,Günlük Zaman Çizelgesi Özeti,
Dashboard,Gösterge Paneli,
Data Import Configuration,Veri Alma Yapılandırması,
Date,Tarih,
Date ,Tarih,
Date Of Retirement,Emeklilik Tarihi,
Date Settings,Tarih Ayarları,
Date of Birth,Doğum Tarihi,
Date of Commencement,Başlama Tarihi,
Date of Establishment,Kuruluş tarihi,
Date of Incorporation,Katılım Tarihi,
Date of Issue,Veriliş Tarihi,
Date of Joining,Katılım Tarihi,
Dates,Tarihler,
Day,Gün,
Day Of Week,Haftanın günü,
Day of Week,Haftanın günü,
Day to Send,Gönderim Günü,
Day(s) after invoice date,Fatura tarihinden sonra kaç gün,
Day(s) after the end of the invoice month,Fatura ayının bitiminden sonra kaç gün,
Days,Günler,
Days Until Due,Bitişine Kalan Gün Sayısı,
Days before the current subscription period,Mevcut abonelik döneminden önceki günler,
DeLinked,Bağlantı Kesildi,
Deal Owner,Anlaşma Sahibi,
Debit,Borç,
Debit Amount,Borç Tutarı,
Debit Amount in Account Currency,Hesap Para Birimine göre Borç Tutarı,
Debit Amount in Transaction Currency,İşlem Para Birimindeki Borç Tutarı,
Debit Note,Borç Dekontu,
Debit Note Issued,Borç Dekontu Düzenlendi,
"Debit Note will update it's own outstanding amount, even if 'Return Against' is specified.","İade Faturası, ‘Karşı Fatura’ belirtilmiş olsa bile kendi açık bakiyesini güncelleyecektir.",
Debit To,Borç Yeri,
Debit in Company Currency,Şirket Para Biriminde Borç,
Debit to,Şuna borçlandır,
Debit-Credit Mismatch,Borç-Alacak Uyuşmazlığı,
Debit-Credit mismatch,Borç-Alacak uyuşmazlığı,
Deduct,Çıkar,
Deductee Details,Kesinti Ayrıntıları,
Deductions or Loss,Kesintiler veya Zarar,
Default,Varsayılan,
Default Account,Varsayılan Hesap,
Default Accounts,Varsayılan Hesaplar,
Default Advance Account,Varsayılan Avans Hesabı,
Default Advance Paid Account,Varsayılan Ödenen Avans Hesabı,
Default Advance Received Account,Varsayılan Alınan Avans Hesabı,
Default BOM,Varsayılan Ürün Ağacı,
Default Bank Account,Varsayılan Banka Hesabı,
Default Billing Rate,Varsayılan Fatura Oranı,
Default Buying Cost Center,Varsayılan Alış Maliyet Merkezi,
Default Buying Price List,Varsayılan Alış Fiyat Listesi,
Default Buying Terms,Varsayılan Alış Koşulu,
Default Cash Account,Varsayılan Kasa Hesabı,
Default Common Code,Varsayılan Ortak Kod,
Default Company,Varsayılan Firma,
Default Company Bank Account,Varsayılan Şirket Banka Hesabı,
Default Cost Center,Varsayılan Maliyet Merkezi,
Default Cost of Goods Sold Account,Ürünler Satılan Hesabı Varsayılan Maliyeti,
Default Costing Rate,Varsayılan Maliyetlendirme Oranı,
Default Currency,Varsayılan Para Birimi,
Default Customer Group,Varsayılan Müşteri Grubu,
Default Deferred Expense Account,Varsayılan Ertelenmiş Gider Hesabı,
Default Deferred Revenue Account,Varsayılan Ertelenmiş Gelir Hesabı,
Default Dimension,Varsayılan Boyut,
Default Discount Account,Varsayılan İndirim Hesabı,
Default Distance Unit,Varsayılan Mesafe Birimi,
Default Expense Account,Varsayılan Gider Hesabı,
Default Finance Book,Varsayılan Mali Defter,
Default Finished Goods Warehouse,Varsayılan Mamül Deposu,
Default Holiday List,Varsayılan Tatil Listesi,
Default In-Transit Warehouse,Varsayılan Transit Depo,
Default Income Account,Varsayılan Gelir Hesabı,
Default Inventory Account,Varsayılan Envanter Hesabı,
Default Item Group,Varsayılan Ürün Grubu,
Default Item Manufacturer,Varsayılan Öğe Üreticisi,
Default Letter Head,Varsayılan Antetli Kağıt,
Default Manufacturer Part No,Varsayılan Üretici Parça Numarası,
Default Material Request Type,Varsayılan Malzeme Talep Türü,
Default Operating Cost Account,Varsayılan Operasyon Maliyeti Hesabı,
Default Payable Account,Varsayılan Ödenecek Hesap,
Default Payment Discount Account,Varsayılan İndirim Hesabı,
Default Payment Request Message,Varsayılan Ödeme Talebi Mesajı,
Default Payment Terms Template,Varsayılan Ödeme Vadesi Şablonu,
Default Price List,Varsayılan Fiyat Listesi,
Default Priority,Varsayılan Öncelik,
Default Provisional Account,Varsayılan Geçici Hesap,
Default Purchase Unit of Measure,Varsayılan Alış Birimi,
Default Quotation Validity Days,Varsayılan Teklif Geçerlilik Günü,
Default Receivable Account,Varsayılan Alacak Hesabı,
Default Sales Unit of Measure,Varsayılan Satış Birimi,
Default Scrap Warehouse,Varsayılan Hurda Deposu,
Default Selling Cost Center,Varsayılan Satış Maliyet Merkezi,
Default Selling Terms,Varsayılan Satış Koşulu,
Default Service Level Agreement,Varsayılan Servis Seviyesi Sözleşmesi,
Default Source Warehouse,Varsayılan Kaynak Depo,
Default Stock UOM,Varsayılan Stok Ölçü Birimi,
Default Supplier,Varsayılan Tedarikçi,
Default Supplier Group,Varsayılan Tedarikçi Grubu,
Default Target Warehouse,Varsayılan Hedef Depo,
Default Territory,Varsayılan Bölge,
Default Unit of Measure,Varsayılan Ölçü Birimi,
Default Valuation Method,Varsayılan Değerleme Yöntemi,
Default Value,Varsayılan Değer,
Default Warehouse,Varsayılan Depo,
Default Warehouse for Sales Return,Satış İadesi için Varsayılan Depo,
Default Warehouses for Production,Varsayılan Üretim Depoları,
Default Work In Progress Warehouse,Varsayılan Yarı Mamül Deposu,
Default Workstation,Varsayılan İş İstasyonu,
Default account will be automatically updated in POS Invoice when this mode is selected.,"Bu mod seçildiğinde, POS Fatura&#39;da varsayılan hesap otomatik olarak güncellenecektir.",
Default settings for your stock-related transactions,Stok ile alakalı işlemlerin Varsayılan Ayarları,
Default: 10 mins,Varsayılan: 10 dakika,
Defaults,Varsayılan Değerler,
Deferred Accounting,Ertelenmiş Muhasebe,
Deferred Accounting Defaults,Ertelenmiş Muhasebe Ayarları,
Deferred Accounting Settings,Ertelenmiş Hesap Ayarları,
Deferred Expense,Ertelenmiş Gider,
Deferred Expense Account,Ertelenmiş Gider Hesabı,
Deferred Revenue,Ertelenmiş Gelir,
Deferred Revenue Account,Ertelenmiş Gelir Hesabı,
Deferred Revenue and Expense,Ertelenmiş Gelir ve Gider,
Delay between Delivery Stops,Teslimat Durakları arasındaki gecikme,
Delayed Item Report,Geciken Ürün Raporu,
Delayed Order Report,Geciken Sipariş Raporu,
Delayed Tasks Summary,Geciken Görevler Özeti,
Delete Accounting and Stock Ledger Entries on deletion of Transaction,İşlem silinirken Muhasebe ve Stok Kayıtlarını da Sil,
Delete Bins,Kutuları Sil,
Delete Cancelled Ledger Entries,İptal Edilen Defter Girişlerini Sil,
Delete Leads and Addresses,Potansiyel Müşterileri ve Adresleri Sil,
Delete Transactions,İşlemleri Sil,
Delimiter options,Sınırlayıcı seçenekleri,
Delivered,Teslim edildi,
Delivered By Supplier,Tedarikçi Tarafından Teslim Edildi,
Delivered Items To Be Billed,Fatura Teslim Edilecek Ürünler,
Delivered Qty,Teslim Edilen Miktar,
Delivered by Supplier (Drop Ship),Tedarikçi tarafından teslim edildi (Drop Ship),
Delivery,Teslimat,
Delivery Date,Teslimat Tarihi,
Delivery Details,Teslim Bilgileri,
Delivery Manager,Sevkiyat Yöneticisi,
Delivery Note,Satış İrsaliyesi,
Delivery Note Item,İrsaliye Kalemi,
Delivery Note No,İrsaliye No,
Delivery Note Packed Item,İrsaliye Paketlenen Kalemi,
Delivery Note Trends,İrsaliye Trendleri,
Delivery Settings,Teslimat Ayarları,
Delivery Status,Teslimat Durumu,
Delivery Stop,Teslimat Durdur,
Delivery Stops,Teslimat Durakları,
Delivery To,Teslimat Yeri,
Delivery Trip,Teslimat Yolculuğu,
Delivery User,Sevkiyat Sorumlusu,
Delivery Warehouse,Teslimat Deposu,
Delivery to,Teslimat,
Demo Company,Demo Şirketi,
Department,Departman,
Departure Time,Hareket Saati,
Dependant SLE Voucher Detail No,Bağlı Stok Giriş Belgesi Detay Numarası,
Dependencies,Bağımlılıklar,
Dependent Task,Bağımlı Görev,
Dependent Tasks,Bağımlı Görevler,
Depends on Tasks,Görevlere Bağlı,
Deposit,Mevduat,
Depreciate based on daily pro-rata,Günlük Orantılı Amortisman,
Depreciate based on shifts,Vardiyalara göre amortisman,
Depreciation,Amortisman,
Depreciation Amount,Amortisman Tutarı,
Depreciation Details,Amortisman Detayları,
Depreciation Entry,Amortisman Kaydı,
Depreciation Entry Posting Status,Amortisman Girişi Gönderme Durumu,
Depreciation Expense Account,Amortisman Giderleri Hesabı,
Depreciation Method,Amortisman Yöntemi,
Depreciation Options,Amortisman Seçenekleri,
Depreciation Posting Date,Amortisman Kaydı Tarihi,
Depreciation Schedule,Amortisman Programı,
Depreciation Schedule View,Amortisman Planı,
Description,Açıklama,
Description of Content,İçerik Açıklaması,
Designation,Ünvanı,
Desk User,Sistem Kullanıcısı,
Detailed Reason,Ayrıntılı Sebep,
Details,Ayrıntılar,
Determine Address Tax Category From,Adres Vergi Kategorisini Kimden Belirle,
Diesel,Dizel,
Difference,Fark,
Difference (Dr - Cr),Fark (Dr - Cr),
Difference Account,Fark Hesabı,
Difference Amount,Farklı ayrılıklar,
Difference Amount (Company Currency),Fark Tutarı (Şirket Para Birimi),
Difference Posting Date,Fark Gönderme Tarihi,
Dimension Defaults,Boyut Varsayılanları,
Dimension Details,Boyut Detayları,
Dimension Filter Help,Boyut Filtresi Yardımı,
Dimension Name,Boyut Adı,
Dimension-wise Accounts Balance Report,Boyut bazında Hesap Bakiye Raporu,
Dimensions,Boyutlar,
Direct Expense,Doğrudan Gider,
Direct Income,Direkt Gelir,
Disable,Devre Dışı Bırak,
Disable Capacity Planning,Kapasite Planlamasını Devre Dışı Bırak,
Disable In Words,Sözler devre dışı bırak,
Disable Last Purchase Rate,Son Satınalma Oranını Devre Dışı Bırak,
Disable Rounded Total,Yuvarlanmış Toplamı Devre Dışı Bırak,
Disable Serial No And Batch Selector,Seri No ve Lot Seçiciyi Devre Dışı Bırak,
Disable auto setting Grand Total to default Payment Mode,Genel Toplamın varsayılan Ödeme Yönteminin otomatik ayarlanmasını devre dışı bırak,
Disabled,Devre dışı,
Disables auto-fetching of existing quantity,Mevcut miktarın otomatik olarak getirilmesini devre dışı bırakır,
Disassemble,Sök,
Disbursed,Önceki dönemlerde toplananlar,
Discount,İndirim,
Discount (%) on Price List Rate with Margin,Fiyat Listesindeki İndirim (%) Marjlı Oran,
Discount Account,İndirim Hesabı,
Discount Amount,İndirim Tutarı,
Discount Date,İndirim Tarihi,
Discount Percentage,İndirim Yüzdesi,
Discount Settings,İndirim Ayarları,
Discount Type,İndirim Türü,
Discount Validity,İndirim Geçerliliği,
Discount Validity Based On,İndirim Geçerliliğine Göre,
Discount and Margin,İndirim ve Kar,
Discount on Other Item,Diğer Ürünlerde İndirim,
Discount on Price List Rate (%),Fiyat Listesi Puan İndirimi (%),
Discounted Amount,İndirimli Tutar,
Discounted Invoice,İndirimli Fatura,
Discounts,İndirimler,
"Discounts to be applied in sequential ranges like buy 1 get 1, buy 2 get 2, buy 3 get 3 and so on","İndirimler 1 alana 1 bedava, 2 alana 2 bedava, 3 alana 3 bedava gibi sıralı aralıklarla uygulanacak",
Discrepancy between General and Payment Ledger,Genel Muhasebe Defteri ile Ödeme Defteri Arasındaki Uyuşmazlık,
Dislikes,Beğenmeme sayısı,
Dispatch Address,Sevkiyat Adresi,
Dispatch Address Name,Sevk Adresi Adı,
Dispatch Information,Sevk Bilgileri,
Dispatch Notification Attachment,Sevk Bildirimi Eki,
Dispatch Notification Template,Sevk Bildirim Şablonu,
Dispatch Settings,Sevk Ayarları,
Disposal Date,Bertaraf Tarihi,
Distance,Mesafe,
Distance UOM,Mesafe Birimi,
Distance from left edge,Sol üstte olan uzaklık,
Distance from top edge,Üst geçidin uzaklık,
Distinct Item and Warehouse,Farklı Ürün ve Depo,
Distinct unit of an Item,Bir Öğe Farklı birim,
Distribute Additional Costs Based On ,Ek Maliyetleri Şunlara Göre Dağıtın,
Distribute Charges Based On,Masrafları Şuna göre Dağıt,
Distribute Manually,Manuel olarak Dağıt,
Distribution Name,Dağıtım Adı,
Divorced,Boşanmış,
Do Not Contact,İletişime Geçmeyin!,
Do Not Explode,Detaylandırmayı Kapat,
Do Not Update Serial / Batch on Creation of Auto Bundle,Otomatik Paket Oluşturulurken Seri / Parti Güncellenesi Yapmayın,
Do Not Use Batch-wise Valuation,Toplu Değerleme Kullanma,
Do not show any symbol like $ etc next to currencies.,Para birimlerinin yanında $ vb semboller kullanmayın.,
Do not update variants on save,Kaydetme türevlerini güncelleme,
DocField,DocType Alanı,
DocType,Belge Türü,
Doctype,BelgeTipi,
Document Name,Belge Adı,
Document Type,Belge Türü,
Document Type ,Belge Türü,
Documentation,Dokümantasyon,
Documents,Belgeler,
Documents Processed on each trigger. Queue Size should be between 5 and 100,Her tetikleyicide işlenen belgeler. Kuyruk Boyutu 5 ile 100 arasında olmalıdır,
Domain,Domain,
Don't Reserve Sales Order Qty on Sales Return,Satış İadesinde Satış Siparişi Adetini Ayırmayın,
Don't Send Emails,E-Posta Gönderme,
Done,Bitti,
Dont Recompute tax,Vergiyi Yeniden Hesaplamayın,
Doors,Kapı,
Double Declining Balance,Çift Azalan Bakiye,
Download Required Materials,Gerekli Malzemeleri İndirin,
Download Template,Şablonu İndir,
Downtime,Kesinti,
Downtime Analysis,Kesinti Analizi,
Downtime Entry,Kesinti/Arıza Süresi Girişi,
Downtime Reason,Kesinti Nedeni,
Draft,Taslak,
Driver,Şoför,
Driver Address,Sürücü Adresi,
Driver Email,Sürücü E-postası,
Driver Name,Şoför Adı,
Driver licence class,Ehliyet Sınıfı,
Driving License Categories,Ehliyet Kategorileri,
Driving License Category,Ehliyet Kategorisi,
Drop Ship,Drop Ship,
Due Date,Vade Tarihi,
Due Date Based On,Vade Tarihine göre,
Dunning,İhtarname,
Dunning Amount,İhtar Tutarı,
Dunning Amount (Company Currency),Gecikme Ücreti Tutarı (Şirket Para Birimi),
Dunning Fee,İhtar Ücreti,
Dunning Letter,İhtarname,
Dunning Letter Text,İhtar Mektubu Metni,
Dunning Level,İhtar Seviyesi,
Dunning Type,İhtar Türü,
Duration,Süre,
Duration (Days),Süre (Gün),
Dynamic Condition,Dinamik Koşul,
EAN,EAN,
ERPNext Integrations,ERPNext Entegrasyonları,
ERPNext User ID,ERPNext Kullanıcı ID,
Each Transaction,Her bir İşlem,
Edit Posting Date and Time,İşlem Tarihi ve Saatini Düzenle,
Education,Eğitim,
Educational Qualification,Eğitim Yeterliliği,
Electric,Elektrik,
Electricity Cost,Elektrik Maliyeti,
Electricity down,Elektrik kesintisi,
Electronic Invoice Register,Elektronik Fatura Kaydı,
Email,E-posta,
Email Account,E-posta Hesabı,
Email Address,E-posta Address,
Email Campaign,E-posta Kampanyası,
Email Campaign For ,E-posta Kampanyası,
Email Details,E-posta Ayrıntıları,
Email Digest,E-Posta Bülteni,
Email Digest Recipient,E-posta Özeti Alıcısı,
Email Digest Settings,E-Mail Bülteni Ayarları,
Email Group,E-posta Grubu,
Email Id,E-posta kimliği,
Email Sent,E-posta Gönderildi,
Email Settings,E-posta Ayarları,
Email Template,E-posta şablonu,
Email sent to,E-posta Gönderilen,
Emergency Contact,Acil Durum İletişim,
Emergency Contact Name,Acil Durum Kişi Adı,
Emergency Phone,Acil Telefon,
Employee,Personel,
Employee ,Çalışan,
Employee Advance,Çalışan Avansı,
Employee Billing Summary,Personel Fatura Özeti,
Employee Detail,Çalışan Detay,
Employee Education,Çalışan Eğitimi,
Employee External Work History,Çalışan Harici İş Geçmişi,
Employee Group,Personel Grubu,
Employee Group Table,Çalışan Grup Masası,
Employee Internal Work History,Çalışan Dahili İş Geçmişi,
Employee Name,Personel Adı,
Employee Number,Personel Sayısı,
Employee User Id,Personel Kullanıcı ID,
Enable Appointment Scheduling,Randevu Zamanlamayı Etkinleştirme,
Enable Auto Email,Otomatik E-postayı Etkinleştir,
Enable Automatic Party Matching,Otomatik Cari Eşleştirmeyi Etkinleştir,
Enable Capital Work in Progress Accounting,Yarı Mamül Muhasebesini Etkinleştirin,
Enable Common Party Accounting,Ortak Cari Muhasebesini Etkinleştir,
Enable Deferred Expense,Ertelenmiş Gideri Etkinleştirin,
Enable Deferred Revenue,Ertelenmiş Geliri Etkinleştir,
Enable Discount Accounting for Selling,Satış için İskonto Muhasebesini Etkinleştir,
Enable European Access,Avrupa Erişimini Etkinleştir,
Enable Fuzzy Matching,Bulanık Eşleştirmeyi Etkinleştir,
Enable Health Monitor,Sağlık Monitörünü Etkinleştir,
Enable Immutable Ledger,Değiştirilemez Defteri Etkinleştir,
Enable Perpetual Inventory,Sürekli Envanteri Etkinleştir,
Enable Provisional Accounting For Non Stock Items,Stok Dışı Kalemler için Geçici Muhasebeyi Etkinleştir,
Enable Stock Reservation,Stok Ayırmayı Etkinleştir,
Enable YouTube Tracking,YouTube izlemeyi Etkinleştirin,
Enable it if users want to consider rejected materials to dispatch.,Kullanıcılar reddedilen materyallerin gönderilmesini dikkate almak istiyorsa bunu etkinleştirin.,
Enable this checkbox even if you want to set the zero priority,Sıfır önceliğini ayarlamak isteseniz bile bu onay kutusunu etkinleştirin,
"Enable this option to calculate daily depreciation by considering the total number of days in the entire depreciation period, (including leap years) while using daily pro-rata based depreciation","Günlük orantılı amortisman esaslı amortismanı kullanırken, tüm amortisman dönemindeki (artık yıllar dahil) toplam gün sayısını dikkate alarak günlük amortismanı hesaplamak için bu seçeneği etkinleştirin",
Enabled,Etkin,
Enabling this ensures each Purchase Invoice has a unique value in Supplier Invoice No. field within a particular fiscal year,"Bunun etkinleştirilmesi, her bir Satın Alma Faturasının belirli bir mali yıl içinde Tedarikçi Fatura No. alanında benzersiz bir değere sahip olmasını sağlar",
Enabling this option will allow you to record - <br><br> 1. Advances Received in a <b>Liability Account</b> instead of the <b>Asset Account</b><br><br>2. Advances Paid in an <b>Asset Account</b> instead of the <b> Liability Account</b>,Bu seçeneğin etkinleştirilmesi aşağıdakileri kaydetmenize olanak tanır - <br><br> 1. <b>Varlık Hesabı</b> yerine <b>Pasif Hesabından</b> Alınan Avanslar</b><br><br>2. <b>Pasif Hesabı</b> yerine <b>Varlık Hesabına</b> Ödenen Avanslar</b>,
Enabling this will allow creation of multi-currency invoices against single party account in company currency,Bunun etkinleştirilmesi Tek Taraf hesabına karşı şirket para biriminde çok para biriminde faturaların oluşturulmasına olanak tanır,
Encashment Date,Nakit Çekim Tarihi,
End Date,Bitiş Tarihi,
End Time,Bitiş Zamanı,
End date of current invoice's period,Cari dönem faturanın bitiş tarihi,
End of Life,Kullanım Süresi Bitişi,
End of the current subscription period,Mevcut abonelik döneminin sonu,
Enough Parts to Build,Yeter Parçaları İnşa,
Ensure Delivery Based on Produced Serial No,Üretilen Seri Numaraya göre Teslimat yap,
Enter name of campaign if source of enquiry is campaign,Sorgu kaynağı kampanya ise kampanya adı girin,
Entity,Tüzel,
Entity Type,Varlık Türü,
Entry Type,Kayıt Türü,
Equity,Özkaynak,
Equity/Liability Account,Özkaynak / Sorumluluk Hesabı,
Error,Hata,
Error Description,Hata tanımlaması,
Error Log,Hata Günlüğü,
Error Message,Hata mesajı,
Errors Notification,Hata Bildirimi,
Estimated Arrival,tahmini gerçekleştirme,
Estimated Cost,Tahmini Maliyet,
Estimated Time and Cost,Tahmini Süre ve Maliyet,
Evaluation Period,Değerlendirme Süresi,
Event,Etkinlik,
Example URL,Örnek URL,
"Example: ABCD.#####
If series is set and Serial No is not mentioned in transactions, then automatic serial number will be created based on this series. If you always want to explicitly mention Serial Nos for this item. leave this blank.","Örnek: ABCD.#####
 Seri ayarlanmışsa ve işlemlerde Seri No belirtilmemişse, bu seriye göre otomatik seri numarası oluşturulacaktır. Bu ürünün Seri No'larından her zaman açıkça bahsetmek istiyorsanız, bunu boş bırakın.",
"Example: ABCD.#####. If series is set and Batch No is not mentioned in transactions, then automatic batch number will be created based on this series. If you always want to explicitly mention Batch No for this item, leave this blank. Note: this setting will take priority over the Naming Series Prefix in Stock Settings.","Örnek: ABCD. #####. İşlemler için seri ayarlanmış ve Parti Numarası belirtilmediyse, bu seriye göre otomatik parti numarası oluşturulacaktır. Bu öğe için her zaman Toplu İş No'dan kısaca bahsetmek isterseniz, bunu boş bırakın. Not: Bu ayar, Stok Ayarları'nda Adlandırma Serisi Önekine göre öncelikli olacaktır.",
Exception Budget Approver Role,İstisna Bütçesi Onaylayıcı Rolü,
Excessive machine set up time,Aşırı makine kurulum süresi,
Exchange Gain / Loss,Kur Farkı Karı / Zararı,
Exchange Gain / Loss Account,Kambiyo Kâr / Zarar Hesabı,
Exchange Gain Or Loss,Döviz Kazancı veya Zararı,
Exchange Gain/Loss,Kambiyo Kâr / Zarar,
Exchange Rate,Döviz Kuru,
Exchange Rate Revaluation,Döviz Kuru Yeniden Değerleme,
Exchange Rate Revaluation Account,Döviz Kuru Yeniden Değerleme Hesabı,
Exchange Rate Revaluation Settings,Döviz Kuru Yeniden Değerleme Ayarları,
Excise Entry,Tüketim Kaydı,
Excise Page Number,Tüketim Sayfa Numarası,
Excluded DocTypes,Hariç Tutulan DocType'lar,
Existing Company,Mevcut Şirket,
Existing Company ,Mevcut Şirket,
Exit Interview Held On,Çıkış Görüşmesi Tarihi,
Expected Amount,Beklenen Tutar,
Expected Closing Date,Beklenen Kapanış Tarihi,
Expected Delivery Date,Beklenen Teslim Tarihi,
Expected End Date,Beklenen Bitiş Tarihi,
Expected Hrs,Beklenen Saat,
Expected Start Date,Beklenen Başlangıç Tarihi,
Expected Time (in hours),Beklenen Süre (saat),
Expected Time Required (In Mins),Gerekli Beklenen Süre (Dakika),
Expected Value After Useful Life,Kullanım süresi sonunda beklenen değer,
Expense,Gider,
Expense Account,Masraf Hesabı,
Expense Claim,Masraf Talebi,
Expense Head,Gider Başlığı,
Expenses Included In Asset Valuation,Varlık Değerlemesine Dahil Olan Giderler,
Expenses Included In Valuation,Değerlemeye Dahil Edilen Giderler,
Expired,Süresi Bitti,
Expiry,Son kullanma tarihi,
Expiry Date,Son Kullanım Tarihi,
Expiry Duration (in days),Sona Erme Süresi (gün içinde),
Exploded Items,Patlamış Öğeler,
Exponential Smoothing Forecasting,Üstel Düzeltme Tahmini,
External Work History,Şirket Dışı Çalışma Geçmişi,
FG Qty from Transferred Raw Materials,Transfer edilen Hammaddelerden Nihai Ürün Miktarı,
FIFO,FIFO,
FIFO Queue vs Qty After Transaction Comparison,FIFO Sırası ve İşlem Sonrası Adet Karşılaştırması,
"FIFO Stock Queue (qty, rate)","FIFO Stok Kuyruğu (miktar, oran)",
Failed,Başarısız,
Failure Date,Başarısızlık Tarihi,
Failure Description,Arıza Açıklaması,
Family Background,Aile Geçmişi,
Fax,Fax,
Feedback,Geri Bildirim,
Feedback By,Geri Bildirim Gönderen,
Fees,Harçlar,
Fetch Customers,Müşterileri Getir,
Fetch Value From,Değeri Şuradan Getir,
Fetch items based on Default Supplier.,Varsayılan tedarikçiye göre öğeleri getirin.,
Field,Alan,
Field Mapping,Alan Eşleme,
Field Name,Alan Adı,
Field in Bank Transaction,Banka İşlemindeki Alan,
Fieldname,Alanadı,
Fields,Alanlar,
Fields will be copied over only at time of creation.,Alanlar yalnızca oluşturulma anında kopyalanır.,
Fieldtype,AlanTipi,
File to Rename,Dosyayı Yeniden Adlandır,
Filter Duration (Months),Filtre Süresi (Ay),
Filter by Reference Date,Referans Tarihine Göre Filtrele,
Filter on Invoice,Fatura Filtresi,
Filter on Payment,Ödeme Filtresi,
Filters,Filtreler,
Final Product,Final Ürün,
Finance Book,Mali Defter,
Finance Book Detail,Mali Defter Detayı,
Finance Book Id,Mali Defter Kimliği,
Finance Books,Mali Defter,
Financial Ratios,Finansal Oranlar,
Financial reports will be generated using GL Entry doctypes (should be enabled if Period Closing Voucher is not posted for all years sequentially or missing) ,Mali raporlar GL Giriş belge türleri kullanılarak oluşturulacaktır (Dönem Kapanış Fişinin tüm yıllar boyunca sırayla kaydedilmemesi veya eksik olması durumunda etkinleştirilmelidir),
Finished Good,Mamül Ürün,
Finished Good BOM,Nihai Ürünün Ürün Ağacı,
Finished Good Item,Bitmiş Ürün,
Finished Good Item Quantity,Bitmiş Ürün Miktarı,
Finished Good Qty,Bitmiş Ürün Miktarı,
Finished Good Quantity ,Bitmiş Ürün Miktarı,
Finished Good UOM,Bitmiş Ürün Ağacı Ölçü Birimi,
Finished Goods,Mamüller,
Finished Goods Based Operating Cost,Ürün Bazlı Operasyonel Maliyeti,
Finished Goods Item,Bitmiş Ürün,
Finished Goods Reference,Bitmiş Ürün Referansı,
Finished Goods Warehouse,Mamül Mal Deposu,
Finished Goods based Operating Cost,Bitmiş Ürün Operasyon Maliyeti,
First Email,İlk e-posta,
First Name,Adı,
First Responded On,İlk Yanıt Tarihi,
First Response Due,İlk Müdahale Zamanı,
First Response Time,İlk Yanıt Süresi,
First Response Time for Issues,Sorunlar için İlk Yanıt Süresi,
First Response Time for Opportunity,Fırsat için İlk Yanıt Süresi,
Fiscal Year,Mali Yıl,
Fiscal Year Company,Mali Yıl Şirketi,
Fixed,Sabit,
Fixed Asset,Sabit Kıymet,
Fixed Asset Account,Sabit Kıymet Hesabı,
Fixed Asset Defaults,Sabit Kıymet Varsayılanları,
Fixed Asset Register,Sabit Kıymet Kaydı,
Fixed Deposit Number,Sabit Mevduat Numarası,
Fixed Rate,Sabit Oran,
Fixed Time,Sabit Süre,
Fleet Manager,Filo Yöneticisi,
Floor,Üretim Alanı,
Floor Name,Kat Adı,
Folio no.,Folyo serisi.,
Follow Calendar Months,Takvim Aylarını Takip Edin,
For Buying,Alış için,
For Company,Firma için,
For Job Card,İş Kartı İçin,
For Operation,Operasyon,
For Price List,Fiyat Listesi için,
For Production,Üretim için,
For Selling,Satış için,
For Warehouse,Depo için,
For dunning fee and interest,İhtar ücreti ve faiz için,
"For e.g. 2012, 2012-13","Örneğin 2012 için, 2012-13",
For how much spent = 1 Loyalty Point,Ne kadar kaldı = 1 Sadakat Noktası,
For individual supplier,Bireysel tedarikçi için,
For reference,Referans için,
"For the convenience of customers, these codes can be used in print formats like Invoices and Delivery Notes","Müşterilerinin rahatlığı için, bu kodlar faturalarda ve irsaliyelerde olduğu gibi basılı formatta kullanılabilir.",
Foreign Trade Details,Dış Ticaret Detayları,
Formula Based Criteria,Formüle Dayalı Kriter,
Forum Posts,Forum Mesajları,
Forum URL,Forum URL&#39;si,
Frappe Support,Frappe Desteği,
Free Item,Bedava Ürün,
Free Item Rate,Ücretsiz Ürün Oranı,
Freeze Stocks Older Than (Days),(Günden Daha Eski) Stokları Dondur,
Frequency,Frekans,
Frequency To Collect Progress,İlerleme Sıklığı Frekansı,
Frequency of Depreciation (Months),Amortisman Frekans (Ay),
Friday,Cuma,
From,itibaren,
From BOM,İlgili BOM,
From Company,Şirketten,
From Corrective Job Card,Düzeltici İş Kartına Göre,
From Currency,Para Biriminden,
From Customer,Müşteriden,
From Date,Başlama Tarihi,
From Delivery Date,Teslimat Tarihi Baş.,
From Doctype,Kaynak Doctype,
From Employee,Talep eden Personel,
From Folio No,Folyo No&#39;dan,
From Invoice Date,Fatura Tarihinden İtibaren,
From Lead,Bu Müşteri Adayından,
From No,Baş. Numarası,
From Opportunity,Bu Fırsattan,
From Package No.,Baş. Paket No.,
From Payment Date,Başlangıç Ödeme Tarihi,
From Prospect,Potansiyel Müşteriden,
From Range,Baş. Oranı,
From Reference Date,Referans Tarihinden İtibaren,
From Shareholder,Hissedarlardan,
From Template,Proje Şablonundan,
From Time,Başlama Tarihi,
From Time ,Baş. Zamanı,
From Value,Baş. Değeri,
From Voucher Detail No,Kaynak Fatura No Detayı,
From Voucher No,Kaynak Fatura No,
From Voucher Type,Belge Türüne Göre Seç,
From Warehouse,Depodan,
Frozen,Dondurulmuş,
Fuel Type,Yakıt Tipi,
Fuel UOM,Yakıt Birimi,
Fulfilled,Karşılandı,
Fulfillment User,Fulfillment Kullanıcısı,
Fulfilment Deadline,Son Teslim Tarihi,
Fulfilment Details,Gereksinim Detayları,
Fulfilment Status,Karşılanma Durumu,
Fulfilment Terms,Yerine Getirme Şartları,
Fulfilment Terms and Conditions,Yerine Getirilme Şartları ve Koşulları,
Full Name,Tam Adı,
Full and Final Statement,Tam ve Nihai Açıklama,
Fully Billed,Tamamen Faturalandı,
Fully Completed,tamamen Tamamlanmış,
Fully Delivered,Tamamen Teslim Edildi,
Fully Depreciated,Tamamen Amortismanlı,
GL Entry,GL Girdisi,
GL Entry Processing Status,GM Girişleri İşlenme Durumu,
GL reposting index,Genel Muhasebe Yeniden İşlem İndeksi,
Gain/Loss,Kazanç / Kayıp,
Gain/Loss Account on Asset Disposal,Varlık Elden Çıkarma Kazanç/Zarar Hesabı,
Gain/Loss accumulated in foreign currency account. Accounts with '0' balance in either Base or Account currency,Yabancı para birimi hesabında biriken Kar/Zarar. Ana para birimi veya hesap para biriminde '0' bakiye bulunan hesaplar,
Gain/Loss already booked,Kazanç/Kayıp zaten kaydedildi,
Gain/Loss from Revaluation,Yeniden Değerlemeden Kaynaklanan Kâr/Zarar,
Gender,Cinsiyeti,
General,Genel,
General Ledger,Genel Muhasebe,
General Settings,Genel Ayarlar,
General and Payment Ledger Comparison,Genel ve Ödeme Defteri Karşılaştırması,
General and Payment Ledger mismatch,Genel ve Ödeme Defteri uyuşmazlığı,
Generate Invoice At,Fatura Oluşturma Tarihi,
Generate New Invoices Past Due Date,Son Tarihi Geçmiş Yeni Faturalar Hesabı,
Generate Schedule,Program Oluştur,
"Generate packing slips for packages to be delivered. Used to notify package number, package contents and its weight.","Teslim edilecek paketler için Çeki Listesi oluşturun. Paket numarasını, paket içeriğini ve ağırlığını bildirmek için kullanılır.",
Generated,Oluşturuldu,
Get Advances Paid,Avans Ödemesini Getir,
Get Advances Received,Alınan Avansları Getir,
Get Allocations,Tahsisleri Getir,
Get Current Stock,Mevcut Stoğu Al,
Get Entries,Kayıtları Getir,
Get Finished Goods for Manufacture,Üretim İçin Bitmiş Ürünleri Al,
Get Item Locations,Malzeme Konumlarını Getir,
Get Items,Ürünleri Getir,
Get Items From,Öğeleri Burdan Al,
Get Items From Purchase Receipts,Satınalma İrsaliyesinden Ürünleri Getir,
Get Items from Open Material Requests,Açık Malzeme Talepleri Öğeleri Alındı,
Get Latest Query,Son Sorguyu Al,
Get Material Request,Malzeme Talebini Getir,
Get Outstanding Invoices,Bekleyen Faturaları Al,
Get Outstanding Orders,Ödenmemiş Siparişleri Getir,
Get Raw Materials Cost from Consumption Entry,Tüketim Girişinden Hammadde Maliyetini Getir,
Get Raw Materials for Purchase,Satınalma için Hammaddeleri Getir,
Get Raw Materials for Transfer,Transfer için Hammaddeleri Getir,
Get Sales Orders,Satış Şiparişlerini Getir,
Get Scrap Items,Hurda Ürünleri Getir,
Get Started Sections,Başlarken Bölümleri,
Get Sub Assembly Items,Alt Montaj Öğelerini Alın,
Gift Card,Hediye Kartı,
Give free item for every N quantity,Her N adet için ücretsiz ürün verin,
Global Defaults,Genel Varsayılanlar,
Goal,Hedef,
Goods,Ürünler,
Grace Period,Grace Dönemi,
Graduate,Mezun,
Grand Total,Genel Toplam,
Grand Total (Company Currency),Genel Toplam (Şirket para birimi),
Grant Commission,Komisyona İzin ver,
Green,Yeşil,
Greeting Message,Karşılama Mesajı,
Greeting Subtitle,Selamlama Altyazısı,
Greeting Title,Selamlama Başlığı,
Greetings Section,Selamlaşma Bölümü,
Gross Margin,Brut Marj,
Gross Margin %,Brüt Kâr Marjı %,
Gross Profit,Brüt Kâr,
Gross Purchase Amount,Brüt Alış Tutarı,
Gross Weight,Brüt Ağırlık,
Gross Weight UOM,Brüt Ağırlık Birimi,
Gross and Net Profit Report,Brüt ve Net Kar Raporu,
Group Same Items,Aynı Ögeleri Grupla,
Group same items,Aynı Ögeleri Grupla,
HR Manager,İK Yöneticisi,
HR User,İK Kullanıcısı,
HR-DRI-.YYYY.-,HR-DRI-.YYYY.-,
HR-EMP-,İK-PER-,
Half Yearly,Yarım Yıllık,
Half-yearly,6 Aylık,
Has Alternative Item,Alternatif Ürün Var,
Has Batch No,Parti No Var,
Has Certificate ,Sertifikalı,
Has Corrective Cost,Düzeltici Maliyet,
Has Expiry Date,Vade Sonu Var,
Has Item Scanned,Ürün Taraması,
Has Print Format,Baskı Biçimi vardır,
Has Priority,Önceliği Var,
Has Serial No,Seri Numarası Var,
Has Variants,Varyanta Sahip,
Have Default Naming Series for Batch ID?,Parti Kimliği için Varsayılan Adlandırma Serisi Var mı?,
Heads (or groups) against which Accounting Entries are made and balances are maintained.,Kafaları (veya grupları) kendisine karşı Muhasebe Girişleri yapılır ve bilançoları korunur.,
Health Details,Sağlık Bilgileri,
Heatmap,Isı Haritası,
Height (cm),Yükseklik (cm),
Help,Yardım,
Help Article,Yardım Maddesi,
Help Section,Yardım Bölümü,
Help Text,Yardım Metni,
Helps you distribute the Budget/Target across months if you have seasonality in your business.,İşletmenizde mevsimsel çalışma varsa Bütçeyi/Hedefi aylara dağıtmanıza yardımcı olur.,
"Here you can maintain family details like name and occupation of parent, spouse and children","Burada ebeveyn, eş ve Avrupalıların isim ve meslekleri gibi aile özelliklerini muhafaza edebilir",
"Here you can maintain height, weight, allergies, medical concerns etc","Burada boy, kilo, bakımı, bakım endişeleri vb muhafaza edebilirsiniz",
Hero Image,Hero Resmi,
Hero Section,Kahraman Bölümü,
Hero Section Based On,Kahraman Bölümüne Dayalı,
Hidden list maintaining the list of contacts linked to Shareholder,Hissedar ile bağlantılı alıcıları koruyan gizli liste,
Hide Currency Symbol,Para Birimi Simgesini Gizle,
Hide Customer's Tax ID from Sales Transactions,Müşterinin Vergi Numarasını Satış İşlemlerinden Gizle,
Hide Images,Resimleri Gizle,
Hide Unavailable Items,Kullanılamayan Öğeleri Gizle,
High,Yüksek,
"Higher the number, higher the priority","Yüksek sayı, yüksek öncelik",
History In Company,Şirketteki Geçmişi,
Hold Invoice,Faturayı Beklet,
Hold Type,Tutma Tipi,
Holiday,Tatil,
Holiday List,Tatil Listesi,
Holiday List Name,Tatil Listesi Adı,
Holidays,Tatiller,
Homepage,Anasayfa,
Homepage Section,Anasayfa Bölümü,
Homepage Section Card,Anasayfa Bölüm Kartı,
Homepage Slideshow,Anasayfa Slayt Gösterisi,
Hour Rate,Saat Oranı,
Hourly,Saatlik,
Hours,Saat,
How frequently?,Hangi sıklıkla?,
How often should Project and Company be updated based on Sales Transactions?,Satış İşlemlerine göre Proje ve Şirket hangi sıklıkta güncellenmelidir?,
How often should Project be updated of Total Purchase Cost ?,Projenin Toplam Satınalma Maliyeti ne sıklıkta güncellenmeli?,
Hrs,Saat,
IBAN,IBAN,
ID,ID,
IP Address,IP adresi,
IRS 1099,IRS 1099,
ISS-.YYYY.-,ISS-.YYYY.-,
Identification of the package for the delivery (for print),Teslimat için paketin tanımlanması (baskı için),
Idle,Boşta,
"If ""Months"" is selected, a fixed amount will be booked as deferred revenue or expense for each month irrespective of the number of days in a month. It will be prorated if deferred revenue or expense is not booked for an entire month","&quot;Aylar&quot; Kullanırken, bir aydaki gün kullanımlarında her ay için ertelenmiş gelir veya gider olarak sabit bir tutması gerekir. Ertelenmiş gelir veya giderler tüm bir ay rezerv içine olmayacakse, yaşayacak olacaktır.",
"If <b>Enabled</b> - Reconciliation happens on the <b>Advance Payment posting date</b><br>
If <b>Disabled</b> - Reconciliation happens on oldest of 2 Dates: <b>Invoice Date</b> or the <b>Advance Payment posting date</b><br>
","<b>Etkinleştirilmişse</b> - Mutabakat, <b>Avans Ödemesi kayıt tarihinde</b> gerçekleşir<br>
<b>Devre Dışı</b> Bırakılmışsa - Mutabakat, 2 Tarihten en eskisinde gerçekleşir: <b>Fatura Tarihi</b> veya <b>Avans Ödemesi kayıt</b> <b>tarihi</b><br>",
If Income or Expense,Gelir veya Gider ise,
"If blank, parent Warehouse Account or company default will be considered in transactions",Boş bırakılırsa işlemlerde ana Depo Hesabı veya şirket temerrüdü dikkate alınacaktır.,
"If checked, Rejected Quantity will be included while making Purchase Invoice from Purchase Receipt.",İşaretlenirse Satınalma İrsaliyesinden Satınalma Faturası yapılırken Reddedilen Miktar dahil edilecektir.,
"If checked, Stock will be reserved on <b>Submit</b>","İşaretlenirse, Stok <b>Gönder</b> butonuna nasıldığında rezerve edilecektir",
"If checked, picked qty won't automatically be fulfilled on submit of pick list.",İşaretlenirse seçilen miktar çeki listesinin gönderilmesi sırasında otomatik olarak yerine getirilmeyecektir.,
"If checked, the tax amount will be considered as already included in the Paid Amount in Payment Entry","İşaretlendiğinde, vergi tutarı Ödeme Girişindeki Ödenen Tutar'a zaten dahil edilmiş olarak kabul edilir.",
"If checked, the tax amount will be considered as already included in the Print Rate / Print Amount","İşaretli ise, vergi yükün hali hazırda Basım Oranında/Basım Miktarında dahil olduğu düşünülecektir",
If different than customer address,Müşteri şirketinden farklı ise,
"If disable, 'In Words' field will not be visible in any transaction","devre dışı ise, bu alanda &#39;sözleriyle&#39; herhangi bir işlem görünmeyecek",
"If disable, 'Rounded Total' field will not be visible in any transaction","Devre dışıysa, 'Yuvarlanmış Toplam' alanı hiçbir işlemde görülmeyecektir.",
If enabled then system won't apply the pricing rule on the delivery note which will be create from the pick list,"Etkinleştirilirse sistem, çekme listesinden oluşturulacak irsaliyeye fiyatlandırma kuralını uygulamaz",
"If enabled, a print of this document will be attached to each email","Etkinleştirilirse, bu belgenin bir çıktısı her e-postaya eklenecektir",
"If enabled, additional ledger entries will be made for discounts in a separate Discount Account","Etkinleştirilirse, indirimler için ayrı bir İndirim Hesabında ek defter girişleri yapılır",
"If enabled, all files attached to this document will be attached to each email",B belgeye eklenen tüm dosyalar her e-postaya da eklenir.,
"If enabled, ledger entries will be posted for change amount in POS transactions",Etkinleştirilirse POS işlemlerinde değişiklik tutarı için genel muhasebe girişleri yayınlanır,
"If enabled, the consolidated invoices will have rounded total disabled","Etkinleştirilirse, konsolide faturalarda yuvarlanmış toplam devre dışı bırakılır",
"If enabled, the item rate won't adjust to the valuation rate during internal transfers, but accounting will still use the valuation rate.","İç transferler sırasında ürün fiyatı, değerleme oranına göre ayarlanmaz ancak muhasebe işlemleri yine de değerleme oranını kullanır.",
"If enabled, the system will create material requests even if the stock exists in the 'Raw Materials Warehouse'.",Hammadde Deposu'nda stok bulunsa bile sistem malzeme talepleri oluşturacaktır.,
"If enabled, the system will use the moving average valuation method to calculate the valuation rate for the batched items and will not consider the individual batch-wise incoming rate.","Etkinleştirilirse, sistem toplu kalemlerin değerleme oranını hesaplamak için hareketli ortalama değerleme yöntemini kullanacak ve tek tek parti bazında gelen oranı dikkate almayacaktır.",
"If enabled, then system will only validate the pricing rule and not apply automatically. User has to manually set the discount percentage / margin / free items to validate the pricing rule","Etkinleştirilirse, sistem fiyatlandırma kuralını yalnızca doğrulayacak ve otomatik olarak uygulamayacaktır. Kullanıcı, fiyatlandırma kuralını doğrulamak için indirim yüzdesini / marjı / ücretsiz ürünleri manuel olarak ayarlamalıdır",
"If item is a variant of another item then description, image, pricing, taxes etc will be set from the template unless explicitly specified","Açıkça belirtilmediği sürece madde daha sonra açıklama, resim, fiyatlandırma, vergiler şablonundan kurulacak vb başka bir öğe bir tahmini ise",
"If mentioned, the system will allow only the users with this Role to create or modify any stock transaction earlier than the latest stock transaction for a specific item and warehouse. If set as blank, it allows all users to create/edit back-dated transactions.","Belirtilirse, sistem yalnızca bu Role sahip kullanıcıların belirli bir kalem ve depo için en son stok işleminden önceki herhangi bir stok işlemini oluşturmasına veya değiştirmesine izin verecektir. Boş olarak ayarlanırsa, tüm kullanıcıların geçmiş tarihli oluşturmasına/düzenlemesine izin verir. işlemler.",
If more than one package of the same type (for print),Aynı türden birden fazla paket varsa (baskı için),
"If rate is zero then item will be treated as ""Free Item""","Fiyat sıfır ise Ürün ""Ücretsiz Ürün"" olarak değerlendirilecektir",
If subcontracted to a vendor,Bir satıcıya taşero edildi mi,
"If the account is frozen, entries are allowed to restricted users.","Hesabın dondurulması halinde, kısıtlı kullanıcılara giriş yapılmasına izin verilir.",
"If there is no assigned timeslot, then communication will be handled by this group","Atanan zaman dilimi yoksa, iletişim bu grup tarafından gerçekleştirilecektir.",
"If this checkbox is checked, paid amount will be splitted and allocated as per the amounts in payment schedule against each payment term","Bu kutucuğun işaretlenmesi durumunda ödenen tutar, her ödeme dönemine göre ödeme planındaki tutarlara göre bölünerek tahsis edilecektir.",
"If this checkbox is enabled, then the system won’t run the MRP for the available sub-assembly items.","Bu onay kutusu etkinleştirilirse, sistem mevcut alt montaj öğeleri için MİP'yi çalıştırmaz.",
If this is checked subsequent new invoices will be created on calendar  month and quarter start dates irrespective of current invoice start date,"Bu kontrol edilirse, faturanın mevcut başlangıç dönemlerinde geçen takvim ayı ve üç aylık başlangıç tarihlerinde bir sonraki yeni faturalar oluşturulacaktır.",
If this is unchecked Journal Entries will be saved in a Draft state and will have to be submitted manually,Bu işaretlenmezse Yevmiye Kayıtları Taslak durumuna kaydedilir ve manuel olarak gönderilmesi gerekir,
"If this is unchecked, direct GL entries will be created to book deferred revenue or expense","Bu işaretlenmemişse, ertelenmiş gelir veya giderleri sınırlaması için doğrudan GL girişleri oluşturulacaktır.",
"If this item has variants, then it cannot be selected in sales orders etc.",Bu ürünün varyantları varsa satış siparişlerinde vb. seçilemez.,
"If yes, then this warehouse will be used to store rejected materials","Cevabınız evet ise bu depo, reddedilen malzemeleri depolamak için kullanılacaktır",
"If you need to reconcile particular transactions against each other, then please select accordingly. If not, all the transactions will be allocated in FIFO order.","Belirli işlemleri birbiriyle mutabık hale getirmeniz gerekiyorsa, lütfen buna göre seçin. Aksi takdirde, tüm işlemler FIFO sırasına göre tahsis edilecektir.",
"If your CSV uses a different delimiter, add that character here, ensuring no spaces or additional characters are included.","CSV dosyanız farklı bir ayırıcı kullanıyorsa, o karakteri buraya ekleyin ve boşluk veya ek karakter olmadığından emin olun.",
Ignore,Yoksay,
Ignore Account Closing Balance,Hesap Kapanış Bakiyesini Yoksay,
Ignore Available Stock,Mevcut Stokları Yoksay,
Ignore Default Payment Terms Template,Varsayılan Ödeme Koşulları Şablonunu Yoksay,
Ignore Employee Time Overlap,Çalışan Zamanı Çakışmasını Yoksay,
Ignore Is Opening check for reporting,Raporlama için Açılış kontrolünü yoksay,
Ignore Pricing Rule,Fiyatlandırma Kuralını Yoksay,
Ignore System Generated Credit / Debit Notes,Otomatik Oluşturulan Alacak ve Borçları Yoksay,
Ignore User Time Overlap,Kullanıcı Zaman Çakışmasını Yoksay,
Ignore Voucher Type filter and Select Vouchers Manually,Belge Türü filtresini yok say ve Belgeleri Manuel Seç,
Ignore Workstation Time Overlap,İş İstasyonu Zaman Çakışmasını Yoksay,
Ignores legacy Is Opening field in GL Entry that allows adding opening balance post the system is in use while generating reports,Raporlar oluşturulurken sistemin kullanımda olduğu açılış bakiyesi sonrası eklemeye izin veren Defter Girişindeki eski Açılış mı alanını yok sayar,
Image,Resim,
Image View,Resim Görüntüle,
Import Chart of Accounts from a csv file,Bir csv uzantısından Hesap Planını İçe Aktar,
Import File,Dosyayı İçe Aktar,
Import File Errors and Warnings,İçe Aktarma Dosyası Hataları ve Uyarıları,
Import Invoices,İthalat Faturaları,
Import Log,Günlüğü İçe Aktar,
Import Log Preview,İçe Aktarma Günlüğü Önizlemesi,
Import Preview,İçe Aktarma Önizlemesi,
Import Supplier Invoice,Tedarikçi Faturasını İçe Aktar,
Import Type,İçe Aktarma Türü,
Import Warnings,İçeri Aktarma Uyarıları,
Import from Google Sheets,Google E-Tablolar'dan İçe Aktar,
In House,Firma,
In Maintenance,Bakımda,
In Mins,Dakika,
In Minutes,Dakika,
In Percentage,yüzde olarak,
In Process,Devam ediyor,
In Progress,Devam ediyor,
In Stock Qty,Stok Miktarı,
In Transit,Transit olarak,
In Words,Yazıyla,
In Words (Company Currency),Yazıyla (Firma para birimi) olarak,
In Words (Export) will be visible once you save the Delivery Note.,Tutarın Yazılı Hali (İhracat) İrsaliyeyi kurtaracağınızde görünür olacaktır.,
In Words will be visible once you save the Delivery Note.,Tutarın Yazılı Hali İrsaliyeyi koruduğunuzda görünür olacaktır,
In Words will be visible once you save the Sales Invoice.,Satış faturasını saklayacağınızda görünür olacaktır.,
In Words will be visible once you save the Sales Order.,Satış emrini saklayacağınızda görünür olacaktır.,
In mins,Dakika,
In minutes,Dakika,
Inactive,Pasif,
Inactive Customers,Pasif Müşteriler,
Inactive Sales Items,Pasif Satış Ögeleri,
Inactive Status,İnaktif Durum,
Incentives,Teşvikler,
Include Ageing Summary,Yaşlanma Özetini Dahil Et,
Include Exploded Items,Patlatılmış Öğeleri Dahil et,
Include Item In Manufacturing,Ürünü Üretime Dahil et,
Include Non Stock Items,Stokta olmayan Ürünleri Dahil Et,
Include POS Transactions,POS İşlemlerini Dahil et,
Include Payment (POS),Ödeme Dahil (POS),
Include Reconciled Entries,Mutabakatı Yapılan Girişleri Dahil Et,
Include Safety Stock in Required Qty Calculation,Emniyet Stokunu Gerekli Miktar Hesaplamasına Dahil Et,
Include Subcontracted Items,Taşerona verilmiş Ürünleri Dahil et,
Include UOM,Birimi Dahil et,
Include in gross,Brüt'e dahil et,
Including items for sub assemblies,Alt montajlar için öğeler dahil,
Income,Gelir,
Income Account,Gelir Hesabı,
Incoming,Gelen,
Incoming Call Handling Schedule,Gelen Çağrı İşleme Programı,
Incoming Call Settings,Gelen Arama Ayarları,
Incoming Rate,Gelen Oran,
Incoming Rate (Costing),Gelen Oran (Maliyetlendirme),
Incorrect Balance Qty After Transaction,İşlem Sonrası Yanlış Bakiye Miktarı,
Incorrect Serial No Valuation,Hatalı Seri No Değerleme,
Incorrect Serial and Batch Bundle,Geçersiz Seri ve Parti,
Incorrect Stock Value Report,Yanlış Stok Değeri Raporu,
Incoterm,Inkoterm,
Increase In Asset Life(Months),Varlık Ömründeki Artış (Ay),
Increment,Artım,
Indent,Talep,
Indicates that the package is a part of this delivery (Only Draft),Paketin bu teslimatın bir parçası olduğunu belirtir (Yalnızca Taslak),
Indicator Color,Gösterge Rengi,
Indirect Expense,Dolaylı Gider,
Indirect Income,Dolaylı Gelir,
Individual,Bireysel,
Industry,Sektör,
Industry Type,Sektör Tipi,
Initial Email Notification Sent,Gönderilen İlk E-posta Bildirimi,
Initialize Summary Table,Özet Tablosunu Başlat,
Initiated,Başlatılan,
Insert New Records,Yeni Kayıt Ekle,
Inspected By,Denetleyen,
Inspection Required,Muayene Gerekli,
Inspection Required before Delivery,Teslimat öncesi Muayene Gerekli,
Inspection Required before Purchase,Satınalma öncesi Muayene Gerekli,
Inspection Type,Muayene Türü,
Installation Date,Kurulum Tarihi,
Installation Note,Kurulum Notları,
Installation Note Item,Kurulum Notu Maddesi,
Installation Status,Kurulum Durumu,
Installation Time,Kurulum Zamanı,
Installed Qty,Kurulum Miktarı,
Instruction,Talimat,
Instructions,Talimatlar,
Insurance Company,Sigorta Şirketi,
Insurance Details,Sigorta Detayları,
Insurance End Date,Sigorta Bitiş Tarihi,
Insurance Start Date,Sigorta Başlangıç Tarihi,
Insurance details,Sigorta detayları,
Insured value,Sigortalanmış değer,
Insurer,sigortacı,
Integration Details,Entegrasyon Detayları,
Integration ID,Entegrasyon ID,
Inter Company Invoice Reference,Şirket İçi Fatura Referansı,
Inter Company Journal Entry,Inter Şirket Yevmiye Kaydı,
Inter Company Journal Entry Reference,Şirket içi Yevmiye Kaydı Referansı,
Inter Company Order Reference,Şirketler arası Sipariş Referansı,
Inter Company Reference,Şirketler Arası Referans,
Inter Transfer Reference,Transferler Arası Referansı,
Inter Warehouse Transfer Settings,Depolar Arası Transfer Ayarları,
Interest,İlgi Alanı,
Interested,İlgilenildi,
Internal Customer,Dahili Müşteri,
Internal Supplier,Dahili Tedarikçi,
Internal Transfer,İç transfer,
Internal Work History,Şirket içi Çalışma Geçmişi,
Interval should be between 1 to 59 MInutes,Aralık 1 ila 59 Dakika arasında olmalıdır,
Introduction,Tanıtım/Giriş,
Invalid Ledger Entries,Geçersiz Defter Girişleri,
Inventory,Stok,
Inventory Dimension,Envanter Boyutu,
Inventory Settings,Envanter Ayarları,
Invoice,Fatura,
Invoice Cancellation,Fatura İptali,
Invoice Date,Fatura Tarihi,
Invoice Discounting,Fatura İndirimi,
Invoice Limit,Fatura Limiti,
Invoice Number,Fatura Numarası,
Invoice Portion,Fatura Dilimi,
Invoice Portion (%),Fatura Porsiyonu (%),
Invoice Series,Fatura Serisi,
Invoice Type,Fatura Türü,
Invoice and Billing,Fatura ve Faturalandırma,
Invoices,Faturalar,
Invoices and Payments have been Fetched and Allocated,Faturalar ve Ödemeler Alındı ve Tahsis Edildi,
Invoicing Features,Faturalama Özellikleri,
Inward,İçe doğru,
Is Account Payable,Ödenecek Hesap mı,
Is Active,Aktif mi,
Is Adjustment Entry,Düzeltme Girişi,
Is Advance,Avans mı,
Is Alternative,Alternatif Ürün,
Is Billable,Faturalandırılabilir mi,
Is Cancelled,İptal edildi mi,
Is Cash or Non Trade Discount,Nakit veya Ticari olmayan İndirim,
Is Company,Şirket mi,
Is Company Account,Şirket Hesabı mı,
Is Composite Asset,Birleşik Varlık,
Is Consolidated,Konsolide Edildi,
Is Container,Konteyner mu,
Is Corrective Job Card,Düzeltici Faaliyet,
Is Corrective Operation,Düzeltici İşlem mi,
Is Cumulative,Kümülatif / Birikerek artan,
Is Customer Provided Item,Müşteri Tarafından Sağlanan Öğe mi,
Is Default,Varsayılan mı,
Is Default Account,Varsayılan Hesap mı,
Is Default Language,Varsayılan Dil,
Is Delivery Note Required for Sales Invoice Creation?,Satış Faturası Oluşturmak için İrsaliye Gerekli mi?,
Is Discounted,İndirimli mi,
Is Exchange Gain / Loss?,Kur Farkı Kârı / Zararı,
Is Existing Asset,Varolan Varlık mu,
Is Expandable,Genişletilebilir,
Is Finished Item,Bitmiş Ürün mü,
Is Fixed Asset,Sabit Kıymet mi,
Is Free Item,Bedava Ürün mü,
Is Frozen,Dondurulmuş mu,
Is Fully Depreciated,Tamamen Amorti Edilmiş,
Is Group,Grup mu,
Is Group Warehouse,Grup Deposu,
Is Internal Customer,İç Müşteri mi,
Is Internal Supplier,İç Tedarikçi mi,
Is Mandatory,Zorunludur,
Is Milestone,Kilometre taşı,
Is Old Subcontracting Flow,Eski Alt Yüklenici Akışı,
Is Opening,Açılış mı,
Is Opening Entry,Açılış Kaydı mı,
Is Outward,Giden,
Is Paid,Ödendi mi,
Is Period Closing Voucher Entry,Dönem Kapanış Fişi Girişi,
Is Purchase Order Required for Purchase Invoice & Receipt Creation?,Alış Faturası ve İrsaliyesi oluşturmak için Satınalma Siparişi gerekli mi?,
Is Purchase Receipt Required for Purchase Invoice Creation?,Satınalma Faturası oluşturmak için Satınalma İrsaliyesi gerekli mi?,
Is Rate Adjustment Entry (Debit Note),Kur Ayarlama Girişi (Borç Senedi),
Is Recursive,Yinelenen,
Is Rejected,Reddedildi,
Is Rejected Warehouse,Reddedilen Depo,
Is Return,İade mi,
Is Return (Credit Note),İade mi (Alacak Dekontu),
Is Return (Debit Note),Iade mi (Borç Dekontu),
Is Sales Order Required for Sales Invoice & Delivery Note Creation?,Satış Faturası ve İrsaliye Oluşturulması için Satış Siparişi Gerekiyor mu?,
Is Scrap Item,Hurda Ögesi mi,
Is Short/Long Year,Kısa/Uzun Dönem,
Is Standard,Standart,
Is Stock Item,Stok Ürünü,
Is Subcontracted,Taşerona verildi,
Is System Generated,Sistem Tarafından Oluşturuldu,
Is Tax Withholding Account,Tevkifatlı Fatura,
Is Template,Şablon mu,
Is Transporter,Nakliyeci mi,
Is a Subscription,Bir Abonelik mi,
Is this Tax included in Basic Rate?,Vergi Birim Fiyata dahil mi?,
Issue,Sorun,
Issue Analytics,Sorun Analitiği,
Issue Credit Note,Alacak Dekontu Ver,
Issue Date,Veriliş tarihi,
Issue Priority,Sorun Önceliği,
Issue Split From,Sorunun Ayrıldığı Yer,
Issue Summary,Sorun Özeti,
Issue Type,Sorun Tipi,
Issue a debit note with 0 qty against an existing Sales Invoice,Mevcut bir Satış Faturasına karşı 0 adet borç dekontu düzenleyin,
Issued,Veriliş,
Issued Items Against Work Order,İş Emrine Karşı Verilmiş Ürünler,
Issues,Sorunlar,
Issuing Date,Veriliş Tarihi,
Item,Ürün,
Item Alternative,Ürün Alternatifi,
Item Attribute,Ürün Özelliği,
Item Attribute Value,Ürün Özellik Değeri,
Item Attribute Values,Ürün Özellik Değerleri,
Item Balance (Simple),Ürün Bakiyesi (Basit),
Item Barcode,Ürün Barkodu,
Item Code,Ürün Kodu,
Item Customer Detail,Ürün Müşteri Detayı,
Item Default,Öğe Varsayılanı,
Item Defaults,Ürün Varsayılanları,
Item Description,Ürün Tanımı,
Item Details,Ürün Detayları,
Item Group,Ürün Grubu,
Item Group Defaults,Ürün Grubu Varsayılanları,
Item Group Name,Ürün Grup Adı,
Item Group wise Discount,Ürün Grubu Bazında İndirim,
Item Groups,Öğe Grupları,
Item Image (if not slideshow),Ürün Görüntü (yoksa slayt),
Item Locations,Malzeme Konumları,
Item Manager,Ürün Yöneticisi,
Item Manufacturer,Ürün Üreticisi,
Item Name,Ürün Adı,
Item Naming By,Ürün Adlandırma,
Item Price,Ürün Fiyatı,
Item Price Settings,Ürün Fiyat Ayarları,
Item Price Stock,Stok Ürün Fiyat Bilgisi,
Item Prices,Ürün Fiyatları,
Item Quality Inspection Parameter,Ürün Kalite Kontrol Parametreleri,
Item Reference,Öğe Referansı,
Item Reorder,Ürün Yeniden Sipariş,
Item Serial No,Ürün Seri No,
Item Shortage Report,Ürün Yetersizliği Raporu,
Item Supplier,Ürün Tedarikçisi,
Item Tax,Ürün Vergisi,
Item Tax Amount Included in Value,Değere Dahil Edilen Öğe Vergisi Tutarı,
Item Tax Rate,Ürün Vergi Oranı,
Item Tax Template,Öğe Vergisi Şablonu,
Item Tax Template Detail,Öğe Vergisi Şablon Ayrıntısı,
Item To Manufacture,Üretilecek Ürün,
Item UOM,Stok Birimi,
Item Variant,Öğe Varyantı,
Item Variant Attribute,Öğe Varyant Özellik,
Item Variant Details,Öğe Varyant Detayları,
Item Variant Settings,Öge Varyant Ayarları,
Item Website Specification,Ürün Web Sitesi Özellikleri,
Item Weight Details,Öğe Ağırlık Ayrıntıları,
Item Wise Tax Detail,Ürün bazında Vergi Detayları,
Item and Warehouse,Ürün ve Depo,
Item and Warranty Details,Ürün ve Garanti Detayları,
Item operation,Ürün Operasyonu,
Item to be manufactured or repacked,Üretilecek veya yeniden paketlenecek Ürün,
Item-wise Price List Rate,Ürün bazında Fiyat Listesi Oranı,
Item-wise Purchase History,Ürün Satınalma Geçmişi,
Item-wise Purchase Register,Ürün bazında Satınalma Kaydı,
Item-wise Sales History,Ürün Satış Geçmişi,
Item-wise Sales Register,Ürün bazında Satış Kaydı,
Items,Ürünler,
Items To Be Requested,Talep Edilecek Ürünler,
Items to Be Repost,Tekrar Gönderilecek Öğeler,
Items under this warehouse will be suggested,Bu depodaki ürünler önerilecek,
Itemwise Discount,Ürün İndirimi,
Itemwise Recommended Reorder Level,Ürün için Önerilen Yeniden Sipariş Düzeyi,
JAN,OCA,
Job Capacity,İş Kapasitesi,
Job Card,İş Kartı,
Job Card Item,İş Kartı Öğesi,
Job Card Operation,İş Kartı Operasyonu,
Job Card Scheduled Time,İş Kartının Planlanan Zamanı,
Job Card Scrap Item,İş Kartı Hurda Ürünü,
Job Card Summary,İş Kartı Özeti,
Job Card Time Log,İş Kartı Zaman günlüğü,
Job Card and Capacity Planning,İş Kartı ve Kapasite Planlama,
Job Cards,İş Kartları,
Job Started,İşe Başladı,
Job Title,İş Ünvanı,
Job Worker,Yüklenici,
Job Worker Address,İş Adresi,
Job Worker Address Details,İş Adresi Detayları,
Job Worker Contact,Yetkili Kişi,
Job Worker Delivery Note,İşçi Teslimat Notu,
Job Worker Name,Yetkili Kişi Adı,
Job Worker Warehouse,Alt Yüklenici Deposu,
Joining,Katılma,
Journal Entry,Yevmiye Kaydı,
Journal Entry Account,Yevmiye Kaydı Hesabı,
Journal Entry Template,Yevmiye Kaydı Şablonu,
Journal Entry Template Account,Yevmiye Kayıt Şablon Hesabı,
Journal Entry Type,Yevmiye Kaydı Türü,
Journal Entry for Scrap,Hurda için Yevmiye Kaydı,
Journals,Yevmiyeler,
"Keep Track of Sales Campaigns. Keep track of Leads, Quotations, Sales Order etc from Campaigns to gauge Return on Investment. ","Satış Kampanyalarını Takip edin. Yatırım Getirisini Sizin için Kampanyalardaki Teklifleri, Fiyat Tekliflerini, Satış Siparişini vb. Takip edin.",
Key,Anahtar,
Keyboard Shortcuts,Klavye Kısayolları,
Label,Etiket,
Landed Cost Help,Son teslim alma Maliyet Yardımı,
Landed Cost Item,İnen Maliyet Kalemi,
Landed Cost Purchase Receipt,Yüklenen Maliyet Alış Fişi,
Landed Cost Taxes and Charges,Yüklenen Maliyet Vergiler ve Harçlar,
Landed Cost Voucher,Yüklenen Maliyet Fişi,
Landed Cost Voucher Amount,Bindirilmiş Maliyet Fiş Tutarı,
Landscape,Landscape,
Language,Dil,
Lapsed,Süresi dolmuş,
Last Carbon Check,Son Karbon Kontrolü,
Last Completion Date,Son Bitiş Tarihi,
Last Integration Date,Son Entegrasyon Tarihi,
Last Name,Soyadı,
Last Purchase Rate,Son Satış Fiyatı,
Latitude,Enlem,
Lead,Müşteri Adayı,
Lead Details,Müşteri Adayı Detayı,
Lead Name,Müşteri Aday Adı,
Lead Owner,Aday Sahibi,
Lead Owner Efficiency,Aday Sahibi Verimliliği,
Lead Source,Aday Kaynağı,
Lead Time,Teslim Süresi,
Lead Time Date,Teslim Zamanı Tarihi,
Lead Time in days,Teslimat Süresi gün olarak,
Lead Type,Aday Tipi,
Leads,Adaylar,
"Learn about <a href=""https://docs.erpnext.com/docs/v13/user/manual/en/accounts/articles/common_party_accounting#:~:text=Common%20Party%20Accounting%20in%20ERPNext,Invoice%20against%20a%20primary%20Supplier."">Common Party</a>","<a href=""https://docs.erpnext.com/docs/v13/user/manual/en/accounts/articles/common_party_accounting#:~:text=Common%20Party%20Accounting%20in%20ERPNext,Invoice%20against%20a%20primary%20Supplier."">Ortak Cari</a> hakkında bilgi edinin",
Leave Encashed?,İzin Nakde Dönüştürüldü mü?,
"Leave blank for home.
This is relative to site URL, for example ""about"" will redirect to ""https://yoursitename.com/about""","Ana sayfa için boş bırakın.
Bu, site URL'sine göredir, örneğin ""hakkında"", ""https://sitenizinadi.com/hakkinda"" adresine yönlendirecektir.",
Leave blank if the Supplier is blocked indefinitely,tedarikçi süresiz olarak engellendiyse boş bırakma,
Leave blank to use the standard Delivery Note format,Standart İrsaliye formatı kullanmak için boş bırakın,
Ledger Health,Defter Sağlığı,
Ledger Health Monitor,Defter Sağlık Monitörü,
Ledger Health Monitor Company,Defter Sağlık Monitörü Şirketi,
Ledger Merge,Defter Birleştirme,
Ledger Merge Accounts,Defter Birleştirme Hesapları,
Left,Sol,
Left Child,Sol Alt,
Left Index,Sol Dizin,
Legal Entity / Subsidiary with a separate Chart of Accounts belonging to the Organization.,Örgüte ait Hesap ayrı Planı Tüzel Kişilik / Yardımcı.,
Length (cm),Uzunluk (cm),
Letter Head,Antetli Kağıt,
Letter or Email Body Text,Mektup veya E-posta Gövde Metni,
Letter or Email Closing Text,Mektup veya E-posta Kapanış Metni,
Level,Seviye,
Level (BOM),Ürün Ağacı Seviyesi,
Lft,Sol,
Liability,Borç,
License Details,Ehliyet Bilgileri,
License Number,Ehliyet Numarası,
License Plate,Plaka,
Likes,Beğeniler,
Limit timeslot for Stock Reposting,Stok Yeniden Gönderimi için zaman aralığını sınırlayın,
Limited to 12 characters,12 karakter ile sınırlı,
Limits don't apply on,Sınırlamalar geçerli değildir,
Line spacing for amount in words,sözleriyle yoğunluk için satır aralığı,
Link,Link,
Link Options,Bağlantı Seçenekleri,
Link existing Quality Procedure.,Mevcut kalite hükümlerini birleştirme.,
Linked Documents,Bağlı Belgeler,
Linked Invoices,Bağlı Faturalar,
Linked Location,Bağlı Konum,
Links,Bağlantılar,
List items that form the package.,Ambalajı kimyasal ürünlerini listeleyin,
Load All Criteria,Tüm Ölçüleri Yükle,
Loan,Kredi,
Loan End Date,Kredi Bitiş Tarihi,
Loan Period (Days),Kredi Süresi (Günler),
Loan Start Date,Kredi Başlangıç Tarihi,
Location,Konum,
Location Details,Konum Detayları,
Location Name,Yer ismi,
Locked,Kilitli,
Log Entries,Günlük Girişleri,
Log out,Çıkış,
Log the selling and buying rate of an Item,Bir Ürünün alış ve satış fiyatının kaydı,
Logo,Logo,
Longitude,Boylam,
Lost,Kaybedildi,
Lost Opportunity,Fırsat Kaybedildi,
Lost Quotation,Teklif Kaybedildi,
Lost Quotations,Kayıp Teklifler,
Lost Reason,Kayıp Nedeni,
Lost Reason Detail,Sebep Ayrıntısı,
Lost Reasons,Kayıp Nedenleri,
Low,Düşük,
Lower Deduction Certificate,Düşük Kesinti Sertifikası,
Loyalty Amount,Sadakat Tutarı,
Loyalty Point Entry,Sadakat Puanı Girişi,
Loyalty Point Entry Redemption,Sadakat Nokta Giriş İtfa,
Loyalty Points,Sadakat Puanları,
Loyalty Points Redemption,Sadakat Puanı Kullanımı,
Loyalty Program,Sadakat Programı,
Loyalty Program Collection,Sadakat Programı Koleksiyonu,
Loyalty Program Help,Sadakat Programı Yardımı,
Loyalty Program Name,Sadakat Programı Adı,
Loyalty Program Tier,Sadakat Katmanı Programı,
Loyalty Program Type,Sadakat Programı Türü,
MAT-DN-.YYYY.-,MAT-DN-.YYYY.-,
MAT-DN-RET-.YYYY.-,MAT-DN-RET-.YYYY.-,
MAT-DT-.YYYY.-,MAT-DT-.YYYY.-,
MAT-INS-.YYYY.-,MAT-INS-.YYYY.-,
MAT-LCV-.YYYY.-,MAT-LCV-.YYYY.-,
MAT-MR-.YYYY.-,MAT-BAY-.YYYY.-,
MAT-MSH-.YYYY.-,MAT-MSH-.YYYY.-,
MAT-MVS-.YYYY.-,MAT-MVS-.YYYY.-,
MAT-PAC-.YYYY.-,MAT-PAC-.YYYY.-,
MAT-PR-RET-.YYYY.-,MAT-PR-RET-.YYYY.-,
MAT-PRE-.YYYY.-,MAT-ÖN .YYYY.-,
MAT-QA-.YYYY.-,MAT-QA .YYYY.-,
MAT-RECO-.YYYY.-,MAT-Reco-.YYYY.-,
MAT-STE-.YYYY.-,MAT-STE-.YYYY.-,
MFG-BLR-.YYYY.-,MFG-BLR-.YYYY.-,
MFG-PP-.YYYY.-,MFG-PP-.YYYY.-,
MFG-WO-.YYYY.-,MFG-WO-.YYYY.-,
Machine malfunction,Makine arızası,
Machine operator errors,Makine operator hatası,
Main Cost Center,Ana Maliyet Merkezi,
Maintain Same Rate Throughout Sales Cycle,Satış Döngüsü Boyunca Aynı Oranı Koru,
Maintain Same Rate Throughout the Purchase Cycle,Satınalma Döngüsü Boyunca Aynı Oranı Koru,
Maintain Stock,Stok Takibi Yap,
Maintenance,Bakım,
Maintenance Date,Bakım Tarihi,
Maintenance Details,Bakım Detayları,
Maintenance Manager,Bakım Yöneticisi,
Maintenance Manager Name,Bakım Yöneticisi Adı,
Maintenance Required,Bakım gerekli,
Maintenance Role,Bakım Rolü,
Maintenance Schedule,Bakım Programı,
Maintenance Schedule Detail,Bakım Programı Detayı,
Maintenance Schedule Item,Bakım Programı Ürünü,
Maintenance Schedules,Bakım Programları,
Maintenance Status,Bakım Durumu,
Maintenance Task,Bakım Görevi,
Maintenance Tasks,Bakım Görevleri,
Maintenance Team,Bakım Ekibi,
Maintenance Team Member,Bakım Ekibi Üyesi,
Maintenance Team Members,Bakım Ekibi Üyeleri,
Maintenance Team Name,Bakım Takım Adı,
Maintenance Time,Bakım Zamanı,
Maintenance Type,Bakım Türü,
Maintenance User,Bakım Kullanıcısı,
Maintenance Visit,Bakım Ziyareti,
Maintenance Visit Purpose,Bakım ziyareti Amaç,
Major/Optional Subjects,Ana / Opsiyonel Konular,
Make,Oluştur,
Make Depreciation Entry,Amortisman kaydı yap,
Make Difference Entry,Fark Kaydı Yao,
Make Payment via Journal Entry,Devmiye Kayıtları yoluyla Ödeme Yap,
Make Sales Invoice,Satış Faturası Oluşturma,
Make Serial No / Batch from Work Order,İş Emrinden Seri No / Parti Yap,
Manage cost of operations,İşlem Maliyetlerini Yönetin,
Mandatory,Zorunlu,
Mandatory Depends On,Zorunluluk Bağlılığı,
Mandatory For Balance Sheet,Bilanço için Zorunlu,
Mandatory For Profit and Loss Account,Kar ve Zarar Hesabı için Zorunlu,
Mandatory Section,Zorunlu Bölüm,
Manual,Manuel,
Manual Inspection,Manuel Muayene,
Manufacture,Üretim,
Manufacture against Material Request,Malzeme Talebine karşı Üret,
Manufactured Qty,Üretilen Miktar,
Manufacturer,Üretici,
Manufacturer Part Number,Üretici Parça Numarası,
Manufacturers used in Items,Kullanılan Öğeler Üreticileri,
Manufacturing,Üretim,
Manufacturing Date,Üretim Tarihi,
Manufacturing Manager,Üretim Yöneticisi,
Manufacturing Section,Üretim Bölümü,
Manufacturing Settings,Üretim Ayarları,
Manufacturing Type,Üretim Tipi,
Manufacturing User,Üretim Kullanıcısı,
Margin,Kar Marji,
Margin Money,Marj Para,
Margin Rate or Amount,Kar Oranı veya Tutarı,
Margin Type,Kar Türü,
Marital Status,Medeni Durumu,
Market Segment,Pazar Segmenti,
Married,Evli,
Mask,Maskele,
Material Consumption for Manufacture,Üretimde Malzeme Tüketimi,
Material Issue,Malzeme Çıkışı,
Material Receipt,Malzeme Alındısı,
Material Request,Malzeme Talebi,
Material Request Date,Malzeme Talep Tarihi,
Material Request Detail,Malzeme Talep Ayrıntısı,
Material Request Item,Malzeme Talebi Kalemi,
Material Request Plan Item,Malzeme Talep Planı Kalemi,
Material Request Planning,Malzeme Talep Planlaması,
Material Request Type,Malzeme Talep Türü,
Material Request used to make this Stock Entry,Bu stok hareketini yapmak için kullanılan Malzeme Talebi,
Material Requested,Talep edilen Malzeme,
Material Requests,Malzeme Talepleri,
Material Requests for which Supplier Quotations are not created,Tedarikçi Tekliflerinin oluşturulmadığı Malzeme Talepleri,
Material Transfer,Malzeme Transferi,
Material Transfer for Manufacture,Üretim için Malzeme Transferi,
Material Transferred,Edilen Malzeme Transferi,
Material Transferred for Manufacture,Üretim için Malzeme Transferi,
Material Transferred for Manufacturing,Üretim için Aktarılan Malzeme,
Material Transferred for Subcontract,Taşeron için Transfer Edilen Malzeme,
Materials Required (Exploded),Gerekli Malzemeler (patlamış),
Max Amount,Max Tutar,
Max Amt,Max Tutar,
Max Discount (%),Maksimum İndirim (%),
Max Grade,Maksimum Not,
Max Qty,Max Miktar,
Max Qty (As Per Stock UOM),Max Mik (Stok Birimine göre),
Max Sample Quantity,Maksimum Numune Miktarı,
Max Score,Maksimum Skor,
Maximum Invoice Amount,Maksimum Fatura Tutarı,
Maximum Net Rate,Maximum Net Oran,
Maximum Payment Amount,Maksimum Ödeme Tutarı,
Maximum Use,Maksimum Kullan,
Maximum Value,Maksimum Değer,
Maximum sample quantity that can be retained,Tutulabilen maksimum numune miktarı,
Medium,Orta,
Mention if non-standard Receivable account,Standart Değilse Ayrıca Belirtin,
Mention if non-standard payable account,Standart dışı borç hesabı varsa belirtin,
Mention if non-standard receivable account applicable,Standart dışı alacak hesabının geçerli olup olmadığını belirtin,
Merge Invoices Based On,Faturaları Şuna Göre Birleştir,
Merge Similar Account Heads,Benzer Hesap Başlıklarını Birleştir,
Merged,Birleştirildi,
Message,Mesaj,
Message Examples,Mesaj Örnekleri,
Message for Supplier,Tedarikçi için mesaj,
Message to show,Mesaj gösteriyor,
Message will be sent to the users to get their status on the Project,Projedeki durumlarını öğrenmek için mesaj gönderilecektir.,
Messages greater than 160 characters will be split into multiple messages,160 karakterden daha büyük mesajlar birden fazla mesaja bölünecektir,
Middle Name,İkinci Adı,
Min Amount,Min Tutar,
Min Amt,Min Tutar,
Min Grade,Asgari Not,
Min Order Qty,Minimum Sipariş Miktarı,
Min Qty,Min Miktar,
Min Qty (As Per Stock UOM),Min Mik (Stok Birimine göre),
Minimum Invoice Amount,Asgari Fatura Tutarı,
Minimum Net Rate,Minimum Net Oran,
Minimum Order Qty,Minimum Sipariş Miktarı,
Minimum Order Quantity,Minimum Sipariş Miktarı,
Minimum Payment Amount,Minimum Ödeme Tutarı,
Minimum Total Spent,Minimum Toplam Harcama,
Minimum Value,Minimum Değer,
Minimum quantity should be as per Stock UOM,Minimum miktar Stok Birimine göre olmalıdır,
Minute,Dakika,
Minutes,Dakika,
Mixed Conditions,Karışık Koşullar,
Mobile,Cep Telefonu,
Mobile No,Cep No,
Mode of Payment,Ödeme Şekli,
Mode of Payment Account,Ödeme Şekli Hesabı,
Model,Modeli,
Modes of Payment,Ödeme Biçimi,
Monday,Pazartesi,
Monitor Progress,İlerlemeyi Görüntüle,
Monitor for Last 'X' days,Son 'X' gün için izleyin,
Monitoring Frequency,Frekans izleme,
Month,Ay,
Month(s) after the end of the invoice month,Fatura ayının bitiminden sonra kaç ay,
Monthly,Aylık,
Monthly Distribution,Aylık Dağılımı,
Monthly Distribution Percentage,Aylık Dağılımı Yüzde,
Monthly Distribution Percentages,Aylık Dağılımı Yüzdeler,
Monthly Rate,Aylık Oran,
Monthly Sales Target,Aylık Satış Hedefi,
Months,Aylar,
More Info,Daha Fazla Bilgi,
More Information,Daha Fazla Bilgi,
More/Less than 12 months.,12 aydan fazla/az.,
Moving Average,Hareketli Ortalama,
Multi Currency,Çokluk Para Birimi,
Multiple Tier Program,Çok Katmanlı Program,
Must be Whole Number,Tam Numara olmalı,
Must be a publicly accessible Google Sheets URL and adding Bank Account column is necessary for importing via Google Sheets,Google E-Tablolar URL'si herkese açık olmalı ve Google E-Tablolar üzerinden içe aktarma için Banka Hesabı sütununun eklenmesi gerekir,
Mute Email,E-postayı Sessize Al,
My Profile,Profilim,
My Settings,Ayarlarım,
N/A,N / A,
Name,Adı,
Name and Employee ID,İsim ve Çalışan Kimliği,
Name of Beneficiary,Yararlanıcının Adı,
Name of the Monthly Distribution,Aylık Dağıtım Adı,
Named Place,Adlandırılmış Yer,
Naming Series,Seri Numarası,
Naming Series Prefix,Seri Öneki Adlandırma,
Naming Series and Price Defaults,Adlandırma Serisi ve Fiyat Varsayılanları,
Natural Gas,Doğal gaz,
Net Amount,Net Miktar,
Net Amount (Company Currency),Net Tutar (Şirket Para Birimi),
Net Hour Rate,Net Saat Ücreti,
Net Rate,Net Oran,
Net Rate (Company Currency),Net Oranı (Şirket Para Birimi),
Net Total,Net Toplam,
Net Total (Company Currency),Net Toplam (Şirket Dövizi),
Net Weight,Net Ağırlık,
Net Weight UOM,Net Ağırlık Birimi,
New Asset Value,Yeni Varlık Değeri,
New BOM,Yeni Ürün Ağacı,
New Balance In Account Currency,Hesap Para Biriminde Yeni Bakiye,
New Balance In Base Currency,Temel Dövizde Yeni Bakiye,
New Exchange Rate,Yeni Döviz Kuru,
New Expenses,Yeni Gider,
New Income,Yeni Gelir,
New Purchase Invoice,Yeni Satınalma Faturası,
New Purchase Orders,Yeni Satınalma Siparişleri,
New Quotations,Yeni Satış Teklifi,
New Sales Invoice,Yeni Satış Faturası,
New Sales Orders,Yeni Satış Siparişleri,
New Workplace,Yeni İş Yeri,
New invoices will be generated as per schedule even if current invoices are unpaid or past due date,"Mevcut faturalar ödenmemiş veya vadesi geçmiş olsa bile, plana göre yeni faturalar oluşturulacaktır.",
Next Depreciation Date,Bir sonraki değer kaybı tarihi,
Next Due Date,Sonraki Bitiş Tarihi,
Next email will be sent on:,Sonraki e-posta gönderilecek:,
No,Hayır,
No Answer,Cevap Yok,
No of Docs,Doküman Sayısı,
No of Employees,Çalışan Sayısı,
No of Months (Expense),Ay Sayısı (Gider),
No of Months (Revenue),Ay Sayısı (Gelir),
No of Requested SMS,İstenen SMS Sayısı,
No of Sent SMS,Gönderilen SMS sayısı,
No of Shares,Ödeme Sayısı,
No of Visits,Ziyaret Sayısı,
No stock transactions can be created or modified before this date.,Bu tarihten önce Stok hareketleri oluşturulamaz veya değiştirilemez.,
No. of Employees,Personel Sayısı,
Non Conformance,Uygunsuzluk,
None,Yok,
Not Applicable,Uygulanamaz,
Not Billed,Faturalanmamış,
Not Delivered,Teslim Edilmedi,
Not Started,Başlatan yok,
Note,Not,
Note: Email will not be sent to disabled users,Not: E-posta erişimi engellenmeyecektir,
Notes,Notlar,
Notes HTML,Notlar HTML,
Notice (days),Bildirim (gün),
Notify Employee,çalışana bildir,
Notify Other,Diğerini bildir,
Notify Reposting Error to Role,Yeniden Gönderme Hatasını Role Bildir,
Notify Supplier,tedarikçiye bildir,
Notify Via Email,E-posta ile Bildir,
Notify by Email on Creation of Automatic Material Request,Otomatik Malzeme Talebi Oluşturulduğunda E-posta ile Bildir,
Notify customer and agent via email on the day of the appointment.,Randevu gününde e-posta yoluyla müşteriyi ve acenteyi bilgilendirin.,
Number of Columns,Sütun sayısı,
Number of Concurrent Appointments,Eşzamanlı Randevu Sayısı,
Number of Days,Gün Sayısı,
Number of columns for this section. 3 cards will be shown per row if you select 3 columns.,Bu bölüm için sütun sayısı. 3 sütun içerseniz her satırda 3 kart gösterecek.,
Number of days after invoice date has elapsed before canceling subscription or marking subscription as unpaid,Aboneliği iptal etmeden veya aboneliği ücretsiz olarak faturadan önce faturanın bitiminden sonraki gün sayısı geçmiştir.,
Number of days appointments can be booked in advance,Randevuların ölçü alınabileceği gün sayısı,
Number of days that the subscriber has to pay invoices generated by this subscription,Abonenin bu abonelik tarafından faturalarının kesilmesi zorunlu olduğu gün miktarı,
"Number of intervals for the interval field e.g if Interval is 'Days' and Billing Interval Count is 3, invoices will be generated every 3 days","Aralık alanı için aralıkların sayısı, örnek &#39;Günler&#39; ve Faturalama Aralığı 3 ise, faturalar her 3 günde bir oluşturur.",
Numeric,Rakamsal,
Numeric Inspection,Sayısal Kontrol,
Numeric Values,Sayısal Değerler,
O+,0 RH+,
O-,0 RH-,
Objective,Amaç,
Objectives,Hedefler,
Odometer Value (Last),Kilometre Sayacı Değeri (Son),
Off,Kapalı,
Offer Date,Teklif Tarihi,
Offsetting Account,Mahsuplaşma Hesabı,
Old Parent,Yaşlı Ebeveyn,
Oldest Of Invoice Or Advance,En Eski Fatura veya Avans,
On Hold,Beklemede,
On Hold Since,O zaman beri beklemede,
On Item Quantity,Öğe Miktarı,
On Net Total,Net Toplam,
On Paid Amount,Ödenen Tutar Üzerinden,
On Previous Row Amount,Önceki Satır Tutarı,
On Previous Row Total,Önceki Satır Toplamı,
On enabling this cancellation entries will be posted on the actual cancellation date and reports will consider cancelled entries as well,İptal girişleri gerçek iptal tarihinde yayınlanacak ve raporlar iptal edilen girişleri de dikkate alacaktır,
"On submission of the stock transaction, system will auto create the Serial and Batch Bundle based on the Serial No / Batch fields.","Stok işleminin gönderilmesi üzerine, sistem Seri No / Parti alanlarına dayalı olarak Seri ve Parti Paketini otomatik olarak oluşturacaktır.",
On-machine press checks,Makine üzerinde press kontrolü,
"Once set, this invoice will be on hold till the set date","Ayarlandıktan sonra, bu fatura yazılan tarihe kadar beklemeye alınır.",
Only 'Payment Entries' made against this advance account are supported.,Sadece bu avans hesabına yapılan 'Ödeme Girişleri' desteklenmektedir.,
Only Deduct Tax On Excess Amount ,Sadece Fazla Tutar Üzerinden Vergi Kesintisi Yapın,
Only Include Allocated Payments,Sadece Ayrılan Ödemeleri Dahil Et,
Only applies for Normal Payments,Sadece Normal Ödemeler için geçerlidir,
Only leaf nodes are allowed in transaction,İşlemde yalnızca yaprak düğümlere izin verilir,
Only show Customer of these Customer Groups,Sadece bu Müşteri Gruplarının Müşterisini arayın,
Only show Items from these Item Groups,Sadece bu Öğe Gruplarındaki Öğeleri göster,
"Only values between [0,1) are allowed. Like {0.00, 0.04, 0.09, ...}
Ex: If allowance is set at 0.07, accounts that have balance of 0.07 in either of the currencies will be considered as zero balance account","Yalnızca [0,1) arasındaki değerlere izin verilir. {0.00, 0.04, 0.09, ...} gibi
Örn: Eğer ödenek 0.07 olarak ayarlanırsa, her iki para biriminde de 0.07 bakiyesi olan hesaplar sıfır bakiyeli hesap olarak değerlendirilecektir",
Open,Açık,
Open Activities HTML,Açık Etkinlikler HTML,
Open Issues,Açık Sorunlar,
Open Notifications,Açık Bildirimler,
Open Projects,Açık Projeler,
Open Quotations,Açık Teklifler,
Open To Do,Açık Yapılacaklar,
Open Work Orders,İş Emirlerini Aç,
Opening Accumulated Depreciation,Birikmiş Amortisman Açılışı,
Opening Amount,Açılış Tutarı,
Opening Balance Details,Bakiye Ayrıntılarını Açma,
Opening Date,Açılış Tarihi,
Opening Entry,Açılış Kaydı,
Opening Invoice Creation Tool,Açılış Faturası Oluşturma Aracı,
Opening Invoice Creation Tool Item,Fatura Oluşturma Aracı Öğesini Açma,
Opening Number of Booked Depreciations,Kayıtlı Amortismanlar Açılış Sayısı,
Opening Stock,Açılış Stoku,
Opening Time,Açılış Zamanı,
Operating Cost,Operasyon Maliyeti,
Operating Cost (Company Currency),Operasyon Maliyeti (Şirket Para Birimi),
Operating Cost Per BOM Quantity,Ürün Ağacındaki Miktara Göre Operasyon Maliyeti,
Operating Cost(Company Currency),Operasyon Maliyeti (Şirket Para Birimi),
Operating Costs,Operasyon Maliyetleri,
Operation,Operasyon,
Operation & Workstation,Operasyon ve İş İstasyonu,
Operation Cost,Operasyon Maliyeti,
Operation Description,Operasyon Tanımı,
Operation ID,İşlem kimliği,
Operation Row Number,Operasyon Satır Numarası,
Operation Time,Çalışma Süresi,
Operation completed for how many finished goods?,Kaç Mamül için operasyon tamamlandı?,
Operation time does not depend on quantity to produce,Operasyon süresi üretilecek miktara bağlı değildir,
Operations,Operasyonlar,
Operator,Operatör,
Opportunities,Fırsatlar,
Opportunity,Fırsat,
Opportunity Amount,Fırsat Tutarı,
Opportunity Amount (Company Currency),Fırsat Tutarı (Company Currency),
Opportunity Date,Fırsat Tarihi,
Opportunity From,Fırsat Nerden,
Opportunity Item,Fırsat Ürünü,
Opportunity Lost Reason,Fırsat Kayıp Nedeni,
Opportunity Lost Reason Detail,Fırsat Kayıp Nedeni Ayrıntı,
Opportunity Owner,Fırsat Sahibi,
Opportunity Summary by Sales Stage,Satış Aşamasına göre Fırsat Özeti,
Opportunity Type,Fırsat Türü,
Opportunity Value,Fırsat Değeri,
Optimize Route,Rotayı Optimize Et,
Options,Seçenekler,
Orange,Portakal,
Order Confirmation Date,Sipariş Onay Tarihi,
Order Confirmation No,Sipariş Onay No,
Order Date,Sipariş Tarihi,
Order Information,Sipariş Bilgisi,
Order No,Sipariş No,
Order Status,Sipariş Durumu,
Order Type,Sipariş Türü,
"Order in which sections should appear. 0 is first, 1 is second and so on.","Hangi bölümlerin taşımalarını sıralayın. 0 birinci, 1 ikinci ve benzeri.",
Ordered,Sipariş verildi,
Ordered Qty,Sipariş Miktarı,
Ordered Quantity,Sipariş Miktarı,
Organization,Kurum Bilgisi,
Organization Name,İşletme Adı,
Orientation,Oryantasyon,
Original Item,Orjinal Ürün,
Other,Diğer,
Other Details,Diğer Ayrıntılar,
Other Info,Diğer Bilgiler,
Other Settings,Diğer Ayarlar,
Out of AMC,Çıkış AMC,
Out of Order,bozuk,
Out of Warranty,Garanti Dışı,
Outgoing,Giden,
Outgoing Rate,Giden Oranı,
Outstanding,Ödenmemiş,
Outstanding Amount,Ödenmemiş Tutar,
Outward,Dışa doğru,
Over Billing Allowance (%),Fazla Fatura Ödeneği (%),
Over Delivery/Receipt Allowance (%),Fazla Alış/Satış İrsaliyesi Ödeneği (%),
Over Picking Allowance,Fazla Seçim İzni,
Over Transfer Allowance,Fazla Aktarım Ödeneği,
Over Transfer Allowance (%),Aşırı Transfer Ödeneği (%),
Overdue,Vadesi Geçmiş,
Overdue Days,Gecikmiş Günler,
Overdue Payment,Gecikmiş ödeme,
Overdue Payments,Gecikmiş Ödemeler,
Overdue and Discounted,Gecikmiş ve İndirimli,
Overproduction Percentage For Sales Order,Satış Siparişi İçin Fazla Üretim Yüzdesi,
Overproduction Percentage For Work Order,İş Emri İçin Fazla Üretim Yüzdesi,
Overproduction for Sales and Work Order,Satış ve İş Emri için Fazla Üretim,
Overview,Genel Bakış,
Owned,Sahipli,
PAN No,PAN No,
PDF Name,PDF Adı,
PIN,PIN,
PMO-,PMO-,
PO Supplied Item,PO Tedarik Edilen Öğe,
PO-JOB.#####,PO-İŞ. #####,
POS,POS Satış Noktası,
POS Closing Entry,POS Kapanış Kaydı,
POS Closing Entry Detail,POS Kapanış Kaydı Detayı,
POS Closing Entry Taxes,POS Kapanış Kaydı Vergileri,
POS Customer Group,POS Müşteri Grubu,
POS Field,POS Alanı,
POS Invoice,POS Faturası,
POS Invoice Item,POS Fatura Kalemi,
POS Invoice Merge Log,POS Fatura Birleştirme Günlüğü,
POS Invoice Reference,POS Fatura Referansı,
POS Invoices,POS Faturaları,
POS Item Group,POS Ürün Grubu,
POS Opening Entry,POS Açılış Kaydı,
POS Opening Entry Detail,POS Açılış Girişi Detayı,
POS Payment Method,POS Ödeme Yöntemi,
POS Profile,POS Profili,
POS Profile User,POS Profil Kullanıcısı,
POS Register,POS Kaydı,
POS Search Fields,POS Arama Alanları,
POS Setting,POS Ayarları,
POS Settings,POS Ayarları,
POS Transactions,POS İşlemleri,
POS-CLO-,POS-ClO-,
PSOA Cost Center,PSOA Maliyet Merkezi,
PSOA Project,PSOA Projesi,
PU-SSP-.YYYY.-,PU-SSP-.YYYY.-,
PUR-ORD-.YYYY.-,PUR-ORD-.YYYY.-,
PUR-RFQ-.YYYY.-,PUR-TT-.YYYY.-,
PUR-SQTN-.YYYY.-,PUR-SQTN-.YYYY.-,
Package Weight Details,Paket Ağırlığı Detayları,
Packed Item,Paketli Ürün,
Packed Items,Paketli Ürünler,
Packed Qty,Paketlenen Miktar,
Packing List,Paket Listesi,
Packing Slip,Çeki Listesi,
Packing Slip Item,Çeki Listesi Kalemi,
Packing Unit,Paketleme Birimi,
Page Break,Sayfa Sonu,
Page Break After Each SoA,Her Hesap Ekstresinden Sonra Sayfa Sonu Ekle,
Paid,Ödendi,
Paid Amount,Ödenen Tutar,
Paid Amount (Company Currency),Ödenen Tutar (Şirket Para Biriminde),
Paid Amount After Tax,Vergi Sonrası Ödenen Tutar,
Paid Amount After Tax (Company Currency),Vergi Sonrası Ödenen Tutar (Şirket Para Birimi),
Paid From Account Type,Ödeme Yapılacak Hesap Türü,
Paid Loan,Ödenen Kredi,
Paid To Account Type,Ödenen Yapılacak Hesap Türü,
Pallets,Paletler,
Parameter,Parametre,
Parameter Group,Parametre Grubu,
Parameter Group Name,Parametre Grup Adı,
Parameter Name,Parametre Adı,
Parameters,Parametreler,
Parcel Template,Parsel Şablonu,
Parcel Template Name,Parsel Şablon Adı,
Parcels,Parseller,
Parent,Ana Kalem,
Parent Account,Ana Hesap,
Parent Batch,Ana Batch,
Parent Company,Ana Şirket,
Parent Cost Center,Ana Maliyet Merkezi,
Parent Customer Group,Ana Müşteri Grubu,
Parent Department,Ana Bölüm,
Parent Detail docname,Ana Detay belgesi adı,
Parent Document,Ana Belge,
Parent Item,Ana Kalem,
Parent Item Group,Ana Kalem Grubu,
Parent Location,Ana Konum,
Parent Procedure,Üst Prosedür,
Parent Row No,Üst Satır No,
Parent Sales Person,Ana Satış Elemanı,
Parent Supplier Group,Ana Tedarikçi Grubu,
Parent Task,Ana Görev,
Parent Territory,Ana Bölge,
Parent Warehouse,Ana Depo,
Partial Material Transferred,Kısmi Malzeme Transferi,
Partial Success,Kısmen Başarılı,
"Partial stock can be reserved. For example, If you have a Sales Order of 100 units and the Available Stock is 90 units then a Stock Reservation Entry will be created for 90 units. ","Kısmi stok rezerve edilebilir. Örneğin, 100 birimlik bir Satış Siparişiniz varsa ve Mevcut Stok 90 birimse, 90 birim için bir Stok Rezervi Girişi oluşturulacaktır.",
Partially Completed,Kısmen Tamamlandı,
Partially Delivered,Kısmen Teslim Edildi,
Partially Depreciated,Kısmen Değer Kaybına Uğramış,
Partially Fulfilled,Kısmen Karşılandı,
Partially Ordered,Kısmen Sipariş Edildi,
Partially Paid,Kısmen Ödendi,
Partially Received,Kısmen Alındı,
Partially Reconciled,Kısmen Uzlaşıldı,
Partially Reserved,Kısmen Ayrılmış,
Partly Billed,Kısmen Faturalandı,
Partly Delivered,Kısmen Teslim Edildi,
Partly Paid,Kısmen Ödenmiş,
Partly Paid and Discounted,Kısmen Ödenmiş ve İndirimli,
Partner Type,Cari Türü,
Partner website,Cari web sitesi,
Partnership,Ortaklık,
Party,Cari Hesap,
Party Account,Cari Hesap,
Party Account Currency,Cari Hesabı Dövizi,
Party Account No. (Bank Statement),Taraf Hesap No. (Banka Hesap Özeti),
Party Balance,Cari Bakiyesi,
Party Bank Account,Cari Banka Hesabı,
Party Details,Cari Detayları,
Party IBAN (Bank Statement),Taraf IBAN No (Banka Hesap Özeti),
Party Information,Cari Bilgisi,
Party Item Code,Parti Ürün Kodu,
Party Link,Cari Bağlantısı,
Party Name,Cari Adı,
Party Name/Account Holder (Bank Statement),Taraf Adı/Hesap Sahibi (Banka Hesap Özeti),
Party Specific Item,Cariye Özel Ürün,
Party Type,Cari Türü,
Party User,Cari Kullanıcısı,
Passed,Geçti,
Passport Details,Pasaport Detayları,
Passport Number,Pasaport Numarası,
Past Due Date,Son Tarih,
Path,Path,
Pause,Durdur,
Pause SLA On Status,Durum Açıkken SLA'yı Duraklat,
Paused,Duraklatıldı,
Pay,Ödeme,
Pay To / Recd From,Gönderen/Alınan,
Payable,Ödenecek Borç,
Payables,Borçlar,
Payer Settings,Ödeyici Ayarları,
Payment,Ödeme,
Payment Account,Ödeme Hesabı,
Payment Amount,Ödeme Tutarı,
Payment Amount (Company Currency),Ödeme Tutarı,
Payment Channel,Ödeme Kanalı,
Payment Deductions or Loss,Ödeme Kesintileri veya Zararı,
Payment Document,Ödeme Belgesi,
Payment Due Date,Son Ödeme Tarihi,
Payment Entries,Ödeme Girişleri,
Payment Entry,Ödeme Kaydı,
Payment Entry Deduction,Ödeme Giriş Kesintisi,
Payment Entry Reference,Ödeme giriş Referansı,
Payment From / To,Ödeme Giriş/Çıkış Bilgisi,
Payment Gateway,Ödeme Ağ Geçidi,
Payment Gateway Account,Ödeme Gateway Hesabı,
Payment Gateway Details,Ödeme Gateway Detayları,
Payment Ledger,Ödeme Defteri,
Payment Ledger Entry,Ödeme Defteri Girişi,
Payment Limit,Ödeme Limiti,
Payment Methods,Ödeme metodları,
Payment Order,Ödeme Emri,
Payment Order Reference,Ödeme Sipariş Referansı,
Payment Order Status,Ödeme Emri Durumu,
Payment Order Type,Ödeme Emri Türü,
Payment Ordered,Ödeme Siparişi,
Payment Period Based On Invoice Date,Fatura Tarihine Göre Ödeme Dönemi,
Payment Plan,Ödeme tesisi,
Payment Reconciliation,Ödeme Mutabakat,
Payment Reconciliation Allocation,Ödeme Mutabakatı Tahsisi,
Payment Reconciliation Invoice,Fatura Ödeme Mutabakatı,
Payment Reconciliation Payment,Ödeme Mutabakat Ödemesi,
Payment Reconciliation Settings,Ödeme Mutabakat Ayarları,
Payment Reference,Ödeme Referansı,
Payment References,Ödeme Referansları,
Payment Request,Ödeme Talebi,
Payment Request Outstanding,Ödeme Talebi Bekleyen Tutar,
Payment Request Type,Ödeme İsteği Türü,
Payment Request created from Sales Order or Purchase Order will be in Draft status. When disabled document will be in unsaved state.,Satış Siparişi veya Satın Alma Siparişinden oluşturulan Ödeme Talebi Taslak durumunda olacaktır. Devre dışı bırakıldığında belge kaydedilmemiş durumda olacaktır.,
Payment Schedule,Ödeme Planı,
Payment Term,Ödeme Vadesi,
Payment Term Name,Ödeme Süresi Adı,
Payment Term Outstanding,Ödeme Vadesi Bekleyen Tutar,
Payment Terms,Ödeme Vadesi,
Payment Terms Status for Sales Order,Satış Siparişi için Ödeme Vadesi Durumu,
Payment Terms Template,Ödeme Vadesi Şablonu,
Payment Terms Template Detail,Ödeme Protokolleri Şablon Ayrıntısı,
Payment Terms from orders will be fetched into the invoices as is,Siparişlerdeki Ödeme Vadesi olduğu gibi faturalara yansıtılacaktır,
Payment Type,Ödeme Tipi,
Payments,Ödemeler,
Payroll Entry,Bordro Girişi,
Payslip,maaş bordrosu,
Pending,Bekliyor,
Pending Amount,Bekleyen Tutar,
Pending Qty,Bekleyen Miktar,
Pending Review,İnceleme Bekliyor,
Pending SO Items For Purchase Request,Satınalma Talebi Bekleyen PO Ürünleri,
Per Month,Aylık,
Per Received,Alınan Başına,
Per Transferred,Transfer başına,
Per Week,Haftalık,
Per Year,Yıllık,
Percentage,Yüzde,
Percentage (%),Yüzde (%),
Percentage Allocation,Yüzde Tahsisi,
Percentage you are allowed to order beyond the Blanket Order quantity.,Blanket Sipariş miktarının ötesinde sipariş vermenize izin verilen yüzde.,
Percentage you are allowed to sell beyond the Blanket Order quantity.,Tam Sipariş miktarının ötesinde satış yapmanıza izin verilen yüzde.,
Percentage you are allowed to transfer more against the quantity ordered. For example: If you have ordered 100 units. and your Allowance is 10% then you are allowed to transfer 110 units.,"Yüzde, sipariş edilen miktara karşı daha fazla transfer yapmanıza izin verilir. Örneğin: 100 birim sipariş ettiyseniz. Harcırahınız %10'dur ve 110 birim aktarmanıza izin verilecektir.",
Period Closing Settings,Dönem Kapanış Ayarları,
Period Closing Voucher,Dönem Kapanış Fişi,
Period Details,Dönem Detayları,
Period End Date,Dönem Sonu Tarihi,
Period Name,Dönem Adı,
Period Score,Dönem Skoru,
Period Settings,Dönem Ayarları,
Period Start Date,Dönem Başlangıç Tarihi,
Period To Date,Dönem Sonu Tarihi,
Periodicity,Periyodik olarak tekrarlanma,
Permanent Address,Daimi Adres,
Permanent Address Is,kKlıcı Adres,
Personal Details,Kişisel Bilgiler,
Personal Email,Kişisel E-posta,
Petrol,Benzin,
Phone,Telefon,
Phone Ext.,Dahili Telefon,
Phone No,Telefon No,
Phone Number,Telefon Numarası,
Pick List,Pick List,
Pick List Item,Pick List Öğesini Seç,
Pick Manually,Manuel Seçim,
Pick Serial / Batch Based On,Seri / Parti Bazlı Seçim,
Pick Serial / Batch No,Seri / Parti No Seç,
Picked Qty,Toplanan Miktar,
Picked Qty (in Stock UOM),Toplanan Mik (Stok Birimi),
Pickup,Teslim Al,
Pickup Contact Person,Teslim Alacak İrtibat Kişisi,
Pickup Date,Teslim Alma Tarihi,
Pickup From,Teslim Alma Yeri,
Pickup Type,Teslim Alma Türü,
Pickup from,Teslim alma yeri,
Pickup to,Teslim Edilecek Yer,
Place of Issue,Verildiği Yer,
Plaid Access Token,Ekose Erişim Simgesi,
Plaid Client ID,Plaid Client ID,
Plaid Environment,Plaid Environment,
Plaid Secret,Plaid Secret,
Plaid Settings,Plaid Ayarları,
Plan,Plan,
Plan Name,Plan Adı,
Plan material for sub-assemblies,Alt-montaj için Malzeme Planla,
Plan operations X days in advance,İşlemleri X gün önceden planlayın,
Plan time logs outside Workstation working hours,Zaman günlüklerini İş İstasyonu çalışma saatleri dışında planlayın,
Plan to Request Qty,Talep Miktarını Planla,
Planned,planlı,
Planned End Date,Planlanan Bitiş Tarihi,
Planned End Time,Planlanan Bitiş Zamanı,
Planned Operating Cost,Planlanan Operasyon Maliyeti,
Planned Qty,Planlanan Miktar,
Planned Quantity,Planlanan Miktar,
Planned Start Date,Planlanan Başlangıç Tarihi,
Planned Start Time,Planlanan Başlangıç Zamanı,
Planning,Planlama,
Plans,Planlar,
Plant Dashboard,Üretim Alanı Gösterge Panosu,
Plant Floor,Fabrika Katı,
Point Of Sale,Satış Noktası,
Policy No,Poliçe No,
Policy number,Poliçe numarası,
Portal,Portal,
Portal User,Portal Kullanıcısı,
Portal Users,Portal Kullanıcıları,
Portrait,Portrait,
Post Description Key,Mesaj Açıklama Anahtarı,
Post Graduate,Lisans Üstü,
Post Route Key,Rota Yolu Sonrası,
Post Route Key List,Rota Rota Listesini Kaydet,
Post Route String,Rota Dizisi Gönder,
Post Title Key,Yazı Başlığı Anahtarı,
Posting Date,Gönderim Tarihi,
Posting Date Inheritance for Exchange Gain / Loss,Kur Farkı Karı / Zararı İçin Muhasebe Tarihi Devralımı,
Posting Datetime,Gönderim Tarih ve Saati,
Posting Time,Gönderim Saati,
Potential Sales Deal,Potansiyel Satış Anlaşması,
Prefered Contact Email,Tercih Edilen E-posta İletişim,
Prefered Email,Tercih edilen e-posta,
Prevdoc DocType,Önceki Doküman,
Prevent POs,PO'ları Önle,
Prevent Purchase Orders,Satınalma Siparişlerini Önleme,
Prevent RFQs,RFQ'ları Önle,
Preventive,Önleyici,
Preventive Action,Önleyici İşlem,
Preventive Maintenance,Koruyucu Bakım,
Preview,Önizleme,
Preview Email,E-posta Önizlemesi,
Preview Required Materials,Gerekli Malzemeleri İncele,
Previous Work Experience,Önceki İş Deneyimi,
Price,Fiyat,
Price Discount Scheme,Fiyat İndirim Şeması,
Price Discount Slabs,Fiyat İndirim Levhaları,
Price List,Fiyat Listesi,
Price List Country,Fiyat Listesi Ülkesi,
Price List Currency,Fiyat Listesi Para Birimi,
Price List Defaults,Fiyat Listesi Varsayılanları,
Price List Exchange Rate,Fiyat Listesi Döviz Kuru,
Price List Name,Fiyat Listesi Adı,
Price List Rate,Fiyat Listesi Oranı,
Price List Rate (Company Currency),Fiyat Listesi Oranı (Şirket Para Birimi),
Price Not UOM Dependent,Fiyat Birime Bağlı Değil,
Price or Product Discount,Fiyat veya Ürün İndirimi,
Pricing Rule,Fiyatlandırma Kuralı,
Pricing Rule Brand,Fiyatlandırma Kural Markası,
Pricing Rule Detail,Fiyatlandırma Kuralı Detayı,
Pricing Rule Help,Fiyatlandırma Kuralı Yardım,
Pricing Rule Item Code,Fiyatlandırma Kuralı Ürün Kodu,
Pricing Rule Item Group,Fiyatlandırma Kuralı Madde Grubu,
Pricing Rules,Fiyatlandırma Kuralları,
Primary Address,Birincil Adres,
Primary Address and Contact,Birincil Adres ve İletişim,
Primary Contact,Birincil İlgili Kişi,
Primary Contact Email,Birincil İletişim E-postası,
Primary Party,Birincil Parti,
Primary Role,Birincil Rol,
Primary Settings,Primary Ayarları,
Print Format,Yazdırma Formatı,
Print Heading,Yazdırma Başlığı,
Print Language,Yazdırma Dili,
Print Preferences,Baskı Tercihleri,
Print Receipt on Order Complete,Sipariş Tamamlandığında Makbuz Yazdır,
Print Settings,Yazdırma Ayarları,
Print Without Amount,Tutar olmadan Yazdır,
Printing Details,Baskı Detayları,
Printing Settings,Baskı Ayarları,
Priorities,Öncelikler,
Priority,Öncelik,
Probability,Olasılık,
Probability (%),Olasılık (%),
Problem,Problem,
Procedure,Prosedür,
Process Deferred Accounting,Ertelenmiş Muhasebe İşlemi,
Process Description,Süreç Açıklaması,
Process Loss,İşletme Zararı,
Process Loss Qty,Kayıp Proses Miktarı,
Process Loss Report,İşlem Kaybı Raporu,
Process Owner,İşlem Sahibi,
Process Owner Full Name,İşlem Sahibinin Tam Adı,
Process Payment Reconciliation,Ödeme Mutabakatını İşle,
Process Payment Reconciliation Log,Ödeme Mutabakat Günlüğünü İşle,
Process Payment Reconciliation Log Allocations,Ödeme Mutabakat Günlüğü Tahsislerini İşle,
Process Statement Of Accounts,Hesapların İşlem Bildirimi,
Process Statement Of Accounts CC,Hesap Özeti İşlemi,
Process Statement Of Accounts Customer,Müşteri Hesaplarının İşlem Beyanı,
Process Subscription,Aboneliği İşle,
Process in Single Transaction,Tek Bir İşlemde İşle,
Processed BOMs,İşlenmiş Ürün Ağaçları,
Processes,Süreçler,
Procurement Tracker,Tedarik Takibi,
Produced,Üretilen,
Produced Qty,Üretilen Miktar,
Produced Quantity,Üretilen Miktar,
Product,Ürün,
Product Bundle,Ürün Paketi,
Product Bundle Balance,Ürün Bundle Bakiyesi,
Product Bundle Help,Ürün Paketi Yardımı,
Product Bundle Item,Ürün Bundle Ögesi,
Product Discount Scheme,Ürün İndirim Şeması,
Product Discount Slabs,Ürün İndirimli Döşeme,
Product Enquiry,Ürün Sorgulama,
Product Price ID,Ürün Fiyat Kimliği,
Production,Üretim,
Production Analytics,Üretim Analitiği,
Production Item,Üretim Kalemi,
Production Plan,Üretim Planı,
Production Plan Item,Üretim Planı nesnesi,
Production Plan Item Reference,Üretim Planı Öge Referansı,
Production Plan Material Request,Üretim Planı Malzeme Talebi,
Production Plan Material Request Warehouse,Üretim Planı Malzeme Talebi Deposu,
Production Plan Qty,Planlanan Üretim Miktarı,
Production Plan Sales Order,Üretim Planı Satış Siparişi,
Production Plan Sub Assembly Item,Üretim Planı Alt Montaj Ürünü,
Production Plan Sub-assembly Item,Üretim Planı Alt Montaj Öğesi,
Production Plan Summary,Üretim Planı Özeti,
Production Planning Report,Üretim Planlama Raporu,
Profile,Profil,
Profit & Loss,Kar &  Zarar,
Profit and Loss,Kâr ve Zarar,
Profit and Loss Statement,Kar ve Zarar Tablosu,
Profit and Loss Summary,Kâr ve Zarar Özeti,
Profitability Analysis,Karlılık Analizi,
Progress,İlerleme,
Project,Proje,
Project Billing Summary,Proje Fatura Özeti,
Project Name,Proje Adı,
Project Status,Proje Durumu,
Project Summary,Proje Açıklaması,
Project Template,Proje Şablonu,
Project Template Task,Proje Şablonu Görevi,
Project Type,Proje Tipi,
Project Update,Proje Güncellemesi,
Project User,Proje Kullanıcısı,
Project will be accessible on the website to these users,Şu kullanıcılar projeye web sitesinden erişebilecek,
Project wise Stock Tracking,Proje bazlı Stok Takibi,
Projected,Öngörülen,
Projected Qty,Öngörülen Miktar,
Projected Quantity as Source,Kaynak olarak Öngörülen Miktarı,
Projects,Projeler,
Projects Manager,Proje Yöneticisi,
Projects Settings,Proje Ayarları,
Projects User,Proje Kullanıcısı,
Promotional,Promosyonel,
Promotional Scheme,Tanıtım Şeması,
Promotional Scheme Id,Promosyon Şeması No,
Promotional Scheme Price Discount,Promosyon Şeması Fiyat İndirimi,
Promotional Scheme Product Discount,Promosyon Programı Ürün İndirimi,
Prompt Qty,İstem Miktarı,
Prorate,eşit olarak dağıtmak,
Prospect,Potansiyel Müşteri,
Prospect Lead,Potansiyel Müşteri Adayı,
Prospect Opportunity,Portnasiyel Müşteri Fırsatı,
Prospect Owner,Potansiyel Sahibi,
Prospects Engaged But Not Converted,İlgilenilen Potansiyel Müşteriler,
Provide Email Address registered in company,şirket şirket E-posta Adresi bağlantısı,
Provider,Sağlayıcı,
Providing,Sağlama,
Provisional Expense Account,Geçici Gider Hesabı,
Publish Date,Yayın tarihi,
Publisher,Yayınlayan,
Publisher ID,Yayıncı Kimliği,
Purchase,Satınalma,
Purchase Amount,Satınalma Tutarı,
Purchase Analytics,Satınalma Analizi,
Purchase Date,Satınalma Tarihi,
Purchase Defaults,Satınalma Varsayılanları,
Purchase Details,Satın alma detayları,
Purchase Invoice,Satınalma Faturası,
Purchase Invoice Advance,Satınalma Faturası Avansı,
Purchase Invoice Item,Satınalma Faturası Kalemi,
Purchase Invoice Trends,Satınalma Faturası Analizi,
Purchase Manager,Satınalma Yöneticisi,
Purchase Master Manager,Satınalma Master Yönetici,
Purchase Order,Satınalma Siparişi,
Purchase Order Analysis,Satınalma Siparişi Analizi,
Purchase Order Item,Satınalma Siparişi Ürünleri,
Purchase Order Item Supplied,Tedarik Edilen Satınalma Siparişi Ürünü,
Purchase Order Pricing Rule,Satınalma Siparişi Fiyatlandırma Kuralı,
Purchase Order Trends,Satınalma Sipariş Analizi,
Purchase Orders Items Overdue,Satın alınan siparişler gecikmiş ürünler,
Purchase Orders to Bill,Siparişleri Faturaya Alın,
Purchase Orders to Receive,Teslim alınacak Satınalma Siparişleri,
Purchase Receipt,Satınalma İrsaliyesi,
Purchase Receipt (Draft) will be auto-created on submission of Subcontracting Receipt.,Satınalma İrsaliyesi (Taslak) Fason Sözleşme Fişinin teslim edilmesi üzerine otomatik olarak oluşturulacaktır.,
Purchase Receipt Detail,Satınalma Makbuzu Ayrıntısı,
Purchase Receipt Item,Alış Fişi Ürünleri,
Purchase Receipt Item Supplied,Tedarik edilen satınalma makbuzu ürünü,
Purchase Receipt Items,Satınalma İrsaliyesi Ürünleri,
Purchase Receipt No,Alış İrsaliye No,
Purchase Receipt Trends,Satınalma İrsaliyesi Analizi,
Purchase Receipts,Satınalma İrsaliyeleri,
Purchase Register,Satınalma Kaydı,
Purchase Tax Template,Vergi Şablonu Satınalma,
Purchase Taxes and Charges,Alış Vergisi ve Harçları,
Purchase Taxes and Charges Template,Alış Vergisi ve Harçlar Şablonu,
Purchase User,Satınalma Kullanıcısı,
Purchased,Satın alındı,
Purchasing,Satınalma,
Purple,Mor,
Purpose,Amaç,
Purposes,Amaçları,
Putaway Rule,Yerleştirme Kuralı,
Qty,Miktar,
Qty (Company),Miktar (Şirket),
Qty (Warehouse),Miktar (Depo),
Qty After Transaction,İşlem Sonrası Miktar,
Qty As Per BOM,BOMa göre Mik,
Qty Change,Miktar Değişimi,
Qty Consumed Per Unit,Birim Başına Tüketilen Miktar,
Qty In Stock,Stok Miktarı,
Qty To Manufacture,Üretilecek Miktar,
Qty To Produce,Üretilecek Miktar,
Qty and Rate,Miktar ve Oran,
Qty as Per Stock UOM,Stok Birimine Göre Miktar,
Qty as per Stock UOM,Stok Birimi için Miktar,
Qty for which recursion isn't applicable.,Yinelemenin uygulanamadığı miktar.,
Qty in Stock UOM,Stok Biriminde Miktar,
Qty of Finished Goods Item,Mamül Kalem Miktarı,
Qty of raw materials will be decided based on the qty of the Finished Goods Item,"Hammadde miktarına, Mamül Kalem miktarına göre karar verecek.",
Qty to Be Consumed,Tüketilecek Miktar,
Qty to Transfer,Aktarılacak Miktar,
Qualification,Yeterlilik,
Qualification Status,Yeterlilik Durumu,
Qualified,Nitelikli,
Qualified By,Yeterlilik Veren,
Qualified on,Yeterlilik Tarihi,
Quality,Kalite,
Quality Action,Kalite İşlemi,
Quality Action Resolution,Kalite Eylem Çözünürlüğü,
Quality Feedback,Kalite Geri Bildirimi,
Quality Feedback Parameter,Kalite Geribildirim Parametresi,
Quality Feedback Template,Kalite Geri Bildirim Şablonu,
Quality Feedback Template Parameter,Kalite Geribildirim Şablon Parametresi,
Quality Goal,Kalite Hedefi,
Quality Goal Objective,Kalite Hedef Amaç,
Quality Inspection,Kalite Kontrol,
Quality Inspection Parameter,Kalite Kontrol Parametresi,
Quality Inspection Parameter Group,Kalite Kontrol Parametre Grubu,
Quality Inspection Reading,Kalite Kontrol Okuma,
Quality Inspection Required,Kalite Denetimi Gerekli,
Quality Inspection Settings,Kalite Kontrol Ayarları,
Quality Inspection Summary,Kalite Muayene Özeti,
Quality Inspection Template,Kalite Kontrol Şablonu,
Quality Inspection Template Name,Kalite Kontrol Şablonu Adı,
Quality Management,Kalite Yönetimi,
Quality Manager,Kalite Yöneticisi,
Quality Meeting,Kalite Toplantısı,
Quality Meeting Agenda,Kalite Toplantı Gündemi,
Quality Meeting Minutes,Kalite Toplantı Tutanakları,
Quality Procedure,Kalite Prosedürü,
Quality Procedure Process,Kalite hükümleriü Süreci,
Quality Review,Kalite İnceleme,
Quality Review Objective,Kalite İnceleme Amacı,
Quantity,Miktar,
Quantity  that must be bought or sold per UOM,UOM başına satın alınması veya satılması gereken miktar,
Quantity & Stock,Miktar ve Stok,
Quantity Difference,Miktar Farkı,
Quantity and Amount,Miktar ve Tutar,
Quantity and Description,Miktar ve Açıklama,
Quantity and Rate,Miktarı ve Oranı,
Quantity and Warehouse,Miktar ve Depo,
Quantity of item obtained after manufacturing / repacking from given quantities of raw materials,Belirli miktarlarda ham maddeden üretim / yeniden paketleme sonrasında elde edilen ürün miktarı,
Quarterly,Üç ayda bir,
Query Options,Sorgu Seçenekleri,
Query Route String,Sorgu Rota Dizesi,
Queued,Sıraya alındı,
Quick Stock Balance,Hızlı Stok Bakiyesi,
Quotation,Satış Teklifi,
Quotation Item,Teklif Kalemi,
Quotation Lost Reason,Teklif Kayıp Nedeni,
Quotation Lost Reason Detail,Teklif Kayıp Nedeni Ayrıntıları,
Quotation Number,Teklif Numarası,
Quotation To,Teklif Kime,
Quotation Trends,Teklif Analizi,
Quote Status,Alıntı Durumu,
Raise Material Request When Stock Reaches Re-order Level,Stok Yeniden Sipariş Düzeyine Ulaştığında Malzeme Talebini Artırın,
Raised By,Talep eden,
Raised By (Email),Talep eden (Email),
Random,Rastgele,
Range,Aralık,
Rate,Oran,
Rate & Amount,Oran ve Miktar,
Rate (Company Currency),Oranı (Şirket Para Birimi),
Rate Of Materials Based On,Malzeme Fiyatı Şuna göre,
Rate Of TDS As Per Certificate,Sertifikaya Göre TDS Oranı,
Rate Section,Oran Bölümü,
Rate With Margin,Marjlı Oran,
Rate With Margin (Company Currency),Marjla Oran (Şirket Para Birimi),
Rate and Amount,Oran ve Miktar,
Rate at which Customer Currency is converted to customer's base currency,Müşteri Para Biriminin Müşterinin temel birimine dönüştürme oranı,
Rate at which Price list currency is converted to company's base currency,Fiyat listesi para biriminin şirketin temel para birimine dönüştürme oranı,
Rate at which Price list currency is converted to customer's base currency,Fiyat listesi para biriminin temel verileri para birimine dönüştürme oranı,
Rate at which customer's currency is converted to company's base currency,Müşterinin para biriminin şirketin temel para birimine dönüştürme oranı,
Rate at which supplier's currency is converted to company's base currency,Tedarikçinin para biriminin şirketin temel para birimine dönüştürme oranı,
Rate at which this tax is applied,Bu verginin uygulanma oranı,
Rate of Depreciation,Amortisman Oranı,
Rate of Depreciation (%),Amortisman Oranı (%),
Rate of Interest (%) Yearly,Yıllık Faiz Oranı (%),
Rate of Stock UOM,Stok Birimi Oranı,
Rate or Discount,Oran veya İndirim,
Rates,Oranlar,
Rating,Değerlendirme,
Raw Material Cost,Hammadde Maliyeti,
Raw Material Cost (Company Currency),Hammadde Maliyeti (Şirket Para Birimi),
Raw Material Cost Per Qty,Birim Başına Hammadde Maliyeti,
Raw Material Item Code,Hammadde Malzeme Kodu,
Raw Materials,Hammaddeler,
Raw Materials Actions,Hammadde Aksiyonları,
Raw Materials Consumed,Tüketilen Hammaddeler,
Raw Materials Supplied,Tedarik edilen Hammaddeler,
Raw Materials Supplied Cost,Tedarik edilen Hammadde Maliyeti,
Raw Materials Warehouse,Hammadde Deposu,
Re-order Level,Yeniden Sipariş Seviyesi,
Re-order Qty,Yeniden Sipariş Mik,
Read Only,Salt Okunur,
Reading 1,Okuma 1,
Reading 10,Okuma 10,
Reading 2,Okuma 2,
Reading 3,Okuma 3,
Reading 4,Okuma 4,
Reading 5,Okuma 5,
Reading 6,Okuma 6,
Reading 7,Okuma 7,
Reading 8,Okuma 8,
Reading 9,Okuma 9,
Reading Value,Okuma Değeri,
Readings,Okumalar,
Reason For Putting On Hold,Beklemeye Alma Nedeni,
Reason for Leaving,Ayrılma Nedeni,
Recalculate Incoming/Outgoing Rate,Gelen/Giden Oranını Yeniden Hesapla,
Receipt,Makbuz,
Receipt Document,Fiş Belgesi,
Receipt Document Type,Fiş Belge Türü,
Receivable,Alacak,
Receivable / Payable Account,Alacak / Borç Hesabı,
Receivable/Payable Account,Alacak / Borç Hesabı,
Receivables,Alacaklar,
Receive,Tahsilat,
Received,Alındı,
Received Amount,alınan Tutar,
Received Amount (Company Currency),alınan Tutar (Şirket Para Birimi),
Received Amount After Tax,Vergi Sonrası Alınan Tutar,
Received Amount After Tax (Company Currency),Vergi Sonrası Ödenen Tutar (Şirket Para Birimi),
Received Items To Be Billed,Faturalanacak Kalemler,
Received Qty,Alınan Miktar,
Received Qty in Stock UOM,Stok Biriminde Alınan Miktar,
Received Quantity,Alınan Miktar,
Received and Accepted,Alındı ve Kabul edildi,
Receiver List,Alıcı Listesi,
Receiving,Alınıyor (mal kabul),
Recipient,Alıcı,
Recipient Message And Payment Details,Alıcı Mesaj Ve Ödeme Ayrıntısı,
Recipients,Alıcılar,
Reconcile,Uzlaştır,
Reconcile All Serial Nos / Batches,Tüm Seri No ve Partileri Doğrula,
Reconcile Effect On,Mutabakat Etkisi Açık,
Reconcile on Advance Payment Date,Avans Ödeme Tarihinde Mutabakat Sağla,
Reconciled,Mutabık,
Reconciled Entries,Mutabakat Girişleri,
Reconciliation Date,Mutabakat Tarihi,
Reconciliation Error Log,Mutabakat Hata Günlüğü,
Reconciliation Queue Size,Mutabakat Kuyruğu Boyutu,
Reconciliation Takes Effect On,Mutabakat Şu Tarihlerde Yürürlüğe Girer,
Recording HTML,Kayıt HTML,
Recording URL,URL kaydediliyor,
Recurse Every (As Per Transaction UOM),Her Tekrar (İşlem Ölçü Birimine Göre),
Red,Kırmızı,
Redeem Against,Karşı Kullan,
Redeem Loyalty Points,Sadakat Puanı Kullan,
Redeemed Points,Kullanılan Puanlar,
Redemption,Kullanım,
Redemption Account,Kullanım Hesabı,
Redemption Cost Center,Kullanım Maliyet Merkezi,
Redemption Date,Kullanım Tarihi,
Ref Code,Referans Kodu,
Reference,Referans,
Reference Date,Referans Tarihi,
Reference Detail,Referans Detayı,
Reference Detail No,Referans Detay No,
Reference Doctype,Referans Belge Türü,
Reference Document,Referans Belgesi,
Reference Document Name,Referans Döküman Adı,
Reference Document Type,Referans Belge Türü,
Reference Due Date,Referans Sona Erme Tarihi,
Reference Exchange Rate,Referans Döviz Kuru,
Reference Name,Referans Adı,
Reference No,Referans No,
Reference Number,Referans Numarası,
Reference Purchase Receipt,Referans Satınalma Fişi,
Reference Row,Referans Satır,
Reference Row #,Referans Satırı #,
Reference Type,Referans Tipi,
Reference number of the invoice from the previous system,Önceki Sistemde Kayıtlı Fatura Numarası,
References,Referanslar,
Referral Code,Yönlendirme Kodu,
Referral Sales Partner,Referans Satış Ortağı,
Refresh Google Sheet,Google E-Tablosunu Yenile,
Regional,Bölgesel,
Registration Details,Kayıt Detayları,
Regular,Düzenli,
Rejected,Reddedildi,
Rejected Qty,Reddedilen Miktar,
Rejected Quantity,Reddilen Miktar,
Rejected Serial No,Seri No Reddedildi,
Rejected Serial and Batch Bundle,Reddedilen Seri ve Parti,
Rejected Warehouse,Reddedilen Depo,
Relation,İlişki,
Release Date,Yayın Tarihi,
Relieving Date,Ayrılma Tarihi,
Reload,Yeniden Yükle,
Remark,Dikkat,
Remarks,Açıklamalar,
Remarks Column Length,Açıklamalar Sütun Uzunluğu,
Rename Attribute Value in Item Attribute.,Öğe Özniteliğinde Öznitelik Değerini Yeniden Adlandırın.,
Rename Log,Girişi yeniden tanımlama,
Rename Tool,Yeniden adlandırma aracı,
Rent Cost,Kira Bedeli,
Rented,Kiralanmış,
Reorder level based on Warehouse,Depo bazlı Yeniden sipariş seviyesi,
Repack,Yeniden Paketle,
Repair Cost,Tamir Ücreti,
Repair Details,Tamir Detayları,
Repair Status,Onarım Durumu,
Replace,Değiştir,
Replace BOM,BOM değiştirme,
"Replace a particular BOM in all other BOMs where it is used. It will replace the old BOM link, update cost and regenerate ""BOM Explosion Item"" table as per new BOM.
It also updates latest price in all the BOMs.","Bu talimat, bir Ürün Ağacını başka Ürün Ağaçlarında kullanıldığında otomatik olarak günceller. Eski Ürün Ağacı bağlantısı değiştirilir, güncellenmiş maliyetler yeniden hesaplanır ve yeni Ürün Ağacı üzerinden tüm bileşenlerin listesi yeniden oluşturulur. Bu süreç, üretim ve maliyet hesaplamalarında tutarlılığı sağlar.",
Replied,Yanıtlandı,
Report,Rapor,
Report Date,Tarihi Rapor,
Report Filters,Rapor Filtreleri,
Report Type,Rapor Türü,
Reports,Raporlar,
Reports to,Rapor verilen kişi,
Repost Accounting Ledger,Muhasebe Defterini Yeniden Gönder,
Repost Accounting Ledger Items,Muhasebe Defteri Kalemlerini Yeniden Gönder,
Repost Accounting Ledger Settings,Muhasebe Defteri Ayarlarını Yeniden Gönder,
Repost Allowed Types,Yeniden Göndermeye İzin Verilen Türler,
Repost Error Log,Hata Günlüğünü Yeniden Gönder,
Repost Item Valuation,Yeniden Değerleme,
Repost Payment Ledger,Ödeme Defterini Yeniden Gönder,
Repost Payment Ledger Items,Ödeme Defteri Kalemlerini Yeniden Gönder,
Repost Status,Yeniden Gönderme Durumu,
Reposting Data File,Veri Dosyasını Yeniden Gönderme,
Reposting Info,Yeniden Gönderilen Bilgiler,
Represents Company,Firmayı Temsil Ediyor,
Represents a Financial Year. All accounting entries and other major transactions are tracked against the Fiscal Year.,Mali Yılı temsil eder. Tüm muhasebe kayıtları ve diğer önemli işlemler Mali Yıla göre takip edilir.,
Request Parameters,İstek Parametreleri,
Request Type,Talep Türü,
Request for,Talep şunun için,
Request for Information,Bilgi Talebi,
Request for Quotation,Teklif Talebi,
Request for Quotation Item,Fiyat Teklif Talebi Kalemi,
Request for Quotation Supplier,Fiyat Teklif Talebi Tedarikçisi,
Requested,Talep,
Requested Items To Be Transferred,Aktarılması istenen Ürünler,
Requested Items to Order and Receive,Sipariş Edilmesi ve Teslim Alınması İstenen Ürünler,
Requested Numbers,Talep Sayıları,
Requested Qty,Talep Miktarı,
Required By,Gerekli tarih,
Required Date,Gerekli Tarih,
Required Items,Gerekli Ürünler,
Required Qty,İhtiyaç Miktarı,
Requirement,Gereksinim,
Requires Fulfilment,Yerine Getirilmesi Gerekir,
"Reselect, if the chosen address is edited after save",Seçilen adres kaydedildikten sonra düzenlenirse yeniden seçin,
"Reselect, if the chosen contact is edited after save",Seçilen kişi kaydedildikten sonra düzenlenirse yeniden seçin,
Reservation Based On,Rezervasyona Göre,
Reserve Stock,Stok Rezervi,
Reserve Warehouse,Rezerv Deposu,
Reserved,Ayrılmış,
Reserved Qty,Ayrılmış Miktar,
Reserved Qty for Production,Üretim için Miktar saklıdır,
Reserved Qty for Production Plan,Üretim Planı İçin Ayrılan Miktar,
Reserved Qty for Subcontract,Alt Yüklenici İçin Ayrılan Miktar,
Reserved Stock,Ayrılmış Stok,
Reset Company Default Values,Şirket Varsayılan Değerlerini Sıfırla,
Reset Raw Materials Table,Hammadde Tablosunu Sıfırla,
Reset Service Level Agreement,Servis Seviyesi Sözleşmesini Sıfırla,
Resignation Letter Date,İstifa Mektubu Tarihi,
Resolution,Karar,
Resolution By,Çözen,
Resolution Date,Çözüm Tarihi,
Resolution Details,Çözüm Detayları,
Resolution Due,Çözüm Tarihi,
Resolution Time,Çözünürlük Zamanı,
Resolutions,Kararlar,
Resolved,Çözüldü,
Resolved By,Çözen,
Response By,Yanıtlayan,
Response Details,Yanıt Ayrıntıları,
Response Key List,Yanıt Anahtar Listesi,
Response Options,Yanıt Seçenekleri,
Response Result Key Path,Yanıt Sonuç Anahtar Yolu,
Response and Resolution,Yanıt ve Çözüm,
Responsible,Sorumluluk sahibi,
Restrict,Kısıtlama,
Restrict Items Based On,Ürünleri Şuna Göre Kısıtla,
Restrict to Countries,Ülkelere Kısıtla,
Result Key,Sonuç Anahtarı,
Result Preview Field,Sonuç Önizleme Alanı,
Result Route Field,Sonuç Rota Alanı,
Result Title Field,Sonuç Başlık Alanı,
Retain Sample,Numuneyi Sakla,
Retried,Yeniden Denendi,
Return,İade,
Return Against,Karşılık Gelen Fatura,
Return Against Delivery Note,İrsaliye Karşılığında İade,
Return Against Purchase Invoice,Karşı Satınalma Fatura Dönüş,
Return Against Purchase Receipt,İrsaliye Karşılığında İade,
Return Against Subcontracting Receipt,Alt Yüklenici İade İrsaliyesi,
Return Issued,İade edildi,
Return Qty from Rejected Warehouse,Reddedilen Depodan İade Miktarı,
Returned,İade Edildi,
Returned Against,Gelen İade,
Returned Qty,İade edilen Miktar,
Returned Qty ,İade Edilen Mik,
Returned Qty in Stock UOM,Stok Biriminde İade Edilen Miktar,
Returns,İadeler,
Reversal Of,Ters Kayıt,
Review,Gözden geçir,
Review Date,İnceleme Tarihi,
Reviews,Yorumlar,
Rgt,Sağ,
Right Child,Sağ Alt,
Right Index,Sağ Dizin,
Ringing,Çalıyor...,
Role Allowed to Create/Edit Back-dated Transactions,Geriye Dönük İşlemleri Oluşturma / Düzenleme İzni Rolü,
Role Allowed to Edit Frozen Stock,Dondurulmuş Stoku Düzenlemede İzin Verilen Rol,
Role Allowed to Over Bill ,Fazla Faturalandırmaya İzin Verilen Rol,
Role Allowed to Over Deliver/Receive,Aşırı Teslim Etmeye/Almaya İzin Verilen Rol,
Role Allowed to Override Stop Action,Durdurma Eylemini Geçersiz kılma izni olan Rol,
Role Allowed to Set Frozen Accounts and Edit Frozen Entries,Dondurulmuş Hesapları Ayarlama ve Dondurulmuş Girişleri Düzenlemeye İzin Verilen Rol,
Role allowed to bypass Credit Limit,Kredi Limitini Aşmasına İzin verilen Rol,
Root,Kök,
Root Type,Kök Türü,
Round Free Qty,Bedelsiz Miktarı Yuvarla,
Round Off,Yuvarlama,
Round Off Account,Yuvarlama Hesabı,
Round Off Cost Center,Yuvarlama Maliyet Merkezi,
Round Off Tax Amount,Yuvarlama Vergi Tutarı,
Round Off for Opening,Açılış İçin Yuvarlama,
Round Tax Amount Row-wise,Yuvarlak Vergi Tutarı Satır Bazında,
Rounded Total,Yuvarlanmış Toplam,
Rounded Total (Company Currency),Yuvarlanmış Toplam (Şirket Kuru),
Rounding Adjustment,Yuvarlama Ayarı,
Rounding Adjustment (Company Currency,Yuvarlama Ayarı (Firma Kuru,
Rounding Adjustment (Company Currency),Yuvarlama Ayarı (Şirket Kuru),
Rounding Loss Allowance,Yuvarlama Kaybı Karşılığı,
Route,Rota,
Routing,Rota,
Routing Name,Yönlendirme Adı,
Rows with Same Account heads will be merged on Ledger,Aynı Hesap başlıklarına sahip satırlar Defterde birleştirilecek,
Rule Applied,Yürüten Kural,
Rule Description,Kural Açıklaması,
Run parallel job cards in a workstation,Bir iş istasyonunda aynı anda yürütülecek iş kartı sayısı,
Running,Çalışıyor,
SAL-CAM-.YYYY.-,SAL-CAM-.YYYY.-,
SAL-ORD-.YYYY.-,SAT-SİP-.YYYY.-,
SAL-QTN-.YYYY.-,SAL-QTN-.YYYY.-,
SCO Supplied Item,Alt Yüklenici Tarafından Tedarik Edilen Ürün,
SER-WRN-.YYYY.-,SER-UYR-.YYYY.-,
SLA Fulfilled On,SLA'nın Gerçekleştiği Tarih,
SLA Fulfilled On Status,SLA Gerçekleştirildi Durumu,
SLA Paused On,SLA Duraklatıldığı Tarih,
SMS Center,SMS Merkezi,
SMS Log,SMS Kayıtları,
STO-ITEM-.YYYY.-,STO-MADDE-.YYYY.-,
STO-PICK-.YYYY.-,STO-PICK-.YYYY.-,
SUP-.YYYY.-,SUP-.YYYY.-,
SWIFT Number,SWIFT Numarası,
SWIFT number,SWIFT Numarası,
Safety Stock,Emniyet Stoğu,
Salary,Maaş,
Salary Currency,Maaş Para Birimi,
Salary Mode,Maaş Modu,
Sales,Satış,
Sales Analytics,Satış Analizleri,
Sales Contributions and Incentives,Satış Katkıları ve Teşvikler,
Sales Defaults,Satış Varsayılanları,
Sales Funnel,Satış Hunisi,
Sales Incoming Rate,Satış Gelen Oranı,
Sales Invoice,Satış Faturası,
Sales Invoice Advance,Satış Fatura Avansı,
Sales Invoice Item,Satış Faturası Kalemi,
Sales Invoice No,Satış Fatura No,
Sales Invoice Payment,Satış Fatura Ödeme,
Sales Invoice Timesheet,Satış Faturası Çizelgesi,
Sales Invoice Trends,Satış Faturası Analizi,
Sales Manager,Satış Yöneticisi,
Sales Master Manager,Satış Master Yönetici,
Sales Monthly History,Satış Aylık Tarihi,
Sales Order,Satış Siparişi,
Sales Order Analysis,Satış Siparişi Analizi,
Sales Order Date,Satış Sipariş Tarihi,
Sales Order Item,Satış Siparişi Kalemi,
Sales Order Packed Item,Satış Siparişi Paketlenmiş Ürün,
Sales Order Reference,Satış Siparişi Referansı,
Sales Order Status,Satış Siparişi Durumu,
Sales Order Trends,Satış Siparişi Analizi,
Sales Orders,Satış Siparişleri,
Sales Orders to Bill,Fatura Satış Siparişleri,
Sales Orders to Deliver,Teslim edilecek Satış Siparişleri,
Sales Partner,Satış Ortağı,
Sales Partner ,Satış Partneri,
Sales Partner Commission Summary,Satış Ortağı Komisyonu Özeti,
Sales Partner Item,Satış Siparişi Ürünü,
Sales Partner Name,Satış Ortağı Adı,
Sales Partner Target,Satış Ortağı Hedefi,
Sales Partner Target Variance based on Item Group,Ürün Grubuna göre Satış Ortağı Hedef Varyansı,
Sales Partner Transaction Summary,Satış Ortağı İşlem Özeti,
Sales Partner Type,Satış Ortağı Türü,
Sales Partners Commission,Satış Ortağı Komisyonu,
Sales Payment Summary,Satış Ödeme Özeti,
Sales Person,Satış Temsilcisi,
Sales Person Commission Summary,Satış Personeli Komisyonu Özeti,
Sales Person Name,Satış Personeli Adı,
Sales Person Target Variance Based On Item Group,Ürün Grubuna göre Satış Elemanı Hedef Sapması,
Sales Person Targets,Satış Personeli Hedefleri,
Sales Person-wise Transaction Summary,Satış Personeli İşlem Özeti,
Sales Pipeline Analytics,Satış Süreci Analitiği,
Sales Register,Satış Kaydı,
Sales Stage,Satış Aşaması,
Sales Tax Template,Satış Vergisi Şablonu,
Sales Taxes and Charges,Satış Vergisi ve Harçlar,
Sales Taxes and Charges Template,Satış Vergisi ve Harçlar Şablonu,
Sales Team,Satış Ekibi,
Sales Update Frequency in Company and Project,Şirket ve Projede Satış Güncelleme Sıklığı,
Sales User,Satış Kullanıcısı,
Salutation,Hitap,
Salvage Value Percentage,Hurda Değeri Yüzdesi,
Same Item,Aynı Ürün,
Sample Quantity,Numune Miktarı,
Sample Retention Warehouse,Numune Alma Deposu,
Sample Size,Numune Miktarı,
Sanctioned,seçildi,
Saturday,Cumartesi,
Scan Barcode,Barkod Tara,
Scan Mode,Tarama Modu,
Scanned Cheque,taranan çek,
Schedule,Planla,
Schedule Date,Program Tarihi,
Scheduled,Planlandı,
Scheduled Date,Program Tarihi,
Scheduled Time,Planlanan Süre,
Scheduled Time Logs,Planlanmış Zaman Kayıtları,
Schedules,programlı,
Scheduling,Zamanlama,
School/University,Okul / Üniversite,
Score,Skor,
Scorecard Actions,Kart Kartı İşlemleri,
"Scorecard variables can be used, as well as:
{total_score} (the total score from that period),
{period_number} (the number of periods to present day)
","Puan kartı değişkenleri şu şekilde de kullanılabilir:
{total_score} (o dönemdeki toplam puan),
{period_number} (bugüne kadarki dönem sayısı)",
Scoring Criteria,Puanlama Kriterleri,
Scoring Setup,Puanlama Ayarları,
Scoring Standings,Puanlama Puanları,
Scrap & Process Loss,Hurda & İşletme Zararı,
Scrap Cost Per Qty,Miktar Başına Hurda Maliyeti,
Scrap Item Code,Hurda Ürün Kodu,
Scrap Item Name,Hurda Ürün Adı,
Scrap Items,Hurda Ögeleri,
Scrap Material Cost,Hurda Malzeme Maliyet,
Scrap Material Cost(Company Currency),Hurda Malzeme Maliyeti (Şirket Para Birimi),
Scrap Warehouse,Hurda Deposu,
Scrapped,Hurdaya çıkmış,
Search APIs,Arama API&#39;ları,
Search Term Param Name,Arama Dönem Param Adı,
Second Email,İkinci e-posta,
Secondary Party,İkincil Parti,
Secondary Role,İkincil Rol,
Section Based On,Dayalı Bölüm,
Section Cards,Bölüm Kartları,
Section HTML,Bölüm HTML,
Section Order,Bölüm Siparişi,
Select Billing Address,Fatura Adresini Seç,
Select Customers By,Müşterileri Seçin,
Select DocType,Belge Tipi Seçin,
Select Items to Manufacture,Üretilecek Ürünleri Seç,
Select Job Worker Address,Alt Yüklenici Adresini Seçin,
Select Shipping Address,Teslimat Adresi Seç,
Select Supplier Address,Tedarikçi Adresi Seç,
Select company name first.,Önce şirket adını seçiniz,
Select the Bank Account to reconcile.,Mutabakata var olacak Banka Hesabını Seçin.,
"Select, to make the customer searchable with these fields",Müşteriyi bu alanlarla aranabilir yapmak için seçin,
Selected Vouchers,Seçilmiş Faturalar,
Self delivery,Kendi kendine teslimat,
Selling,Satış,
Selling Settings,Satış Ayarları,
Send After (days),(x Gün) Sonra Gönder,
Send Attached Files,Ekli Dosyaları Gönder,
Send Document Print,Belgeyi Yazıcıya Gönder,
Send Email,E-posta Gönder,
Send SMS,SMS Gönder,
Send To,Gönder,
Send To Primary Contact,Birincil Kişiye Gönder,
Send regular summary reports via Email.,E-posta yoluyla düzenli özetler gönderir.,
Send to Subcontractor,Taşeron'a Gönder,
Send with Attachment,Ek ile Gönder,
Sender,Gönderici,
Sender Name,Gönderenin Adı,
Sent,Gönderildi,
Sent On,Gönderim Zamanı,
Sent To,Gönderildiği Kişi,
Sequence ID,Sıra No,
Sequence Id,Sıra no,
Sequential,Ardışık Sıralı,
Serial & Batch Item,Seri ve Parti Öğesi,
Serial & Batch Item Settings,Seri ve Toplu Öğe Ayarları,
Serial / Batch Bundle,Seri ve Parti Paketi,
Serial / Batch No,Seri / Parti No,
Serial No,Seri No,
Serial No / Batch,Seri No / Parti,
Serial No Ledger,Seri No Kayıtları,
Serial No Service Contract Expiry,Seri No Hizmet Sözleşmesi Vadesi,
Serial No Status,Seri No Durumu,
Serial No Warranty Expiry,Seri No Garanti Bitiş Tarihi,
Serial No and Batch,Seri No ve Parti (Batch),
Serial No and Batch for Finished Good,Bitmiş Ürün İçin Seri No ve Parti No,
Serial Nos and Batches,Seri No ve Batches (Parti),
Serial Number Series,Seri Numarası Serisi,
Serial and Batch,Seri No ve Parti,
Serial and Batch Bundle,Seri ve Toplu Bundle,
Serial and Batch Details,Seri ve Parti Detayları,
Serial and Batch Entry,Seri ve Parti Girişi,
Serial and Batch No,Seri ve Parti No,
Serial and Batch Nos will be auto-reserved based on <b>Pick Serial / Batch Based On</b>,"Seri ve Parti Numaraları, <b>Seri/Parti Seçimine Göre</b> otomatik olarak rezerve edilecektir",
Serial and Batch Reservation,Seri No ve Parti Rezervasyonu,
Serial and Batch Summary,Seri ve Parti Özeti,
Series,Kayıt Serisi,
Series for Asset Depreciation Entry (Journal Entry),Varlık Amortisman Girişi Serisi (Yevmiye Kaydı),
Service Address,Servis Adresi,
Service Cost Per Qty,Adet Başına Hizmet Maliyeti,
Service Day,Hizmet Günü,
Service End Date,Servis Bitiş Tarihi,
Service Expense Total Amount,Hizmet Giderleri Toplam Tutar,
Service Expenses,Hizmet Giderleri,
Service Item,Hizmet Kalemi,
Service Item Qty,Hizmet Kalemi Miktarı,
Service Item Qty / Finished Good Qty,Hizmet Ürünü / Bitmiş Ürün Miktarı,
Service Item UOM,Hizmet Kalemi Ölçü Birimi,
Service Items,Hizmet Kalemleri,
Service Level Agreement,Hizmet Seviyesi Anlaşması,
Service Level Agreement Creation,Hizmet Seviyesi Anlaşması Oluşturma,
Service Level Agreement Details,Hizmet Seviyesi Sözleşme Ayrıntıları,
Service Level Agreement Status,Hizmet Seviyesi Sözleşme Şartları,
Service Level Agreements,Hizmet Seviyesi Anlaşmaları,
Service Level Name,Hizmet Seviyesi Adı,
Service Level Priority,Servis Seviyesi Önceliği,
Service Provider,Hizmet Sağlayıcı,
Service Received But Not Billed,Hizmet Alındı ama Faturalandırılmadı,
Service Start Date,Servis Başlangıç Tarihi,
Service Stop Date,Servis Durdurma Tarihi,
Services,Hizmetler,
Session Defaults,Oturum Varsayılanları,
Set Accepted Warehouse,Kabul Edilen Depoyu Ayarla,
Set Advances and Allocate (FIFO),Avansları ve Tahsisleri Ayarla (FIFO),
Set Basic Rate Manually,Temel Hızı Manuel Olarak Ayarlayın,
Set From Warehouse,Kaynak Depo,
Set Item Group-wise budgets on this Territory. You can also include seasonality by setting the Distribution.,Bu bölge grubu Ürün bütçeleri ayarlanır. Dağıtımı ayarlayarak dönemsellik de çalıştırma.,
Set Landed Cost Based on Purchase Invoice Rate,Alış Faturası Fiyatına Göre İndirgenmiş Maliyeti Belirle,
Set Operating Cost / Scrap Items From Sub-assemblies,Alt Montajlardan Üretim Maliyetini / Hurda Ürünlerini Ayarla,
Set Operating Cost Based On BOM Quantity,BOM Ürün reçetesi miktarına göre Operasyon Maliyetini Belirle,
Set Posting Date,Kayıt Tarihini Ayarla,
Set Reserve Warehouse,Rezerv Deposunu Ayarla,
Set Source Warehouse,Kaynak Deposu Ayarla,
Set Target Warehouse,Hedef Deposunu Ayarla,
Set Valuation Rate Based on Source Warehouse,Değerleme Oranını Kaynak Depoya Göre Ayarla,
Set fieldname from which you want to fetch the data from the parent form.,Üst formdan veri almak istediğiniz alanı ayarlayın.,
Set rate of sub-assembly item based on BOM,BOM'a dayalı alt montaj malzemesinin ayarlarını ayarlama,
Set targets Item Group-wise for this Sales Person.,Bu Satış Kişisi için Ürün Grubu not ayarı,
Set the status manually.,Durumu manuel olarak ayarlayın.,
Sets 'Accepted Warehouse' in each row of the Items table.,Ürünler tablosunun her satırında Hedef Depoyu ayarlar.,
Sets 'Rejected Warehouse' in each row of the Items table.,Ürünler tablosunun her satırında Red Deposunu ayarlar.,
Sets 'Reserve Warehouse' in each row of the Supplied Items table.,Ürünler tablosunun her satırında Rezerv Deposunu ayarlar.,
Sets 'Source Warehouse' in each row of the items table.,Ögeler tablosunun her satırında &#39;Kaynak Depo&#39; ayarlar.,
Sets 'Target Warehouse' in each row of the items table.,Ögeler tablosunun her satırında &#39;Hedef Depo&#39; ayarlar.,
Sets 'Warehouse' in each row of the Items table.,Kalemler tablosunun her tablosunda &#39;Depo&#39; ayarlar.,
Setting Account Type helps in selecting this Account in transactions.,Hesap Türünün Ayarlanması işlemlerde bu Hesabın seçilmesine yardımcı olur,
Setting the account as a Company Account is necessary for Bank Reconciliation,Hesabın Şirket Hesabı olarak ayarlanması Banka Mutabakatı için gereklidir,
Settings,Ayarlar,
Settings for Selling Module,Modülü Satış için Ayarlar,
Settled,Uzlaştı,
Setup,Kurulum,
Share Balance,Bakiye Paylaş,
Share Ledger,Defteri Paylaş,
Share Transfer,Transferi Paylaş,
Share Type,Paylaşım Türü,
Shareholder,Hissedar,
Shelf Life In Days,Raf Ömrü (gün),
Shift,Vardiya,
Shift Factor,Vardiya Faktörü,
Shift Name,Vardiya Adı,
Shipment,Sevkiyat,
Shipment Amount,Nakliye Tutarı,
Shipment Delivery Note,Sevkiyat Teslimat Notu,
Shipment ID,Gönderi Kimliği,
Shipment Information,Sevkiyat Bilgileri,
Shipment Parcel,Sevkiyat Paketi,
Shipment Parcel Template,Sevkiyat Parsel Şablonu,
Shipment Type,Sevkiyat Türü,
Shipment details,Sevkiyat detayları,
Shipping Account,Sevkiyat Hesabı,
Shipping Address,Sevkiyat Adresi,
Shipping Address Details,Gönderim Adresi Ayrıntıları,
Shipping Address Name,Teslimat Adresi Adı,
Shipping Address Template,Sevkiyat Adresi Şablonu,
Shipping Amount,Kargo Tutarı,
Shipping City,Sevkiyat Şehri,
Shipping Country,Sevkiyat Ülkesi,
Shipping County,Sevkiyat İlçe,
Shipping Rule,Sevkiyat Kuralı,
Shipping Rule Condition,Kargo Kural Şartları,
Shipping Rule Conditions,Kargo Kural Koşulları,
Shipping Rule Country,Sevkiyat Kural Ülke,
Shipping Rule Label,Kargo Kural Etiketi,
Shipping Rule Type,Sevkiyat Kuralı Türü,
Shipping State,Sevkiyat Devleti,
Shipping Zipcode,Sevkiyat kodu,
Shopping Cart,Alışveriş Sepeti,
Short Name,Kısa Adı,
Short Term Loan Account,Kısa Vadeli Kredi Hesabı,
Short biography for website and other publications.,Web sitesi ve diğer yayınlar için kısa biyografi.,
Show Balances in Chart Of Accounts,Bakiyeleri Hesap Planında Göster,
Show Barcode Field in Stock Transactions,Stok İşlemlerinde Barkod Alanı Göster,
Show Failed Logs,Başarısız Kayıtları Göster,
Show In Website,Web sitesinde Göster,
Show Inclusive Tax in Print,Dahil Edilen Vergiyi Baskıda Göster,
Show Items,Öğeler Göster,
Show Latest Forum Posts,Son Forum Mesajlarını Göster,
Show Net Values in Party Account,Cari Hesabındaki Net Değerleri Göster,
Show Operations,Operasyonları Göster,
Show Pay Button in Purchase Order Portal,Satın Alma Siparişi Portalında Ödeme Butonunu Göster,
Show Payment Schedule in Print,Ödeme Planını Baskıda Göster,
Show Remarks,Açıklamaları Göster,
Show Taxes as Table in Print,Vergileri Basılı Tablo Olarak Göster,
Show in Website,Web Sitesinde Göster,
Signatory Position,İmzacı Pozisyonu,
Signed,İmzalandı,
Signed By (Company),İmzalayan (Şirket),
Signed On,İmzalama tarihi,
Signee,İmza Atan,
Signee (Company),İmza Sahibi (Şirket),
Signee Details,Signee Ayrıntıları,
"Simple Python Expression, Example: doc.status == 'Open' and doc.issue_type == 'Bug'","Basit Python İfadesi, Örnek: doc.status == 'Open' ve doc.issue_type == 'Bug'",
"Simple Python Expression, Example: territory != 'All Territories'","Basit Python ifadesi, Örnek: bölge! = &#39;Tüm Bölgeler&#39;",
"Simple Python formula applied on Reading fields.<br> Numeric eg. 1: <b>reading_1 &gt; 0.2 and reading_1 &lt; 0.5</b><br>
Numeric eg. 2: <b>mean &gt; 3.5</b> (mean of populated fields)<br>
Value based eg.:  <b>reading_value in (""A"", ""B"", ""C"")</b>","Okuma alanlarına uygulanan basit Python formülü.<br> Sayısal örn. 1: <b>reading_1 &gt; 0.2 ve reading_1 &lt; 0.5</b><br>
Sayısal örn. 2: <b>mean &gt; 3.5</b> (doldurulan alanların ortalaması)<br>
Değer tabanlı örn.: <b>reading_value in (""A"", ""B"", ""C"")</b>",
Simultaneous,Eşzamanlı,
Single,Bekar,
Single Tier Program,Tek Katmanlı Programı,
Single Transaction Threshold,Tek İşlem Eşiği,
Skip Available Sub Assembly Items,Mevcut Alt Montaj Öğelerini Atla,
Skip Delivery Note,Teslim Notunu Atlası,
Skip Material Transfer to WIP Warehouse,Yarı Mamül Deposuna Malzeme Transferini Atla,
Skipped,Atlandı,
Skype ID,Skype ID,
Slideshow,Slayt Gösterisi,
Sold,Satıldı,
Source,Kaynak,
Source DocType,Kaynak Belge Türü,
Source Document Name,Kaynak Belge Adı,
Source Document Type,Kaynak Belge Türü,
Source Exchange Rate,Referans Döviz Kuru,
Source Fieldname,Kaynak Alanı Adı,
Source Location,Kaynak Konum,
Source Name,Kaynak Adı,
Source Type,Kaynak Tipi,
Source Warehouse,Kaynak Depo,
Source Warehouse Address,Kaynak Depo Adresi,
Source Warehouse Address Link,Kaynak Depo Adres Bağlantısı,
Sourced by Supplier,tedarikçi Kaynaklı,
South Africa VAT Account,Güney Afrika KDV Hesabı,
South Africa VAT Settings,Güney Afrika KDV Ayarları,
Spacer,Boşluk,
Specify Exchange Rate to convert one currency into another,Bir para birimini diğerine dönüştürmek için Döviz Kurunu belirtin,
Specify conditions to calculate shipping amount,Sevkiyat masraflarını karşılamak için koşullar,
Split Early Payment Discount Loss into Income and Tax Loss,Erken Ödeme İndirimi Zararını Gelir ve Vergi Zararına Böl,
Split From,Bölünmüş,
Stage,Aşama,
Stage Name,Aşama Adı,
Stale Days,Eski Günler,
Standard Selling Rate,Varsayılan Satış Oranı,
Standard Template,Varsayılan Şablon,
"Standard Terms and Conditions that can be added to Sales and Purchases. Examples: Validity of the offer, Payment Terms, Safety and Usage, etc.","Satış ve Satın Almalara eklenebilecek Standart Şartlar ve Koşullar. Örnekler: Teklifin geçerliliği, Ödeme Koşulları, Müşteri İstekleri ve Kullanım vb.",
"Standard tax template that can be applied to all Purchase Transactions. This template can contain a list of tax heads and also other expense heads like ""Shipping"", ""Insurance"", ""Handling"", etc.","Tüm Satın Alma İşlemlerine uygulanabilen standart vergi şablonu. Bu şablon, vergi başlıklarının bir listesini ve ayrıca ""Nakliye"", ""Sigorta"", ""Taşıma"" vb. gibi diğer gider başlıklarını içerebilir.",
"Standard tax template that can be applied to all Sales Transactions. This template can contain a list of tax heads and also other expense/income heads like ""Shipping"", ""Insurance"", ""Handling"" etc.","Tüm Satış İşlemlerine uygulanabilen standart vergi şablonu. Bu şablon, vergi başlıklarının bir listesini ve ayrıca ""Nakliye"", ""Sigorta"", ""Taşıma"" vb. gibi diğer gider/gelir başlıklarını içerebilir.",
Standing Name,Daimi Adı,
Start Date,Başlangıç Tarihi,
Start Time,Başlangıç Zamanı,
Start and End Dates,Başlangıç ve Tarihler Sonu,
Start date of current invoice's period,Cari dönem faturanın Başlangıç tarihi,
Started Time,Başlangıç Zamanı,
Starting location from left edge,sol üstünün yeri başlıyor,
Starting position from top edge,üst kenardan başlama pozisyonu,
State/Province,Mahalle,
Status,Durumu,
Status Details,Durum Ayrıntıları,
Status Illustration,Durum Görseli,
Statutory info and other general information about your Supplier,Tedarikçiniz hakkında yasal bilgiler ve diğer genel bilgiler,
Stock,Stok,
Stock Adjustment,Stok Ayarı,
Stock Adjustment Account,Stok Düzeltme Hesabı,
Stock Ageing,Stok Yaşlandırma,
Stock Analytics,Stok Analizi,
Stock Balance,Stok Bakiyesi,
Stock Closing,Stok Kapanışı,
Stock Consumed During Repair,Onarım Sırasında Tüketilen Stok,
Stock Consumption Details,Stok Tüketim Detayları,
Stock Details,Stok Detayları,
Stock Entry,Stok Hareketi,
Stock Entry (Outward GIT),Stok Hareketi (Dışa GIT),
Stock Entry Child,Stok Hareketi Alt,
Stock Entry Detail,Stok Hareket Detayı,
Stock Entry Type,Stok Hareket Türü,
Stock Frozen Upto,Stok Dondurulmuş,
Stock Items,Stok Öğeleri,
Stock Ledger,Stok Defteri,
Stock Ledger Entry,Stok Defter Girişi,
Stock Ledger Invariant Check,Stok Defteri Değişmez Kontrolü,
Stock Ledger Variance,Stok Defteri Varyansı,
Stock Manager,Stok Yöneticisi,
Stock Planning,Stok Planlama,
Stock Projected Qty,Stok Öngörülen Miktarı,
Stock Qty,Stok Miktarı,
Stock Qty vs Serial No Count,Stok Adedi ve Seri No Sayısı Karşılaştırması,
Stock Received But Not Billed,Stok Alındı Ancak Faturalandırılmadı,
Stock Reconciliation,Stok Sayımı,
Stock Reconciliation Item,Stok Mutabakat Kalemi,
Stock Reposting Settings,Stok Yeniden Gönderim Ayarları,
Stock Reservation,Stok Rezervasyonu,
Stock Reservation Entry,Stok Rezervasyon Kaydı,
Stock Reserved Qty (in Stock UOM),Stok Rezerv Miktarı (Stok Ölçü Birimi),
Stock Settings,Stok Ayarları,
Stock Summary,Stok Özeti,
Stock Transactions Settings,Stok İşlem Ayarları,
Stock UOM,Stok Birimi,
Stock UOM Quantity,Stok Birimi Miktarı,
Stock Uom,Stok Birimi,
Stock User,Stok Kullanıcısı,
Stock Validations,Stok Doğrulamaları,
Stock Value,Stok Değeri,
Stock and Account Value Comparison,Stok ve Hesap Değeri Karşılaştırması,
Stock and Manufacturing,Stok ve Üretim,
Stock transactions that are older than the mentioned days cannot be modified.,Belirtilen günlerden daha eski olan Stok işlemleri değiştirilemez.,
Stock will be reserved on submission of <b>Purchase Receipt</b> created against Material Request for Sales Order.,Satış Siparişi için oluşturulan Malzeme Talebine karşı oluşturulan <b>Satın Alma İrsaliyesi</b> onaylandığında stok rezerve edilecektir.,
Stop,Durdur,
Stop Reason,Nedeni Durdur,
Stopped,Durduruldu,
Straight Line,Düz Çizgi,
Sub Assemblies & Raw Materials,Alt Montajlar ve Hammaddeler,
Sub Assembly Item Code,Alt Montaj Ürün Kodu,
Sub Assembly Items,Alt Montaj Öğeleri,
Sub Assembly Warehouse,Alt Montaj Deposu,
Sub Operation,Alt Operasyon,
Sub Operations,Alt Operasyonlar,
Sub Procedure,Alt Prosedür,
Subcontract,Fason,
Subcontract BOM,Alt Yüklenici Ürün Ağacı,
Subcontract Order Summary,Alt Yüklenici Sipariş Özeti,
Subcontracted Item,Taşeronluk kalemi,
Subcontracted Item To Be Received,Alınacak Fason Ürünler,
Subcontracted Quantity,Alt Yükleniciye Gönderilen Miktar,
Subcontracted Raw Materials To Be Transferred,Transfer edilecek Fason Hammaddeler,
Subcontracting BOM,Alt Yüklenici Ürün Ağacı,
Subcontracting Order,Fason Siparişi,
Subcontracting Order (Draft) will be auto-created on submission of Purchase Order.,Taşeron Siparişi (Taslak) Satınalma Siparişinin gönderilmesi üzerine otomatik olarak oluşturulacaktır.,
Subcontracting Order Item,Alt Yüklenici Sipariş Kalemi,
Subcontracting Order Service Item,Alt Yüklenici Sipariş Kalemi,
Subcontracting Order Supplied Item,Alt Yüklenici Siparişi Tedarik Edilen Ürün,
Subcontracting Purchase Order,Alt Yüklenici Siparişi,
Subcontracting Receipt,Fason İrsaliyesi,
Subcontracting Receipt Item,Alt Yüklenici İrsaliye Kalemi,
Subcontracting Receipt Supplied Item,Alt Yüklenici Tedarik Edilen Ürün İrsaliyesi,
Subcontracting Settings,Taşeronluk Ayarları,
Subdivision,Alt Bölüm,
Subject,Konu,
Submit After Import,İçe Aktardıktan Sonra Gönder,
Submit ERR Journals?,ERR Günlükleri Gönderilsin mi?,
Submit Generated Invoices,Oluşturulan Faturaları Gönder,
Submit Journal Entries,Yevmiye Kayıtlarını Gönderin,
Submitted,İşlendi,
Subscription,Abonelik,
Subscription End Date,Abonelik Bitiş Tarihi,
Subscription Invoice,Abonelik Faturası,
Subscription Period,Abonelik Süresi,
Subscription Plan,Abonelik Planı,
Subscription Plan Detail,Abonelik Planı Ayrıntısı,
Subscription Plans,Abonelik Planları,
Subscription Price Based On,Abonelik Fiyatı,
Subscription Section,Abonelik Bölümü,
Subscription Settings,Abonelik Ayarları,
Subscription Start Date,Abonelik Başlangıç Tarihi,
Subtitle,Alt yazı,
Succeeded,Başarılı,
Success,Başarılı,
Success Redirect URL,Başarı Yönlendirme URL'si,
Success Settings,Başarı Ayarları,
Successful,Başarılı,
Suggestions,Öneriler,
Sum of Repair Cost and Value of Consumed Stock Items.,Onarım Maliyeti ve Tüketilen Stokların Değeri Toplamı.,
Summary,Özet,
Sunday,Pazar,
Supplied Items,Verilen Öğeler,
Supplied Qty,verilen Adet,
Supplier,Tedarikçi,
Supplier Address,Tedarikçi Adresi,
Supplier Address Details,Adres,
Supplier Contact,Tedarikçi İrtibat,
Supplier Delivery Note,Tedarikçi İrsaliyesi,
Supplier Details,Tedarikçi Ayrıntıları,
Supplier Group,Tedarikçi Grubu,
Supplier Group Item,Tedarikçi Grup Öğesi,
Supplier Group Name,Tedarikçi Grubu Adı,
Supplier Info,Tedarikçi Bilgileri,
Supplier Invoice,Tedarikçi Faturası,
Supplier Invoice Date,Tedarikçi Fatura Tarihi,
Supplier Invoice No,Tedarikçi Fatura No,
Supplier Item,Tedarikçi Ürünü,
Supplier Items,Tedarikçi Öğeleri,
Supplier Lead Time (days),Tedarikçi Teslimat Süresi (gün),
Supplier Ledger Summary,Tedarikçi Cari Defter Özeti,
Supplier Name,Tedarikçi Adı,
Supplier Naming By,Tedarikçi Adlandırma,
Supplier Part No,Tedarikçi Parça No,
Supplier Part Number,Tedarikçi Parça Numarası,
Supplier Portal Users,Tedarikçi Portal Kullanıcıları,
Supplier Primary Address,Tedarikçi Birincil Adresi,
Supplier Primary Contact,Tedarikçi Birincil İlgili,
Supplier Quotation,Tedarikçi Teklifi,
Supplier Quotation Comparison,Tedarikçi Teklif Karşılaştırması,
Supplier Quotation Item,Tedarikçi Teklif ürünü,
Supplier Score,Tedarikçi Puanı,
Supplier Scorecard,Tedarikçi Puan Kartı,
Supplier Scorecard Criteria,Tedarikçi Puan Kartı Kriterleri,
Supplier Scorecard Period,tedarikçisi Puan Kartı Dönemi,
Supplier Scorecard Scoring Criteria,Tedarikçi Puan Kartı Puanlama Kriterleri,
Supplier Scorecard Scoring Standing,tedarikçi Puan Kartı Puanlama,
Supplier Scorecard Scoring Variable,tedarikçisi Puan Kartı değişken Skorlama,
Supplier Scorecard Setup,tedarikçisi Puan Kartı Kurulumu,
Supplier Scorecard Standing,Tedarikçi Puan Kartı Durumu,
Supplier Scorecard Variable,Tedarikçi Puan Kartı Değişkeni,
Supplier Type,Tedarikçi Türü,
Supplier Warehouse,Tedarikçi Deposu,
Supplier delivers to Customer,Tedarikçi Müşteriye teslim eder,
Supplier of Goods or Services.,Mal veya Hizmet Sağlayıcısı.,
Supplier-Wise Sales Analytics,Tedarikçi Satış Analizi,
Suppliers,Tedarikçiler,
Supply Raw Materials for Purchase,Satınalma için Hammadde Temini,
Support,Destek,
Support Hour Distribution,Destek Saat Dağılımı,
Support Portal,Destek Portalı,
Support Search Source,Arama Kaynağı Desteği,
Support Settings,Destek Ayarları,
Support Team,Destek Ekibi,
Suspended,Askıya alındı,
Synchronize all accounts every hour,Tüm hesapları her saat başı senkronize et,
System Manager,Sistem Yöneticisi,
"System User (login) ID. If set, it will become default for all HR forms.","Sistem kullanıcı (giriş) kimliği, bütün İK formları için geçerli olacaktır.",
System will automatically create the serial numbers / batch for the Finished Good on submission of work order,İş emrinin verilmesi ile Mamul için seri numaralarını / partiyi sistem otomatik olarak oluşturacaktır.,
System will fetch all the entries if limit value is zero.,"Eğer limit değeri sıfırsa, sistem tüm kayıtlarını alır.",
System will notify to increase or decrease quantity or amount ,Sistem miktarını veya miktarını artırma veya azaltma bildirimi,
TDS Computation Summary,TDS Özet Hesabı,
TS-.YYYY.-,TS-.YYYY.-,
Table for Item that will be shown in Web Site,Web Sitesi gösterimi Öğe için Tablo,
Tag Line,Etiket Hattı,
Target,Hedef,
Target  Amount,Hedef Miktarı,
Target Asset,Hedef Varlık,
Target Asset Location,Varlık Hedef Konumu,
Target Batch No,Hedef Parti No,
Target Detail,Hedef Detayı,
Target Distribution,Hedef Dağıtımı,
Target Exchange Rate,Hedef Döviz Kuru,
Target Fieldname (Stock Ledger Entry),Hedef Alan Adı (Stok Defteri Girişi),
Target Fixed Asset Account,Hedef Sabit Varlık Hesabı,
Target Has Batch No,Hedef Parti No'ya Sahip,
Target Has Serial No,Hedef Seri No,
Target Incoming Rate,Satış Hedef Oranı,
Target Is Fixed Asset,Hedef Bir Sabit Varlıktır,
Target Item Code,Hedef Ürün Kodu,
Target Item Name,Hedef Ürün Adı,
Target Location,Hedef Konum,
Target Qty,Hedef Miktarı,
Target Serial No,Hedef Seri No,
Target Warehouse,Hedef Depo,
Target Warehouse Address,Hedef Depo Adresi,
Target Warehouse Address Link,Hedef Depo Adres Bağlantısı,
Targets,Hedefler,
Tariff Number,Tarife Numarası,
Task,Görev,
Task Assignee Email,Görev Atanan Kişinin E-postası,
Task Completion,Görev Tamamlama,
Task Depends On,Görev Bağlıdır,
Task Description,Görev Tanımı,
Task Name,Görev Adı,
Task Progress,Görev İlerlemesi,
Task Type,Görev Türü,
Task Weight,Görev Ağırlığı,
Tasks,Görevler,
Tax,Vergi,
Tax Account,Vergi Hesabı,
Tax Amount After Discount Amount,İndirim Tutarından sonraki vergi miktarı,
Tax Amount After Discount Amount (Company Currency),İndirim Tutarından sonraki Vergi Tutarı (Şirket Para Biriminde),
Tax Amount will be rounded on a row(items) level,Vergi Tutarı satır (öğeler) düzeyinde yuvarlanacaktır,
Tax Breakup,Vergi Kırılımı,
Tax Category,Vergi Kategorisi,
Tax ID,Vergi Numarası,
Tax Id,Vergi numarası,
Tax Rate,Vergi Oranı,
Tax Rates,Vergi Oranları,
Tax Rule,Vergi Kuralı,
Tax Settings,Vergi Ayarları,
Tax Type,Vergi Türü,
Tax Withheld Vouchers,Tevkifatlı Vergi Makbuzları,
Tax Withholding Account,Vergi Stopaj Hesabı,
Tax Withholding Category,Vergi Stopajı Kategorisi,
Tax Withholding Details,Vergi Stopajı Detayları,
Tax Withholding Net Total,Vergi Stopajı Net Toplam,
Tax Withholding Rate,Vergi Stopaj Oranı,
Tax Withholding Rates,Vergi Stopaj Oranları,
"Tax detail table fetched from item master as a string and stored in this field.
Used for Taxes and Charges","Vergi ayrıntı tablosu, öğe ana verisinden bir dize olarak alınır ve bu alanda saklanır.
Vergiler ve Ücretler için kullanılır",
Tax will be withheld only for amount exceeding the cumulative threshold,Vergi sadece kümülatif eşiği aşan tutar için kesilecektir,
Taxable Amount,Vergilendirilebilir Tutar,
Taxes,Vergiler,
Taxes and Charges,Vergi ve Harçlar,
Taxes and Charges Added,Eklenen Vergi ve Harçlar,
Taxes and Charges Added (Company Currency),Eklenen Vergi ve Harçlar (Şirket Para Birimi),
Taxes and Charges Calculation,Vergiler ve Ücretleri Hesaplama,
Taxes and Charges Deducted,Düşülen Vergi ve Harçlar,
Taxes and Charges Deducted (Company Currency),Düşülen Vergi ve Harçlar (Şirket Para Biriminde),
Team,Takım,
Team Member,takım üyesi,
Telephony Call Type,Telefon Çağrı Türü,
Template,Şablon,
Template Name,Şablon adı,
Template Options,Şablon Seçenekleri,
Template Task,Şablon Görevi,
Template Title,Şablon Başlığı,
Template Warnings,Şablon Uyarıları,
Temporary,Geçici,
Temporary Opening Account,Geçici Açılış Hesabı,
Term Details,Koşul ve Hükümler,
Terms,Vade ve Şartlar,
Terms & Conditions,Vade & Koşullar,
Terms Template,Şartlar Şablonu,
Terms and Conditions,Şartlar ve Koşullar,
Terms and Conditions Content,Şartlar ve Koşullar İçeriği,
Terms and Conditions Details,Şartlar ve Koşullar Detayı,
Terms and Conditions Help,Şartlar ve Koşullar Yardım,
Territory,Bölge,
Territory Item,Bölge Öğesi,
Territory Manager,Bölge Yöneticisi,
Territory Name,Bölge Adı,
Territory Target Variance Based On Item Group,Ürün Grubuna göre Bölge Hedefi Varyansı,
Territory Targets,Bölge Hedefleri,
Territory-wise Sales,Bölge Satışları,
The BOM which will be replaced,Değiştirilecek BOM,
"The account head under Liability or Equity, in which Profit/Loss will be booked","Hesap kafası altında Kar / Zarar rezerve sorumluluğu veya Özkaynak,",
The gross weight of the package. Usually net weight + packaging material weight. (for print),Paketin brüt ağırlığı. Genellikle net ağırlık + ambalaj malzemesi ağırlığı. (baskı için),
The net weight of this package. (calculated automatically as sum of net weight of items),Bu paketin net ağırlığı (Ürünlerin net toplamından otomatik olarak çıkarılması),
The new BOM after replacement,Değiştirilmesinden sonra yeni BOM,
"The percentage you are allowed to bill more against the amount ordered. For example, if the order value is $100 for an item and tolerance is set as 10%, then you are allowed to bill up to $110 ","Sipariş verilen tutara göre daha fazla faturalandırma izninizin olduğu yüzde. Örneğin, bir öğe için sipariş değeri 100 $ ise ve tolerans% 10 olarak ayarlanmışsa, 110 $ 'a kadar faturalandırmanıza izin verilir",
The percentage you are allowed to pick more items in the pick list than the ordered quantity.,Sipariş edilen miktardan daha fazla ürünü toplama listesinden seçmenize izin verilen yüzde.,
"The percentage you are allowed to receive or deliver more against the quantity ordered. For example, if you have ordered 100 units, and your Allowance is 10%, then you are allowed to receive 110 units.","Sipariş edilen miktara göre daha fazla alma veya teslimat yapmanıza izin verilen yüzde. Örneğin, 100 birim sipariş ettiyseniz ve Ödeneğiniz %10 ise, 110 birim almanıza izin verilir.",
"The percentage you are allowed to transfer more against the quantity ordered. For example, if you have ordered 100 units, and your Allowance is 10%, then you are allowed transfer 110 units.","Sipariş edilen miktara göre daha fazla transfer etmenize izin verilen yüzde. Örneğin, 100 birim sipariş ettiyseniz ve Ödeneğiniz %10 ise, 110 birim transfer etmenize izin verilir.",
"The users with this Role are allowed to create/modify a stock transaction, even though the transaction is frozen.","Bu Role sahip kullanıcıların, işlem dondurulmuş olsa bile bir stok işlemi oluşturmasına/değiştirmesine izin verilir.",
This Account has '0' balance in either Base Currency or Account Currency,"Bu Hesap, Ana Para Birimi veya Hesap Para Biriminde ‘0’ bakiyeye sahiptir",
This filter will be applied to Journal Entry.,Bu filtre Muhasebe Defterine uygulanacaktır.,
This is a location where final product stored.,Nihai ürünün (mamülün) depolandığı bir konumdur.,
This is a location where operations are executed.,Operasyonların yürütüldüğü bir konumdur.,
This is a location where raw materials are available.,Hammaddelerin bulunduğu bir konumdur,
This is a location where scraped materials are stored.,Hurdaya çıkan malzemelerin depolandığı bir konumdur.,
"This section allows the user to set the Body and Closing text of the Dunning Letter for the Dunning Type based on language, which can be used in Print.","Bu bölüm, kullanıcının Yazdır'da kullanılabilecek dile bağlı olarak İhtar Mektubunun Gövde ve Kapanış metnini İhtar Türü için ayarlamasına olanak tanır.",
This tool helps you to update or fix the quantity and valuation of stock in the system. It is typically used to synchronise the system values and what actually exists in your warehouses.,"Bu araç, sistemdeki stok miktarını ve değerlemesini güncellemenize veya düzeltmenize yardımcı olur. Genellikle sistem değerlerini ve depolarınızda gerçekte var olanları senkronize etmek için kullanılır.",
This value shall be used when no matching Common Code for a record is found.,"Bu değer, bir kayıt için eşleşen Ortak Kod bulunmadığında kullanılacaktır.",
"This will be appended to the Item Code of the variant. For example, if your abbreviation is ""SM"", and the item code is ""T-SHIRT"", the item code of the variant will be ""T-SHIRT-SM""","Bu tahmini Ürün Kodu eklenecektir. Senin anlatımı ""SM"", ve eğer, örneğin, ürün kodu ""T-Shirt"", ""T-Shirt-SM"" olacağını öngörmenin madde kodu",
This will restrict user access to other employee records,"Bu, diğer çalışan kayıtlarına kullanıcı erişimlerini kısıtlamalar",
Threshold for Suggestion,Öneriler için Eşik,
Threshold for Suggestion (In Percentage),Öneri Eşiği (Yüzde Olarak),
Thumbnail,Thumbnail,
Thursday,Perşembe,
Tier Name,Katman Adı,
Time,Zaman,
Time (In Mins),Süre (dakika),
Time Between Operations (Mins),İşlemler Arası Süre (Dakika),
Time In Mins,Süre (dakika),
Time Logs,Zaman Günlükleri,
Time Sheet,Mesai Kartı,
Time Sheet List,Mesai Kartı Listesi,
Time Sheets,Mesai Kartları,
Time at which materials were received,Malzemelerin alındığı zaman,
Time in mins,Dakika,
Time in mins.,Süre (dk),
Timeline,Zaman cetveli,
Timesheet,Mesai Kartı,
Timesheet Detail,Zaman detayı,
Timesheets,Mesai Kartı,
Timeslots,Zaman dilimleri,
Title,Başlık,
To,Kime,
To Bill,Faturalanacak,
To Currency,Para Birimine,
To Date,Bitiş Tarihi,
To Deliver,Teslim edilecek,
To Deliver and Bill,Teslim edilecek ve Faturalanacak,
To Delivery Date,Teslimat Tarihi Bitişi,
To Doctype,Doctype'a,
To Employee,çalışanlara,
To Folio No,Bitiş Folyo Numarası,
To Invoice Date,Bitiş Fatura Tarihi,
To No,Bitiş Numarası,
To Package No.,Bitiş Paket No.,
To Payment Date,Bitiş Ödeme Tarihi,
To Produce,Üretilecek,
To Range,Bitiş Oranı,
To Receive,Alınacak,
To Receive and Bill,Teslim Alınacak ve Faturalanacak,
To Reference Date,Referans Tarihine Kadar,
To Rename,Yeniden Adlandırılacak,
To Shareholder,Hissedar Bitişi,
To Time,Bitiş Zamanı,
To Track inbound purchase,Gelen alımları takip etmek,
To Value,Bitiş Değeri,
To Warehouse (Optional),Depo (İsteğe bağlı),
To apply condition on parent field use parent.field_name and to apply condition on child table use doc.field_name. Here field_name could be based on the actual column name of the respective field.,"Üst alana koşul uygulamak için parent.field_name'i kullanın ve alt tabloya koşul uygulamak için doc.field_name'i kullanın. Burada field_name, ilgili alanın gerçek sütun adına dayalı olabilir.",
To be Delivered to Customer,Müşteriye Teslim Edilecek,
"To include sub-assembly costs and scrap items in Finished Goods on a work order without using a job card, when the 'Use Multi-Level BOM' option is enabled.","Bir İş Emrinde İş Kartı kullanmadan, 'Çok Seviyeli Ürün Ağacı' seçeneği etkinleştirildiğinde, alt montaj maliyetleri ve hurda ürünler iş emrinde bitmiş ürün maliyetine dahil edilir.",
Toggle Full Width,Geniş Görünüm,
Toggle Theme,Temayı Değiştir,
Tools,Araçlar,
Total,Toplam,
Total (Company Currency),Toplam (Şirket Dövizi),
Total Additional Costs,Toplam Ek Maliyet,
Total Advance,Toplam Avans,
Total Allocated Amount,Toplam Ayrılan Tutar,
Total Allocated Amount (Company Currency),Toplam Ayrılan Tutar (Şirket Para Birimi),
Total Allocations,Toplam Tahsisler,
Total Amount,Toplam Tutar,
Total Amount Currency,Toplam Tutar Para Birimi,
Total Amount in Words,Yazıyla Toplam Tutar,
Total Asset Cost,Toplam Varlık Maliyeti,
Total Billable Amount,Toplam Faturalandırılabilir Tutar,
Total Billable Amount (via Timesheet),Toplam Faturalandırılabilir Tutar (Çalışma Sayfası Tablosu ile),
Total Billable Hours,Toplam Faturalanabilir Saat,
Total Billed Amount,Toplam Faturalı Tutar,
Total Billed Amount (via Sales Invoice),Toplam Faturalandırılan Tutar (Sat Faturaları ile),
Total Billed Hours,Toplam Faturalı Saat,
Total Billing Amount,Toplam Fatura Tutarı,
Total Billing Hours,Toplam Çalışma Saati,
Total Characters,Toplam Karakter,
Total Commission,Toplam Komisyon,
Total Completed Qty,Toplam Tamamlanan Miktar,
Total Consumed Material Cost (via Stock Entry),Toplam Tüketim Maliyeti Maliyeti (Stok Hareketi ile),
Total Cost,Toplam Maliyet,
Total Cost (Company Currency),Toplam Maliyet (Şirket Para Birimi),
Total Costing Amount,Toplam Maliyet Tutarı,
Total Costing Amount (via Timesheet),Toplam Maliyetleme Tutarı (Çalışma Sayfası Tablosu Üzerinden),
Total Credit,Toplam Alacak,
Total Debit,Toplam Borç,
Total Estimated Distance,Toplam Tahmini Mesafe,
Total Experience,Toplam Deneyim,
Total Gain/Loss,Toplam Kazanç / Zarar,
Total Hold Time,Toplam Tutma Süresi,
Total Holidays,Toplam Tatiller,
Total Incoming Value (Receipt),Toplam Gelen Değer (Alım),
Total Interest,Toplam Faiz,
Total Message(s),Toplam Mesaj,
Total Monthly Sales,Toplam Aylık Satış,
Total Net Weight,Toplam Net Ağırlık,
Total Number of Booked Depreciations ,Toplam Amortisman Sayısı,
Total Number of Depreciations,Amortisman Sayısı,
Total Operating Cost,Toplam Operasyon Maliyeti,
Total Operation Time,Toplam Operasyon Süresi,
Total Outgoing Value (Consumption),Toplam Çıkan Değer (Tüketim),
Total Outstanding,Toplam Üstün,
Total Planned Qty,Toplam Planlanan Miktar,
Total Produced Qty,Toplam Üretilen Miktar,
Total Projected Qty,Tahmini Toplam Miktar,
Total Purchase Cost (via Purchase Invoice),Toplam Satınalma Maliyeti (Satınalma Fatura üzerinden),
Total Qty,Toplam Mik,
Total Quantity,Toplam Miktar,
Total Repair Cost,Toplam Onarım Maliyeti,
Total Reposting Count,Toplam Yeniden Gönderim Sayısı,
Total Sales Amount (via Sales Order),Toplam Satış Tutarı (Satış Siparişi Yoluyla),
Total Stock Summary,Toplam Stok Özeti,
Total Supplied Qty,Toplam Tedarik Edilen Miktar,
Total Taxes and Charges,Toplam Vergi ve Harçlar,
Total Taxes and Charges (Company Currency),Toplam Vergi ve Harçlar (Şirket Para Birimi),
Total Time in Mins,Dakikada Toplam Süre,
Total Value,Toplam Değer,
Total Value Difference (Incoming - Outgoing),Toplam Değer Farkı (Giriş - Çıkış),
Total Weight,Toplam Ağırlık,
Total Working Hours,Toplam Çalışma Saatleri,
Totals,Toplamlar,
Track Service Level Agreement,Servis Seviyesi Sözleşmesini İzleyin,
Track separate Income and Expense for product verticals or divisions.,Ayrı Gelir izlemek ve ürün dikey veya bölüm için Gider.,
Tracking Status,Takip Durumu,
Tracking Status Info,İzleme Durum Bilgisi,
Tracking URL,İzleme Bağlantısı,
Transaction,İşlem,
Transaction Currency,İşlem Para Birimi,
Transaction Date,İşlem Tarihi,
Transaction Deletion Record,İşlem Silme Kaydı,
Transaction Deletion Record Details,İşlem Silme Kaydı Detayları,
Transaction Deletion Record Item,İşlem Silme Kayıt Öğesi,
Transaction Details,İşlem Detayları,
Transaction Exchange Rate,İşlem Döviz Kuru,
Transaction ID,İşlem ID,
Transaction Settings,İşlem Ayarları,
Transaction Type,işlem tipi,
Transactions Annual History,İşlemler Yıllık Geçmişi,
Transfer,Transfer et,
Transfer Material Against,Karşı Malzemeyi Aktar,
Transfer Status,Aktarım durumu,
Transfer Type,Transfer Türü,
Transferred,aktarılan,
Transferred Qty,Transfer Edilen Miktar,
Transit,Taşıma,
Transport Receipt Date,Nakliye Fişi Tarihi,
Transport Receipt No,Nakliye Fişi No,
Transporter,Nakliyeci,
Transporter Details,Nakliyeci Detayları,
Transporter Info,Nakliyeci Bilgisi,
Transporter Name,Nakliyeci Adı,
Tree Details,ağaç Detayları,
Trial Balance,Geçici Mizan,
Trial Balance (Simple),Geçici Mizan (Basit),
Trial Balance for Party,Cari için Geçici Mizan,
Trial Period End Date,Deneme Süresi Bitiş Tarihi,
Trial Period Start Date,Deneme Süresi Başlangıç Tarihi,
Trialling,Deneme,
Truncates 'Remarks' column to set character length,Karakter uzunluğunu ayarlamak için 'Açıklamalar' sütununu kısaltır,
Tuesday,Salı,
Twice Daily,Günde iki kez,
Two-way,Çift yönlü,
Type,Türü,
Type Of Call,Çağrı Türü,
Type of Payment,Ödeme Türü,
Type of Transaction,İşlem Türü,
Type of document to rename.,Yeniden adlandırılacak Belge Türü.,
UAE VAT 201,Birleşik Arap Emirlikleri KDV 201,
UAE VAT Account,BAE KDV Hesabı,
UAE VAT Accounts,BAE KDV Hesapları,
UAE VAT Settings,BAE KDV Ayarları,
UOM,Birim,
UOM Category,UOM Kategorisi,
UOM Conversion Detail,Ölçü Birimi Dönüşüm Detayı,
UOM Conversion Factor,Birim Dönüşüm Katsayısı,
UOM Name,Ölçü Birimi,
UOMs,Ölçü Birimleri,
UPC-A,UPC-A,
URL,URL,
Unallocated Amount,Ayrılmamış Tutar,
Under AMC,AMC altında,
Under Graduate,Lisans,
Under Warranty,Garanti Altında,
Unfulfilled,Karşılanmamış,
Units of Measure,Ölçü Birimleri,
Unlink Advance Payment on Cancellation of Order,Sipariş İptalinde Avans Ödeme Bağlantısını Kaldır,
Unlink Payment on Cancellation of Invoice,Fatura İptalinde Ödeme Bağlantısını Kaldır,
Unlinked,Bağlı Değil,
Unpaid,Ödenmemiş,
Unpaid and Discounted,Ödenmemiş ve İndirimli,
Unplanned machine maintenance,Planlanmamış makine bakımı,
Unqualified,Niteliksiz,
Unrealized Exchange Gain/Loss Account,Gerçekleşmemiş Döviz Kazası / Zarar Hesabı,
Unrealized Profit / Loss Account,Gerçekleşmemiş Kâr / Zarar Hesabı,
Unrealized Profit / Loss account for intra-company transfers,Şirket içi transferler için Gerçekleşmemiş Kâr / Zarar Hesabı,
Unrealized Profit/Loss account for intra-company transfers,Şirket içi transferler için Gerçekleşmemiş Kâr / Zarar Hesabı,
Unreconcile Payment,Ödemeyi Uzlaştırma,
Unreconcile Payment Entries,Ödeme Girişlerinin Uzlaştırma,
Unreconciled,Uzlaşmamış,
Unreconciled Amount,Mutabık Olunmayan Tutar,
Unreconciled Entries,Mutabık Olunmayan Girişler,
Unresolved,Çözülmemiş,
Unscheduled,planlanmamış,
Unsigned,İmzalanmadı,
Unsubscribed,Kaydolmamış,
Unverified,Doğrulanmamış,
Upcoming Calendar Events,Yaklaşan Takvim Etkinlikleri,
Update Auto Repeat Reference,Otomatik Tekrar Referansı Güncelle,
Update BOM Cost Automatically,BOM Maliyetini Otomatik Olarak Güncelleyin,
"Update BOM cost automatically via scheduler, based on the latest Valuation Rate/Price List Rate/Last Purchase Rate of raw materials",İlk madde ve malzemelerin en son Değerleme Oranı / Fiyat Listesi Oranı / Son Satınalma Oranına göre ürün reçetesi hesabı otomatik olarak planlayıcı aracılığıyla güncelleyin,
Update Billed Amount in Delivery Note,İrsaliyedeki Fatura Tutarını Güncelle,
Update Billed Amount in Purchase Order,Satış Siparişindeki Fatura Tutarını Güncelle,
Update Billed Amount in Purchase Receipt,Satın Alma Emrindeki Fatura Tutarını Güncelle,
Update Billed Amount in Sales Order,Satış Sipariş Faturasındaki Tutarını Güncelle,
Update Consumed Material Cost In Project,Projede Tüketilen Malzeme Maliyetini Güncelle,
Update Cost,Maliyeti Güncelle,
Update Existing Price List Rate,Mevcut Fiyat Listesi Oranını Güncelle,
Update Existing Records,Mevcut Kayıtları Güncelle,
Update Outstanding for Self,Kendi Açık Bakiyesini Güncelle,
Update Rate and Availability,Oranı ve Kullanılabilirliği Güncelle,
Update Stock,Stoğu Güncelle,
Update Type,Güncelleme Türü,
Update frequency of Project,Projenin güncelleme sıklığı,
Update latest price in all BOMs,Tüm ürün reçetelerinde en son fiyatı güncelleyin,
Update the modified timestamp on new communications received in Lead & Opportunity.,Yeni iletişimlerde Potansiyel Müşteri ve Fırsat kayıtlarının değiştirilme zaman damgasını güncelle.,
Update timestamp on new communication,Yeni İletişimde Zaman Damgasını Güncelle,
Updated via 'Time Log' (In Minutes),'Zaman Kaydı' ile güncellendi. (Dakika),
Upload XML Invoices,XML Faturalarını Yükleme,
Urgent,Acil,
Use Batch-wise Valuation,Parti Bazında Değerleme Kullan,
Use Company Default Round Off Cost Center,Varsayılan Yuvarlama Maliyet Merkezini Kullan,
Use Company default Cost Center for Round off,Yuvarlamak İçin Varsayılan Maliyet Merkezini Kullan,
Use Google Maps Direction API to calculate estimated arrival times,Tahmini tahmini kullanım kullanımlarını hesaplamak için Google Haritalar Yönü API&#39;sini kullanın,
Use Google Maps Direction API to optimize route,Rotayı optimize etmek için Google Haritalar Yönü API&#39;sini kullanın,
Use HTTP Protocol,HTTP Protokolünü Kullan,
Use Item based reposting,Ürün Bazlı Yeniden Kayıt Kullan,
Use Multi-Level BOM,Çok Seviyeli BOM Kullan,
Use Serial / Batch Fields,Seri / Parti Alanları Kullan,
Use Serial No / Batch Fields,Seri No / Parti Alanlarını Kullanın,
Use Transaction Date Exchange Rate,İşlem Tarihi Döviz Kurunu Kullanın,
Use for Shopping Cart,Alışveriş Sepeti kullanımı,
Use this field to render any custom HTML in the section.,Bölümdeki herhangi bir özel HTML'yi oluşturmak için bu alanı kullanın.,
Used,Kullanılmış,
Used for Production Plan,Üretim Planı için Kullanılır,
User,Kullanıcı,
User Details,Kullanıcı Detayları,
User ID,Kullanıcı ID,
User Remark,Kullanıcı Açıklaması,
User Resolution Time,Kullanıcı Çözüm Süresi,
Users,Kullanıcılar,
Users can enable the checkbox If they want to adjust the incoming rate (set using purchase receipt) based on the purchase invoice rate.,"Kullanıcılar, satın alma faturasındaki fiyatı (satın alma irsaliyesi ile ayarlanan) ayarlamak istiyorlarsa, onay kutusunu etkinleştirebilirler.",
Users with this role are allowed to over bill above the allowance percentage,Bu role sahip kullanıcıların tahsisat yüzdesinin üzerinde fazla faturalandırma yapmasına izin verilir.,
Users with this role are allowed to over deliver/receive against orders above the allowance percentage,Bu role sahip kullanıcıların ödenek yüzdesinin üzerindeki siparişlere karşı fazla teslim/alma yapmasına izin verilir,
Users with this role are allowed to set frozen accounts and create / modify accounting entries against frozen accounts,Bu rol sahibi kullanıcıların şifreli hesapları düzenleme ve şifrelenmiş hesaplara karşı muhasebe girdileri oluşturma/düzenleme yetkileri vardır,
Utilities,Faydalı şeyler,
VAT Accounts,KDV Hesapları,
VAT Audit Report,KDV Denetim Raporu,
Valid From,Geçerlilik Başlangıcı,
Valid Till,Geçerlilik Tarihi,
Valid Upto,Geçerlilik Bitişi,
Valid for Countries,Ülkeler için geçerli,
Validate Applied Rule,Uygulanan Kuralı Doğrula,
Validate Components and Quantities Per BOM,Ürün Ağacı Başına Bileşen Miktarlarını Doğrula,
Validate Negative Stock,Negatif Stoku Doğrula,
Validate Pricing Rule,Fiyatlandırma Kuralını Doğrula,
Validate Selling Price for Item Against Purchase Rate or Valuation Rate,Öğenin Satış Fiyatını Satınalma veya Değerleme Oranına Karşı Doğrula,
Validate Stock on Save,Stokları Kaydederken Doğrula,
Validity,Geçerlilik,
Validity Details,kutsallık detayları,
Validity and Usage,Kullanım ve Kullanım,
Validity in Days,Geçerlilik Gün olarak,
Valuation,Değerleme,
Valuation Method,Değerleme Yöntemi,
Valuation Rate,Değerleme Oranı,
Valuation and Total,Değerleme ve Toplam,
Valuation rate for the item as per Sales Invoice (Only for Internal Transfers),Satış Faturasına göre ürün için değerleme oranı (Sadece Dahili Transferler için),
Value,Değer,
Value After Depreciation,Amortisman sonra değer,
Value Based Inspection,Değere Göre Kontrol,
Value Details,Değerler,
Value of Goods,Malların Değeri,
Variable Name,işletim Adı,
Variables,Değişkenler,
Variant Attributes,Varyant Nitelikleri,
Variant Based On,Varyant Tabanlı,
Variant Field,Varyant Alanı,
Variant Of,Varyantı,
Variants,Varyantlar,
Vehicle,Araç,
Vehicle Date,Araç Tarihi,
Vehicle No,Araç No,
Vehicle Number,Araç Numarası,
Vehicle Value,Araç Değeri,
Verified By,Onaylayan Kişi,
Version,Versiyon,
Via Customer Portal,Müşteri Portalı üzerinden,
Via Landed Cost Voucher,Ek Maliyeti Fişi,
Video,Video,
Video Settings,Video Ayarları,
View Website,Websitesine Git,
View attachments,Ekleri Göster,
Views,Görüntüleme,
Vimeo,Vimeo,
Visited,Ziyaret edildi,
Voice,Ses,
Voice Call Settings,Sesli Arama Ayarları,
Voucher Detail No,Fiş Detay No,
Voucher Name,Belge Adı,
Voucher No,Fiş No,
Voucher Qty,Belge Miktarı,
Voucher Subtype,Fiş Altürü,
Voucher Type,Fiş Türü,
Voucher-wise Balance,Fatura Bazında Bakiye,
Vouchers,kuponları,
WIP Composite Asset,Devam Eden Bileşik Varlık,
WIP Warehouse,Yarı Mamül Depo,
Wages,Ücret,
Wages per hour,Saatlik Ücreti,
Warehouse,Depo,
Warehouse Contact Info,Depo İletişim Bilgileri,
Warehouse Detail,Depo Detayı,
Warehouse Details,Depo Detayları,
Warehouse Name,Depo Adı,
Warehouse Settings,Depo Ayarları,
Warehouse Type,Depo Tipi,
Warehouse Wise Stock Balance,Stok Bakiyesi Depo bazında,
Warehouse and Reference,Depo ve Referans,
Warehouse wise Item Balance Age and Value,Depo bazında Öğe Bakiye Yaşı ve Değeri,
Warehouses,Depolar,
Warn,Uyar,
Warn POs,Satınalma Sipariş Uyarısı,
Warn Purchase Orders,Satınalma Siparişlerini Uyarın,
Warn RFQs,RFQs Uyarısı,
Warn for new Purchase Orders,Yeni Satınalma Siparişi için Uyarı,
Warn for new Request for Quotations,Teklifler için yeni istek uyarısı yapın,
Warranty / AMC Details,Garanti / AMC Detayları,
Warranty / AMC Status,Garanti / AMC Durumu,
Warranty Claim,Garanti Talebi,
Warranty Expiry Date,Garanti Son Kullanım Tarihi,
Warranty Period (Days),Garanti Süresi (Gün),
Warranty Period (in days),Garanti Süresi (gün),
Website,Website,
Website Attribute,Web Sitesi Özelliği,
Website Description,Web Sitesi Açıklaması,
Website Filter Field,Web Sitesi Filtre Alanı,
Website Image,Websitesi Resmi,
Website Item Group,Web Sitesi Ürün Grubu,
Website Manager,Web Yöneticisi,
Website Specifications,Web Sitesi Özellikleri,
Wednesday,Çarşamba,
Week,Haftalık,
Weekday,Çalışma günü,
Weekly,Haftalık,
Weekly Off,Haftalık İzin,
Weekly Time to send,Haftalık Gönderim Zamanı,
Weight,Ağırlık,
Weight (kg),Ağırlık (kg),
Weight Per Unit,Birim Ağırlık,
Weight UOM,Ağırlık Birimi,
Weighting Function,Ağırlıklandırma İşlevi,
Welcome email sent,Hoşgeldiniz e-posta gönderimi yapılır,
WhatsApp,WhatsApp,
Wheels,Tekerlek,
"When a parent warehouse is chosen, the system conducts stock checks against the associated child warehouses","Bir ana depo seçildiğinde sistem, ilgili alt depolara karşı stok kontrolleri gerçekleştirir",
"While making Purchase Invoice from Purchase Order, use Exchange Rate on Invoice's transaction date rather than inheriting it from Purchase Order. Only applies for Purchase Invoice.","Satınalma Siparişinden Satınalma Faturası oluştururken, Satın Alma Siparişinden devralmak yerine, Faturanın işlem tarihindeki Döviz Kurunu kullanın. Yalnızca Satınalma Faturası için geçerlidir.",
Widowed,Dul,
Width (cm),Genişlik (cm),
Width of amount in word,Yazıyla tutarın genişliği,
Will also apply for variants,Varyantlar için de geçerli olacak,
Will also apply for variants unless overrridden,Geçersiz kılınmadığı sürece varyantlar için de geçerli olacak,
With Operations,Operasyonlar ile,
Withdrawal,Para Çekme,
Work Done,İş Bitti,
Work In Progress,Devam ediyor,
Work Order,İş Emri,
Work Order Consumed Materials,İş Emri Sarf Malzemeleri,
Work Order Item,İş Emri Öğesi,
Work Order Operation,İş Emri Operasyonu,
Work Order Qty,İş Emri Miktarı,
Work Order Stock Report,İş Emri Stok Raporu,
Work Order Summary,İş Emri Özeti,
Work Orders in Progress,Devam eden İş Emirleri,
Work in Progress,Devam ediyor,
Work-in-Progress Warehouse,Yarı Maül Deposu,
Workday,Çalışma Günü,
Working,Çalışıyor,
Working Hours,Çalışma Saatleri,
Workstation,İş İstasyonu,
Workstation / Machine,İş İstasyonu / Makine,
Workstation Dashboard,İş İstasyonu Panosu,
Workstation Name,İş İstasyonu Adı,
Workstation Status,İş İstasyonu Durumu,
Workstation Type,İş İstasyonu Türü,
Workstation Working Hour,İş İstasyonu Operasyon Saati,
Workstations,İş İstasyonları,
Write Off,Şüpheli Alacak,
Write Off Account,Şüpheli Alacaklar Hesabı,
Write Off Amount,Tutarı Sil,
Write Off Amount (Company Currency),Şüpheli Alacak Miktarı (Şirketin Kurunda),
Write Off Based On,Dayalı Borç Sil,
Write Off Cost Center,Şüpheli Alacak Maliyet Merkezi,
Write Off Difference Amount,Şüpheli Alacak Fark Hesabı,
Write Off Entry,Şüpheli Alacak Kaydı,
Write Off Limit,Kapatma Limiti,
Write Off Outstanding Amount,Vadesi Dolan Şüpheli Alacak Miktarı,
Writeoff,Gider kaydı,
Written Down Value,Yazılı Değer,
Year,Yıl,
Year End Date,Yıl Bitiş Tarihi,
Year Name,yıl adı,
Year Start Date,Yıl Başlangıç Tarihi,
Year of Passing,Geçiş Yılı,
Yearly,Yıllık,
Yellow,Sarı,
Yes,Evet,
YouTube,Youtube,
YouTube Interactions,YouTube Etkileşimleri,
Youtube ID,Youtube ID,
Youtube Statistics,Youtube İstatistiği,
Zero Balance,Sıfır Bakiye,
Zip File,Sıkıştırılmış dosya,
description,Açıklama,
development,geliştirme,
"e.g. ""Summer Holiday 2019 Offer 20""",veya. &quot;Yaz Tatili 2019 Teklifi 20&quot;,
example: Next Day Shipping,Örnek: Bir sonraki gün sevkiyat,
image,resim,
lft,sol,
material_request_item,malzeme_isteği_öğesi,
old_parent,old_parent,
per hour,saat başına,
product bundle item row's name in sales order. Also indicates that picked item is to be used for a product bundle,"satış siparişindeki ürün paketi öğesi satırının adı. Ayrıca, toplanan öğenin bir ürün paketi için kullanılacağını belirtir",
production,üretim,
quotation_item,teklif_kalemi,
rgt,sağ,
sandbox,sandbox,
temporary name,geçici isim,
title,Başlık,
unique e.g. SAVE20  To be used to get discount,Örnek örnekleme SAVE20 İndirim almak için kullanmak,
