 Address,地址,
 Amount,数额,
 Is Child Table,是否为子表,
 Name,名称,
 Rate,单价,
 Summary,概要,
"""Customer Provided Item"" cannot be Purchase Item also","""Customer Provided Item（客户提供的物品）"" 也不可被采购",
"""Customer Provided Item"" cannot have Valuation Rate","""Customer Provided Item（客户提供的物品）"" 不允许拥有 Valuation Rate（估值比率）",
"""Is Fixed Asset"" cannot be unchecked, as Asset record exists against the item",“是固定的資產”不能選中，作為資產記錄存在對項目,
"""SN-01::10"" for ""SN-01"" to ""SN-10""",SN-01::10 代表 SN-01 到 SN-10,
# In Stock,# 库存数量,
# Req'd Items,# 所需物料,
%  Delivered,％交付,
% Amount Billed,（％）金額已開立帳單,
% Billed,％已開立帳單,
% Complete Method,完成百分比法,
% Completed,％已完成,
% Finished Item Quantity,% 成品数量,
% Installed,％已安裝,
% Occupied,% 已使用,
% Of Grand Total,占总数的百分比,
% Ordered,% 已訂購,
% Picked,% 已拣货,
% Process Loss,% 工艺损耗,
% Progress,％進展,
% Received,％ 已收,
% Returned,% 已退货,
% of materials billed against this Sales Order,針對這張銷售訂單的已開立帳單的百分比(%),
% of materials delivered against this Sales Order,針對這張銷售訂單的已交貨物料的百分比(%),
'Account' in the Accounting section of Customer {0},客户 {0} 的会计部分中的“账目”,
'Allow Multiple Sales Orders Against a Customer's Purchase Order',“允许针对指定客户的采购订单创建多个销售订单”,
'Based On' and 'Group By' can not be same,“根據”和“分組依據”不能相同,
'Days Since Last Order' must be greater than or equal to zero,“自從最後訂購日”必須大於或等於零,
'Default {0} Account' in Company {1},公司 {1} 的“默认 {0} 账目”,
'Entries' cannot be empty,“分錄”不能是空的,
'From Date' is required,“起始日期”是必需的,
'From Date' must be after 'To Date',“起始日期”必須經過'終止日期',
'Has Serial No' can not be 'Yes' for non-stock item,非庫存項目不能有序號,
"'Inspection Required before Delivery' has disabled for the item {0}, no need to create the QI",物料{0}已禁用'发货前需质检'，无需创建质量检验单,
"'Inspection Required before Purchase' has disabled for the item {0}, no need to create the QI",物料{0}已禁用'采购前需质检'，无需创建质量检验单,
'Opening',“開放”,
'To Date' is required,“至日期”是必需填寫的,
'To Package No.' cannot be less than 'From Package No.',“结束包装编号”不能小于“起始包装编号”,
'Update Stock' can not be checked because items are not delivered via {0},不能勾選`更新庫存'，因為項目未交付{0},
'Update Stock' cannot be checked for fixed asset sale,"""更新庫存"" 無法檢查固定資產銷售",
'{0}' account is already used by {1}. Use another account.,科目'{0}'已被{1}使用，请选择其他科目,
'{0}' should be in company currency {1}.,'{0}'必须使用公司货币{1},
(A) Qty After Transaction,(A) 交易后数量,
(B) Expected Qty After Transaction,(B) 预期交易后数量,
(C) Total Qty in Queue,(C) 队列中的总数量,
(C) Total qty in queue,(C) 队列中的总数量,
(D) Balance Stock Value,(D) 结存库存价值,
(E) Balance Stock Value in Queue,(E) 队列结存价值,
(F) Change in Stock Value,(F) 库存价值变动,
(Forecast),（预测）,
(G) Sum of Change in Stock Value,(G) 库存价值变动总和,
(H) Change in Stock Value (FIFO Queue),(H) 库存价值变动（先进先出队列）,
(H) Valuation Rate,(H) 计价率,
(Hour Rate / 60) * Actual Operation Time,（工時率/ 60）*實際操作時間,
(I) Valuation Rate,(I) 计价率,
(J) Valuation Rate as per FIFO,(J) 按先进先出法计价率,
(K) Valuation = Value (D) ÷ Qty (A),(K) 计价=价值(D) ÷ 数量(A),
(including),（包括）,
* Will be calculated in the transaction.,*將被計算在該交易。,
0-30 Days,0-30 天,
1 Loyalty Points = How much base currency?,1忠誠度積分=多少基礎貨幣？,
1 hr,1小时,
2 Yearly,每年2次,
3 Yearly,3年周期,
30 mins,30分钟,
30-60 Days,30-60 天,
6 hrs,6小时,
60-90 Days,60-90 天,
90 Above,90 以上,
<b>From Time</b> cannot be later than <b>To Time</b> for {0},{0}的<b>起始时间</b>不能晚于<b>起始时间</b>,
"<br>
<h4>Note</h4>
<ul>
<li>
You can use <a href=""https://jinja.palletsprojects.com/en/2.11.x/"" target=""_blank"">Jinja tags</a> in <b>Subject</b> and <b>Body</b> fields for dynamic values.
</li><li>
    All fields in this doctype are available under the <b>doc</b> object and all fields for the customer to whom the mail will go to is available under the  <b>customer</b> object.
</li></ul>
<h4> Examples</h4>
<!-- {% raw %} -->
<ul>
    <li><b>Subject</b>:<br><br><pre><code>Statement Of Accounts for {{ customer.customer_name }}</code></pre><br></li>
    <li><b>Body</b>: <br><br>
<pre><code>Hello {{ customer.customer_name }},<br>PFA your Statement Of Accounts from {{ doc.from_date }} to {{ doc.to_date }}.</code> </pre></li>
</ul>
<!-- {% endraw %} -->","<br>
<h4>注意事项</h4>
<ul>
<li>
您可以在 ""<b>主题 ""</b>和<b>""正文</b>""字段中使用 ""<a href=""https://jinja.palletsprojects.com/en/2.11.x/"" target=""_blank"">Jinja ""标记</a>来获取动态值。
</li><li>
    该类型中的所有字段均可在<b>doc</b>对象下使用，而邮件将发送给的客户的所有字段均可在<b>客户</b>对象下使用。
</li></ul>
<h4>示例</h4>
<!-- {% raw %} -->
<ul>
    <li><b>主题</b>：<br><br><pre><code> {{ customer.customer_name }}的账目报表 </code></pre><br></li>
    <li><b>正文</b>：<br><br>
<pre><code>您好 {{ customer.customer_name }},<br>PFA 您的会计报表从 {{ doc.from_date }} 转到 {{ doc.to_date }}。</code> </pre></li>
</ul>
<!-- {% endraw %} -->",
"<div class=""columnHeading"">Other Details</div>","<div class=""columnHeading"">其他详细信息</div>",
"<div class=""text-muted text-center"">No Matching Bank Transactions Found</div>","<div class=""text-muted text-center"">未找到匹配的银行交易</div>",
"<div>
<h3> All dimensions in centimeter only </h3>
</div>","<div>
<h3>所有尺寸均以厘米为单位 </h3>
</div>",
"<h3>About Product Bundle</h3>

<p>Aggregate group of <b>Items</b> into another <b>Item</b>. This is useful if you are bundling a certain <b>Items</b> into a package and you maintain stock of the packed <b>Items</b> and not the aggregate <b>Item</b>.</p>
<p>The package <b>Item</b> will have <code>Is Stock Item</code> as <b>No</b> and <code>Is Sales Item</code> as <b>Yes</b>.</p>
<h4>Example:</h4>
<p>If you are selling Laptops and Backpacks separately and have a special price if the customer buys both, then the Laptop + Backpack will be a new Product Bundle Item.</p>","<h3>关于产品捆绑包</h3>

<p>将一组<b>货品</b>汇总到另一个<b>货品</b>中。如果您要将某个<b>项目</b>捆绑到一个包中，而您只保留打包<b>项目</b>的库存，而不保留汇总<b>项目</b>的库存，这将非常有用。</p>
<p>打包<b>项目</b>的<code>Is Stock</code> <b>Item</b> <code>（库存项目）</code>为<b>No</b>，<code>Is Sales Item</code> <code>（销售项目</code>）为<b>Yes</b>。</p>
<h4>举例说明：</h4>
<p>如果您分别销售笔记本电脑和背包，并且如果客户同时购买这两件商品，您可以享受优惠价格，那么笔记本电脑+背包将成为一个新的产品组合项目。</p>",
"<h3>Currency Exchange Settings Help</h3>
<p>There are 3 variables that could be used within the endpoint, result key and in values of the parameter.</p>
<p>Exchange rate between {from_currency} and {to_currency} on {transaction_date} is fetched by the API.</p>
<p>Example: If your endpoint is exchange.com/2021-08-01, then, you will have to input exchange.com/{transaction_date}</p>","<h3>货币兑换设置帮助</h3>
<p>在端点、结果键和参数值中可以使用 3 个变量。</p>
<p>API 将获取 {transaction_date} 上 {from_currency} 和 {to_currency} 之间的汇率。</p>
<p>举例说明：如果您的端点是 exchange.com/2021-08-01，则必须输入 exchange.com/{transaction_date}。 </p>",
"<h4>Body Text and Closing Text Example</h4>

<div>We have noticed that you have not yet paid invoice {{sales_invoice}} for {{frappe.db.get_value(""Currency"", currency, ""symbol"")}} {{outstanding_amount}}. This is a friendly reminder that the invoice was due on {{due_date}}. Please pay the amount due immediately to avoid any further dunning cost.</div>

<h4>How to get fieldnames</h4>

<p>The fieldnames you can use in your template are the fields in the document. You can find out the fields of any documents via Setup &gt; Customize Form View and selecting the document type (e.g. Sales Invoice)</p>

<h4>Templating</h4>

<p>Templates are compiled using the Jinja Templating Language. To learn more about Jinja, <a class=""strong"" href=""http://jinja.pocoo.org/docs/dev/templates/"">read this documentation.</a></p>","<h4>正文和结尾文本示例</h4>

<div>我们注意到您尚未支付 {{sales_invoice}} 的发票 {{frappe.db.get_value(""Currency"", currency, ""symbol"")}} {{outstanding_amount}}。特此友情提醒，发票到期日为 {{due_date}}。请立即支付应付金额，以免产生更多扣款费用。</div>

<h4>如何获取字段名</h4>

<p>您可以在模板中使用的字段名是文档中的字段。您可以通过设置 &gt; 自定义表单视图并选择文档类型（如销售发票）来查找任何文档的字段。</p>

<h4>模板</h4>

<p>模板使用 Jinja 模板语言编译。要了解有关 Jinja 的更多信息，请<a class=""strong"" href=""http://jinja.pocoo.org/docs/dev/templates/"">阅读此文档。</a></p>",
"<h4>Contract Template Example</h4>

<pre>Contract for Customer {{ party_name }}

-Valid From : {{ start_date }} 
-Valid To : {{ end_date }}
</pre>

<h4>How to get fieldnames</h4>

<p>The field names you can use in your Contract Template are the fields in the Contract for which you are creating the template. You can find out the fields of any documents via Setup &gt; Customize Form View and selecting the document type (e.g. Contract)</p>

<h4>Templating</h4>

<p>Templates are compiled using the Jinja Templating Language. To learn more about Jinja, <a class=""strong"" href=""http://jinja.pocoo.org/docs/dev/templates/"">read this documentation.</a></p>","<h4>合同模板示例</h4>

<pre>客户合同 {{ party_name }}

-Valid From : {{ start_date }} 
-Valid To : {{ end_date }}
</pre>

<h4>如何获取字段名</h4>

<p>您可以在合同模板中使用的字段名称是您创建模板的合同中的字段。您可以通过设置 &gt; 自定义表单视图并选择文档类型（如合同）来查找任何文档的字段。</p>

<h4>模板制作</h4>

<p>模板使用 Jinja 模板语言编译。要了解有关 Jinja 的更多信息，请<a class=""strong"" href=""http://jinja.pocoo.org/docs/dev/templates/"">阅读此文档。</a></p>",
"<h4>Standard Terms and Conditions Example</h4>

<pre>Delivery Terms for Order number {{ name }}

-Order Date : {{ transaction_date }} 
-Expected Delivery Date : {{ delivery_date }}
</pre>

<h4>How to get fieldnames</h4>

<p>The fieldnames you can use in your email template are the fields in the document from which you are sending the email. You can find out the fields of any documents via Setup &gt; Customize Form View and selecting the document type (e.g. Sales Invoice)</p>

<h4>Templating</h4>

<p>Templates are compiled using the Jinja Templating Language. To learn more about Jinja, <a class=""strong"" href=""http://jinja.pocoo.org/docs/dev/templates/"">read this documentation.</a></p>","<h4>合同模板示例</h4>

<pre>客户合同 {{ party_name }}

-Valid From : {{ start_date }} 
-Valid To : {{ end_date }}
</pre>

<h4>如何获取字段名</h4>

<p>您可以在合同模板中使用的字段名称是您创建模板的合同中的字段。您可以通过设置 &gt; 自定义表单视图并选择文档类型（如合同）来查找任何文档的字段。</p>

<h4>模板制作</h4>

<p>模板使用 Jinja 模板语言编译。要了解有关 Jinja 的更多信息，请<a class=""strong"" href=""http://jinja.pocoo.org/docs/dev/templates/"">阅读此文档。</a></p>",
"<h5 class=""text-muted uppercase"">Or</h5>","<h5 class=""text-muted uppercase"">或者</h5>",
"<label class=""control-label"" style=""margin-bottom: 0px;"">Account Number Settings</label>","<label class=""control-label"" style=""margin-bottom: 0px;"">账号设置</label>",
"<label class=""control-label"" style=""margin-bottom: 0px;"">Amount In Words</label>","<label class=""control-label"" style=""margin-bottom: 0px;"">大写金额</label>",
"<label class=""control-label"" style=""margin-bottom: 0px;"">Date Settings</label>","<label class=""control-label"" style=""margin-bottom: 0px;"">日期设置</label>",
"<p>In your <b>Email Template</b>, you can use the following special variables:
</p>
<ul>
        <li>
            <code>{{ update_password_link }}</code>: A link where your supplier can set a new password to log into your portal.
        </li>
        <li>
            <code>{{ portal_link }}</code>: A link to this RFQ in your supplier portal.
        </li>
        <li>
            <code>{{ supplier_name }}</code>: The company name of your supplier.
        </li>
        <li>
            <code>{{ contact.salutation }} {{ contact.last_name }}</code>: The contact person of your supplier.
        </li><li>
            <code>{{ user_fullname }}</code>: Your full name.
        </li>
    </ul>
<p></p>
<p>Apart from these, you can access all values in this RFQ, like <code>{{ message_for_supplier }}</code> or <code>{{ terms }}</code>.</p>","<p>在<b>电子邮件模板</b>中，您可以使用以下特殊变量：
</p>
<ul>
        <li>
            <code>{{ update_password_link }}</code>:供应商可以设置新密码登录门户网站的链接。
        </li>
        <li>
            <code>{{ portal_link }}</code>:供应商门户网站中该询价单的链接。
        </li>
        <li>
            <code>{{ supplier_name }}</code>:供应商的公司名称。
        </li>
        <li>
            <code>{{ contact.salutation }} {{ contact.last_name }}</code>:供应商的联系人。
        </li><li>
            <code>{{ user_fullname }}</code>:您的全名。
        </li>
    </ul>
<p></p>
<p>除此之外，您还可以访问此 RFQ 中的所有值，如 <code>{{ message_for_supplier }}</code>或 <code>{{ terms }}</code>.</p>",
"<pre><h5>Message Example</h5>

&lt;p&gt; Thank You for being a part of {{ doc.company }}! We hope you are enjoying the service.&lt;/p&gt;

&lt;p&gt; Please find enclosed the E Bill statement. The outstanding amount is {{ doc.grand_total }}.&lt;/p&gt;

&lt;p&gt; We don't want you to be spending time running around in order to pay for your Bill.<br>After all, life is beautiful and the time you have in hand should be spent to enjoy it!<br>So here are our little ways to help you get more time for life! &lt;/p&gt;

&lt;a href=""{{ payment_url }}""&gt; click here to pay &lt;/a&gt;

</pre>
","<pre><h5>信息示例</h5>

&lt;p&gt; 感谢您成为 {{ doc.company }}的一员！希望您能享受我们的服务。&lt;/p&gt;

&lt;p&gt; 随信附上电子账单。未付金额为 {{ doc.grand_total }}。&lt;/p&gt;

&lt;p&gt; 我们不希望您为了支付账单而花费时间四处奔波。<br>毕竟，生活是美好的，您手中的时间应该用来享受生活！<br>因此，我们有一些小方法来帮助您获得更多的生活时间！ &lt;/p&gt;

&lt;a href=""{{ payment_url }}""&gt; 点击此处付款 &lt;/a&gt;

</pre>",
"<pre><h5>Message Example</h5>

&lt;p&gt;Dear {{ doc.contact_person }},&lt;/p&gt;

&lt;p&gt;Requesting payment for {{ doc.doctype }}, {{ doc.name }} for {{ doc.grand_total }}.&lt;/p&gt;

&lt;a href=""{{ payment_url }}""&gt; click here to pay &lt;/a&gt;

</pre>
","<pre><h5>消息示例</h5>

&lt;p&gt;亲爱的 {{ doc.contact_person }}，&lt;/p&gt;

&lt;p&gt;请求支付 {{ doc.doctype }}、 {{ doc.name }} 和 {{ doc.grand_total }}的费用。&lt;/p&gt;

&lt;a href=""{{ payment_url }}""&gt; 点击此处支付 &lt;/a&gt;

</pre>",
<strong>Grand Total:</strong> {0},<strong>总计：</strong> {0},
<strong>Outstanding Amount:</strong> {0},<strong>未清金额：</strong> {0},
"<table class=""table table-bordered table-condensed"">
<thead>
  <tr>
         <th class=""table-sr"" style=""width: 50%;"">Child Document</th>
         <th class=""table-sr"" style=""width: 50%;"">Non Child Document</th>
   </tr>
</thead>
<tbody>
<tr>
         <td>
                  <p> To access parent document field use parent.fieldname and to access child table document field use doc.fieldname </p>

         </td>
         <td>
                    <p>To access document field use doc.fieldname </p>
         </td>
</tr>
<tr>
        <td>
                   <p><b>Example: </b> parent.doctype == ""Stock Entry"" and doc.item_code == ""Test"" </p>

        </td>
         <td>
                   <p><b>Example: </b> doc.doctype == ""Stock Entry"" and doc.purpose == ""Manufacture""</p>    
          </td>
</tr>

</tbody>
</table>






","<table class=""table table-bordered table-condensed"">
<thead>
  <tr>
         <th class=""table-sr"" style=""width: 50%;"">子文档</th>
         <th class=""table-sr"" style=""width: 50%;"">非子文档</th>
   </tr>
</thead>
<tbody>
<tr>
         <td>
                  <p> 要访问父文档字段，请使用 parent.字段名；要访问子表文档字段，请使用doc.字段名 </p>

         </td>
         <td>
                    <p>要访问文档字段，请使用 doc.字段名 </p>
         </td>
</tr>
<tr>
        <td>
                   <p><b>示例： </b> parent.doctype == ""入库单"" 和 doc.item_code == ""测试物料"" </p>

        </td>
         <td>
                   <p><b>示例： </b> doc.doctype == “入库单” 和 doc.purpose == “生产用途”</p>    
          </td>
</tr>

</tbody>
</table>",
A Customer Group exists with same name please change the Customer name or rename the Customer Group,客戶群組存在相同名稱，請更改客戶名稱或重新命名客戶群組,
A Holiday List can be added to exclude counting these days for the Workstation.,可添加假日清单以排除工作站的特定日期计算,
A Lead requires either a person's name or an organization's name,领导者需要一个人的姓名或组织的名称,
A Packing Slip can only be created for Draft Delivery Note.,装箱单仅可为草稿状态的交货单创建,
"A Price List is a collection of Item Prices either Selling, Buying, or both",价格清单是物料销售价、采购价或两者的集合,
"A Product or a Service that is bought, sold or kept in stock.",產品或服務已購買，出售或持有的庫存。,
A Reconciliation Job {0} is running for the same filters. Cannot reconcile now,对账任务{0}正在使用相同筛选条件运行，当前无法对账,
A Transaction Deletion Document: {0} is triggered for {0},已触发交易删除凭证：{0}（针对{0}）,
A condition for a Shipping Rule,為運輸規則的條件,
A customer must have primary contact email.,客户必须设置主联系邮箱,
A driver must be set to submit.,必须设置驾驶员才能提交,
A logical Warehouse against which stock entries are made.,對這些庫存分錄帳進行的邏輯倉庫。,
A new appointment has been created for you with {0},已为您创建一个{0}的新约会,
A template with tax category {0} already exists. Only one template is allowed with each tax category,税种{0}的模板已存在，每个税种仅允许一个模板,
A third party distributor / dealer / commission agent / affiliate / reseller who sells the companies products for a commission.,第三方分銷商/經銷商/代理商/分支機構/分銷商誰銷售公司產品的佣金。,
A+,A +,
A-,一個-,
A4,A4,
AB+,AB +,
AB-,AB-,
ACC-AML-.YYYY.-,ACC-AML-.YYYY.-,
ACC-ASR-.YYYY.-,ACC-ASR-.YYYY.-,
ACC-ASS-.YYYY.-,ACC-ASS-.YYYY.-,
ACC-BTN-.YYYY.-,ACC-BTN-.YYYY.-,
ACC-JV-.YYYY.-,ACC-JV-.YYYY.-,
ACC-PAY-.YYYY.-,ACC-PAY-.YYYY.-,
ACC-PINV-.YYYY.-,ACC-PINV-.YYYY.-,
ACC-PINV-RET-.YYYY.-,ACC-PINV-RET-.YYYY.-,
ACC-PRQ-.YYYY.-,ACC-PRQ-.YYYY.-,
ACC-PSINV-.YYYY.-,ACC-PSINV-.YYYY.-,
ACC-SH-.YYYY.-,ACC-SH-.YYYY.-,
ACC-SINV-.YYYY.-,ACC-SINV-.YYYY.-,
ACC-SINV-RET-.YYYY.-,ACC-SINV-RET-.YYYY.-,
AMC Expiry Date,AMC到期時間,
API,API,
API Details,接口详情,
API Endpoint,API 端点,
API Key,API 密钥,
AWB Number,空运提单号,
Abbr,縮寫,
Abbreviation,縮寫,
Abbreviation already used for another company,另一家公司已使用此縮寫,
Abbreviation is mandatory,縮寫是強制性的,
Abbreviation: {0} must appear only once,简称{0}必须唯一,
About,关于,
About {0} minute remaining,剩余约 {0} 分钟,
About {0} minutes remaining,剩余约 {0} 分钟,
About {0} seconds remaining,剩余约 {0} 秒,
Academics User,學術界用戶,
Acceptance Criteria Formula,验收条件公式,
Acceptance Criteria Value,验收条件值,
Accepted,接受的,
Accepted Qty,接受数量,
Accepted Qty in Stock UOM,已验收数量（库存单位）,
Accepted Quantity,允收數量,
Accepted Warehouse,收料倉庫,
Access Key,访问密钥,
Access Key is required for Service Provider: {0},服务商{0}必须提供访问密钥,
"According to the BOM {0}, the Item '{1}' is missing in the stock entry.",根据物料清单{0}，库存交易缺少物料'{1}',
Account,帳戶,
Account Balance,帳戶餘額,
Account Closing Balance,账户期末余额,
Account Currency,科目幣種,
Account Currency (From),账户货币（源）,
Account Currency (To),账户货币（目标）,
Account Details,帳戶細節,
Account Head,帳戶頭,
Account Manager,客户经理,
Account Missing,帐户遗失,
Account Name,帳戶名稱,
Account Not Found,找不到帐户,
Account Number,帳號,
Account Number {0} already used in account {1},已在科目{1}中使用的帳號{0},
Account Opening Balance,账户期初余额,
Account Paid From,帳戶支付從,
Account Paid To,科目付至,
Account Pay Only,科目只需支付,
Account Subtype,帐户子类型,
Account Type,科目類型,
Account Value,账户价值,
"Account balance already in Credit, you are not allowed to set 'Balance Must Be' as 'Debit'",科目餘額已歸為貸方，不允許設為借方,
"Account balance already in Debit, you are not allowed to set 'Balance Must Be' as 'Credit'",科目餘額已歸為借方科目，不允許設為貸方,
Account for Change Amount,帳戶漲跌額,
Account is mandatory to get payment entries,必须输入帐户才能获得付款条目,
Account is not set for the dashboard chart {0},没有为仪表板图表{0}设置帐户,
Account not Found,未找到科目,
Account with child nodes cannot be converted to ledger,有子節點的帳不能轉換到總帳,
Account with child nodes cannot be set as ledger,科目與子節點不能被設置為分類帳,
Account with existing transaction can not be converted to group.,科目與現有的交易不能被轉換到群組。,
Account with existing transaction can not be deleted,科目與現有的交易不能被刪除,
Account with existing transaction cannot be converted to ledger,帳戶與現有的交易不能被轉換為總賬,
Account {0} added multiple times,科目{0}被重复添加,
Account {0} does not belong to company: {1},科目{0}不屬於公司：{1},
Account {0} does not belongs to company {1},科目{0}不屬於公司{1},
Account {0} does not exist,科目{0}不存在,
Account {0} does not exists,科目{0}不存在,
Account {0} does not exists in the dashboard chart {1},帐户{0}在仪表板图表{1}中不存在,
Account {0} does not match with Company {1} in Mode of Account: {2},帳戶{0}與帳戶模式{2}中的公司{1}不符,
Account {0} exists in parent company {1}.,帐户{0}在母公司{1}中。,
Account {0} has been entered multiple times,帳戶{0}已多次輸入,
Account {0} is added in the child company {1},子公司{1}中添加了帐户{0},
Account {0} is frozen,帳戶{0}被凍結,
Account {0} is invalid. Account Currency must be {1},科目{0}是無效的。科目貨幣必須是{1},
Account {0}: Parent account {1} can not be a ledger,科目{0}：上層科目{1}不能是總帳,
Account {0}: Parent account {1} does not belong to company: {2},科目{0}：上層科目{1}不屬於公司：{2},
Account {0}: Parent account {1} does not exist,科目{0}：上層科目{1}不存在,
Account {0}: You can not assign itself as parent account,科目{0}：你不能指定自己為上層科目,
Account: <b>{0}</b> is capital Work in progress and can not be updated by Journal Entry,帐户： <b>{0}</b>是资金正在进行中，日记帐分录无法更新,
Account: {0} can only be updated via Stock Transactions,帳號：{0}只能通過庫存的交易進行更新,
Account: {0} is not permitted under Payment Entry,帐户：付款条目下不允许{0},
Account: {0} with currency: {1} can not be selected,帳號：{0}幣種：{1}不能選擇,
Accounting,會計,
Accounting Details,會計細節,
Accounting Dimension,会计维度,
Accounting Dimension <b>{0}</b> is required for 'Balance Sheet' account {1}.,“资产负债表”帐户{1}需要会计维度<b>{0</b> }。,
Accounting Dimension <b>{0}</b> is required for 'Profit and Loss' account {1}.,“损益”帐户{1}需要会计维度<b>{0</b> }。,
Accounting Dimension Detail,会计维度明细,
Accounting Dimension Filter,核算维度筛选器,
Accounting Dimensions,会计维度,
Accounting Dimensions ,会计维度,
Accounting Dimensions Filter,核算维度筛选,
Accounting Entries,會計分錄,
Accounting Entry for Asset,資產會計分錄,
Accounting Entry for Service,服务会计分录,
Accounting Entry for Stock,存貨的會計分錄,
Accounting Entry for {0},{0}会计凭证,
Accounting Entry for {0}: {1} can only be made in currency: {2},會計分錄為{0}：{1}只能在貨幣做：{2},
Accounting Ledger,會計總帳,
Accounting Period,會計期間,
Accounting Period overlaps with {0},会计期间与{0}重叠,
Accounting entries are frozen up to this date. Nobody can create or modify entries except users with the role specified below,截止到此日期，会计条目被冻结。除具有以下指定角色的用户外，任何人都无法创建或修改条目,
Accounts,會計,
Accounts Closing,账务结账,
Accounts Frozen Till Date,帐户冻结日期,
Accounts Manager,账户经理,
Accounts Missing Error,科目缺失错误,
Accounts Payable,應付帳款,
Accounts Payable Summary,應付帳款摘要,
Accounts Receivable,應收帳款,
Accounts Receivable Credit Account,应收帐款信用帐户,
Accounts Receivable Discounted Account,应收帐款折扣帐户,
Accounts Receivable Summary,應收帳款匯總,
Accounts Receivable Unpaid Account,应收帐款未付帐户,
Accounts Receivable/Payable,应收/应付账款,
Accounts Settings,會計設定,
Accounts User,账户用户,
Accounts table cannot be blank.,賬表不能為空。,
Accounts to Merge,待合并账户,
Accumulated Depreciation,累計折舊,
Accumulated Depreciation Account,累計折舊科目,
Accumulated Depreciation Amount,累計折舊額,
Accumulated Depreciation as on,作為累計折舊,
Accumulated Monthly,每月累計,
Accumulated Values,累積值,
Accumulated Values in Group Company,集團公司累計價值,
Achieved ({}),达到（{}）,
Acquisition Date,採集日期,
Action,操作,
Action If Quality Inspection Is Not Submitted,未提交质量检验的措施,
Action If Quality Inspection Is Rejected,质检驳回时的处理方式,
Action If Same Rate is Not Maintained,未保持相同费率的处理方式,
Action Initialised,行动初始化,
Action if Accumulated Monthly Budget Exceeded on Actual,累計每月預算超出實際的行動,
Action if Accumulated Monthly Budget Exceeded on MR,如果累計每月預算超過MR，則採取行動,
Action if Accumulated Monthly Budget Exceeded on PO,採購訂單上累計每月預算超出時的操作,
Action if Annual Budget Exceeded on Actual,年度預算超出實際的行動,
Action if Annual Budget Exceeded on MR,年度預算超出MR的行動,
Action if Annual Budget Exceeded on PO,年度預算超出採購訂單時採取的行動,
Action if Same Rate is Not Maintained Throughout Sales Cycle,销售周期内未保持相同费率的处理方式,
Actions,操作,
Actions performed,已執行的操作,
Active,活动,
Active Leads,主动线索,
Active Status,启用状态,
Activities,活動,
Activity,活动,
Activity Cost,項目成本,
Activity Cost exists for Employee {0} against Activity Type - {1},存在活動費用為員工{0}對活動類型 -  {1},
Activity Cost per Employee,每個員工活動費用,
Activity Type,活動類型,
Actual,實際,
Actual Balance Qty,实际结存数量,
Actual Batch Quantity,实际批次数量,
Actual Cost,实际成本,
Actual Date,實際日期,
Actual Delivery Date,实际交货日期,
Actual End Date,實際結束日期,
Actual End Date (via Timesheet),實際結束日期（通過時間表）,
Actual End Time,實際結束時間,
Actual Expense,实际费用,
Actual Operating Cost,實際運行成本,
Actual Operation Time,實際操作時間,
Actual Posting,实际过账,
Actual Qty,實際數量,
Actual Qty (at source/target),實際的數量（於 來源/目標）,
Actual Qty in Warehouse,仓库实际数量,
Actual Qty is mandatory,實際數量是強制性,
Actual Qty {0} / Waiting Qty {1},實際數量{0} /等待數量{1},
Actual Qty: Quantity available in the warehouse.,实际数量:仓库可用量。,
Actual Quantity,實際數量,
Actual Start Date,實際開始日期,
Actual Start Date (via Timesheet),實際開始日期（通過時間表）,
Actual Start Time,實際開始時間,
Actual Time,实际时间,
Actual Time and Cost,實際時間和成本,
Actual Time in Hours (via Timesheet),實際時間（小時）,
Actual qty in stock,實際庫存數量,
Actual type tax cannot be included in Item rate in row {0},實際類型稅不能被包含在商品率排{0},
Add,添加,
Add / Edit Prices,新增 / 編輯價格,
Add Child,添加子项,
Add Columns in Transaction Currency,添加交易货币列,
Add Comment,添加評論,
Add Corrective Operation Cost in Finished Good Valuation,在产成品估价中添加纠正作业成本,
Add Customers,添加客戶,
Add Discount,添加折扣,
Add Employees,添加員工,
Add Item,新增項目,
Add Items,添加項目,
Add Items in the Purpose Table,在用途表中添加物料,
Add Lead to Prospect,将线索转为潜在客户,
Add Leads,添加潛在客戶,
Add Local Holidays,添加当地假日,
Add Manually,手动添加,
Add Multiple,添加多个,
Add Multiple Tasks,添加多個任務,
Add Or Deduct,添加或扣减,
Add Order Discount,添加订单折扣,
Add Participants,添加参与者,
Add Quote,添加報價,
Add Sales Partners,添加銷售合作夥伴,
Add Serial / Batch Bundle,添加序列/批次组合,
Add Serial / Batch No,添加序列/批次号,
Add Serial / Batch No (Rejected Qty),添加序列/批次号（拒收数量）,
Add Stock,添加库存,
Add Sub Assembly,添加子装配件,
Add Suppliers,添加供應商,
Add Template,添加模板,
Add Timesheets,添加時間表,
Add Weekly Holidays,添加每週假期,
Add a Note,添加备注,
Add details,添加明细,
Add items in the Item Locations table,在“项目位置”表中添加项目,
Add or Deduct,添加或扣除,
Add the rest of your organization as your users. You can also add invite Customers to your portal by adding them from Contacts,添加您的組織的其餘部分用戶。您還可以添加邀請客戶到您的門戶網站通過從聯繫人中添加它們,
Add to Holidays,加入假期,
Add to Prospect,转为潜在客户,
Add to Transit,添加到公交,
Add {0},添加 {0},
Add/Edit Coupon Conditions,添加/编辑优惠券条件,
Added,添加,
Added By,添加人,
Added On,添加日期,
Added Supplier Role to User {0}.,已为用户{0}添加供应商角色,
Added {0} ({1}),已添加 {0}（{1}）,
Added {1} Role to User {0}.,已为用户{0}添加{1}角色,
Adding Lead to Prospect...,正在将线索转为潜在客户...,
Additional,附加项,
Additional Asset Cost,资产附加成本,
Additional Cost,額外費用,
Additional Cost Per Qty,每单位额外成本,
Additional Costs,額外費用,
Additional Data,附加数据,
Additional Details,額外細節,
Additional Discount,更多優惠,
Additional Discount Amount,額外的折扣金額,
Additional Discount Amount (Company Currency),額外的優惠金額（公司貨幣）,
Additional Discount Percentage,額外折扣百分比,
Additional Info,附加信息,
Additional Information,附加信息,
Additional Notes,补充说明,
Additional Operating Cost,額外的運營成本,
Additional information regarding the customer.,對於客戶的其他訊息。,
Address,地址,
Address & Contact,地址及聯絡方式,
Address & Contacts,地址及聯絡方式,
Address Desc,地址倒序,
Address HTML,地址HTML,
Address Line 1,地址行 1,
Address Line 2,地址行 2,
Address Name,地址名稱,
Address and Contact,地址和聯絡方式,
Address and Contacts,地址和聯絡方式,
Address needs to be linked to a Company. Please add a row for Company in the Links table.,地址需要链接到公司。请在“链接”表中为“公司”添加一行。,
Address used to determine Tax Category in transactions,用于确定交易中税种的地址,
Adjust Asset Value,调整资产价值,
Adjustment Against,调整对应项,
Adjustment based on Purchase Invoice rate,基于采购发票汇率的调整,
Administrative Expenses,行政開支,
Administrator,管理员,
Advance Account,預付款科目,
Advance Account: {0} must be in either customer billing currency: {1} or Company default currency: {2},预付款科目：{0}必须使用客户账单货币：{1}或公司默认货币：{2},
Advance Amount,提前量,
Advance Paid,提前支付,
Advance Payment,预付款,
Advance Payment Date,预付款日期,
Advance Payment Ledger Entry,预付款分类账条目,
Advance Payments,預付款,
Advance Tax,预付税款,
Advance Taxes and Charges,预付税费,
Advance amount,预付款总额,
Advance amount cannot be greater than {0} {1},提前量不能大於{0} {1},
Advance paid against {0} {1} cannot be greater than Grand Total {2},{0}{1}对应的预付款金额不可超过总计{2},
Advance payments allocated against orders will only be fetched,仅获取分配至订单的预付款项,
Advanced Settings,高级设置,
Advances,進展,
Affected Transactions,受影响交易,
Against,針對,
Against Account,針對帳戶,
Against Blanket Order,反对一揽子订单,
Against Customer Order {0},对应客户订单{0},
Against Default Supplier,针对默认供应商,
Against Delivery Note Item,针对交货单项目,
Against Docname,對Docname,
Against Doctype,針對文檔類型,
Against Document Detail No,對文件詳細編號,
Against Document No,對文件編號,
Against Expense Account,對費用科目,
Against Income Account,對收入科目,
Against Journal Entry {0} does not have any unmatched {1} entry,對日記條目{0}沒有任何無與倫比{1}進入,
Against Journal Entry {0} is already adjusted against some other voucher,對日記條目{0}已經調整一些其他的優惠券,
Against Sales Invoice,對銷售發票,
Against Sales Invoice Item,對銷售發票項目,
Against Sales Order,對銷售訂單,
Against Sales Order Item,對銷售訂單項目,
Against Stock Entry,反对库存进入,
Against Supplier Invoice {0},对应供应商发票{0},
Against Voucher,對傳票,
Against Voucher No,对应凭证编号,
Against Voucher Type,對憑證類型,
Age,年齡,
Age (Days),時間（天）,
Age ({0}),账龄（{0}）,
Ageing Based On,老齡化基於,
Ageing Range,账龄区间,
Agenda,议程,
Agent Busy Message,代理忙线提示,
Agent Details,代理商详细信息,
Agent Group,代理组,
Agent Unavailable Message,代理不可用提示,
Agents,代理商,
Aggregate a group of Items into another Item. This is useful if you are maintaining the stock of the packed items and not the bundled item,将物料组聚合至另一物料（适用于维护包装件而非组合件的库存）,
Agriculture Manager,農業經理,
Agriculture User,農業用戶,
Algorithm,算法,
All,全部,
All Accounts,所有科目,
All Activities,所有活动,
All Activities HTML,所有活动HTML,
All BOMs,所有的材料明細表,
All Contact,所有聯絡,
All Customer Contact,所有的客戶聯絡,
All Customer Groups,所有客戶群組,
All Day,全天,
All Departments,所有部門,
All Employee (Active),所有員工（活動）,
All Item Groups,所有項目群組,
All Items,所有物料,
All Lead (Open),所有鉛（開放）,
All Sales Partner Contact,所有的銷售合作夥伴聯絡,
All Sales Person,所有的銷售人員,
All Sales Transactions can be tagged against multiple Sales Persons so that you can set and monitor targets.,所有销售交易可标记多个销售人员以便设定和监控目标,
All Supplier Contact,所有供應商聯絡,
All Supplier Groups,所有供應商組織,
All Territories,所有的領土,
All Warehouses,所有倉庫,
All allocations have been successfully reconciled,所有分配项已成功对账,
All communications including and above this shall be moved into the new Issue,包括及以上的所有通信均應移至新發行中,
All items have already been Invoiced/Returned,所有商品均已开票/退货,
All items have already been received,所有物料已收货,
All items have already been transferred for this Work Order.,所有項目已經為此工作單轉移。,
All items in this document already have a linked Quality Inspection.,本单据所有物料均已关联质检单,
All the Comments and Emails will be copied from one document to another newly created document(Lead -> Opportunity -> Quotation) throughout the CRM documents.,在CRM文档流转（线索->商机->报价）过程中，所有评论和邮件将被复制到新创建文档,
"All the required items (raw materials) will be fetched from BOM and populated in this table. Here you can also change the Source Warehouse for any item. And during the production, you can track transferred raw materials from this table.",所需物料（原材料）将从BOM提取并填充本表，可修改物料的源仓库，生产过程中可在此追踪原材料转移,
All these items have already been Invoiced/Returned,所有这些物品已经开票/退货,
Allocate,分配,
Allocate Advances Automatically (FIFO),自動分配進度（FIFO）,
Allocate Payment Amount,分配付款金額,
Allocate Payment Based On Payment Terms,根据付款条件分配付款,
Allocate Payment Request,分配付款请求,
Allocated,分配,
Allocated Amount,已核销金额,
Allocated Entries,已分配分录,
Allocated To:,分配至：,
Allocated amount,分配量,
Allocated amount cannot be greater than unadjusted amount,分配的金额不能大于未调整的金额,
Allocated amount cannot be negative,分配数量不能为负数,
Allocation,分配,
Allocations,分配记录,
Allotted Qty,分配数量,
Allow,允许,
Allow Account Creation Against Child Company,允许针对儿童公司创建帐户,
Allow Alternative Item,允許替代項目,
Allow Alternative Item must be checked on Item {},必须在物料{}上勾选'允许替代物料',
Allow Continuous Material Consumption,允许持续物料消耗,
Allow Excess Material Transfer,允许超额物料转移,
Allow In Returns,允许退货,
Allow Internal Transfers at Arm's Length Price,允许按公允价格进行内部调拨,
Allow Item To Be Added Multiple Times in a Transaction,允许在事务中多次添加项目,
Allow Item to Be Added Multiple Times in a Transaction,允许在事务中多次添加项目,
Allow Item to be Added Multiple Times in a Transaction,允许在交易中多次添加同一物料,
Allow Lead Duplication based on Emails,允许基于邮箱重复创建线索,
Allow Material Transfer from Delivery Note to Sales Invoice,允许物料从交货单转移到销售发票,
Allow Material Transfer from Purchase Receipt to Purchase Invoice,允许从收货到采购发票的物料转移,
Allow Multiple Material Consumption,允許多種材料消耗,
Allow Multiple Sales Orders Against a Customer's Purchase Order,允许针对客户的采购订单的多个销售订单,
Allow Negative Stock,允許負庫存,
Allow Negative rates for Items,允许物料负单价,
Allow Or Restrict Dimension,允许或限制维度,
Allow Overtime,允許加班,
Allow Partial Reservation,允许部分预留,
Allow Production on Holidays,允許假日生產,
Allow Purchase,允许采购,
Allow Purchase Invoice Creation Without Purchase Order,允许创建没有采购订单的采购发票,
Allow Purchase Invoice Creation Without Purchase Receipt,允许在没有收货的情况下创建采购发票,
Allow Rename Attribute Value,允許重命名屬性值,
Allow Resetting Service Level Agreement,允许重置服务水平协议,
Allow Resetting Service Level Agreement from Support Settings.,允许从支持设置重置服务水平协议。,
Allow Sales,允许销售,
Allow Sales Invoice Creation Without Delivery Note,允许在没有交货单的情况下创建销售发票,
Allow Sales Invoice Creation Without Sales Order,允许创建无销售订单的销售发票,
Allow Sales Order Creation For Expired Quotation,允许为过期报价创建销售订单,
Allow Stale Exchange Rates,允許陳舊的匯率,
Allow User to Edit Discount,允许用户编辑折扣,
Allow User to Edit Price List Rate in Transactions,允许用户编辑交易中的价目表价格,
Allow User to Edit Rate,允许用户编辑单价,
Allow Zero Rate,允许零费率,
Allow Zero Valuation Rate,允許零估值,
Allow existing Serial No to be Manufactured/Received again,允许现有序列号重复生产/接收,
Allow material consumptions without immediately manufacturing finished goods against a Work Order,允许工单未完成时进行物料消耗,
Allow multi-currency invoices against single party account ,允许单方账户开具多币种发票,
Allow to Edit Stock UOM Qty for Purchase Documents,允许在采购单据中编辑库存单位数量,
Allow to Edit Stock UOM Qty for Sales Documents,允许在销售单据中编辑库存单位数量,
Allow transferring raw materials even after the Required Quantity is fulfilled,允许在所需数量满足后继续转移原材料,
Allowed,允许,
Allowed Dimension,允许维度,
Allowed Doctypes,允许单据类型,
Allowed To Transact With,允許與,
Allowed primary roles are 'Customer' and 'Supplier'. Please select one of these roles only.,主角色仅限'客户'与'供应商'，请选择其中一种,
Allows to keep aside a specific quantity of inventory for a particular order.,允许为特定订单预留指定数量库存,
Already Picked,已拣货,
Already record exists for the item {0},已有記錄存在項目{0},
"Already set default in pos profile {0} for user {1}, kindly disabled default",已經在用戶{1}的pos配置文件{0}中設置了默認值，請禁用默認值,
Alternate Item,替代項目,
Alternative Item Code,替代項目代碼,
Alternative Item Name,替代項目名稱,
Alternative Items,替代物料清单,
Alternative item must not be same as item code,替代項目不能與項目代碼相同,
"Alternatively, you can download the template and fill your data in.",您也可以下载模板并填写数据,
Amended From,修订自,
Amount,量,
Amount (AED),金额（阿联酋迪拉姆）,
Amount (Company Currency),金額（公司貨幣）,
Amount Delivered,交付金额,
Amount Difference,金額差異,
Amount Difference with Purchase Invoice,与采购发票的金额差异,
Amount Eligible for Commission,佣金计算基数,
Amount In Figure,量圖,
Amount in Account Currency,账户货币金额,
Amount in Words,金额大写,
Amount in party's bank account currency,对方银行账户货币金额,
Amount in transaction currency,交易货币金额,
Amount to Bill,帳單數額,
Amount {0} {1} against {2} {3},量{0} {1}對{2} {3},
Amount {0} {1} deducted against {2},金額{0} {1}抵扣{2},
Amount {0} {1} transferred from {2} to {3},金額{0} {1}從轉移{2}到{3},
Amount {0} {1} {2} {3},金額{0} {1} {2} {3},
Amounts,金额列表,
Amt,AMT,
An Item Group is a way to classify items based on types.,物料组是基于类型分类物料的层级结构,
An error has been appeared while reposting item valuation via {0},通过{0}重估物料价值时出现错误,
An error occurred during the update process,更新過程中發生錯誤,
Annual,年度,
Annual Billing: {0},本年总发票金额：{0},
Annual Expenses,年度支出,
Annual Income,年收入,
Annual Revenue,年度营收,
Another Budget record '{0}' already exists against {1} '{2}' and account '{3}' for fiscal year {4},對於財務年度{4}，{1}&#39;{2}&#39;和科目“{3}”已存在另一個預算記錄“{0}”,
"Another Cost Center Allocation record {0} applicable from {1}, hence this allocation will be applicable upto {2}",成本中心分配记录{0}自{1}生效，当前分配有效期至{2},
Another Payment Request is already processed,已有其他付款请求正在处理,
Another Sales Person {0} exists with the same Employee id,另外銷售人員{0}存在具有相同員工ID,
"Any one of following filters required: warehouse, Item Code, Item Group",必须至少选择一个筛选条件：仓库/物料编码/物料组,
Applicable Charges,相關費用,
Applicable Dimension,适用维度,
Applicable For,適用,
Applicable Holiday List,適用假期表,
Applicable Modules,适用模块,
Applicable On Account,适用账户,
Applicable To (Designation),適用於（指定）,
Applicable To (Employee),適用於（員工）,
Applicable To (Role),適用於（角色）,
Applicable To (User),適用於（用戶）,
Applicable for Countries,適用於國家,
Applicable for Users,適用於用戶,
Applicable for external driver,適用於外部驅動器,
"Applicable if the company is SpA, SApA or SRL",如果公司是SpA，SApA或SRL，则适用,
Applicable if the company is a limited liability company,适用于公司是有限责任公司的情况,
Applicable if the company is an Individual or a Proprietorship,适用于公司是个人或独资企业的情况,
Applicable on Material Request,適用於材料請求,
Applicable on Purchase Order,適用於採購訂單,
Applicable on booking actual expenses,適用於預訂實際費用,
Application of Funds (Assets),基金中的應用（資產）,
Applied Coupon Code,应用的优惠券代码,
Applied on each reading.,每次读数时应用,
Applied putaway rules.,已应用上架规则,
Applies To,应用于,
Apply Additional Discount On,收取額外折扣,
Apply Discount On,申請折扣,
Apply Discount on Discounted Rate,对折现率应用折扣,
Apply Discount on Rate,应用折扣率,
Apply Multiple Pricing Rules,应用多个定价规则,
Apply On,適用於,
Apply Putaway Rule,应用上架规则,
Apply Recursion Over (As Per Transaction UOM),按交易单位递归应用,
Apply Rule On Brand,在品牌上应用规则,
Apply Rule On Item Code,在物品代码上应用规则,
Apply Rule On Item Group,在项目组上应用规则,
Apply Rule On Other,在其他方面适用规则,
Apply SLA for Resolution Time,应用解决时间的服务级别协议,
Apply TDS,应用源头减税,
Apply Tax Withholding Amount,申請預扣稅金額,
Apply Tax Withholding Amount ,应用预扣税额,
Apply restriction on dimension values,对维度值应用限制,
Apply to All Inventory Documents,应用于所有库存单据,
Apply to Document,应用至单据,
Appointment,約定,
Appointment Booking Settings,预约预约设置,
Appointment Booking Slots,预约订位,
Appointment Confirmation,預約確認,
Appointment Created Successfully,预约创建成功,
Appointment Details,预约详情,
Appointment Duration (In Minutes),预约时间（以分钟为单位）,
Appointment Scheduling Disabled,预约排程已禁用,
Appointment Scheduling has been disabled for this site,本站点已禁用预约排程,
Appointment With,预约,
Appointment was created. But no lead was found. Please check the email to confirm,已创建预约但未发现线索，请检查邮件确认,
Approving Role (above authorized value),批准角色（上述授權值）,
Approving Role cannot be same as role the rule is Applicable To,審批角色作為角色的規則適用於不能相同,
Approving User  (above authorized value),批准的用戶（上述授權值）,
Approving User cannot be same as user the rule is Applicable To,批准用戶作為用戶的規則適用於不能相同,
Approximately match the description/party name against parties,近似匹配交易方名称/描述,
Apps,应用,
Are you sure you want to clear all demo data?,确认清除所有演示数据？,
Are you sure you want to delete this Item?,确认删除此物料？,
Are you sure you want to delete {0}?<p>This action will also delete all associated Common Code documents.</p>,确认删除{0}？<p>此操作将同时删除所有关联通用编码文档</p>,
Are you sure you want to restart this subscription?,确认重启此订阅？,
Area,區,
Area UOM,區域UOM,
Arrival Quantity,到达数量,
As On Date,截至日期,
As on Date,隨著對日,
As per Stock UOM,按庫存計量單位,
"As the field {0} is enabled, the field {1} is mandatory.",当启用字段{0}时，字段{1}是必填字段。,
"As the field {0} is enabled, the value of the field {1} should be more than 1.",启用字段{0}时，字段{1}的值应大于1。,
"As there are existing submitted transactions against item {0}, you can not change the value of {1}.",由于存在针对物料{0}的已提交交易，不可修改{1}的值,
"As there are negative stock, you can not enable {0}.",存在负库存时不可启用{0},
"As there are reserved stock, you cannot disable {0}.",存在预留库存时不可禁用{0},
"As there are sufficient Sub Assembly Items, Work Order is not required for Warehouse {0}.",由于子装配件充足，仓库{0}无需工单,
"As there are sufficient raw materials, Material Request is not required for Warehouse {0}.",由于有足够的原材料，因此仓库{0}不需要“物料请求”。,
"As {0} is enabled, you can not enable {1}.",{0}已启用时不可启用{1},
Assembly Items,装配物料,
Asset,財富,
Asset Account,資產科目,
Asset Activity,资产活动,
Asset Capitalization,资产资本化,
Asset Capitalization Asset Item,资产资本化资产项目,
Asset Capitalization Service Item,资产资本化服务项目,
Asset Capitalization Stock Item,资产资本化库存项目,
Asset Category,資產類別,
Asset Category Account,資產類別的科目,
Asset Category Name,資產類別名稱,
Asset Category is mandatory for Fixed Asset item,資產類別是強制性的固定資產項目,
Asset Depreciation Cost Center,資產折舊成本中心,
Asset Depreciation Details,资产折旧明细,
Asset Depreciation Ledger,資產減值總帳,
Asset Depreciation Schedule,资产折旧计划,
Asset Depreciation Schedule for Asset {0} and Finance Book {1} is not using shift based depreciation,资产{0}与财务账簿{1}的折旧计划未采用班次折旧法,
Asset Depreciation Schedule not found for Asset {0} and Finance Book {1},未找到资产{0}与财务账簿{1}的折旧计划,
Asset Depreciation Schedule {0} for Asset {1} already exists.,资产{1}的折旧计划{0}已存在,
Asset Depreciation Schedule {0} for Asset {1} and Finance Book {2} already exists.,资产{1}与财务账簿{2}的折旧计划{0}已存在,
"Asset Depreciation Schedules created:<br>{0}<br><br>Please check, edit if needed, and submit the Asset.",已创建资产折旧计划：<br>{0}<br><br>请检查并根据需要编辑后提交资产,
Asset Depreciations and Balances,資產折舊和平衡,
Asset Details,資產詳情,
Asset Finance Book,資產融資書,
Asset ID,资产编号,
Asset Location,資產位置,
Asset Maintenance,資產維護,
Asset Maintenance Log,資產維護日誌,
Asset Maintenance Task,資產維護任務,
Asset Maintenance Team,資產維護團隊,
Asset Movement,資產運動,
Asset Movement Item,资产变动项目,
Asset Movement record {0} created,資產運動記錄{0}創建,
Asset Name,資產名稱,
Asset Naming Series,資產命名系列,
Asset Owner,資產所有者,
Asset Owner Company,資產所有者公司,
Asset Quantity,资产数量,
Asset Received But Not Billed,已收到但未收費的資產,
Asset Repair,資產修復,
Asset Repair Consumed Item,资产维修耗用物料,
Asset Settings,資產設置,
Asset Shift Allocation,资产班次分配,
Asset Shift Factor,资产班次系数,
Asset Shift Factor {0} is set as default currently. Please change it first.,资产班次系数{0}当前设为默认值，请先修改,
Asset Status,資產狀態,
Asset Value,资产值,
Asset Value Adjustment,資產價值調整,
Asset Value Adjustment cannot be posted before Asset's purchase date <b>{0}</b>.,资产价值调整不能在资产购买日期<b>{0}</b>之前过账。,
Asset Value Analytics,资产价值分析,
Asset cancelled,资产已取消,
"Asset cannot be cancelled, as it is already {0}",資產不能被取消，因為它已經是{0},
Asset capitalized after Asset Capitalization {0} was submitted,资产通过资本化{0}完成资本化,
Asset created,资产已创建,
Asset created after Asset Capitalization {0} was submitted,资产通过资本化{0}创建,
Asset created after being split from Asset {0},资产通过拆分自资产{0}创建,
Asset deleted,资产已删除,
Asset issued to Employee {0},资产已发放给员工{0},
Asset out of order due to Asset Repair {0},资产因维修{0}处于停用状态,
Asset received at Location {0} and issued to Employee {1},资产在位置{0}接收并发放给员工{1},
Asset restored,资产已恢复,
Asset restored after Asset Capitalization {0} was cancelled,因资本化{0}取消而恢复资产,
Asset returned,资产已归还,
Asset scrapped,资产已报废,
Asset scrapped via Journal Entry {0},通過資產日記帳分錄報廢{0},
Asset sold,资产已出售,
Asset submitted,资产已提交,
Asset transferred to Location {0},资产已转移至位置{0},
Asset updated after being split into Asset {0},资产拆分更新为资产{0},
Asset updated after cancellation of Asset Repair {0},因维修{0}取消更新资产,
Asset updated after completion of Asset Repair {0},因维修{0}完成更新资产,
"Asset {0} cannot be scrapped, as it is already {1}",資產{0}不能被廢棄，因為它已經是{1},
Asset {0} does not belong to Item {1},资产{0}不属于物料{1},
Asset {0} does not belong to company {1},資產{0}不屬於公司{1},
Asset {0} does not exist,资产{0}不存在,
Asset {0} has been created. Please set the depreciation details if any and submit it.,资产{0}已创建，请设置折旧明细并提交,
Asset {0} has been updated. Please set the depreciation details if any and submit it.,资产{0}已更新，请设置折旧明细并提交,
Asset {0} must be submitted,資產{0}必須提交,
Asset's depreciation schedule updated after Asset Shift Allocation {0},资产班次分配{0}后更新折旧计划,
Asset's value adjusted after cancellation of Asset Value Adjustment {0},取消资产价值调整{0}后更新资产价值,
Asset's value adjusted after submission of Asset Value Adjustment {0},提交资产价值调整{0}后更新资产价值,
Assets,資產,
Assets not created for {0}. You will have to create asset manually.,未为{0}创建资产。您将必须手动创建资产。,
Assign Job to Employee,分配任务给员工,
Assign To,分配给,
Assign to Name,分配给名称,
Assigned To,分配给,
Assignment,分配任务,
Assignment Conditions,分配条件,
At Row #{0}: The picked quantity {1} for the item {2} is greater than available stock {3} for the batch {4} in the warehouse {5}. Please restock the item.,行{0}：物料{2}的拣货数量{1}超过仓库{5}批次{4}的可用库存{3}，请补货,
At Row #{0}: The picked quantity {1} for the item {2} is greater than available stock {3} in the warehouse {4}.,行{0}：物料{2}的拣货数量{1}超过仓库{4}的可用库存{3},
At least one account with exchange gain or loss is required,必须设置至少一个汇兑损益科目,
At least one mode of payment is required for POS invoice.,付款中的至少一個模式需要POS發票。,
At least one of the Applicable Modules should be selected,应选择至少一个适用模块,
At row #{0}: the sequence id {1} cannot be less than previous row sequence id {2},在第{0}行：序列ID {1}不能小于上一行的序列ID {2},
At row {0}: Batch No is mandatory for Item {1},行{0}：物料{1}必须填写批次号,
At row {0}: Parent Row No cannot be set for item {1},行{0}：物料{1}不能设置父行号,
At row {0}: Qty is mandatory for the batch {1},行{0}：批次{1}的数量为必填项,
At row {0}: Serial No is mandatory for Item {1},行{0}：物料{1}必须填写序列号,
At row {0}: Serial and Batch Bundle {1} has already created. Please remove the values from the serial no or batch no fields.,行{0}：序列/批次组合{1}已存在，请清除序列号或批次号字段,
At row {0}: set Parent Row No for item {1},行{0}：请为物料{1}设置父行号,
Atleast one asset has to be selected.,必须选择至少一项资产。,
Atleast one invoice has to be selected.,必须选择至少一张发票。,
Atleast one item should be entered with negative quantity in return document,ATLEAST一個項目應該負數量回報文檔中輸入,
Atleast one of the Selling or Buying must be selected,至少需選擇銷售或購買,
Atleast one warehouse is mandatory,至少要有一間倉庫,
"Attach .csv file with two columns, one for the old name and one for the new name",附加.csv文件有兩列，一為舊名稱，一個用於新名稱,
Attach CSV File,附加CSV文件,
Attach custom Chart of Accounts file,附加自定义会计科目表文件,
Attachment,附件,
Attachments,附件集,
Attendance & Leaves,考勤与休假,
Attendance Device ID (Biometric/RF tag ID),考勤设备ID（生物识别/ RF标签ID）,
Attribute,屬性,
Attribute Name,屬性名稱,
Attribute Value,屬性值,
Attribute table is mandatory,屬性表是強制性的,
Attribute value: {0} must appear only once,属性值{0}必须唯一,
Attribute {0} selected multiple times in Attributes Table,屬性{0}多次選擇在屬性表,
Attributes,屬性,
Auditor,核數師,
Authentication Failed,身份验证失败,
Authorised By,授权人,
Authorization Control,授權控制,
Authorization Rule,授權規則,
Authorized Signatory,授權簽字人,
Authorized Value,授權值,
Auto Create Assets on Purchase,自动创建购买资产,
Auto Create Exchange Rate Revaluation,自动创建汇率重估,
Auto Create Purchase Receipt,自动创建采购收据,
Auto Create Serial and Batch Bundle For Outward,自动创建出库序列/批次组合,
Auto Create Subcontracting Order,自动创建委外订单,
Auto Created,自動創建,
Auto Created Serial and Batch Bundle,自动创建序列/批次组合,
Auto Creation of Contact,自动创建联系人,
Auto Fetch,自动提取,
Auto Fetch Serial Numbers,自动获取序列号,
Auto Insert Item Price If Missing,缺失时自动插入物料价格,
Auto Material Request,自動物料需求,
Auto Material Requests Generated,汽車材料的要求生成,
Auto Name,自动命名,
Auto Opt In (For all customers),自動選擇（適用於所有客戶）,
Auto Reconcile,自动对账,
Auto Reconcile Payments,自动对账付款,
Auto Reconciliation,自动对账,
Auto Reconciliation Job Trigger,自动对账任务触发,
Auto Reconciliation has started in the background,后台已启动自动对账,
Auto Reconciliation of Payments has been disabled. Enable it through {0},付款自动对账已禁用，请通过{0}启用,
Auto Repeat,自动重复,
Auto Repeat Detail,自動重複細節,
Auto Reserve Serial and Batch Nos,自动预留序列/批次号,
Auto Reserve Stock for Sales Order on Purchase,采购时自动为销售订单预留库存,
Auto close Opportunity Replied after the no. of days mentioned above,商机回复后自动关闭（基于上述天数）,
Auto match and set the Party in Bank Transactions,自动匹配并设置银行交易的交易方,
Auto re-order,自動重新排序,
Auto repeat document updated,自動重複文件更新,
Auto write off precision loss while consolidation,合并时自动核销精度差异,
Automatically Add Filtered Item To Cart,自动添加筛选物料至购物车,
Automatically Add Taxes and Charges from Item Tax Template,从项目税模板自动添加税费,
Automatically Create New Batch,自動創建新批,
Automatically Fetch Payment Terms from Order,自动从订单获取付款条件,
Automatically Process Deferred Accounting Entry,自动处理递延会计分录,
Automatically post balancing accounting entry,自动过账平衡会计凭证,
Availability Of Slots,插槽的可用性,
Available,可用的,
Available Batch Qty at From Warehouse,在從倉庫可用的批次數量,
Available Batch Qty at Warehouse,可用的批次數量在倉庫,
Available Batch Report,可用批次报告,
Available For Use Date,可用日期,
Available Qty,可用數量,
Available Qty For Consumption,可消耗数量,
Available Qty at Company,公司级可用数量,
Available Qty at Source Warehouse,源倉庫可用數量,
Available Qty at Target Warehouse,目标仓库可用数量,
Available Qty at WIP Warehouse,在WIP倉庫可用的數量,
Available Qty at Warehouse,有貨數量在倉庫,
Available Qty to Reserve,可预留数量,
Available Quantity,可用数量,
Available Stock,可用库存,
Available Stock for Packing Items,可用庫存包裝項目,
Available for use date is required,需要使用可用日期,
"Available quantity is {0}, you need {1}",可用数量为{0}，您需要{1},
Available {0},可用{0},
Available-for-use Date,可供使用的日期,
Available-for-use Date should be after purchase date,可供使用的日期應在購買日期之後,
Average Age,平均年齡,
Average Commission Rate,平均佣金比率,
Average Completion,平均完成度,
Average Discount,平均折扣,
Average Rate,平均率,
Average Response Time,平均响应时间,
Average time taken by the supplier to deliver,採取供應商的平均時間交付,
Avg Daily Outgoing,平均每日傳出,
Avg Rate,平均汇率,
Avg Rate (Balance Stock),平均汇率（结存库存）,
Avg. Buying Price List Rate,平均。買價格表價格,
Avg. Selling Price List Rate,平均。出售價目表率,
Avg. Selling Rate,平均。賣出價,
B+,B +,
B-,B-,
BFS,广度优先搜索,
BIN Qty,库位数量,
BOM,BOM,
BOM 1,BOM 1,
BOM 1 {0} and BOM 2 {1} should not be same,BOM 1 {0}和BOM 2 {1}不应相同,
BOM 2,BOM 2,
BOM Comparison Tool,BOM比较工具,
BOM Created,物料清单已创建,
BOM Creator,物料清单创建工具,
BOM Creator Item,物料清单创建项,
BOM Detail No,BOM表詳細編號,
BOM Explorer,BOM Explorer,
BOM Explosion Item,BOM展開項目,
BOM ID,物料清单编号,
BOM Info,物料清单信息,
BOM Item,BOM項目,
BOM Level,物料清单层级,
BOM No,BOM No.,
BOM No. for a Finished Good Item,BOM編號為成品產品,
BOM Operation,BOM的操作,
BOM Operations Time,BOM操作时间,
BOM Qty,BOM数量,
BOM Rate,BOM率,
BOM Scrap Item,BOM項目廢料,
BOM Search,BOM搜索,
BOM Stock Calculated,BOM庫存計算,
BOM Stock Report,BOM庫存報告,
BOM Tree,物料清单树形图,
BOM UoM,物料清单单位,
BOM Update Batch,物料清单批量更新,
BOM Update Initiated,物料清单更新已启动,
BOM Update Log,物料清单更新日志,
BOM Update Tool,BOM更新工具,
BOM Update Tool Log with job status maintained,带任务状态的物料清单更新工具日志,
BOM Updation already in progress. Please wait until {0} is complete.,物料清单更新正在进行中，请等待{0}完成,
BOM Updation is queued and may take a few minutes. Check {0} for progress.,物料清单更新已排队，可能需要几分钟，查看{0}了解进度,
BOM Variance Report,BOM差異報告,
BOM Website Item,BOM網站項目,
BOM Website Operation,BOM網站運營,
BOM and Manufacturing Quantity are required,BOM和生產量是必需的,
BOM and Production,物料清单与生产,
BOM does not contain any stock item,BOM不包含任何庫存項目,
BOM recursion: {0} cannot be child of {1},BOM递归：{0}不能是{1}的子代,
BOM recursion: {1} cannot be parent or child of {0},物料清单递归错误：{1}不能作为{0}的父项或子项,
BOM {0} does not belong to Item {1},BOM {0}不屬於項目{1},
BOM {0} must be active,BOM {0}必須是積極的,
BOM {0} must be submitted,BOM {0}必須提交,
BOMs Updated,物料清单已更新,
BOMs created successfully,物料清单创建成功,
BOMs creation failed,物料清单创建失败,
"BOMs creation has been enqueued, kindly check the status after some time",物料清单创建已加入队列，请稍后查看状态,
Backdated Stock Entry,回溯的库存输入,
Backflush Raw Materials,反冲原料,
Backflush Raw Materials Based On,倒沖原物料基於,
Backflush Raw Materials From Work-in-Progress Warehouse,从在制品库中反冲原料,
Backflush Raw Materials of Subcontract Based On,基於CRM的分包合同反向原材料,
Balance,餘額,
Balance (Dr - Cr),平衡（Dr  -  Cr）,
Balance ({0}),餘額（{0}）,
Balance In Account Currency,科目貨幣餘額,
Balance In Base Currency,平衡基礎貨幣,
Balance Qty,餘額數量,
Balance Qty (Stock),库存结存数量,
Balance Serial No,天平序列号,
Balance Sheet,資產負債表,
Balance Sheet Summary,资产负债表汇总,
Balance Stock Value,库存结存价值,
Balance Value,餘額,
Balance for Account {0} must always be {1},科目{0}的餘額必須始終為{1},
Balance must be,餘額必須,
Bank,銀行,
Bank / Cash Account,銀行／現金科目,
Bank A/C No.,銀行A/C No.,
Bank Account,銀行帳戶,
Bank Account Details,銀行科目明細,
Bank Account Info,銀行科目信息,
Bank Account No,銀行帳號,
Bank Account Subtype,银行帐户子类型,
Bank Account Type,银行账户类型,
Bank Accounts,銀行帳戶,
Bank Balance,銀行結餘,
Bank Charges,银行收费,
Bank Charges Account,银行手续费账户,
Bank Clearance,银行清算,
Bank Clearance Detail,银行清算详细信息,
Bank Clearance Summary,銀行結算摘要,
Bank Credit Balance,银行信贷余额,
Bank Details,银行明细,
Bank Draft,銀行匯票,
Bank Entry,銀行分錄,
Bank Guarantee,銀行擔保,
Bank Guarantee Number,銀行擔保編號,
Bank Guarantee Type,銀行擔保類型,
Bank Name,銀行名稱,
Bank Overdraft Account,銀行透支戶口,
Bank Reconciliation Statement,銀行對帳表,
Bank Reconciliation Tool,银行对账工具,
Bank Statement Import,银行对账单导入,
Bank Statement balance as per General Ledger,銀行對賬單餘額按總帳,
Bank Transaction,银行交易,
Bank Transaction Mapping,银行交易映射,
Bank Transaction Payments,银行交易付款,
Bank Transaction {0} Matched,银行交易{0}已匹配,
Bank Transaction {0} added as Journal Entry,银行交易{0}已添加为日记账分录,
Bank Transaction {0} added as Payment Entry,银行交易{0}已添加为付款凭证,
Bank Transaction {0} is already fully reconciled,银行交易{0}已完全对账,
Bank Transaction {0} updated,银行交易{0}已更新,
Bank account cannot be named as {0},銀行科目不能命名為{0},
Bank account {0} already exists and could not be created again,银行帐户{0}已存在，无法再次创建,
Bank accounts added,银行账户补充说,
Bank transaction creation error,银行交易创建错误,
Bank/Cash Account,银行/现金账户,
Bank/Cash Account {0} doesn't belong to company {1},银行/现金账户{0}不属于公司{1},
Banking,銀行業,
Barcode,条码,
Barcode Type,條碼類型,
Barcode {0} already used in Item {1},條碼{0}已經用在項目{1},
Barcode {0} is not a valid {1} code,條形碼{0}不是有效的{1}代碼,
Barcodes,條形碼,
Base Amount,基本金额,
Base Amount (Company Currency),基本金額（公司幣種）,
Base Change Amount (Company Currency),基地漲跌額（公司幣種）,
Base Cost Per Unit,单位基准成本,
Base Hour Rate(Company Currency),基數小時率（公司貨幣）,
Base Rate,基准汇率,
Base Tax Withholding Net Total,代扣税基准净总额,
Base Total,基准总额,
Base Total Billable Amount,基准可计费总额,
Base Total Billed Amount,基准已开票总额,
Base Total Costing Amount,基准成本总额,
Base URL,基础URL,
Based On,基于,
Based On Data ( in years ),基于数据（以年为单位）,
Based On Document,基于文件,
Based On Payment Terms,根据付款条款,
Based On Price List,根据价目表,
Based On Value,基于价值,
"Based on your HR Policy, select your leave allocation period's end date",根据人力资源政策选择假期分配周期结束日期,
"Based on your HR Policy, select your leave allocation period's start date",根据人力资源政策选择假期分配周期开始日期,
Basic Amount,基本金額,
Basic Amount (Company Currency),基本金額（公司幣種）,
Basic Rate (Company Currency),基礎匯率（公司貨幣）,
Basic Rate (as per Stock UOM),基本速率（按庫存計量單位）,
Batch,批量,
Batch Description,批次說明,
Batch Details,批次明细,
Batch Expiry Date,批次有效期,
Batch ID,批次ID,
Batch ID is mandatory,批號是必需的,
Batch Item Expiry Status,批處理項到期狀態,
Batch No,批號,
Batch No is mandatory,批次号为必填项,
Batch No {0} does not exists,批次号{0}不存在,
Batch No {0} is linked with Item {1} which has serial no. Please scan serial no instead.,批次号{0}关联的物料{1}需使用序列号，请扫描序列号,
"Batch No {0} is not present in the original {1} {2}, hence you can't return it against the {1} {2}",批次号{0}在原{1}{2}中不存在，因此不能针对{1}{2}退回,
Batch No.,批次号,
Batch Nos,批次号列表,
Batch Nos are created successfully,批次号创建成功,
Batch Not Available for Return,批次不可退回,
Batch Number Series,批號系列,
Batch Qty,批次数量,
Batch Quantity,批次数量,
Batch Size,批量大小,
Batch UOM,批量UOM,
Batch and Serial No,批次和序列号,
Batch not created for item {} since it does not have a batch series.,未为物料{}创建批次，因其无批次编号规则,
Batch {0} and Warehouse,批次{0}与仓库,
Batch {0} is not available in warehouse {1},批次{0}在仓库{1}中不可用,
Batch {0} of Item {1} has expired.,一批項目的{0} {1}已過期。,
Batch {0} of Item {1} is disabled.,項目{1}的批處理{0}已禁用。,
Batch-Wise Balance History,間歇式平衡歷史,
Batchwise Valuation,按批次计价,
Before reconciliation,調整前,
Begin On (Days),开始（天）,
Beginning of the current subscription period,当前订阅周期开始,
Below Subscription Plans are of different currency to the party default billing currency/Company currency: {0},以下订阅计划货币与交易方默认账单货币/公司货币不同：{0},
Bill Date,帳單日期,
Bill No,帳單號碼,
Bill for Rejected Quantity in Purchase Invoice,采购发票中拒收数量计费,
Bill of Materials,材料清單,
Billable Hours,可开票时间,
Billed,計費,
Billed Amount,帳單金額,
Billed Amt,已結算額,
Billed Items To Be Received,已开票待收货项,
Billed Qty,开票数量,
"Billed, Received & Returned",已开票、已收货和已退回,
Billing Address,帳單地址,
Billing Address Details,账单地址详情,
Billing Address Name,帳單地址名稱,
Billing Address does not belong to the {0},账单地址不属于{0},
Billing Amount,開票金額,
Billing City,結算城市,
Billing Country,結算國家,
Billing County,開票縣,
Billing Currency,結算貨幣,
Billing Date,结算日期,
Billing Details,結算明細,
Billing Email,帐单电邮,
Billing Hours,結算時間,
Billing Interval,計費間隔,
Billing Interval Count,計費間隔計數,
Billing Interval Count cannot be less than 1,账单间隔计数不能小于1,
Billing Interval in Subscription Plan must be Month to follow calendar months,订阅计划中的计费周期必须为月以遵循日历月份,
Billing Rate,結算利率,
Billing State,計費狀態,
Billing Status,計費狀態,
Billing Zipcode,計費郵編,
Billing currency must be equal to either default company's currency or party account currency,帳單貨幣必須等於默認公司的貨幣或科目幣種,
Bin,箱子,
Bio / Cover Letter,自傳/求職信,
Bisect Accounting Statements,会计凭证分割,
Bisect Left,左分割,
Bisect Nodes,分割节点,
Bisect Right,右分割,
Bisecting From,分割起始,
Bisecting Left ...,正在左分割...,
Bisecting Right ...,正在右分割...,
Bisecting To,分割结束,
Black,黑,
Blanket Order,總訂單,
Blanket Order Allowance (%),总括订单限额(%),
Blanket Order Item,一攬子訂單項目,
Blanket Order Rate,一攬子訂單費率,
Block Invoice,阻止發票,
Block Supplier,塊供應商,
Blog Subscriber,網誌訂閱者,
Blood Group,血型,
Blue,蓝色,
Body,身体,
Body Text,主体,
Body and Closing Text Help,正文和结束语帮助,
Bom No,物料清单编号,
Book Advance Payments as Liability option is chosen. Paid From account changed from {0} to {1}.,已选择将预付款记为负债，付款账户从{0}更改为{1},
Book Advance Payments in Separate Party Account,在单独交易方账户记录预付款,
Book Appointment,预约书,
Book Asset Depreciation Entry Automatically,自動存入資產折舊條目,
Book Deferred Entries Based On,基于的图书递延分录,
Book Deferred Entries Via Journal Entry,通过日记帐分录递延分录,
Book Tax Loss on Early Payment Discount,记录提前付款折扣的税务损失,
Book an appointment,预约登记,
Booked,預訂,
Booked Fixed Asset,預訂的固定資產,
Booking stock value across multiple accounts will make it harder to track stock and account value.,跨多个账户记录库存价值会使跟踪库存和账户价值更困难,
Books have been closed till the period ending on {0},账册已结账至{0}结束的期间,
Both,都,
Both Payable Account: {0} and Advance Account: {1} must be of same currency for company: {2},应付账户{0}和预付款账户{1}对公司{2}必须使用相同货币,
Both Receivable Account: {0} and Advance Account: {1} must be of same currency for company: {2},应收账户{0}和预付款账户{1}对公司{2}必须使用相同货币,
Both Trial Period Start Date and Trial Period End Date must be set,必須設置試用期開始日期和試用期結束日期,
Both {0} Account: {1} and Advance Account: {2} must be of same currency for company: {3},{0}账户{1}和预付款账户{2}对公司{3}必须使用相同货币,
Branch,分支機構,
Branch Code,分行代碼,
Brand,品牌标识,
Brand Defaults,品牌默认值,
Brand Name,商標名稱,
Breakdown,展開,
Browse BOM,瀏覽BOM,
Budget,預算,
Budget Account,預算科目,
Budget Accounts,預算科目,
Budget Against,反對財政預算案,
Budget Amount,預算額,
Budget Detail,預算案詳情,
Budget Exceeded,预算超支,
Budget List,預算清單,
Budget Variance Report,預算差異報告,
Budget cannot be assigned against Group Account {0},不能指定預算給群組帳目{0},
"Budget cannot be assigned against {0}, as it's not an Income or Expense account",財政預算案不能對{0}指定的，因為它不是一個收入或支出科目,
Budgets,预算,
Build All?,全部构建？,
Build Tree,构建树形结构,
Buildable Qty,可构建数量,
Buildings,房屋,
Bulk Transaction Log,批量交易日志,
Bulk Transaction Log Detail,批量交易日志明细,
Bundle Items,组合物料,
Bundle Qty,捆绑数量,
Busy,忙,
Buy,購買,
Buyer of Goods and Services.,買家商品和服務。,
Buying,採購,
Buying & Selling Settings,采购与销售设置,
Buying Amount,購買金額,
Buying Price List,買價格表,
Buying Rate,購買率,
Buying Settings,採購設定,
Buying and Selling,采购与销售,
"Buying must be checked, if Applicable For is selected as {0}",採購必須進行檢查，如果適用於被選擇為{0},
"By default, the Supplier Name is set as per the Supplier Name entered. If you want Suppliers to be named by a <a href='https://docs.erpnext.com/docs/user/manual/en/setting-up/settings/naming-series' target='_blank'>Naming Series</a> choose the 'Naming Series' option.",默认供应商名称按输入显示。若要通过<a href='https://docs.erpnext.com/docs/user/manual/en/setting-up/settings/naming-series' target='_blank'>编号规则</a>命名供应商，请选择'编号规则'选项,
By {0},到{0},
Bypass Credit Limit Check at Sales Order,不在销售订单做信用额度检查,
Bypass credit check at Sales Order,销售订单跳过信用检查,
CANCELLED,已取消,
CC,抄送,
CC To,抄送,
CODE-39,CODE-39条码,
COGS By Item Group,按物料组统计销售成本,
COGS Debit,销售成本借方,
CRM,CRM,
CRM Note,CRM备注,
CRM Settings,CRM设置,
CRM-LEAD-.YYYY.-,CRM-LEAD-.YYYY.-,
CRM-OPP-.YYYY.-,CRM-OPP-.YYYY.-,
CUST-.YYYY.-,CUST-.YYYY.-,
CWIP Account,CWIP科目,
Calculate Based On,計算的基礎上,
Calculate Depreciation,計算折舊,
Calculate Estimated Arrival Times,計算預計到達時間,
Calculate Product Bundle Price based on Child Items' Rates,根据子项单价计算产品组合价格,
Calculate daily depreciation using total days in depreciation period,按折旧期总天数计算日折旧额,
Calculated Bank Statement balance,計算的銀行對賬單餘額,
Calculations,計算,
Calendar Event,日历活动,
Calibration,校準,
Call Again,再次呼叫,
Call Connected,呼叫已连接,
Call Details,通话详情,
Call Duration in seconds,呼叫持续时间（秒）,
Call Ended,通话结束,
Call Handling Schedule,通话处理安排,
Call Log,通话记录,
Call Missed,打电话错过了,
Call Received By,接听人,
Call Receiving Device,接听设备,
Call Routing,呼叫路由,
Call Schedule Row {0}: To time slot should always be ahead of From time slot.,排程行{0}：结束时段应在开始时段之后,
Call Summary,呼叫摘要,
Call Summary Saved,保存呼叫摘要,
Call Type,通话类型,
Callback,回拨,
Campaign,競賽,
Campaign Efficiency,運動效率,
Campaign Email Schedule,Campaign电子邮件计划,
Campaign Item,活动项,
Campaign Name,活動名稱,
Campaign Naming By,活動命名由,
Campaign Schedules,活动时间表,
Can be approved by {0},可以通過{0}的批准,
Can not close Work Order. Since {0} Job Cards are in Work In Progress state.,无法关闭工单，因{0}张作业卡处于进行中状态,
"Can not filter based on Cashier, if grouped by Cashier",如果按收银员分组，则无法根据收银员进行过滤,
"Can not filter based on Child Account, if grouped by Account",若按科目分组，则无法按子科目筛选,
"Can not filter based on Customer, if grouped by Customer",如果按客户分组，则无法根据客户进行过滤,
"Can not filter based on POS Profile, if grouped by POS Profile",如果按POS配置文件分组，则无法基于POS配置文件进行过滤,
"Can not filter based on Payment Method, if grouped by Payment Method",如果按付款方式分组，则无法基于付款方式进行过滤,
"Can not filter based on Voucher No, if grouped by Voucher",是凍結的帳戶。要禁止該帳戶創建/編輯事務，你需要有指定的身份,
Can only make payment against unbilled {0},只能使支付對未付款的{0},
Can refer row only if the charge type is 'On Previous Row Amount' or 'Previous Row Total',可以參考的行只有在充電類型是“在上一行量'或'前行總計”,
"Can't change the valuation method, as there are transactions against some items which do not have its own valuation method",存在未设置计价方法的物料交易，无法修改计价方法,
Cancel,取消,
Cancel At End Of Period,在期末取消,
Cancel Material Visit {0} before cancelling this Warranty Claim,材質訪問{0}之前取消此保修索賠取消,
Cancel Material Visits {0} before cancelling this Maintenance Visit,取消取消此保養訪問之前，材質訪問{0},
Cancel Subscription,取消訂閱,
Cancel Subscription After Grace Period,宽限期后取消订阅,
Cancelation Date,取消日期,
Canceled,取消,
Cancelled,已取消,
Cannot Calculate Arrival Time as Driver Address is Missing.,由于缺少驱动程序地址，无法计算到达时间。,
Cannot Merge,无法合并,
Cannot Optimize Route as Driver Address is Missing.,由于缺少驱动程序地址，无法优化路由。,
Cannot Relieve Employee,无法解雇员工,
Cannot Resubmit Ledger entries for vouchers in Closed fiscal year.,已关闭会计年度的凭证不可重新提交分类账分录,
"Cannot amend {0} {1}, please create a new one instead.",无法修改{0}{1}，请新建凭证,
Cannot apply TDS against multiple parties in one entry,单笔凭证不能为多方应用源头减税,
Cannot be a fixed asset item as Stock Ledger is created.,不能成為庫存分類賬創建的固定資產項目。,
Cannot cancel as processing of cancelled documents is pending.,存在待处理的已取消单据，无法取消,
Cannot cancel because submitted Stock Entry {0} exists,不能取消，因為提交庫存輸入{0}存在,
Cannot cancel the transaction. Reposting of item valuation on submission is not completed yet.,物料价值重估未完成，无法取消交易,
Cannot cancel this document as it is linked with submitted asset {0}. Please cancel it to continue.,由于该文档与已提交的资产{0}链接，因此无法取消。请取消它以继续。,
Cannot cancel transaction for Completed Work Order.,無法取消已完成工單的交易。,
Cannot change Attributes after stock transaction. Make a new Item and transfer stock to the new Item,庫存交易後不能更改屬性。創建一個新項目並將庫存轉移到新項目,
Cannot change Fiscal Year Start Date and Fiscal Year End Date once the Fiscal Year is saved.,不能更改財政年度開始日期和財政年度結束日期，一旦會計年度被保存。,
Cannot change Reference Document Type.,不可修改参考单据类型,
Cannot change Service Stop Date for item in row {0},無法更改行{0}中項目的服務停止日期,
Cannot change Variant properties after stock transaction. You will have to make a new Item to do this.,庫存交易後不能更改Variant屬性。你將不得不做一個新的項目來做到這一點。,
"Cannot change company's default currency, because there are existing transactions. Transactions must be cancelled to change the default currency.",不能改變公司的預設貨幣，因為有存在的交易。交易必須取消更改預設貨幣。,
Cannot complete task {0} as its dependant task {1} are not completed / cancelled.,依赖任务{1}未完成/取消，无法完成任务{0},
Cannot convert Cost Center to ledger as it has child nodes,不能成本中心轉換為總賬，因為它有子節點,
Cannot convert Task to non-group because the following child Tasks exist: {0}.,存在子任务{0}，无法转换为非组任务,
Cannot convert to Group because Account Type is selected.,已选择科目类型，不可转为科目组,
Cannot covert to Group because Account Type is selected.,不能轉換到群組科目，因為科目類型選擇的。,
Cannot create Stock Reservation Entries for future dated Purchase Receipts.,无法为未来日期的采购收据创建库存预留,
Cannot create a Delivery Trip from Draft documents.,不能从“草稿”建立“销售出货配送路线安排”,
Cannot create a pick list for Sales Order {0} because it has reserved stock. Please unreserve the stock in order to create a pick list.,销售订单{0}已预留库存，无法创建拣货单，请取消预留,
Cannot create accounting entries against disabled accounts: {0},无法为已禁用科目{0}创建会计凭证,
Cannot deactivate or cancel BOM as it is linked with other BOMs,無法關閉或取消BOM，因為它是與其他材料明細表鏈接,
"Cannot declare as lost, because Quotation has been made.",不能聲明為丟失，因為報價已經取得進展。,
Cannot deduct when category is for 'Valuation' or 'Valuation and Total',不能抵扣當類別為“估值”或“估值及總',
Cannot delete Exchange Gain/Loss row,无法删除汇兑损益行,
"Cannot delete Serial No {0}, as it is used in stock transactions",無法刪除序列號{0}，因為它採用的是現貨交易,
Cannot enqueue multi docs for one company. {0} is already queued/running for company: {1},同一公司{1}无法排队多个任务，{0}已在队列/运行中,
Cannot ensure delivery by Serial No as Item {0} is added with and without Ensure Delivery by Serial No.,无法确保按序列号交货，因为添加和不保证按序列号交货都添加了项目{0}。,
Cannot find Item with this Barcode,用此条形码找不到物品,
Cannot find a default warehouse for item {0}. Please set one in the Item Master or in Stock Settings.,找不到物料{0}的默认仓库，请在物料主数据或库存设置中设置,
Cannot make any transactions until the deletion job is completed,删除任务完成前不可进行任何交易,
Cannot produce more Item {0} than Sales Order quantity {1},無法產生更多的項目{0}不是銷售訂單數量{1},
Cannot produce more item for {0},无法为{0}生产更多物料,
Cannot produce more than {0} items for {1},无法为{1}生产超过{0}件物料,
Cannot receive from customer against negative outstanding,存在负未清金额时不可从客户收货,
Cannot refer row number greater than or equal to current row number for this Charge type,不能引用的行號大於或等於當前行號碼提供給充電式,
Cannot retrieve link token for update. Check Error Log for more information,无法获取更新链接令牌，查看错误日志,
Cannot retrieve link token. Check Error Log for more information,无法获取链接令牌，查看错误日志,
Cannot select charge type as 'On Previous Row Amount' or 'On Previous Row Total' for first row,不能選擇充電式為'在上一行量'或'在上一行總'的第一行,
Cannot set as Lost as Sales Order is made.,不能設置為失落的銷售訂單而成。,
Cannot set authorization on basis of Discount for {0},不能在折扣的基礎上設置授權{0},
Cannot set multiple Item Defaults for a company.,無法為公司設置多個項目默認值。,
Cannot set quantity less than delivered quantity,无法设定数量小于交货数量,
Cannot set quantity less than received quantity,无法设置小于收货数量的数量,
Cannot set the field <b>{0}</b> for copying in variants,无法将字段<b>{0}设置</b>为在变体中进行复制,
Cannot {0} from {1} without any negative outstanding invoice,无法从 {1} 中 {0} 而没有任何负的未付发票,
Canonical URI,规范URI,
Capacity,容量,
Capacity (Stock UOM),产能（库存单位）,
Capacity Planning,產能規劃,
"Capacity Planning Error, planned start time can not be same as end time",容量规划错误，计划的开始时间不能与结束时间相同,
Capacity Planning For (Days),產能規劃的範圍（天）,
Capacity in Stock UOM,产能（库存单位）,
Capacity must be greater than 0,产能必须大于0,
Capital Equipments,資本設備,
Capital Stock,股本,
Capital Work In Progress Account,資本工作進行中的帳戶,
Capital Work in Progress,資本工作正在進行中,
Capitalization Method,资本化方法,
Capitalize Asset,资产资本化,
Capitalize Repair Cost,资本化维修成本,
Capitalized,已资本化,
Cards,卡片集,
Carrier,承运商,
Carrier Service,承运服务,
Carry Forward Communication and Comments,结转沟通记录与注释,
Cash,現金,
Cash Entry,現金分錄,
Cash Flow,現金周轉,
Cash Flow Statement,現金流量表,
Cash Flow from Financing,從融資現金流,
Cash Flow from Investing,從投資現金流,
Cash Flow from Operations,運營現金流,
Cash In Hand,手頭現金,
Cash or Bank Account is mandatory for making payment entry,製作付款分錄時，現金或銀行科目是強制性輸入的欄位。,
Cash/Bank Account,現金／銀行會計科目,
Cashier,出納員,
Cashier Closing,收銀員關閉,
Cashier Closing Payments,收銀員結算付款,
Catch All,抓住一切,
Category,类别,
Category Details,类别明细,
Category Name,类别名称,
Category-wise Asset Value,类别资产价值,
Caution,警告,
Caution: This might alter frozen accounts.,注意：可能修改冻结账户,
Cellphone Number,手機號碼,
Certificate,证书,
Certificate Details,证书详细信息,
Certificate Limit,证书限制,
Certificate No,证书号码,
Certificate Required,證書要求,
Change Amount,變動金額,
Change Release Date,更改發布日期,
Change in Stock Value,库存价值变动,
Change the account type to Receivable or select a different account.,将帐户类型更改为“应收帐款”或选择其他帐户。,
Change this date manually to setup the next synchronization start date,手动更改此日期以设置下一个同步开始日期,
Changed customer name to '{}' as '{}' already exists.,客户名称已存在，已更改为'{}',
Changes,变更记录,
Changes in {0},{0}中的更改,
Changing Customer Group for the selected Customer is not allowed.,不允許更改所選客戶的客戶組。,
Channel Partner,渠道合作夥伴,
Charge of type 'Actual' in row {0} cannot be included in Item Rate or Paid Amount,行{0}的'实际'类型费用不可包含在物料单价或实付金额中,
Chargeable,收費,
Chargeble,Chargeble,
Charges Incurred,收費發生,
Charges are updated in Purchase Receipt against each item,費用對在採購入庫單內的每個項目更新,
"Charges will be distributed proportionately based on item qty or amount, as per your selection",費用將被分配比例根據項目數量或金額，按您的選擇,
Chart,圖表,
Chart Of Accounts,会计科目表,
Chart Of Accounts Template,會計科目模板,
Chart Preview,图表预览,
Chart Tree,图表树,
Chart of Accounts,会计科目表,
Chart of Accounts Importer,会计科目表,
Chart of Cost Centers,成本中心的圖,
Charts Based On,基于的图表,
Chassis No,底盤無,
Chat,聊天,
Check Supplier Invoice Number Uniqueness,檢查供應商發票編號唯一性,
Check if Asset requires Preventive Maintenance or Calibration,檢查資產是否需要預防性維護或校準,
Check if it is a hydroponic unit,檢查它是否是水培單位,
Check if material transfer entry is not required,檢查是否不需要材料轉移條目,
Check in (group),檢查（組）,
Check this to disallow fractions. (for Nos),勾選此選項則禁止分數。 （對於NOS）,
Checked On,检查时间,
Checking this will round off the tax amount to the nearest integer,勾选后将四舍五入税额至整数,
Checkout,查看,
Checkout Order / Submit Order / New Order,结帐订单/提交订单/新订单,
Cheque,支票,
Cheque Date,支票日期,
Cheque Height,支票高度,
Cheque Number,支票號碼,
Cheque Print Template,支票打印模板,
Cheque Size,支票大小,
Cheque Width,支票寬度,
Cheque/Reference Date,支票/參考日期,
Cheque/Reference No,支票/參考編號,
Cheques Required,需要檢查,
Cheques and Deposits Incorrectly cleared,支票与存款错误核销,
Cheques and Deposits incorrectly cleared,支票及存款不正確清除,
Child Docname,儿童医生名称,
Child Row Reference,子行引用,
Child Task exists for this Task. You can not delete this Task.,子任務存在這個任務。你不能刪除這個任務。,
Child nodes can be only created under 'Group' type nodes,子節點可以在&#39;集團&#39;類型的節點上創建,
Child warehouse exists for this warehouse. You can not delete this warehouse.,兒童倉庫存在這個倉庫。您不能刪除這個倉庫。,
Choose a WIP composite asset,选择在制品复合资产,
Circular Reference Error,循環引用錯誤,
City,城市,
Class / Percentage,類／百分比,
Classification of Customers by region,客戶按區域分類,
Clauses and Conditions,條款和條件,
Clear,清除,
Clear Demo Data,清除演示数据,
Clear Notifications,清空通知,
Clear Table,清除表格,
Clearance Date,清拆日期,
Clearance Date not mentioned,清拆日期未提及,
Clearance Date updated,間隙更新日期,
Clearing Demo Data...,正在清除演示数据...,
Click on 'Get Finished Goods for Manufacture' to fetch the items from the above Sales Orders. Items only for which a BOM is present will be fetched.,点击'获取待生产成品'从上述销售订单提取物料，仅获取存在物料清单的物料,
Click on Add to Holidays. This will populate the holidays table with all the dates that fall on the selected weekly off. Repeat the process for populating the dates for all your weekly holidays,点击'添加至假期'，系统将填充所选周休日期的假期表，重复操作可填充所有周休日期,
Click on Get Sales Orders to fetch sales orders based on the above filters.,点击'获取销售订单'根据上述筛选条件提取销售订单,
Click on Import Invoices button once the zip file has been attached to the document. Any errors related to processing will be shown in the Error Log.,将zip文件附加到文档后，单击“导入发票”按钮。与处理相关的任何错误将显示在错误日志中。,
Click on the link below to verify your email and confirm the appointment,单击下面的链接以验证您的电子邮件并确认约会,
Click to add email / phone,点击添加邮箱/电话,
Client,客户端,
Close,关闭,
Close Issue After Days,關閉問題天后,
Close Loan,关闭贷款,
Close Replied Opportunity After Days,商机回复后关闭天数,
Close the POS,關閉POS,
Closed,已关闭,
Closed Document,關閉文件,
Closed Documents,關閉的文件,
Closed Work Order can not be stopped or Re-opened,已关闭工单不可停止或重新打开,
Closed order cannot be cancelled. Unclose to cancel.,關閉的定單不能被取消。 Unclose取消。,
Closing,正在关闭,
Closing (Cr),關閉（Cr）,
Closing (Dr),關閉（Dr）,
Closing (Opening + Total),閉幕（開幕+總計）,
Closing Account Head,關閉帳戶頭,
Closing Account {0} must be of type Liability / Equity,關閉科目{0}的類型必須是負債/權益,
Closing Amount,结算金额,
Closing Balance,结算余额,
Closing Balance as per Bank Statement,银行对账单期末余额,
Closing Balance as per ERP,系统期末余额,
Closing Date,截止日期,
Closing Text,结束语,
Code,代码,
Code List,编码列表,
Collapse All,全部收縮,
Collect Progress,收集進度,
Collection Factor (=1 LP),收集因子（= 1 LP）,
Collection Rules,收集規則,
Collection Tier,收集層,
Color,颜色,
Colour,顏色,
Column in Bank File,银行文件中的列,
Column {0},列{0},
Columns are not according to template. Please compare the uploaded file with standard template,列不符合模板要求，请对比上传文件与标准模板,
Combined invoice portion must equal 100%,合併發票部分必須等於100％,
Comments,评论,
Commercial,商業,
Commission,佣金,
Commission Rate,佣金比率,
Commission Rate %,佣金率％,
Commission Rate (%),佣金比率（％）,
Commission on Sales,銷售佣金,
Common Code,通用编码,
Communication,通讯,
Communication Channel,沟通渠道,
Communication Medium,通信介质,
Communication Medium Timeslot,通信媒体时隙,
Communication Medium Type,通信媒体类型,
Compact Item Print,緊湊型項目打印,
Companies,企業,
Company,公司,
Company Abbreviation,公司縮寫,
Company Abbreviation cannot have more than 5 characters,公司縮寫不能超過5個字符,
Company Account,公司帐号,
Company Address,公司地址,
Company Address Display,公司地址显示格式,
Company Address Name,公司地址名稱,
Company Bank Account,公司银行账户,
Company Billing Address,公司账单地址,
Company Contact Person,公司联系人,
Company Description,公司介紹,
Company Description for website homepage,公司介紹了網站的首頁,
Company Details,公司详情,
Company Email,企業郵箱,
Company Logo,公司標誌,
Company Name,公司名稱,
Company Name cannot be Company,公司名稱不能為公司,
Company Not Linked,公司未链接,
Company Shipping Address,公司发货地址,
Company Tagline for website homepage,公司標語的網站主頁,
Company Tax ID,公司税号,
Company and Posting Date is mandatory,必须填写公司和过账日期,
Company currencies of both the companies should match for Inter Company Transactions.,兩家公司的公司貨幣應該符合Inter公司交易。,
Company field is required,公司字段是必填项,
Company is manadatory for company account,公司是公司科目的管理者,
Company is mandatory,公司为必填项,
Company is mandatory for generating an invoice. Please set a default company in Global Defaults.,生成发票必须指定公司，请在全局设置中设置默认公司,
Company name not same,公司名稱不一樣,
Company of asset {0} and purchase document {1} doesn't matches.,资产{0}和购买凭证{1}的公司不匹配。,
Company registration numbers for your reference. Tax numbers etc.,公司註冊號碼，供大家參考。稅務號碼等,
Company which internal customer represents,内部客户所属公司,
Company which internal customer represents.,内部客户所属公司,
Company which internal supplier represents,内部供应商所属公司,
Company {0} added multiple times,公司{0}被重复添加,
Company {0} does not exist,公司{0}不存在,
Company {0} is added more than once,公司{0}被多次添加,
Company {} does not exist yet. Taxes setup aborted.,公司{}尚未存在，税务设置已中止,
Company {} does not match with POS Profile Company {},公司{}与POS配置公司{}不匹配,
Competitor,竞争对手,
Competitor Detail,竞争对手详情,
Competitor Name,竞争对手名称,
Competitors,竞争对手列表,
Complete,完成,
Complete Job,完成作业,
Complete Order,完成订单,
Completed,已完成,
Completed By,完成,
Completed On,完成日期,
Completed On cannot be greater than Today,完成日期不能晚于今日,
Completed Operation,完成作业,
Completed Qty,完成數量,
Completed Qty cannot be greater than 'Qty to Manufacture',完成的数量不能大于“制造数量”,
Completed Quantity,完成数量,
Completed Tasks,已完成任务,
Completed Time,完成时间,
Completed Work Orders,完成的工作訂單,
Completion,完成时间,
Completion By,完成方式,
Completion Date,完成日期,
Completion Date can not be before Failure Date. Please adjust the dates accordingly.,完成日期不能在故障日期之前，请调整日期,
Completion Status,完成狀態,
Comprehensive Insurance,綜合保險,
Computer,電腦,
Condition,条件,
Conditional Rule,条件规则,
Conditional Rule Examples,条件规则示例,
Conditions will be applied on all the selected items combined. ,条件将适用于所有选定项目的组合。,
Configuration,配置,
Configure Product Assembly,配置产品组装,
Configure the action to stop the transaction or just warn if the same rate is not maintained.,配置当费率不一致时的操作：终止交易或仅警告,
Configure the default Price List when creating a new Purchase transaction. Item prices will be fetched from this Price List.,在创建新的采购交易时配置默认的价目表。项目价格将从此价格表中获取。,
Confirmation Date,確認日期,
Connections,连接,
Consider Accounting Dimensions,考虑会计维度,
Consider Entire Party Ledger Amount,考虑交易方总账金额,
Consider Minimum Order Qty,考虑最小订单量,
Consider Rejected Warehouses,考虑拒收仓库,
Consider Tax or Charge for,考慮稅收或收費,
Considered In Paid Amount,计入实付金额,
Consolidate Sales Order Items,合并销售订单项,
Consolidate Sub Assembly Items,合并子装配项,
Consolidated,合并,
Consolidated Credit Note,合并贷方通知单,
Consolidated Financial Statement,合併財務報表,
Consolidated Sales Invoice,合并销售发票,
Consultant,顧問,
Consumable,耗材,
Consumable Cost,耗材成本,
Consumed,消費,
Consumed Amount,消耗量,
Consumed Asset Total Value,消耗资产总值,
Consumed Assets,消耗资产,
Consumed Items,消耗品,
Consumed Qty,消耗的數量,
Consumed Quantity,消耗数量,
Consumed Stock Items,消耗库存物料,
Consumed Stock Items or Consumed Asset Items are mandatory for creating new composite asset,创建复合资产需填写消耗库存或资产物料,
"Consumed Stock Items, Consumed Asset Items or Consumed Service Items is mandatory for Capitalization",资本化需填写消耗库存/资产/服务项,
Consumed Stock Total Value,消耗库存总价值,
Consumption Rate,消耗率,
Contact,联系人,
Contact Desc,聯絡倒序,
Contact Details,联系人详情,
Contact Email,聯絡電郵,
Contact HTML,聯繫HTML,
Contact Info,聯絡方式,
Contact Information,聯繫信息,
Contact List,聯繫人列表,
Contact Mobile,联系人手机,
Contact Mobile No,聯絡手機號碼,
Contact Name,聯絡人姓名,
Contact No.,聯絡電話,
Contact Person,聯絡人,
Contact Person does not belong to the {0},联系人不属于{0},
Contact: ,联系：,
Contacts,往來,
Content,内容,
Content Type,內容類型,
Continue,继续,
Contra Entry,魂斗羅進入,
Contract,合同,
Contract Details,合同細節,
Contract End Date,合同結束日期,
Contract Fulfilment Checklist,合同履行清單,
Contract Period,合同期,
Contract Template,合同模板,
Contract Template Fulfilment Terms,合同模板履行條款,
Contract Template Help,合同模板帮助,
Contract Terms,合同條款,
Contract Terms and Conditions,合同條款和條件,
Contribution %,貢獻％,
Contribution (%),貢獻（％）,
Contribution Amount,貢獻金額,
Contribution Qty,贡献数量,
Contribution to Net Total,貢獻淨合計,
Control Action,控制行動,
Control Historical Stock Transactions,控制历史库存交易,
Conversion Factor,轉換因子,
Conversion Rate,兌換率,
Conversion factor for default Unit of Measure must be 1 in row {0},預設計量單位的轉換因子必須是1在行{0},
Conversion factor for item {0} has been reset to 1.0 as the uom {1} is same as stock uom {2}.,物料{0}的换算系数已重置为1.0，因其单位{1}与库存单位{2}相同,
Conversion rate cannot be 0,汇率不能为 0,
"Conversion rate is 1.00, but document currency is different from company currency",汇率设置为1.00，但单据货币与公司货币不同,
Conversion rate must be 1.00 if document currency is same as company currency,单据货币与公司本位币相同时，汇率必须为1.00,
Convert Item Description to Clean HTML in Transactions,在交易中将物料描述转换为纯净HTML,
Convert to Group,轉換為集團,
Convert to Item Based Reposting,转换为基于物料的重新过账,
Convert to Non-Group,转换为非群组,
Converted,轉換,
Copied From,複製自,
Copy Fields to Variant,將字段複製到變式,
Corrective,纠正的,
Corrective Action,纠正措施,
Corrective Job Card,纠正性作业卡,
Corrective Operation,纠正性工序,
Corrective Operation Cost,纠正性工序成本,
Corrective/Preventive,纠正/预防,
Cost,成本,
Cost Center,成本中心,
Cost Center Allocation,成本中心分配,
Cost Center Allocation Percentage,成本中心分配百分比,
Cost Center Allocation Percentages,成本中心分配比例,
Cost Center Name,成本中心名稱,
Cost Center Number,成本中心編號,
Cost Center for Item rows has been updated to {0},物料行的成本中心已更新为{0},
"Cost Center is a part of Cost Center Allocation, hence cannot be converted to a group",成本中心参与分配，不可转换为组,
Cost Center is required in row {0} in Taxes table for type {1},成本中心是必需的行{0}稅表型{1},
Cost Center with Allocation records can not be converted to a group,存在分配记录的成本中心不可转换为组,
Cost Center with existing transactions can not be converted to group,與現有的交易成本中心，不能轉化為組,
Cost Center with existing transactions can not be converted to ledger,與現有的交易成本中心，不能轉換為總賬,
Cost Center {0} cannot be used for allocation as it is used as main cost center in other allocation record.,成本中心{0}已在其他分配中作为主成本中心使用，不可分配,
Cost Center {} doesn't belong to Company {},成本中心{}不属于公司{},
Cost Center {} is a group cost center and group cost centers cannot be used in transactions,成本中心{}为组成本中心，不可用于交易,
Cost Center: {0} does not exist,成本中心：{0}不存在,
Cost Centers,成本中心,
Cost Configuration,成本配置,
Cost Per Unit,单位成本,
Cost of Delivered Items,交付項目成本,
Cost of Goods Sold,銷貨成本,
Cost of Issued Items,發布項目成本,
Cost of Poor Quality Report,劣质成本报告,
Cost of Purchased Items,購買的物品成本,
Cost of various activities,各種活動的費用,
Cost to Company (CTC),公司成本（CTC）,
Costing,成本核算,
Costing Amount,成本核算金額,
Costing Details,成本核算明细,
Costing Rate,成本率,
Costing and Billing,成本核算和計費,
Could Not Delete Demo Data,无法删除演示数据,
Could not auto create Customer due to the following missing mandatory field(s):,由于缺少以下必填字段，因此无法自动创建客户：,
Could not auto update shifts. Shift with shift factor {0} needed.,无法自动更新班次，需要班次系数{0},
"Could not create Credit Note automatically, please uncheck 'Issue Credit Note' and submit again",無法自動創建Credit Note，請取消選中&#39;Issue Credit Note&#39;並再次提交,
Could not detect the Company for updating Bank Accounts,无法识别更新银行账户的公司,
Could not find path for ,找不到路徑,
Could not retrieve information for {0}.,無法檢索{0}的信息。,
Could not solve criteria score function for {0}. Make sure the formula is valid.,無法解決{0}的標準分數函數。確保公式有效。,
Could not solve weighted score function. Make sure the formula is valid.,無法解決加權分數函數。確保公式有效。,
"Could not update stock, invoice contains drop shipping item.",無法更新庫存，發票包含下降航運項目。,
Count,计数,
Country,国家,
Country Code in File does not match with country code set up in the system,文件中的国家/地区代码与系统中设置的国家/地区代码不匹配,
Country of Origin,出生國家,
Coupon Code,优惠券代码,
Coupon Code Based,基于优惠券代码,
Coupon Description,优惠券说明,
Coupon Name,优惠券名称,
Coupon Type,优惠券类型,
Cr,鉻,r
Create,创建,
Create Chart Of Accounts Based On,基於會計科目表創建,
Create Delivery Trip,建立销售出货配送路线安排,
Create Depreciation Entry,创建折旧凭证,
Create Employee,创建员工,
Create Employee Records,建立員工檔案,
Create Employee records.,创建员工记录,
Create Grouped Asset,创建组合资产,
Create Inter Company Journal Entry,创建国际公司日记帐分录,
Create Invoices,创建发票,
Create Job Card,创建工作卡,
Create Job Card based on Batch Size,按批次大小创建作业卡,
Create Journal Entries,创建日记账分录,
Create Journal Entry,创建日记帐分录,
Create Lead,创造领导力,
Create Leads,建立潛在客戶,
Create Ledger Entries for Change Amount,创建差额总账分录,
Create Link,创建链接,
Create Missing Party,創建失踪派對,
Create Multi-level BOM,创建多层级物料清单,
Create New Contact,创建新联系人,
Create New Customer,新建客户,
Create New Lead,创造新的领导者,
Create Opportunity,创建商机,
Create POS Opening Entry,创建POS开幕条目,
Create Payment Entry,创建付款条目,
Create Pick List,创建选择列表,
Create Print Format,創建打印格式,
Create Prospect,创建潜在客户,
Create Purchase Order,創建採購訂單,
Create Purchase Orders,創建採購訂單,
Create Quotation,创建报价,
Create Receiver List,創建接收器列表,
Create Reposting Entries,创建重过账分录,
Create Reposting Entry,创建重过账分录,
Create Sales Invoice,创建销售发票,
Create Sales Order,創建銷售訂單,
Create Sales Orders to help you plan your work and deliver on-time,创建销售订单以帮助您规划工作并按时交付,
Create Sample Retention Stock Entry,创建样本保留库存条目,
Create Stock Entry,创建库存凭证,
Create Supplier Quotation,创建供应商报价,
Create Tax Template,创建税务模板,
Create Timesheet,创建时间表,
Create User,創建用戶,
Create User Permission,創建用戶權限,
Create Users,創建用戶,
Create Variant,創建變體,
Create Variants,创建变体,
Create Workstation,创建工作中心,
Create a new composite asset,新建组合资产,
Create a variant with the template image.,使用模板图像创建变型,
Create an incoming stock transaction for the Item.,创建物料的进货库存交易。,
Create customer quotes,創建客戶報價,
Create in Draft Status,以草稿状态创建,
Create missing customer or supplier.,創建缺少的客戶或供應商。,
Create {0} {1} ?,是否创建{0}{1}？,
Created On,创建时间,
Created {0} scorecards for {1} between:,已为{1}创建{0}张计分卡，时间范围：,
Creating Accounts...,创建帐户......,
Creating Delivery Note ...,正在创建交货单...,
Creating Dimensions...,创建尺寸......,
Creating Journal Entries...,正在创建日记账分录...,
Creating Packing Slip ...,正在创建装箱单...,
Creating Purchase Invoices ...,正在创建采购发票...,
Creating Purchase Order ...,创建采购订单...,
Creating Purchase Receipt ...,正在创建采购收货单...,
Creating Sales Invoices ...,正在创建销售发票...,
Creating Stock Entry,正在创建库存凭证,
Creating Subcontracting Order ...,正在创建外协订单...,
Creating Subcontracting Receipt ...,正在创建外协收货单...,
Creating User...,正在创建用户...,
Creating {} out of {} {},在{} {}中创建{},
Creation,创建,
Creation Document No,文檔創建編號,
Creation of <b><a href='/app/{0}'>{1}(s)</a></b> successful,成功创建<b><a href='/app/{0}'>{1}</a></b>,
"Creation of {0} failed.
				Check <b><a href=""/app/bulk-transaction-log"">Bulk Transaction Log</a></b>","创建 {0} 失败。
				检查 <b><a href=""/app/bulk-transaction-log"">批量事务日志</a></b>",
"Creation of {0} partially successful.
				Check <b><a href=""/app/bulk-transaction-log"">Bulk Transaction Log</a></b>","创建 {0} 部分成功。
				检查 <b><a href=""/app/bulk-transaction-log"">批量事务日志</a></b>",
Credit,信用,
Credit (Transaction),贷方（交易）,
Credit ({0}),信用（{0}）,
Credit Account,信用科目,
Credit Amount,信貸金額,
Credit Amount in Account Currency,在科目幣金額,
Credit Amount in Transaction Currency,交易货币贷方金额,
Credit Balance,貸方餘額,
Credit Card,信用卡,
Credit Card Entry,信用卡進入,
Credit Days,信貸天,
Credit Limit,信用額度,
Credit Limit Crossed,超出信用额度,
Credit Limit Settings,信用额度设置,
Credit Limit and Payment Terms,信用額度和付款條款,
Credit Limits,信用额度,
Credit Months,信貸月份,
Credit Note,信用票據,
Credit Note Amount,信用額度,
Credit Note Issued,信用票據發行,
"Credit Note will update it's own outstanding amount, even if 'Return Against' is specified.",即使指定'退货依据'，贷项凭证仍将更新自身未清金额,
Credit Note {0} has been created automatically,信用票據{0}已自動創建,
Credit To,信貸,
Credit in Company Currency,信用在公司貨幣,
Credit limit has been crossed for customer {0} ({1}/{2}),客戶{0}（{1} / {2}）的信用額度已超過,
Credit limit is already defined for the Company {0},已为公司{0}定义信用额度,
Credit limit reached for customer {0},客户{0}已达到信用额度,
Creditors,債權人,
Criteria,標準,
Criteria Formula,標準配方,
Criteria Name,標準名稱,
Criteria Setup,條件設置,
Criteria Weight,標準重量,
Criteria weights must add up to 100%,標準重量必須達100％,
Cron Interval should be between 1 and 59 Min,定时任务间隔应设置为1至59分钟,
Cross Listing of Item in multiple groups,在多組項目的交叉上市,
Cumulative Transaction Threshold,累積交易閾值,
Currency,货币,
Currency Exchange,外幣兌換,
Currency Exchange Settings,貨幣兌換設置,
Currency Exchange Settings Details,货币兑换设置明细,
Currency Exchange Settings Result,货币兑换设置结果,
Currency Exchange must be applicable for Buying or for Selling.,貨幣兌換必須適用於買入或賣出。,
Currency and Price List,貨幣和價格表,
Currency can not be changed after making entries using some other currency,貨幣不能使用其他貨幣進行輸入後更改,
Currency for {0} must be {1},貨幣{0}必須{1},
Currency of the Closing Account must be {0},關閉科目的貨幣必須是{0},
Currency of the price list {0} must be {1} or {2},價目表{0}的貨幣必須是{1}或{2},
Currency should be same as Price List Currency: {0},貨幣應與價目表貨幣相同：{0},
Current Address,當前地址,
Current Address Is,當前地址是,
Current Amount,電流量,
Current Asset,流动资产,
Current Asset Value,流動資產價值,
Current Assets,流動資產,
Current BOM,當前BOM表,
Current BOM and New BOM can not be same,當前BOM和新BOM不能相同,
Current Exchange Rate,當前匯率,
Current Index,当前索引,
Current Invoice End Date,當前發票結束日期,
Current Invoice Start Date,當前發票開始日期,
Current Level,当前层级,
Current Liabilities,流動負債,
Current Liability,流动负债,
Current Node,当前节点,
Current Qty,目前數量,
Current Serial / Batch Bundle,当前序列/批次包,
Current Serial No,目前的序列号,
Current State,當前狀態,
Current Status,现状,
Current Stock,當前庫存,
Current Time,当前时间,
Current Valuation Rate,目前的估值價格,
Custodian,保管人,
Custody,保管,
Custom,自定义,
Custom HTML,自定义HTML,
Custom Remarks,自订备注,
Custom delimiters,自定义分隔符,
Custom?,是否自定义？,
Customer,客戶,
Customer ,客户,
Customer / Item / Item Group,客户/物料/物料组,
Customer / Lead Address,客戶/鉛地址,
Customer > Customer Group > Territory,客户&gt;客户组&gt;地区,
Customer Acquisition and Loyalty,客戶取得和忠誠度,
Customer Address,客戶地址,
Customer Code,客戶代碼,
Customer Contact,客戶聯絡,
Customer Contact Email,客戶聯絡電子郵件,
Customer Credit Balance,客戶信用平衡,
Customer Credit Limit,客户信用额度,
Customer Defaults,客户默认值,
Customer Details,客戶詳細資訊,
Customer Feedback,客戶反饋,
Customer Group,客戶群組,
Customer Group Item,客户组物料,
Customer Group Name,客戶群組名稱,
Customer Group: {0} does not exist,客户组：{0}不存在,
Customer Groups,客戶群,
Customer Item,客户物料,
Customer Items,客戶項目,
Customer LPO,客戶LPO,
Customer LPO No.,客戶LPO號,
Customer Ledger Summary,客户分类帐摘要,
Customer Mobile No,客戶手機號碼,
Customer Name,客戶名稱,
Customer Name: ,客户名称：,
Customer Naming By,客戶命名由,
Customer PO,客户PO,
Customer PO Details,客戶PO詳細信息,
Customer POS Id,客戶POS ID,
Customer POS id,客户POS ID,
Customer Portal Users,客户门户用户,
Customer Primary Address,客戶主要地址,
Customer Primary Contact,客戶主要聯繫人,
Customer Provided,由客户提供,
Customer Service,顧客服務,
Customer Territory,客戶地區,
Customer Type,客戶類型,
Customer Warehouse (Optional),客戶倉庫（可選）,
Customer contact updated successfully.,客户联系人已成功更新。,
Customer is required,客戶是必需的,
Customer isn't enrolled in any Loyalty Program,客戶未加入任何忠誠度計劃,
Customer or Item,客戶或項目,
Customer required for 'Customerwise Discount',需要' Customerwise折扣“客戶,
Customer {0} does not belong to project {1},客戶{0}不屬於項目{1},
Customer's Item Code,客戶的產品編號,
Customer's Purchase Order,客戶採購訂單,
Customer's Purchase Order Date,客戶的採購訂單日期,
Customer's Purchase Order No,客戶的採購訂單編號,
Customer-wise Item Price,客户明智的物品价格,
Customer/Lead Name,客户/姓氏,
Customer: ,客户：,
Customers,顧客,
Customers Without Any Sales Transactions,沒有任何銷售交易的客戶,
Customers not selected.,未选择客户。,
Customerwise Discount,Customerwise折扣,
Customize Homepage Sections,自定义主页部分,
Customs Tariff Number,海關稅則號,
DT-,DT-,
DUNN-.MM.-.YY.-,邓恩-.MM .-。YY.-,
Daily,每日,
Daily Project Summary for {0},{0}的每日项目摘要,
Daily Reminders,每日提醒,
Daily Time to send,每日发送时间,
Daily Timesheet Summary,每日時間表摘要,
Dashboard,仪表板,
Data Based On,数据依据,
Data Import Configuration,数据导入配置,
Date,日期,
Date ,日期,
Date Based On,日期依据,
Date Of Retirement,退休日,
Date Settings,日期設定,
Date must be between {0} and {1},日期必须在{0}至{1}之间,
Date of Birth,出生日期,
Date of Birth cannot be greater than today.,出生日期不能大於今天。,
Date of Commencement,開始日期,
Date of Commencement should be greater than Date of Incorporation,開始日期應大於公司註冊日期,
Date of Establishment,成立時間,
Date of Incorporation,註冊成立日期,
Date of Issue,發行日期,
Date of Joining,加入日期,
Date of Transaction,交易日期,
Dates,日期,
Day,日,
Day Of Week,星期几,
Day of Week,星期几,
Day to Send,發送日,
Day(s) after invoice date,發票日期後的天數,
Day(s) after the end of the invoice month,發票月份結束後的一天,
Days,天,
Days Since Last Order,天自上次訂購,
Days Since Last order,自上次订购天数,
Days Until Due,天至期限,
Days before the current subscription period,当前订阅周期前天数,
DeLinked,解除关联,
Deal Owner,交易负责人,
Dear,尊敬的,
"Dear System Manager,",尊敬的系统管理员：,
Debit,借方,
Debit (Transaction),借方（交易）,
Debit ({0}),借記卡（{0}）,
Debit Account,借方科目,
Debit Amount,借方金額,
Debit Amount in Account Currency,在科目幣種借記金額,
Debit Amount in Transaction Currency,交易货币借方金额,
Debit Note,繳費單,
Debit Note Amount,借方票據金額,
Debit Note Issued,借記發行說明,
"Debit Note will update it's own outstanding amount, even if 'Return Against' is specified.",即使指定'退货依据'，借项凭证仍将更新自身未清金额,
Debit To,借方,
Debit To is required,借方是必填項,
Debit and Credit not equal for {0} #{1}. Difference is {2}.,借貸{0}＃不等於{1}。區別是{2}。,
Debit in Company Currency,借記卡在公司貨幣,
Debit to,借给,
Debit-Credit Mismatch,借贷不平,
Debit-Credit mismatch,借贷不平,
Debtors,債務人,
Declare Lost,宣布失去,
Deduct,扣除,
Deductee Details,受扣人详细信息,
Deductions or Loss,扣除或損失,
Default,默认,
Default Account,預設科目,
Default Accounts,默认账户,
Default Activity Cost exists for Activity Type - {0},默認情況下存在作業成本的活動類型 -  {0},
Default Advance Account,默认预付款科目,
Default Advance Paid Account,默认预付账款科目,
Default Advance Received Account,默认预收账款科目,
Default BOM,預設的BOM,
Default BOM ({0}) must be active for this item or its template,預設BOM（{0}）必須是活動的這個項目或者其模板,
Default BOM for {0} not found,默認BOM {0}未找到,
Default BOM not found for FG Item {0},未找到产成品{0}的默认物料清单,
Default BOM not found for Item {0} and Project {1},項目{0}和項目{1}找不到默認BOM,
Default Bank Account,預設銀行會計科目,
Default Billing Rate,默認計費率,
Default Buying Cost Center,預設採購成本中心,
Default Buying Price List,預設採購價格表,
Default Buying Terms,默认购买条款,
Default Cash Account,預設的現金科目,
Default Common Code,默认通用代码,
Default Company,預設公司,
Default Company Bank Account,默认公司银行帐户,
Default Cost Center,預設的成本中心,
Default Cost of Goods Sold Account,銷貨成本科目,
Default Costing Rate,默認成本核算率,
Default Currency,預設貨幣,
Default Customer Group,預設客戶群組,
Default Deferred Expense Account,默認遞延費用科目,
Default Deferred Revenue Account,默認遞延收入科目,
Default Dimension,默认尺寸,
Default Discount Account,默认折扣科目,
Default Distance Unit,默認距離單位,
Default Expense Account,預設費用科目,
Default Finance Book,默認金融書,
Default Finished Goods Warehouse,預設成品倉庫,
Default Holiday List,預設假日表列,
Default In-Transit Warehouse,默认在途仓库,
Default Income Account,預設收入科目,
Default Inventory Account,默認庫存科目,
Default Item Group,預設項目群組,
Default Item Manufacturer,默认项目制造商,
Default Letter Head,預設信頭,
Default Manufacturer Part No,默认制造商零件号,
Default Material Request Type,默認材料請求類型,
Default Operating Cost Account,默认运营成本科目,
Default Payable Account,預設應付帳款科目,
Default Payment Discount Account,默认付款折扣科目,
Default Payment Request Message,預設的付款請求訊息,
Default Payment Terms Template,默認付款條款模板,
Default Price List,預設價格表,
Default Priority,默认优先级,
Default Provisional Account,默认暂记科目,
Default Purchase Unit of Measure,默認採購單位,
Default Quotation Validity Days,默認報價有效天數,
Default Receivable Account,預設應收帳款,
Default Sales Unit of Measure,默認銷售單位,
Default Scrap Warehouse,默认废料仓库,
Default Selling Cost Center,預設銷售成本中心,
Default Selling Terms,默认销售条款,
Default Service Level Agreement,默认服务水平协议,
Default Service Level Agreement for {0} already exists.,{0}的默认服务级别协议已存在,
Default Source Warehouse,預設來源倉庫,
Default Stock UOM,預設庫存計量單位,
Default Supplier,預設的供應商,
Default Supplier Group,默認供應商組,
Default Target Warehouse,預設目標倉庫,
Default Territory,預設地域,
Default Unit of Measure,預設的計量單位,
Default Unit of Measure for Item {0} cannot be changed directly because you have already made some transaction(s) with another UOM. You need to either cancel the linked documents or create a new Item.,物料{0}的默认计量单位不可直接更改，因已存在其他计量单位的交易。需取消关联单据或创建新物料,
Default Unit of Measure for Item {0} cannot be changed directly because you have already made some transaction(s) with another UOM. You will need to create a new Item to use a different Default UOM.,測度項目的默認單位{0}不能直接改變，因為你已經做了一些交易（S）與其他計量單位。您將需要創建一個新的項目，以使用不同的默認計量單位。,
Default Unit of Measure for Variant '{0}' must be same as in Template '{1}',測度變異的默認單位“{0}”必須是相同模板“{1}”,
Default Valuation Method,預設的估值方法,
Default Value,默认值,
Default Warehouse,預設倉庫,
Default Warehouse for Sales Return,默认退货仓库,
Default Warehouses for Production,默认生产仓库,
Default Work In Progress Warehouse,預設在製品倉庫,
Default Workstation,預設工作站,
Default account will be automatically updated in POS Invoice when this mode is selected.,選擇此模式後，默認帳戶將在POS發票中自動更新。,
Default settings for your stock-related transactions,库存相关交易的默认设置,
"Default tax templates for sales, purchase and items are created.",已创建销售、采购和物料的默认税务模板,
Default: 10 mins,默认值：10分钟,
Defaults,默认值,
Deferred Accounting,递延会计,
Deferred Accounting Defaults,递延会计默认值,
Deferred Accounting Settings,递延会计设置,
Deferred Expense,遞延費用,
Deferred Expense Account,遞延費用科目,
Deferred Revenue,遞延收入,
Deferred Revenue Account,遞延收入科目,
Deferred Revenue and Expense,递延收入与费用,
Deferred accounting failed for some invoices:,以下发票递延会计处理失败：,
Define Project type.,定義項目類型。,
Delay (In Days),延迟（天数）,
Delay (in Days),延误（天）,
Delay between Delivery Stops,交貨停止之間的延遲,
Delay in payment (Days),延遲支付（天）,
Delayed,延迟的,
Delayed Days,延迟天数,
Delayed Item Report,延迟物品报告,
Delayed Order Report,延迟订单报告,
Delayed Tasks Summary,延迟任务汇总,
Delete,删除,
Delete Accounting and Stock Ledger Entries on deletion of Transaction,删除交易时同步删除会计与库存分类账分录,
Delete Bins,删除库位,
Delete Cancelled Ledger Entries,删除已取消的分类账分录,
Delete Dimension,删除维度,
Delete Leads and Addresses,删除销售线索与地址,
Delete Transactions,删除交易,
Delete all the Transactions for this Company,刪除所有交易本公司,
Deleting {0} and all associated Common Code documents...,正在删除{0}及其所有关联通用代码单据...,
Deletion in Progress!,删除进行中！,
Deletion is not permitted for country {0},國家{0}不允許刪除,
Delimiter options,分隔符选项,
Delivered,交付,
Delivered Amount,交付金額,
Delivered By Supplier,交付供應商,
Delivered Items To Be Billed,交付項目要被收取,
Delivered Qty,交付數量,
Delivered Quantity,交货数量,
Delivered by Supplier (Drop Ship),由供應商交貨（直接發運）,
Delivered: {0},交貨：{0},
Delivery,交貨,
Delivery Date,交貨日期,
Delivery Details,交貨細節,
Delivery Manager,交付经理,
Delivery Note,送貨單,
Delivery Note Item,送貨單項目,
Delivery Note No,送貨單號,
Delivery Note Packed Item,交货单打包物料,
Delivery Note Trends,送貨單趨勢,
Delivery Note {0} is not submitted,送貨單{0}未提交,
Delivery Notes,送货单,
Delivery Notes {0} updated,已更新交貨單{0},
Delivery Settings,交貨設置,
Delivery Status,交付状态,
Delivery Stop,交貨停止,
Delivery Stops,交貨停止,
Delivery To,交貨給,
Delivery Trip,送貨之旅,
Delivery User,交付用户,
Delivery Warehouse,交貨倉庫,
Delivery to,交付至,
Delivery warehouse required for stock item {0},需要的庫存項目交割倉庫{0},
Demand,需求,
Demo Company,演示公司,
Demo data cleared,演示数据已清除,
Department,部门,
Departure Time,出發時間,
Dependant SLE Voucher Detail No,依赖库存分类账凭证明细编号,
Dependencies,依赖项,
Dependent Task,相關任務,
Dependent Task {0} is not a Template Task,依赖任务{0}不是模板任务,
Dependent Tasks,相关任务,
Depends on Tasks,取決於任務,
Deposit,保证金,
Depreciate based on daily pro-rata,按日比例计提折旧,
Depreciate based on shifts,按班次计提折旧,
Depreciated Amount,折旧额,
Depreciatied Amount,折旧额,
Depreciation,折舊,
Depreciation Amount,折舊額,
Depreciation Amount during the period,期間折舊額,
Depreciation Date,折舊日期,
Depreciation Details,折旧明细,
Depreciation Eliminated due to disposal of assets,折舊淘汰因處置資產,
Depreciation Entry,折舊分錄,
Depreciation Entry Posting Status,折旧分录过账状态,
Depreciation Expense Account,折舊費用科目,
Depreciation Expense Account should be an Income or Expense Account.,折旧费用科目应为收入或费用类科目,
Depreciation Method,折舊方法,
Depreciation Options,折舊選項,
Depreciation Posting Date,折旧过帐日期,
Depreciation Posting Date cannot be before Available-for-use Date,折旧过账日期不可早于可用日期,
Depreciation Row {0}: Depreciation Posting Date cannot be before Available-for-use Date,折旧行{0}：折旧过账日期不可早于可用日期,
Depreciation Row {0}: Expected value after useful life must be greater than or equal to {1},折舊行{0}：使用壽命後的預期值必須大於或等於{1},
Depreciation Row {0}: Next Depreciation Date cannot be before Available-for-use Date,折舊行{0}：下一個折舊日期不能在可供使用的日期之前,
Depreciation Row {0}: Next Depreciation Date cannot be before Purchase Date,折舊行{0}：下一個折舊日期不能在購買日期之前,
Depreciation Schedule,折舊計劃,
Depreciation Schedule View,折旧计划表视图,
Depreciation cannot be calculated for fully depreciated assets,已全额折旧资产无法计算折旧,
Depreciation eliminated via reversal,通过冲销消除折旧,
Description,描述,
Description of Content,内容描述,
Designation,职务,
Desk User,工作台用户,
Detailed Reason,详细原因,
Details,详情,
Determine Address Tax Category From,确定地址税类别,
Diesel,柴油機,
Difference,區別,
Difference (Dr - Cr),差異（Dr - Cr）,
Difference Account,差異科目,
"Difference Account must be a Asset/Liability type account, since this Stock Reconciliation is an Opening Entry",差異科目必須是資產/負債類型的科目，因為此庫存調整是一個開帳分錄,
Difference Amount,差額,
Difference Amount (Company Currency),差異金額（公司幣種）,
Difference Amount must be zero,差量必須是零,
Difference In,差额在,
Difference Posting Date,差额过账日期,
Difference Qty,差额数量,
Difference Value,差异值,
Different 'Source Warehouse' and 'Target Warehouse' can be set for each row.,每行可设置不同的'来源仓库'与'目标仓库',
Different UOM for items will lead to incorrect (Total) Net Weight value. Make sure that Net Weight of each item is in the same UOM.,不同計量單位的項目會導致不正確的（總）淨重值。確保每個項目的淨重是在同一個計量單位。,
Dimension Defaults,尺寸默认值,
Dimension Details,维度明细,
Dimension Filter,尺寸过滤器,
Dimension Filter Help,维度筛选帮助,
Dimension Name,尺寸名称,
Dimension-wise Accounts Balance Report,分维度科目余额表,
Dimensions,维度,
Direct Expense,直接费用,
Direct Expenses,直接費用,
Direct Income,直接收入,
Disable,關閉,
Disable Capacity Planning,禁用容量规划,
Disable In Words,禁用詞,
Disable Last Purchase Rate,禁用上次采购价,
Disable Rounded Total,禁用圓角總,
Disable Serial No And Batch Selector,禁用序列号与批次选择器,
Disable auto setting Grand Total to default Payment Mode,禁用自动将总计设为默认付款方式,
Disabled,已禁用,
Disabled Account Selected,选中了禁用账户,
Disabled Warehouse {0} cannot be used for this transaction.,已禁用仓库{0}不可用于此交易,
Disabled pricing rules since this {} is an internal transfer,因{}为内部调拨，已禁用定价规则,
Disabled tax included prices since this {} is an internal transfer,因{}为内部调拨，已禁用含税价格,
Disabled template must not be default template,殘疾人模板必須不能默認模板,
Disables auto-fetching of existing quantity,禁用自动获取现有数量,
Disassemble,拆解,
Disassemble Order,拆解订单,
Disburse Loan,支付贷款,
Disbursed,支付,
Discount,折扣,
Discount (%),优惠（％）,
Discount (%) on Price List Rate with Margin,價格上漲率與貼現率的折扣（％）,
Discount Account,折扣科目,
Discount Amount,折扣金額,
Discount Date,折扣日期,
Discount Percentage,折扣百分比,
Discount Percentage can be applied either against a Price List or for all Price List.,折扣百分比可以應用於單一價目表或所有價目表。,
Discount Settings,折扣设置,
Discount Type,折扣类型,
Discount Validity,折扣有效期,
Discount Validity Based On,折扣有效期依据,
Discount and Margin,折扣和保證金,
Discount cannot be greater than 100%,折扣不能大于100％,
Discount cannot be greater than 100%.,折扣不能超过 100%.,
Discount must be less than 100,折扣必須小於100,
Discount of {} applied as per Payment Term,根据付款条款应用{}折扣,
Discount on Other Item,其他物品的折扣,
Discount on Price List Rate (%),折扣價目表率（％）,
Discounted Amount,折后金额,
Discounted Invoice,特价发票,
Discounts,折扣,
"Discounts to be applied in sequential ranges like buy 1 get 1, buy 2 get 2, buy 3 get 3 and so on",按顺序范围应用折扣，如买1送1、买2送2等,
Discrepancy between General and Payment Ledger,总账与付款分类账差异,
Dislikes,不喜欢,
Dispatch,調度,
Dispatch Address,派送地址,
Dispatch Address Name,派送地址名称,
Dispatch Information,發貨信息,
Dispatch Notification,發貨通知,
Dispatch Notification Attachment,發貨通知附件,
Dispatch Notification Template,派遣通知模板,
Dispatch Settings,發貨設置,
Disposal Date,處置日期,
Distance,距離,
Distance UOM,距離UOM,
Distance from left edge,從左側邊緣的距離,
Distance from top edge,從頂邊的距離,
Distinct Item and Warehouse,唯一物料与仓库,
Distinct unit of an Item,一個項目的不同的單元,
Distribute Additional Costs Based On ,附加费用分摊依据,
Distribute Charges Based On,分銷費基於,
Distribute Manually,手动分配,
Distribution Name,分配名稱,
Distributor,經銷商,
Dividends Paid,股利支付,
Divorced,離婚,
Do Not Contact,不要聯絡,
Do Not Explode,不展开,
Do Not Update Serial / Batch on Creation of Auto Bundle,创建自动捆绑时不更新序列/批次,
Do Not Use Batch-wise Valuation,不启用分批次计价,
Do not show any symbol like $ etc next to currencies.,不要顯示如$等任何貨幣符號。,
Do not update variants on save,不要在保存時更新變體,
Do you really want to restore this scrapped asset?,難道你真的想恢復這個報廢的資產？,
Do you really want to scrap this asset?,難道你真的想放棄這項資產？,
Do you still want to enable immutable ledger?,确认要启用不可变分类账？,
Do you still want to enable negative inventory?,确认要启用负库存？,
Do you want to notify all the customers by email?,你想通過電子郵件通知所有的客戶？,
Do you want to submit the material request,您要提交材料申请吗？,
DocField,文档字段,
DocType,文档类型,
DocTypes should not be added manually to the 'Excluded DocTypes' table. You are only allowed to remove entries from it.,'排除文档类型'表不可手动添加条目，仅允许删除现有条目,
Docs Search,Google文檔搜索,
Doctype,文档类型,
Document Name,文档名称,
Document Type,文档类型,
Document Type ,文件类型,
Document Type already used as a dimension,文档类型已作为维度使用,
Documentation,文檔,
Documents,文档,
Documents Processed on each trigger. Queue Size should be between 5 and 100,每次触发处理的文档数。队列大小应为5至100,
Documents: {0} have deferred revenue/expense enabled for them. Cannot repost.,文档{0}启用了递延收入/费用，无法重过账,
Domain,域名,
Don't Enforce Free Item Qty,不强制赠品数量,
Don't Reserve Sales Order Qty on Sales Return,销售退货时不预留销售订单数量,
Don't Send Emails,不发送邮件,
Done,完成,
Dont Recompute tax,不重新计算税款,
Doors,門,
Double Declining Balance,雙倍餘額遞減,
Download,下载,
Download CSV Template,下载CSV模板,
Download PDF,下載PDF,
Download PDF for Supplier,为供应商下载PDF,
Download Required Materials,下载所需资料,
Download Template,下载模板,
Downtime,停機,
Downtime (In Hours),停机时间（小时）,
Downtime Analysis,停机时间分析,
Downtime Entry,停机时间输入,
Downtime Reason,停机原因,
Dr,博士,r
Draft,草稿,
Driver,司機,
Driver Address,司机地址,
Driver Email,司机电邮,
Driver Name,司機姓名,
Driver licence class,驾驶执照等级,
Driving License Categories,駕駛執照類別,
Driving License Category,駕駛執照類別,
Drop Ship,直接發運給客戶,
Due / Reference Date cannot be after {0},由於/參考日期不能後{0},
Due Date,到期日,
Due Date Based On,到期日基於,
Due Date cannot be before Posting / Supplier Invoice Date,截止日期不能在付帐前/供应商发票日期之前,
Due Date is mandatory,截止日期是強制性的,
Dunning,催款,
Dunning Amount,催款金额,
Dunning Amount (Company Currency),催款金额（公司货币）,
Dunning Fee,催款费,
Dunning Letter,催款信,
Dunning Letter Text,催款信文字,
Dunning Level,催款级别,
Dunning Type,催款类型,
Duplicate,重复项,
Duplicate Customer Group,重复客户组,
Duplicate Entry. Please check Authorization Rule {0},重複的條目。請檢查授權規則{0},
Duplicate Finance Book,重复财务账簿,
Duplicate Item Group,重复物料组,
Duplicate POS Invoices found,发现重复POS发票,
Duplicate Project with Tasks,带有任务的重复项目,
Duplicate customer group found in the cutomer group table,在CUTOMER組表中找到重複的客戶群,
Duplicate entry against the item code {0} and manufacturer {1},项目代码{0}和制造商{1}的重复输入,
Duplicate item group found in the item group table,在項目組表中找到重複的項目組,
Duplicate project has been created,复制项目已创建,
Duplicate row {0} with same {1},重複的行{0}同{1},
Duplicate {0} found in the table,表中找到重复的{0},
Duration,持續時間,
Duration (Days),持续时间（天）,
Duration in Days,持續時間天數,
Duties and Taxes,關稅和稅款,
Dynamic Condition,动态条件,
E-Invoicing Information Missing,电子发票信息丢失,
EAN,EAN,
ERPNext Integrations,ERPNext集成,
ERPNext User ID,ERPNext用户ID,
Each Transaction,每筆交易,
Earliest,最早,
Earliest Age,最早年龄,
Earnest Money,保證金,
Edit,编辑,
Edit Capacity,编辑产能,
Edit Cart,编辑购物车,
Edit Full Form,编辑全称,
Edit Not Allowed,不允许编辑,
Edit Note,编辑备注,
Edit Posting Date and Time,編輯投稿時間,
Edit Receipt,编辑收据,
Editing {0} is not allowed as per POS Profile settings,根据POS配置设置，不允许编辑{0},
Education,教育,
Educational Qualification,學歷,
Either 'Selling' or 'Buying' must be selected,必须选择'销售'或'采购',
Either target qty or target amount is mandatory,無論是數量目標或目標量是必需的,
Either target qty or target amount is mandatory.,無論是數量目標或目標量是強制性的。,
Electric,電動,
Electrical,電子的,
Electricity Cost,電力成本,
Electricity down,断电,
Electronic Equipments,電子設備,
Electronic Invoice Register,电子发票登记,
Email,电子邮件,
Email Account,邮件账户,
Email Address,电子邮件地址,
Email Address (required),电子邮件地址（必填）,
"Email Address must be unique, it is already used in {0}",电子邮件地址必须唯一，已在{0}中使用,
Email Campaign,电邮广告系列,
Email Campaign For ,电子邮件活动,
Email Details,电子邮件详细资料,
Email Digest,電子郵件摘要,
Email Digest Recipient,邮件摘要接收人,
Email Digest Settings,電子郵件摘要設定,
Email Digest: {0},邮件摘要：{0},
Email Group,邮件组,
Email Id,邮箱ID,
Email Receipt,邮件回执,
Email Sent,邮件已发送,
Email Sent to Supplier {0},通过电子邮件发送给供应商{0},
Email Settings,邮件设置,
Email Template,邮件模板,
Email not sent to {0} (unsubscribed / disabled),未向{0}发送邮件（已退订/禁用）,
Email or Phone/Mobile of the Contact are mandatory to continue.,必须填写联系人的邮箱或电话/手机才能继续,
Email sent successfully.,电子邮件发送成功。,
Email sent to,电子邮件发送给,
Email sent to {0},電子郵件發送到{0},
Email verification failed.,邮件验证失败,
Emails Queued,电子邮件已排队,
Emergency Contact,緊急聯絡人,
Emergency Contact Name,紧急联络名字,
Emergency Phone,緊急電話,
Employee,僱員,
Employee ,员工,
Employee Advance,員工晉升,
Employee Advances,員工發展,
Employee Billing Summary,员工账单摘要,
Employee Detail,員工詳細信息,
Employee Education,員工教育,
Employee External Work History,員工對外工作歷史,
Employee Group,员工组,
Employee Group Table,员工组表,
Employee ID,员工ID,
Employee Internal Work History,員工內部工作經歷,
Employee Name,員工姓名,
Employee Number,員工人數,
Employee User Id,员工用户ID,
Employee cannot report to himself.,員工不能報告自己。,
Employee is required while issuing Asset {0},发放资产{0}时要求员工,
Employee {0} is currently working on another workstation. Please assign another employee.,员工{0}正在其他工作中心工作，请指派其他员工,
Empty,空的,
Enable Allow Partial Reservation in the Stock Settings to reserve partial stock.,在库存设置中启用允许部分预留以保留部分库存,
Enable Appointment Scheduling,启用约会计划,
Enable Auto Email,启用自动电子邮件,
Enable Auto Re-Order,启用自动重新排序,
Enable Automatic Party Matching,启用自动交易方匹配,
Enable Capital Work in Progress Accounting,启用资本在建会计,
Enable Common Party Accounting,启用共同交易方核算,
Enable Deferred Expense,啟用延期費用,
Enable Deferred Revenue,啟用延期收入,
Enable Discount Accounting for Selling,启用销售折扣核算,
Enable European Access,启用欧洲访问,
Enable Fuzzy Matching,启用模糊匹配,
Enable Health Monitor,启用健康监控,
Enable Immutable Ledger,启用不可变分类账,
Enable Perpetual Inventory,啟用永久庫存,
Enable Provisional Accounting For Non Stock Items,对非库存物料启用暂记核算,
Enable Stock Reservation,启用库存预留,
Enable YouTube Tracking,启用YouTube跟踪,
Enable it if users want to consider rejected materials to dispatch.,若需考虑拒收物料进行派送，请启用此选项,
Enable this checkbox even if you want to set the zero priority,即使设置零优先级也需勾选此复选框,
"Enable this option to calculate daily depreciation by considering the total number of days in the entire depreciation period, (including leap years) while using daily pro-rata based depreciation",启用此选项将通过考虑整个折旧期间总天数（含闰年）来计算每日折旧，基于按日比例折旧法,
Enable to apply SLA on every {0},启用后将在每个{0}应用SLA,
Enabled,已启用,
Enabling this ensures each Purchase Invoice has a unique value in Supplier Invoice No. field within a particular fiscal year,启用此选项确保每个会计年度内供应商发票号的唯一性,
Enabling this option will allow you to record - <br><br> 1. Advances Received in a <b>Liability Account</b> instead of the <b>Asset Account</b><br><br>2. Advances Paid in an <b>Asset Account</b> instead of the <b> Liability Account</b>,启用此选项将允许：<br><br>1. 将预收款记入<b>负债账户</b>而非资产账户<br><br>2. 将预付款记入<b>资产账户</b>而非负债账户,
Enabling this will allow creation of multi-currency invoices against single party account in company currency,启用后允许以公司货币为单一交易方创建多币种发票,
Enabling this will change the way how cancelled transactions are handled.,启用后将改变已取消交易的处理方式,
Encashment Date,兌現日期,
End Date,结束日期,
End Date cannot be before Start Date.,結束日期不能在開始日期之前。,
End Time,結束時間,
End Transit,结束运输,
End Year,結束年份,
End Year cannot be before Start Year,結束年份不能啟動年前,
End date cannot be before start date,结束日期不能早于开始日期,
End date of current invoice's period,當前發票的期限的最後一天,
End of Life,壽命結束,
End of the current subscription period,当前订阅周期结束,
Enough Parts to Build,足夠的配件組裝,
Ensure Delivery Based on Produced Serial No,確保基於生產的序列號的交貨,
Enter API key in Google Settings.,在Google设置中输入API密钥。,
"Enter First and Last name of Employee, based on Which Full Name will be updated. IN transactions, it will be Full Name which will be fetched.",输入员工姓和名，全称将自动更新。交易中将使用全称,
Enter Manually,手动输入,
Enter Serial Nos,输入序列号,
Enter Supplier,输入供应商,
Enter Value,輸入值,
Enter Visit Details,输入访问明细,
Enter a name for Routing.,输入工艺路线名称,
"Enter a name for the Operation, for example, Cutting.",输入工序名称，如切割,
Enter a name for this Holiday List.,输入节假日列表名称,
Enter amount to be redeemed.,输入要兑换的金额。,
"Enter an Item Code, the name will be auto-filled the same as Item Code on clicking inside the Item Name field.",输入物料代码，点击物料名称字段将自动填充相同名称,
Enter customer's email,输入客户的电子邮件,
Enter customer's phone number,输入客户的电话号码,
Enter depreciation details,輸入折舊明細,
Enter discount percentage.,输入折扣百分比。,
Enter each serial no in a new line,每行输入一个序列号,
Enter name of campaign if source of enquiry is campaign,輸入活動的名稱，如果查詢來源是運動,
Enter the Bank Guarantee Number before submittting.,在提交之前輸入銀行保證號碼。,
"Enter the Operation, the table will fetch the Operation details like Hourly Rate, Workstation automatically.

 After that, set the Operation Time in minutes and the table will calculate the Operation Costs based on the Hourly Rate and Operation Time.","输入操作后，表格将自动获取操作详细信息，如小时费率、工作站。

 之后，以分钟为单位设置操作时间，表格将根据小时费率和操作时间计算操作成本。",
Enter the name of the Beneficiary before submittting.,在提交之前輸入受益人的姓名。,
Enter the name of the bank or lending institution before submittting.,在提交之前輸入銀行或貸款機構的名稱。,
Enter the opening stock units.,输入期初库存数量,
Enter the quantity of the Item that will be manufactured from this Bill of Materials.,输入基于此物料清单生产的物料数量,
Enter the quantity to manufacture. Raw material Items will be fetched only when this is set.,输入生产数量。仅当设置此值时才会获取原材料,
Enter {0} amount.,输入{0}金额。,
Entertainment Expenses,娛樂費用,
Entity,实体,
Entity Type,实体类型,
Entry Type,條目類型,
Equity,公平,
Equity/Liability Account,庫存/負債科目,
Error,错误,
Error Description,錯誤說明,
Error Log,错误日志,
Error Message,错误消息,
Error Occured,发生了错误,
Error during caller information update,更新来电信息时出错,
Error evaluating the criteria formula,評估標準公式時出錯,
Error in party matching for Bank Transaction {0},银行交易{0}交易方匹配错误,
Error while posting depreciation entries,过账折旧分录时出错,
Error while processing deferred accounting for {0},处理{0}递延会计时出错,
Error while reposting item valuation,重过账物料计价时出错,
Error: Not a valid id?,錯誤：沒有有效的身份證？,
"Error: This asset already has {0} depreciation periods booked.
				The `depreciation start` date must be at least {1} periods after the `available for use` date.
				Please correct the dates accordingly.","错误：此资产已登记 {0} 个折旧期。
				`折旧开始`日期必须至少在 `可供使用`日期之后 {1} 个期。
				请相应地更正日期。",
Error: {0} is mandatory field,错误：{0}是必填字段, 
Errors Notification,错误通知,
Estimated Arrival,預計抵達時間,
Estimated Cost,估計成本,
Estimated Time and Cost,估計時間和成本,
Evaluation Period,評估期,
"Even if there are multiple Pricing Rules with highest priority, then following internal priorities are applied:",即使有更高優先級的多個定價規則，然後按照內部優先級應用：,
Event,事件,
Example URL,示例URL,
Example of a linked document: {0},关联文档示例：{0},
"Example: ABCD.#####
If series is set and Serial No is not mentioned in transactions, then automatic serial number will be created based on this series. If you always want to explicitly mention Serial Nos for this item. leave this blank.","例如：ABCD ##### 
如果串聯設定並且序列號沒有在交易中提到，然後自動序列號將在此基礎上創建的系列。如果你總是想明確提到序號為這個項目。留空。",
"Example: ABCD.#####. If series is set and Batch No is not mentioned in transactions, then automatic batch number will be created based on this series. If you always want to explicitly mention Batch No for this item, leave this blank. Note: this setting will take priority over the Naming Series Prefix in Stock Settings.",例如：ABCD。#####。如果系列已設置且交易中未提及批號，則將根據此系列創建自動批號。如果您始終想要明確提及此料品的批號，請將此留為空白。注意：此設置將優先於庫存設置中的命名系列前綴。,
Example: Serial No {0} reserved in {1}.,示例：序列号{0}在{1}中预留,
Exception Budget Approver Role,例外預算審批人角色,
Excess Materials Consumed,超量消耗物料,
Excess Transfer,超额调拨,
Excessive machine set up time,机器设置时间过多,
Exchange Gain / Loss,汇兑损益,
Exchange Gain / Loss Account,匯兌損益科目,
Exchange Gain Or Loss,汇兑损益,
Exchange Gain/Loss,兌換收益/損失,
Exchange Gain/Loss amount has been booked through {0},已通过{0}登记汇兑损益金额,
Exchange Rate,匯率,
Exchange Rate Revaluation,匯率重估,
Exchange Rate Revaluation Account,匯率重估科目,
Exchange Rate Revaluation Settings,汇率重估设置,
Exchange Rate must be same as {0} {1} ({2}),匯率必須一致{0} {1}（{2}）,
Excise Entry,海關入境,
Excise Invoice,消費稅發票,
Excise Page Number,消費頁碼,
Excluded DocTypes,排除文档类型,
Execution,執行,
Exempt Supplies,免税供应,
Existing Company,現有的公司,
Existing Company ,现有的公司,
Exit Full Screen,退出全屏,
Exit Interview Held On,退出面试举行,
Expand All,全部展开,
Expected,预期,
Expected Amount,預期金額,
Expected Arrival Date,预计到达日期,
Expected Balance Qty,预期结余数量,
Expected Closing Date,预计截止日期,
Expected Delivery Date,預計交貨日期,
Expected Delivery Date should be after Sales Order Date,預計交貨日期應在銷售訂單日期之後,
Expected End Date,預計結束日期,
Expected End Date should be less than or equal to parent task's Expected End Date {0}.,预计结束日期应小于或等于父任务预计结束日期{0},
Expected Hrs,預計的小時數,
Expected Start Date,預計開始日期,
Expected Stock Value,预期库存价值,
Expected Time (in hours),預期時間（以小時計）,
Expected Time Required (In Mins),所需预计时间（分钟）,
Expected Value After Useful Life,期望值使用壽命結束後,
Expense,費用,
Expense / Difference account ({0}) must be a 'Profit or Loss' account,費用/差異科目（{0}）必須是一個'收益或損失'的科目,
Expense Account,費用科目,
Expense Account Missing,费用帐户丢失,
Expense Claim,報銷,
Expense Head,總支出,
Expense Head Changed,费用总目已更改,
Expense account is mandatory for item {0},交際費是強制性的項目{0},
Expenses,開支,
Expenses Included In Asset Valuation,資產評估中包含的費用,
Expenses Included In Valuation,支出計入估值,
Expired,已过期,
Expired Batches,過期批次,
Expires On,过期日,
Expiry,有效期,
Expiry (In Days),到期（天數）,
Expiry Date,到期時間,
Expiry Date Mandatory,有效期至,
Expiry Duration (in days),到期時間（天）,
Exploded Items,爆炸物品,
Exponential Smoothing Forecasting,指数平滑预测,
Export E-Invoices,出口电子发票,
Export Errored Rows,导出错误行,
Export Import Log,导出导入日志,
External Work History,外部工作經歷,
Extra Consumed Qty,额外消耗数量,
Extra Job Card Quantity,额外作业卡数量,
Extra Large,特大號,
Extra Small,超小,
FIFO,FIFO,
FIFO Queue vs Qty After Transaction Comparison,先进先出队列与交易后数量对比,
"FIFO Stock Queue (qty, rate)",先进先出库存队列（数量，单价）,
FIFO/LIFO Queue,先进先出/后进先出队列,
Failed,失败,
Failed Entries,失败条目,
Failed to Authenticate the API key.,无法验证API密钥。,
"Failed to erase demo data, please delete the demo company manually.",清除演示数据失败，请手动删除演示公司,
Failed to install presets,無法安裝預設,
Failed to login,登錄失敗,
Failed to post depreciation entries,折旧分录过账失败,
Failed to setup company,未能成立公司,
Failed to setup defaults,无法设置默认值,
Failed to setup defaults for country {0}. Please contact support.,国家{0}默认设置失败，请联系支持,
Failure,失败,
Failure Date,失敗日期,
Failure Description,故障描述,
Family Background,家庭背景,
Fax,传真,
Feedback,反馈,
Feedback By,反馈者,
Fees,費用,
Fetch Based On,获取依据,
Fetch Customers,获取客户,
Fetch Items from Warehouse,从仓库中获取物品,
Fetch Overdue Payments,获取逾期付款,
Fetch Subscription Updates,獲取訂閱更新,
Fetch Timesheet,获取工时表,
Fetch Timesheet in Sales Invoice,在销售发票中获取工时表,
Fetch Value From,取值来源,
Fetch exploded BOM (including sub-assemblies),取得爆炸BOM（包括子組件）,
Fetch items based on Default Supplier.,根据默认供应商获取项目。,
Fetched only {0} available serial numbers.,仅获取了{0}个可用序列号。,
Fetching Error,获取错误,
Fetching exchange rates ...,正在获取汇率...,
Fetching...,正在获取...,
Field,字段,
Field Mapping,场图,
Field Name,字段名称,
Field in Bank Transaction,银行交易中的字段,
Fieldname,字段名,
Fields,字段,
Fields will be copied over only at time of creation.,字段將僅在創建時復制。,
Fieldtype,字段类型,
File to Rename,文件重命名,
Filter,过滤器,
Filter Based On,过滤依据,
Filter Duration (Months),筛选时间（月）,
Filter Total Zero Qty,過濾器總計零數量,
Filter by Reference Date,按参考日期筛选,
Filter by invoice status,按发票状态过滤,
Filter on Invoice,按发票筛选,
Filter on Payment,按付款筛选,
Filters,过滤器,
Filters missing,缺少筛选条件,
Final Product,最终产品,
Finance Book,金融書,
Finance Book Detail,財務帳簿細節,
Finance Book Id,金融書籍ID,
Finance Books,財務書籍,
Financial Ratios,财务比率,
Financial Statements,財務報表,
Financial Year Begins On,财年开始日期,
Financial reports will be generated using GL Entry doctypes (should be enabled if Period Closing Voucher is not posted for all years sequentially or missing) ,财务报表将使用总账分录生成（若未按顺序过账所有年度的期间结算凭证，需启用）,
Finish,完,
Finished,已完成,
Finished Good,成品,
Finished Good BOM,产成品物料清单,
Finished Good Item,产成品物料,
Finished Good Item Code,成品商品代码,
Finished Good Item Qty,产成品物料数量,
Finished Good Item Quantity,产成品物料数量,
Finished Good Item is not specified for service item {0},服务物料{0}未指定产成品物料,
Finished Good Item {0} Qty can not be zero,产成品物料{0}数量不可为零,
Finished Good Item {0} must be a sub-contracted item,产成品物料{0}必须为外协物料,
Finished Good Qty,产成品数量,
Finished Good Quantity ,产成品数量,
Finished Good UOM,产成品计量单位,
Finished Good {0} does not have a default BOM.,产成品{0}无默认物料清单,
Finished Good {0} is disabled.,产成品{0}已停用,
Finished Good {0} must be a stock item.,产成品{0}必须为库存物料,
Finished Good {0} must be a sub-contracted item.,产成品{0}必须为外协物料,
Finished Goods,成品,
Finished Goods Based Operating Cost,基于产成品的运营成本,
Finished Goods Item,产成品物料,
Finished Goods Reference,产成品参考,
Finished Goods Value,产成品价值,
Finished Goods Warehouse,成品仓库,
Finished Goods based Operating Cost,基于产成品的运营成本,
Finished Item {0} does not match with Work Order {1},产成品{0}与工单{1}不匹配,
First Email,第一郵件,
First Name,名字,
First Responded On,首先作出回應,
First Response Due,首次响应截止,
First Response SLA Failed by {},首次响应SLA未达标 {},
First Response Time,第一次响应时间,
First Response Time for Issues,问题的第一响应时间,
First Response Time for Opportunity,机会的第一响应时间,
"Fiscal Regime is mandatory, kindly set the fiscal regime in the company {0}",财政制度是强制性的，请在公司{0}设定财政制度,
Fiscal Year,財政年度,
Fiscal Year Company,會計年度公司,
Fiscal Year End Date should be one year after Fiscal Year Start Date,会计年度结束日期应为会计年度开始日期后一年,
Fiscal Year Start Date and Fiscal Year End Date are already set in Fiscal Year {0},會計年度開始日期和財政年度結束日期已經在財政年度設置{0},
Fiscal Year {0} Does Not Exist,会计年度{0}不存在,
Fiscal Year {0} does not exist,會計年度{0}不存在,
Fiscal Year {0} is required,會計年度{0}是必需的,
Fixed,固定,
Fixed Asset,固定資產,
Fixed Asset Account,固定資產科目,
Fixed Asset Defaults,固定资产默认值,
Fixed Asset Item must be a non-stock item.,固定資產項目必須是一個非庫存項目。,
Fixed Asset Register,固定资产登记册,
Fixed Assets,固定資產,
Fixed Deposit Number,定期存款編號,
Fixed Rate,固定利率,
Fixed Time,固定时间,
Fleet Manager,車隊經理,
Floor,楼层,
Floor Name,楼层名称,
Focus on Item Group filter,专注于项目组过滤器,
Focus on search input,专注于搜索输入,
Folio no.,Folio no。,
Follow Calendar Months,跟随日历月,
Following Material Requests have been raised automatically based on Item's re-order level,下列資料的要求已自動根據項目的重新排序水平的提高,
Following fields are mandatory to create address:,必须填写以下字段才能创建地址：,
Following item {0} is not marked as {1} item. You can enable them as {1} item from its Item master,項目{0}之後未標記為{1}項目。您可以從項目主文件中將它們作為{1}項啟用,
Following items {0} are not marked as {1} item. You can enable them as {1} item from its Item master,以下項{0}未標記為{1}項。您可以從項目主文件中將它們作為{1}項啟用,
For,對於,
"For 'Product Bundle' items, Warehouse, Serial No and Batch No will be considered from the 'Packing List' table. If Warehouse and Batch No are same for all packing items for any 'Product Bundle' item, those values can be entered in the main Item table, values will be copied to 'Packing List' table.",對於“產品包”的物品，倉庫，序列號和批號將被從“裝箱單”表考慮。如果倉庫和批次號是相同的任何“產品包”項目的所有包裝物品，這些值可以在主項表中輸入，值將被複製到“裝箱單”表。,
For Buying,為了購買,
For Company,對於公司,
For Default Supplier (Optional),对于默认供应商（可选）,
For Item,物料,
For Item {0} cannot be received more than {1} qty against the {2} {3},物料{0}针对{2}{3}的收货数量不得超过{1},
For Job Card,對於工作卡,
For Operation,工序,
For Price List,對於價格表,
For Production,對於生產,
For Quantity (Manufactured Qty) is mandatory,對於數量（製造數量）是強制性的,
"For Return Invoices with Stock effect, '0' qty Items are not allowed. Following rows are affected: {0}",库存影响的退货发票中不允许零数量物料，受影响行：{0},
For Selling,出售,
For Supplier,對供應商,
For Warehouse,對於倉庫,
For Warehouse is required before Submit,對於倉庫之前，需要提交,
For Work Order,工单,
"For an item {0}, quantity must be negative number",對於商品{0}，數量必須是負數,
"For an item {0}, quantity must be positive number",對於商品{0}，數量必須是正數,
For dunning fee and interest,催收费及利息,
"For e.g. 2012, 2012-13",對於例如2012、2012-13,
For how much spent = 1 Loyalty Point,花費多少= 1忠誠點,
For individual supplier,對於個別供應商,
"For item {0}, rate must be a positive number. To Allow negative rates, enable {1} in {2}",物料{0}的税率必须为正数。允许负数需在{2}启用{1},
"For job card {0}, you can only make the 'Material Transfer for Manufacture' type stock entry",对于作业卡{0}，您只能进行“制造材料转移”类型库存条目,
For operation {0}: Quantity ({1}) can not be greter than pending quantity({2}),对于操作{0}：数量（{1}）不能大于挂起的数量（{2}）,
For quantity {0} should not be greater than allowed quantity {1},数量{0}不得超过允许数量{1},
For reference,供參考,
"For row {0} in {1}. To include {2} in Item rate, rows {3} must also be included",對於行{0} {1}。以包括{2}中的檔案速率，行{3}也必須包括,
For row {0}: Enter Planned Qty,对于行{0}：输入计划的数量,
For the 'Apply Rule On Other' condition the field {0} is mandatory,对于“其他应用规则”条件，字段{0}是必填字段,
"For the convenience of customers, these codes can be used in print formats like Invoices and Delivery Notes",為方便客戶，這些代碼可以在列印格式，如發票和送貨單使用,
"For the item {0}, the quantity should be {1} according to the BOM {2}.",物料{0}的数量根据BOM{2}应为{1},
"For the {0}, no stock is available for the return in the warehouse {1}.",{0}在仓库{1}中无可用退货库存,
"For the {0}, the quantity is required to make the return entry",{0}需要数量才能创建退货分录,
Force-Fetch Subscription Updates,强制获取订阅更新,
Forecast,预测,
Foreign Trade Details,外貿詳細,
Formula Based Criteria,公式条件,
Forum Activity,論壇活動,
Forum Posts,論壇帖子,
Forum URL,論壇URL,
Frappe Support,Frappe支持,
Free Item,免费物品,
Free Item Rate,赠品单价,
Free item code is not selected,未选择免费商品代码,
Free item not set in the pricing rule {0},未在定价规则{0}中设置免费项目,
Freeze Stocks Older Than (Days),冻结大于（天）的库存,
Freight and Forwarding Charges,貨運代理費,
Frequency,频率,
Frequency To Collect Progress,頻率收集進展,
Frequency of Depreciation (Months),折舊率（月）,
Frequently Read Articles,经常阅读的文章,
Friday,星期五,
From,从,
From BOM,從BOM,
From Company,從公司,
From Corrective Job Card,来自纠正作业卡,
From Currency,從貨幣,
From Currency and To Currency cannot be same,原始貨幣和目標貨幣不能相同,
From Customer,從客戶,
From Date,起始日期,
From Date and To Date are Mandatory,从日期到日期是强制性的,
From Date and To Date are mandatory,起始和截止日期必填,
From Date and To Date lie in different Fiscal Year,從日期和到期日位於不同的財政年度,
From Date can not be greater than To Date,起始日期不能大于截止日期,
From Date cannot be greater than To Date,起始日期不能大於結束日期,
From Date is mandatory,起始日期必填,
From Date must be before To Date,起始日期必須早於終點日期,
From Date should be within the Fiscal Year. Assuming From Date = {0},從日期應該是在財政年度內。假設起始日期＝{0},
From Date: {0} cannot be greater than To date: {1},起始日期：{0}不能晚于截止日期：{1},
From Datetime,從日期時間,
From Delivery Date,发货日期起,
From Delivery Note,從送貨單,
From Doctype,来源单据类型,
From Due Date,到期日起,
From Employee,從員工,
From Fiscal Year,從財政年度開始,
From Folio No,來自Folio No,
From Invoice Date,從發票日期,
From Lead,從鉛,
From No,來自No,
From Opportunity,来自商机,
From Package No.,從包裹編號,
From Payment Date,付款日期起,
From Posting Date,从发布日期开始,
From Prospect,来自潜在客户,
From Range,從範圍,
From Range has to be less than To Range,從範圍必須小於要範圍,
From Reference Date,参考日期起,
From Shareholder,來自股東,
From Template,来自模板,
From Time,從時間,
From Time ,起始时间,
From Time Should Be Less Than To Time,從時間應該少於時間,
From Value,從價值,
From Voucher Detail No,起始凭证明细编号,
From Voucher No,起始凭证编号,
From Voucher Type,起始凭证类型,
From Warehouse,從倉庫,
From and To Dates are required.,必须提供“自”和“至”日期,
From and To dates are required,必须填写起始和截止日期,
From date cannot be greater than To date,从日期不能大于到日期,
From value must be less than to value in row {0},來源值必須小於列{0}的值,
Frozen,凍結的,
Fuel Type,燃料類型,
Fuel UOM,燃油計量單位,
Fulfilled,達到,
Fulfillment,履行,
Fulfillment User,履行用戶,
Fulfilment Deadline,履行截止日期,
Fulfilment Details,履行細節,
Fulfilment Status,履行狀態,
Fulfilment Terms,履行條款,
Fulfilment Terms and Conditions,履行條款和條件,
Full Name,全名,
Full Screen,全屏,
Full and Final Statement,全款结清声明,
Fully Billed,完全開票,
Fully Completed,全面完成,
Fully Delivered,完全交付,
Fully Depreciated,已提足折舊,
Furnitures and Fixtures,家具及固定裝置,
"Further accounts can be made under Groups, but entries can be made against non-Groups",進一步帳戶可以根據組進行，但條目可針對非組進行,
Further cost centers can be made under Groups but entries can be made against non-Groups,進一步的成本中心可以根據組進行，但項可以對非組進行,
Further nodes can be only created under 'Group' type nodes,仅可在“组”类型节点下创建子节点,
Future Payment Amount,未来付款金额,
Future Payment Ref,未来付款参考,
Future Payments,未来付款,
GL Balance,总账余额,
GL Entry,GL報名,
GL Entry Processing Status,总账分录处理状态,
GL reposting index,总账重过账索引,
GS1,GS1标准,
GTIN,全球贸易项目代码,
Gain/Loss,收益/損失,
Gain/Loss Account on Asset Disposal,在資產處置收益/損失科目,
Gain/Loss accumulated in foreign currency account. Accounts with '0' balance in either Base or Account currency,外币账户累计损益。本币或外币余额为零的账户,
Gain/Loss already booked,损益已登记,
Gain/Loss from Revaluation,重估损益,
Gain/Loss on Asset Disposal,在資產處置收益/損失,
Gantt Chart,甘特圖,
Gantt chart of all tasks.,所有任務的甘特圖。,
Gender,性别,
General,一般,
General Ledger,總帳,
General Settings,一般設定,
General and Payment Ledger Comparison,总账与付款账对比,
General and Payment Ledger mismatch,总账与付款账不一致,
Generate Demo Data for Exploration,生成演示数据用于探索,
Generate E-Invoice,生成电子发票,
Generate Invoice At,生成发票时间,
Generate New Invoices Past Due Date,生成过期的新发票,
Generate Schedule,生成時間表,
"Generate packing slips for packages to be delivered. Used to notify package number, package contents and its weight.",產生交貨的包裝單。用於通知箱號，內容及重量。,
Generated,已生成,
Generating Preview,生成预览,
Get Advances Paid,獲取有償進展,
Get Advances Received,取得預先付款,
Get Allocations,获取分配,
Get Current Stock,取得當前庫存資料,
Get Customer Group Details,获取客户组详情,
Get Entries,獲取條目,
Get Finished Goods for Manufacture,获取待生产产成品,
Get Invocies,获取Invocies,
Get Invoices,获取发票,
Get Invoices based on Filters,根据过滤器获取发票,
Get Item Locations,获取物品位置,
Get Items,获取项目,
Get Items From,从...获取物料,
Get Items From Purchase Receipts,從採購入庫單取得項目,
Get Items from BOM,從物料清單取得項目,
Get Items from Material Requests against this Supplier,从针对此供应商的物料请求中获取物料,
Get Items from Open Material Requests,從開放狀態的物料需求取得項目,
Get Items from Product Bundle,從產品包取得項目,
Get Latest Query,獲取最新查詢,
Get Material Request,獲取材質要求,
Get Outstanding Invoices,獲取未付發票,
Get Outstanding Orders,获取未清订单,
Get Payment Entries,獲取付款項,
Get Payments from,从中获取付款,
Get Raw Materials Cost from Consumption Entry,从消耗分录获取原材料成本,
Get Raw Materials for Purchase,获取待采购原材料,
Get Raw Materials for Transfer,获取待调拨原材料,
Get Sales Orders,獲取銷售訂單,
Get Scrap Items,获取废品物料,
Get Started Sections,入門部分,
Get Stock,获取库存,
Get Sub Assembly Items,获取子装配件,
Get Supplier Group Details,获取供应商组详情,
Get Suppliers,獲取供應商,
Get Suppliers By,獲得供應商,
Get Timesheets,获取工时表,
Get Unreconciled Entries,獲取未調節項,
Get Updates,獲取更新,
Get stops from,获取站点来源,
Getting Scrap Items,获取废品物料,
Gift Card,礼物卡,
Give free item for every N quantity,每满N数量赠送赠品,
Global Defaults,全域預設值,
Go back,返回,
Go to {0} List,前往{0}列表,
Goal,目标,
Goods,货物,
Goods In Transit,货物正在运送中,
Goods Transferred,货物转移,
Goods are already received against the outward entry {0},已收到针对外向条目{0}的货物,
Government,政府,
Grace Period,寬限期,
Graduate,畢業生,
Grand Total,累計,
Grand Total (Company Currency),總計（公司貨幣）,
Grant Commission,授予佣金,
Greater Than Amount,大于金额,
Green,绿色,
Greeting Message,问候语,
Greeting Subtitle,问候字幕,
Greeting Title,问候标题,
Greetings Section,问候部分,
Gross Margin,毛利,
Gross Margin %,毛利率％,
Gross Profit,毛利,
Gross Profit / Loss,總利潤/虧損,
Gross Profit Percent,毛利率,
Gross Purchase Amount,總購買金額,
Gross Purchase Amount Too Low: {0} cannot be depreciated over {1} cycles with a frequency of {2} depreciations.,购置总金额过低：{0}无法在{1}个周期内按{2}次折旧频率进行折旧,
Gross Purchase Amount is mandatory,總消費金額是強制性,
Gross Purchase Amount should be <b>equal</b> to purchase amount of one single Asset.,购置总金额应<b>等于</b>单个资产的购置金额,
Gross Weight,毛重,
Gross Weight UOM,毛重計量單位,
Gross and Net Profit Report,毛利润和净利润报告,
Group,组,
Group By,集團通過,
Group By Customer,按客户分组,
Group By Supplier,按供应商分组,
Group Node,组节点,
Group Same Items,合并相同物料,
Group Warehouses cannot be used in transactions. Please change the value of {0},不能在事务中使用组仓库。请更改值{0},
Group by,分组基于,
Group by Material Request,按材料要求分组,
Group by Party,按照往来单位分组,
Group by Purchase Order,按采购订单分组,
Group by Sales Order,按销售订单分组,
Group by Voucher,集團透過券,
Group node warehouse is not allowed to select for transactions,組節點倉庫不允許選擇用於交易,
Group same items,組相同的項目,
Groups,組,
Growth View,增长视图,
HR Manager,人力資源經理,
HR User,HR用戶,
HR-DRI-.YYYY.-,HR-DRI-.YYYY.-,
HR-EMP-,HR-EMP-,
Half Yearly,半年度,
Half-Yearly,半年一次,
Half-yearly,半年度,
Handle Employee Advances,处理员工预支款,
Hardware,硬件,
Has Alternative Item,存在替代物料,
Has Batch No,有批號,
Has Certificate ,有证书,
Has Corrective Cost,存在纠正成本,
Has Expiry Date,有過期日期,
Has Item Scanned,已扫描物料,
Has Print Format,擁有打印格式,
Has Priority,存在优先级,
Has Serial No,有序列號,
Has Variants,有變種,
Have Default Naming Series for Batch ID?,是否设置批次ID默认命名序列？,
Heads (or groups) against which Accounting Entries are made and balances are maintained.,頭（或組）針對其會計分錄是由和平衡得以維持。,
Health Details,健康細節,
Heatmap,热力图,
Height (cm),身高（厘米）,
"Hello,",您好：,
Help,帮助,
Help Article,帮助文章,
Help Articles,帮助文章,
Help Results for,幫助結果,
Help Section,幫助科,
Help Text,帮助文字,
Helps you distribute the Budget/Target across months if you have seasonality in your business.,若业务存在季节性波动，可帮助您将预算/目标分摊至各月,
Here are the error logs for the aforementioned failed depreciation entries: {0},上述失败折旧分录的错误日志如下：{0},
Here are the options to proceed:,以下是可执行的操作选项：,
"Here you can maintain family details like name and occupation of parent, spouse and children",在這裡，您可以維護家庭的詳細訊息，如父母，配偶和子女的姓名及職業,
"Here you can maintain height, weight, allergies, medical concerns etc",在這裡，你可以保持身高，體重，過敏，醫療問題等,
"Here, you can select a senior of this Employee. Based on this, Organization Chart will be populated.",此处可选择该员工的上级，组织架构图将基于此生成,
"Here, your weekly offs are pre-populated based on the previous selections. You can add more rows to also add public and national holidays individually.",此处每周休息日已根据先前选择预填充，您可新增行单独添加公共及国家节假日,
Hero Image,英雄形象,
Hero Section,英雄科,
Hero Section Based On,基于英雄的英雄部分,
"Hi,",您好：,
Hidden list maintaining the list of contacts linked to Shareholder,隱藏列表維護鏈接到股東的聯繫人列表,
Hide Currency Symbol,隱藏貨幣符號,
Hide Customer's Tax ID from Sales Transactions,从销售交易中隐藏客户的税号,
Hide Images,隐藏图片,
Hide Unavailable Items,隐藏不可用的物品,
Hide timesheets,隐藏工时表,
High,高,
"Higher the number, higher the priority",數字越大，優先級越高,
History In Company,公司歷史,
Hold,持有,
Hold Invoice,保留發票,
Hold Type,保持類型,
Holiday,節日,
Holiday Date {0} added multiple times,节假日日期{0}被重复添加,
Holiday List,假日列表,
Holiday List Name,假日列表名稱,
Holidays,假期,
Homepage,主頁,
Homepage Section,主页部分,
Homepage Section Card,主页卡片,
Homepage Slideshow,主页幻灯片,
Hour Rate,小時率,
Hourly,每小時,
Hours,小時,
Hours Spent,耗时,
How Pricing Rule is applied?,定價規則被如何應用？,
How frequently?,多久？,
How often should Project and Company be updated based on Sales Transactions?,应根据销售交易更新项目和公司的频率？,
How often should Project be updated of Total Purchase Cost ?,应以何频率更新项目的总采购成本？,
Hrs,小時,
Human Resources,人力資源,
IBAN,IBAN,
IBAN is not valid,IBAN无效,
ID,ID,
IP Address,IP地址,
IRS 1099,IRS 1099,
ISBN,国际标准书号,
ISS-.YYYY.-,ISS-.YYYY.-,
ISSN,国际标准刊号,
Id,ID,d
Identification of the package for the delivery (for print),寄送包裹的識別碼（用於列印）,
Identifying Decision Makers,確定決策者,
Idle,闲置,
"If ""Months"" is selected, a fixed amount will be booked as deferred revenue or expense for each month irrespective of the number of days in a month. It will be prorated if deferred revenue or expense is not booked for an entire month",如果选择“月”，则固定金额将记为每月的递延收入或费用，而与一个月中的天数无关。如果递延的收入或费用没有整月预定，则将按比例分配,
"If <b>Enabled</b> - Reconciliation happens on the <b>Advance Payment posting date</b><br>
If <b>Disabled</b> - Reconciliation happens on oldest of 2 Dates: <b>Invoice Date</b> or the <b>Advance Payment posting date</b><br>
","如果 <b>启用</b> - 对账发生在 <b>预付款过账日期</b><br>
如果 <b>禁用</b> - 对账发生在 2 个日期中最早的日期： <b>发票日期</b> 或 <b>预付款过账日期</b><br>",
"If Auto Opt In is checked, then the customers will be automatically linked with the concerned Loyalty Program (on save)",如果選中自動選擇，則客戶將自動與相關的忠誠度計劃鏈接（保存時）,
If Income or Expense,如果收入或支出,
"If an operation is divided into sub operations, they can be added here.",若工序被拆分为子工序，可在此处添加,
"If blank, parent Warehouse Account or company default will be considered in transactions",如果为空白，则将在交易中考虑父仓库帐户或公司默认值,
"If checked, Rejected Quantity will be included while making Purchase Invoice from Purchase Receipt.",勾选后，从采购收货单生成采购发票时将包含拒收数量,
"If checked, Stock will be reserved on <b>Submit</b>",勾选后，库存将在<b>提交</b>时预留,
"If checked, picked qty won't automatically be fulfilled on submit of pick list.",勾选后，提交拣货清单时不会自动履行已拣数量,
"If checked, the tax amount will be considered as already included in the Paid Amount in Payment Entry",勾选后，税款金额将被视为已包含在付款凭证的已付金额中,
"If checked, the tax amount will be considered as already included in the Print Rate / Print Amount",如果選中，稅額將被視為已包含在列印速率/列印數量,
"If checked, we will create demo data for you to explore the system. This demo data can be erased later.",勾选后，系统将创建演示数据供您探索。此数据后续可清除,
If different than customer address,如果與客戶地址不同,
"If disable, 'In Words' field will not be visible in any transaction",如果禁用“，在詞”字段不會在任何交易可見,
"If disable, 'Rounded Total' field will not be visible in any transaction",如果禁用，“圓角總計”字段將不可見的任何交易,
If enabled then system won't apply the pricing rule on the delivery note which will be create from the pick list,启用后，系统不会对从拣货清单创建的交货单应用定价规则,
"If enabled, a print of this document will be attached to each email",启用后，每封邮件将附带此单据的打印件,
"If enabled, additional ledger entries will be made for discounts in a separate Discount Account",启用后，折扣将在单独折扣科目中生成额外分类账分录,
"If enabled, all files attached to this document will be attached to each email",启用后，每封邮件将附带此单据的所有附件,
"If enabled, do not update serial / batch values in the stock transactions on creation of auto Serial 
 / Batch Bundle. ","如果启用，则在创建自动序列 
 /批次捆绑时不要更新库存交易中的序列/批次值。",
"If enabled, ledger entries will be posted for change amount in POS transactions",启用后，POS交易中的找零金额将生成分类账分录,
"If enabled, the consolidated invoices will have rounded total disabled",启用后，合并发票将禁用四舍五入总额,
"If enabled, the item rate won't adjust to the valuation rate during internal transfers, but accounting will still use the valuation rate.",启用后，内部调拨时物料单价不会调整为计价汇率，但会计仍使用计价汇率,
"If enabled, the system will create material requests even if the stock exists in the 'Raw Materials Warehouse'.",启用后，即使'原材料仓库'有库存，系统仍会创建物料请求,
"If enabled, the system will use the moving average valuation method to calculate the valuation rate for the batched items and will not consider the individual batch-wise incoming rate.",启用后，系统将采用移动平均计价法计算批次物料计价汇率，不考虑单个批次入库汇率,
"If enabled, then system will only validate the pricing rule and not apply automatically. User has to manually set the discount percentage / margin / free items to validate the pricing rule",启用后，系统仅验证定价规则而不自动应用。用户需手动设置折扣率/利润率/赠品以验证规则,
"If item is a variant of another item then description, image, pricing, taxes etc will be set from the template unless explicitly specified",如果項目是另一項目，然後描述，圖像，定價，稅費等會從模板中設定的一個變體，除非明確指定,
"If mentioned, the system will allow only the users with this Role to create or modify any stock transaction earlier than the latest stock transaction for a specific item and warehouse. If set as blank, it allows all users to create/edit back-dated transactions.",若设置，仅允许具有此角色的用户创建或修改早于特定物料及仓库最新库存交易的记录。留空则允许所有用户创建/编辑倒填日期交易,
If more than one package of the same type (for print),如果不止一個相同類型的包裹（用於列印）,
"If multiple Pricing Rules continue to prevail, users are asked to set Priority manually to resolve conflict.",如果有多個定價規則繼續有效，用戶將被要求手動設定優先順序來解決衝突。,
"If not, you can Cancel / Submit this entry",若否，可取消/提交此分录,
"If rate is zero then item will be treated as ""Free Item""","如果比率为零，则该项将被视为""免费项目""",
"If selected Pricing Rule is made for 'Rate', it will overwrite Price List. Pricing Rule rate is the final rate, so no further discount should be applied. Hence, in transactions like Sales Order, Purchase Order etc, it will be fetched in 'Rate' field, rather than 'Price List Rate' field.",如果選定的定價規則是針對“費率”制定的，則會覆蓋價目表。定價規則費率是最終費率，因此不應再應用更多折扣。因此，在諸如銷售訂單，採購訂單等交易中，它將在&#39;費率&#39;字段中取代，而不是在&#39;價格列表率&#39;字段中取出。,
If subcontracted to a vendor,如果分包給供應商,
"If the BOM results in Scrap material, the Scrap Warehouse needs to be selected.",若物料清单产生废料，需选择废品仓库,
"If the account is frozen, entries are allowed to restricted users.",如果帳戶被凍結，條目被允許受限制的用戶。,
"If the item is transacting as a Zero Valuation Rate item in this entry, please enable 'Allow Zero Valuation Rate' in the {0} Item table.",如果该项在此条目中正在作为零评估率项目进行交易，请在{0}项表中启用“允许零评估率”。,
"If the selected BOM has Operations mentioned in it, the system will fetch all Operations from BOM, these values can be changed.",若所选物料清单包含工序，系统将从中获取所有工序，这些值可修改,
"If there is no assigned timeslot, then communication will be handled by this group",如果没有分配的时间段，则该组将处理通信,
"If there is no title column, use the code column for the title.",若无标题列，使用代码列作为标题,
"If this checkbox is checked, paid amount will be splitted and allocated as per the amounts in payment schedule against each payment term",如果选中此复选框，则将根据每个付款期限的付款时间表中的金额来拆分和分配付款金额,
"If this checkbox is enabled, then the system won’t run the MRP for the available sub-assembly items.",启用后，系统将不会为可用子装配件运行MRP,
If this is checked subsequent new invoices will be created on calendar  month and quarter start dates irrespective of current invoice start date,如果选中此选项，则无论当前发票的开始日期如何，都将在日历月和季度开始日期创建后续的新发票。,
If this is unchecked Journal Entries will be saved in a Draft state and will have to be submitted manually,如果未选中，则日记帐分录将保存为草稿状态，并且必须手动提交,
"If this is unchecked, direct GL entries will be created to book deferred revenue or expense",如果未选中此复选框，则将创建直接总帐分录以预定递延收入或费用,
If this is undesirable please cancel the corresponding Payment Entry.,若需取消，请撤销对应付款凭证,
"If this item has variants, then it cannot be selected in sales orders etc.",如果此項目已變種，那麼它不能在銷售訂單等選擇,
"If this option is configured 'Yes', ERPNext will prevent you from creating a Purchase Invoice or Receipt without creating a Purchase Order first. This configuration can be overridden for a particular supplier by enabling the 'Allow Purchase Invoice Creation Without Purchase Order' checkbox in the Supplier master.",如果将此选项配置为“是”，ERPNext将阻止您创建采购发票或收据而无需先创建采购订单。通过启用供应商主数据中的“允许创建无购买订单的发票”复选框，可以为特定供应商覆盖此配置。,
"If this option is configured 'Yes', ERPNext will prevent you from creating a Purchase Invoice without creating a Purchase Receipt first. This configuration can be overridden for a particular supplier by enabling the 'Allow Purchase Invoice Creation Without Purchase Receipt' checkbox in the Supplier master.",如果将此选项配置为“是”，则ERPNext将阻止您创建采购发票而不先创建采购收据。通过启用供应商主数据中的“允许创建没有购买收据的购买发票”复选框，可以为特定供应商覆盖此配置。,
"If ticked, multiple materials can be used for a single Work Order. This is useful if one or more time consuming products are being manufactured.",如果选中，则可以将多个物料用于单个工单。如果要生产一种或多种耗时的产品，这将很有用。,
"If ticked, the BOM cost will be automatically updated based on Valuation Rate / Price List Rate / last purchase rate of raw materials.",如果选中，则物料清单成本将根据评估价/价目表价格/原材料的最后购买价自动更新。,
"If two or more Pricing Rules are found based on the above conditions, Priority is applied. Priority is a number between 0 to 20 while default value is zero (blank). Higher number means it will take precedence if there are multiple Pricing Rules with same conditions.",如果兩個或更多的定價規則是基於上述條件發現，優先級被應用。優先權是一個介於0到20，而預設值是零（空）。數字越大，意味著其將優先考慮是否有與相同條件下多個定價規則。,
"If unlimited expiry for the Loyalty Points, keep the Expiry Duration empty or 0.",如果忠誠度積分無限期到期，請將到期時間保持為空或0。,
"If yes, then this warehouse will be used to store rejected materials",若选择是，此仓库将用于存储拒收物料,
"If you are maintaining stock of this Item in your Inventory, ERPNext will make a stock ledger entry for each transaction of this item.",若在库存中维护此物料，ERPNext将为每笔交易创建库存分类账分录,
"If you need to reconcile particular transactions against each other, then please select accordingly. If not, all the transactions will be allocated in FIFO order.",若需对特定交易相互对账，请相应选择。否则所有交易将按先进先出顺序分配,
"If you still want to proceed, please disable 'Skip Available Sub Assembly Items' checkbox.",若仍要继续，请取消勾选'跳过可用子装配件'复选框,
"If you still want to proceed, please enable {0}.",若仍要继续，请启用{0},
"If you {0} {1} quantities of the item {2}, the scheme {3} will be applied on the item.",如果您{0} {1}数量的项目{2}，则方案{3}将应用于该项目。,
"If you {0} {1} worth item {2}, the scheme {3} will be applied on the item.",如果您{0} {1}值得项目{2}，则方案{3}将应用于该项目。,
"If your CSV uses a different delimiter, add that character here, ensuring no spaces or additional characters are included.",若CSV使用不同分隔符，在此添加该字符，确保不含空格或其他字符,
Ignore,忽略,
Ignore Account Closing Balance,忽略账户期末余额,
Ignore Available Stock,忽略可用库存,
Ignore Closing Balance,忽略期末余额,
Ignore Default Payment Terms Template,忽略默认付款条款模板,
Ignore Employee Time Overlap,忽略員工時間重疊,
Ignore Empty Stock,忽略零库存,
Ignore Existing Ordered Qty,忽略现有的订购数量,
Ignore Existing Projected Quantity,忽略现有的预计数量,
Ignore Is Opening check for reporting,忽略期初检查用于报表,
Ignore Pricing Rule,忽略定價規則,
Ignore Pricing Rule is enabled. Cannot apply coupon code.,已启用忽略定价规则，无法应用优惠券,
Ignore System Generated Credit / Debit Notes,忽略系统生成的贷项/借项凭证,
Ignore User Time Overlap,忽略用戶時間重疊,
Ignore Voucher Type filter and Select Vouchers Manually,忽略凭证类型筛选并手动选择凭证,
Ignore Workstation Time Overlap,忽略工作站時間重疊,
Ignores legacy Is Opening field in GL Entry that allows adding opening balance post the system is in use while generating reports,忽略总账分录中的遗留期初字段，允许在系统使用后添加期初余额生成报表,
Image,图片,
Image View,图片视图,
Impairment,减值,
Import,导入,
Import Chart of Accounts from a csv file,从csv文件导入科目表,
Import File,导入文件,
Import File Errors and Warnings,导入文件错误与警告,
Import Genericode File,导入通用代码文件,
Import Invoices,进口发票,
Import Log,导入日志,
Import Log Preview,导入日志预览,
Import Preview,导入预览,
Import Progress,导入进度,
Import Successful,导入成功,
Import Supplier Invoice,进口供应商发票,
Import Type,导入类型,
Import Using CSV file,使用CSV文件导入,
Import Warnings,导入警告,
Import completed. {0} common codes created.,导入完成，已创建{0}个通用代码,
Import from Google Sheets,从Google表格导入,
Import in Bulk,進口散裝,
Importing Common Codes,正在导入通用代码,
"Importing {0} of {1}, {2}",正在导入{1}的{0}，{2},
In House,内部,
In Maintenance,在維護中,
In Mins,分钟,
In Minutes,分钟内,
In Party Currency,交易方货币,
In Percentage,百分比,
In Process,在過程,
In Production,在生產中,
In Progress,进行中,
In Qty,在數量,
In Stock,庫存,
In Stock Qty,庫存數量,
In Transit,运输中,
In Transit Transfer,在途调拨,
In Transit Warehouse,在途仓库,
In Value,在數值,
In Words,大寫,
In Words (Company Currency),大寫（Company Currency）,
In Words (Export) will be visible once you save the Delivery Note.,送貨單一被儲存，(Export)就會顯示出來。,
In Words will be visible once you save the Delivery Note.,送貨單一被儲存，就會顯示出來。,
In Words will be visible once you save the Sales Invoice.,銷售發票一被儲存，就會顯示出來。,
In Words will be visible once you save the Sales Order.,銷售訂單一被儲存，就會顯示出來。,
In mins,分钟,
In minutes,在幾分鐘內,
"In row {0} of Appointment Booking Slots: ""To Time"" must be later than ""From Time"".",在预约预订时段的 {0} 行中：“结束时间”必须晚于“开始时间”。,
In stock,有现货,
"In the case of multi-tier program, Customers will be auto assigned to the concerned tier as per their spent",在多層程序的情況下，客戶將根據其花費自動分配到相關層,
"In this section, you can define Company-wide transaction-related defaults for this Item. Eg. Default Warehouse, Default Price List, Supplier, etc.",此处可定义此物料在公司范围内的交易默认值，如默认仓库、价格表、供应商等,
Inactive,待用,
Inactive Customers,不活躍的客戶,
Inactive Sales Items,非活动销售项目,
Inactive Status,停用状态,
Incentives,獎勵,
Include Account Currency,包含账户货币,
Include Ageing Summary,包括帐龄摘要,
Include Closed Orders,包含已关闭订单,
Include Default FB Assets,包含默认财务账簿资产,
Include Default FB Entries,包括默认工作簿条目,
Include Disabled,包含停用项,
Include Expired,包括过期,
Include Expired Batches,包含过期批次,
Include Exploded Items,包含爆炸物品,
Include Item In Manufacturing,包括制造业中的项目,
Include Non Stock Items,包括非庫存項目,
Include POS Transactions,包括POS交易,
Include Payment,包括付款,
Include Payment (POS),包括支付（POS）,
Include Reconciled Entries,包括對賬項目,
Include Safety Stock in Required Qty Calculation,计算需求数量时包含安全库存,
Include Sub-assembly Raw Materials,包括子装配原材料,
Include Subcontracted Items,包括轉包物料,
Include Timesheets in Draft Status,包含草稿状态工时表,
Include UOM,包括UOM,
Include Zero Stock Items,包含零库存物料,
Include in gross,包括毛,
Included in Gross Profit,包含在毛利润中,
Including items for sub assemblies,包括子組件項目,
Income,收入,
Income Account,收入科目,
Incoming,來,
Incoming Call Handling Schedule,来电处理排程,
Incoming Call Settings,来电设置,
Incoming Rate,傳入速率,
Incoming Rate (Costing),入库汇率（成本核算）,
Incoming call from {0},来自{0}的来电,
Incorrect Balance Qty After Transaction,交易后结余数量错误,
Incorrect Batch Consumed,消耗批次错误,
Incorrect Check in (group) Warehouse for Reorder,再订购（组）仓库检查错误,
Incorrect Component Quantity,组件数量错误,
Incorrect Date,日期不正确,
Incorrect Invoice,发票错误,
Incorrect Payment Type,付款类型错误,
Incorrect Reference Document (Purchase Receipt Item),参考单据错误（采购收货单物料）,
Incorrect Serial No Valuation,序列号计价错误,
Incorrect Serial Number Consumed,消耗序列号错误,
Incorrect Serial and Batch Bundle,序列及批次包错误,
Incorrect Stock Value Report,库存价值报告错误,
Incorrect Type of Transaction,交易类型错误,
Incorrect Warehouse,仓库不正确,
Incorrect number of General Ledger Entries found. You might have selected a wrong Account in the transaction.,不正確的數字總帳條目中找到。你可能會在交易中選擇了錯誤的科目。,
Incoterm,国际贸易术语,
Increase In Asset Life(Months),资产寿命延长（月数）,
Increment,增量,
Increment cannot be 0,增量不能為0,
Increment for Attribute {0} cannot be 0,增量屬性{0}不能為0,
Indent,缩进,
Indicates that the package is a part of this delivery (Only Draft),表示該包是這個交付的一部分（僅草案）,
Indicator Color,指示燈顏色,
Indirect Expense,间接费用,
Indirect Expenses,間接費用,
Indirect Income,間接收入,
Individual,個人,
Individual GL Entry cannot be cancelled.,单个总账分录无法取消,
Individual Stock Ledger Entry cannot be cancelled.,单个库存分类账分录无法取消,
Industry,行業,
Industry Type,行業類型,
Initial Email Notification Sent,初始電子郵件通知已發送,
Initialize Summary Table,初始化汇总表,
Initiated,啟動,
Insert New Records,插入新记录,
Inspected By,檢查,
Inspection Rejected,检验拒收,
Inspection Required,需要檢驗,
Inspection Required before Delivery,分娩前檢查所需,
Inspection Required before Purchase,購買前檢查所需,
Inspection Submission,检验提交,
Inspection Type,檢驗類型,
Installation Date,安裝日期,
Installation Note,安裝注意事項,
Installation Note Item,安裝注意項,
Installation Note {0} has already been submitted,安裝注意{0}已提交,
Installation Status,安裝狀態,
Installation Time,安裝時間,
Installation date cannot be before delivery date for Item {0},品項{0}的安裝日期不能早於交貨日期,
Installed Qty,安裝數量,
Installing presets,安裝預置,
Instruction,说明,
Instructions,說明,
Insufficient Capacity,产能不足,
Insufficient Permissions,权限不足,
Insufficient Stock,庫存不足,
Insufficient Stock for Batch,批次库存不足,
Insurance Company,保險公司,
Insurance Details,保險詳情,
Insurance End Date,保險終止日期,
Insurance Start Date,保險開始日期,
Insurance Start date should be less than Insurance End date,保險開始日期應小於保險終止日期,
Insurance details,保险详情,
Insured value,保價值,
Insurer,保險公司,
Integration Details,集成细节,
Integration ID,集成ID,
Inter Company Invoice Reference,Inter公司發票參考,
Inter Company Journal Entry,Inter公司日記帳分錄,
Inter Company Journal Entry Reference,Inter公司日記帳分錄參考,
Inter Company Order Reference,公司间订单参考,
Inter Company Reference,公司间参考,
Inter Transfer Reference,内部调拨参考,
Inter Warehouse Transfer Settings,仓库间转移设置,
Interest,利益,
Interest and/or dunning fee,利息及/或催收费,
Interested,有興趣,
Internal Customer,内部客户,
Internal Customer for company {0} already exists,公司{0}的内部客户已存在,
Internal Sale or Delivery Reference missing.,缺少内部销售或交付参考,
Internal Sales Reference Missing,缺少内部销售参考,
Internal Supplier,内部供应商,
Internal Supplier for company {0} already exists,公司{0}的内部供应商已存在,
Internal Transfer,內部轉賬,
Internal Transfer Reference Missing,缺少内部调拨参考,
Internal Transfers,内部调拨,
Internal Work History,內部工作經歷,
Internal transfers can only be done in company's default currency,内部调拨仅能使用公司本位币,
Interval should be between 1 to 59 MInutes,间隔应设置为1至59分钟,
Introduction,简介,
Invalid,无效,
Invalid Account,无效账户,
Invalid Allocated Amount,无效分配金额,
Invalid Amount,无效金额,
Invalid Attribute,無效屬性,
Invalid Auto Repeat Date,无效自动重复日期,
Invalid Barcode. There is no Item attached to this barcode.,无效的条形码。该条形码没有附件。,
Invalid Blanket Order for the selected Customer and Item,所選客戶和物料的無效總訂單,
Invalid Child Procedure,无效的子程序,
Invalid Company for Inter Company Transaction.,公司间交易的公司无效。,
Invalid Cost Center,无效成本中心,
Invalid Credentials,凭证无效,
Invalid Delivery Date,无效交付日期,
Invalid Discount,无效折扣,
Invalid Document,无效单据,
Invalid Document Type,无效单据类型,
Invalid Formula,无效公式,
Invalid Gross Purchase Amount,无效的总购买金额,
Invalid Group By,无效分组依据,
Invalid Item,无效的项目,
Invalid Item Defaults,无效物料默认值,
Invalid Ledger Entries,无效的分类账分录,
Invalid Opening Entry,无效的开幕词,
Invalid POS Invoices,无效的POS发票,
Invalid Parent Account,无效的上级帐户,
Invalid Part Number,无效的零件号,
Invalid Posting Time,發佈時間無效,
Invalid Primary Role,无效的主要角色,
Invalid Priority,无效的优先级,
Invalid Process Loss Configuration,无效的工艺损耗配置,
Invalid Purchase Invoice,无效的采购发票,
Invalid Qty,无效的数量,
Invalid Quantity,无效数量,
Invalid Schedule,无效的排程计划,
Invalid Selling Price,无效的售价,
Invalid Serial and Batch Bundle,无效的序列号和批次组合,
Invalid URL,URL无效,
Invalid Value,无效值,
Invalid Warehouse,无效的仓库,
Invalid condition expression,条件表达式无效,
"Invalid lost reason {0}, please create a new lost reason",无效的丢失原因{0}，请创建一个新的丢失原因,
Invalid naming series (. missing) for {0},{0}的无效命名系列（。丢失）,
Invalid reference {0} {1},無效的參考{0} {1},
Invalid result key. Response:,无效的结果键值。响应：,
Invalid value {0} for {1} against account {2},科目{2}的字段{1}存在无效值{0},
Invalid {0},無效的{0},
Invalid {0} for Inter Company Transaction.,Inter Company Transaction无效{0}。,
Invalid {0}: {1},無效的{0}：{1},
Inventory,庫存,
Inventory Dimension,库存维度,
Inventory Dimension Negative Stock,库存维度负库存,
Inventory Settings,库存参数设置,
Investments,投資,
Invoice,發票,
Invoice Cancellation,发票作废,
Invoice Date,發票日期,
Invoice Discounting,发票贴现,
Invoice Grand Total,发票总计,
Invoice ID,发票编号,
Invoice Limit,发票限额,
Invoice Number,發票號碼,
Invoice Portion,發票部分,
Invoice Portion (%),发票比例（%）,
Invoice Posting Date,發票發布日期,
Invoice Series,发票系列,
Invoice Status,发票状态,
Invoice Type,發票類型,
Invoice already created for all billing hours,發票已在所有結算時間創建,
Invoice and Billing,发票与计费,
Invoice can't be made for zero billing hour,在零計費時間內無法開具發票,
Invoiced Amount,發票金額,
Invoiced Qty,已开票数量,
Invoices,發票,
Invoices and Payments have been Fetched and Allocated,发票与付款已获取并核销,
Invoicing Features,开票功能模块,
Inward,向內的,
Is Account Payable,為應付帳款,
Is Active,是否激活,
Is Adjustment Entry,是否调整分录,
Is Advance,為進,
Is Alternative,是否替代物料,
Is Billable,是可计费的,
Is Cancelled,被註銷,
Is Cash or Non Trade Discount,是否现金/非贸易折扣,
Is Company,是公司,
Is Company Account,是公司帳戶,
Is Composite Asset,是否组合资产,
Is Consolidated,已合并,
Is Container,是容器,
Is Corrective Job Card,是否纠正性作业卡,
Is Corrective Operation,是否纠正性工序,
Is Cumulative,是累积的,
Is Customer Provided Item,客户提供物品,
Is Default,是否为默认,
Is Default Account,是默认帐户,
Is Default Language,是默认语言,
Is Delivery Note Required for Sales Invoice Creation?,创建销售发票是否需要交货单？,
Is Discounted,打折,
Is Exchange Gain / Loss?,是否汇兑损益？,
Is Existing Asset,是對現有資產,
Is Expandable,是否可展开,
Is Finished Item,是否完成品,
Is Fixed Asset,是固定的資產,
Is Free Item,是免费物品,
Is Frozen,就是冰凍,
Is Fully Depreciated,是否已提足折旧,
Is Group,是集團,
Is Group Warehouse,是否组仓库,
Is Internal Customer,是內部客戶,
Is Internal Supplier,是內部供應商,
Is Mandatory,是强制性的,
Is Milestone,里程碑,
Is Old Subcontracting Flow,是否旧外协流程,
Is Opening,是開幕,
Is Opening Entry,是開放登錄,
Is Outward,是否出库,
Is Paid,支付,
Is Period Closing Voucher Entry,是否期间结账凭证分录,
Is Purchase Order Required for Purchase Invoice & Receipt Creation?,采购发票和收货创建是否需要采购订单？,
Is Purchase Receipt Required for Purchase Invoice Creation?,创建采购发票是否需要采购收据？,
Is Rate Adjustment Entry (Debit Note),是否单价调整分录（借项通知单）,
Is Recursive,是否递归,
Is Rejected,是否拒收,
Is Rejected Warehouse,是否拒收仓库,
Is Return,退貨,
Is Return (Credit Note),是退貨（信用票據）,
Is Return (Debit Note),是退貨（借記卡）,
Is Sales Order Required for Sales Invoice & Delivery Note Creation?,创建销售发票和交货单是否需要销售订单？,
Is Scrap Item,是否废品,
Is Short/Long Year,是否短/长会计年度,
Is Standard,是否标准,
Is Stock Item,是否库存物料,
Is Subcontracted,轉包,
Is System Generated,是否系统生成,
Is Tax Withholding Account,是否代扣税科目,
Is Template,是否模板,
Is Transporter,是運輸車,
Is a Subscription,是訂閱,
Is this Tax included in Basic Rate?,包括在基本速率此稅？,
Issue,問題,
Issue Analytics,问题分析报表,
Issue Credit Note,發行信用票據,
Issue Date,發行日期,
Issue Material,發行材料,
Issue Priority,问题优先,
Issue Split From,问题拆分,
Issue Summary,问题摘要,
Issue Type,發行類型,
Issue a debit note with 0 qty against an existing Sales Invoice,针对现有销售发票开具零数量的借项通知单,
Issued,發行,
Issued Items Against Work Order,針對工單發布物品,
Issues,問題,
Issuing Date,發行日期,
It can take upto few hours for accurate stock values to be visible after merging items.,物料合并后需等待数小时才能查看准确的库存值。,
It is needed to fetch Item Details.,需要獲取項目細節。,
"It's not possible to distribute charges equally when total amount is zero, please set 'Distribute Charges Based On' as 'Quantity'",总金额为零时无法按金额分摊费用，请将'费用分摊基准'设为'数量',
Item,項目,
Item 1,項目1,
Item 2,項目2,
Item 3,項目3,
Item 4,項目4,
Item 5,項目5,
Item Alternative,項目選擇,
Item Attribute,項目屬性,
Item Attribute Value,項目屬性值,
Item Attribute Values,項目屬性值,
Item Balance (Simple),物品餘額（簡單）,
Item Barcode,商品條碼,
Item Cart,項目車,
Item Code,產品編號,
Item Code (Final Product),物料编码（最终产品）,
Item Code > Item Group > Brand,物料代码&gt;物料组&gt;品牌,
Item Code cannot be changed for Serial No.,產品編號不能為序列號改變,
Item Code required at Row No {0},於列{0}需要產品編號,
Item Code: {0} is not available under warehouse {1}.,项目代码：{0}在仓库{1}下不可用。,
Item Customer Detail,項目客戶詳細,
Item Default,項目默認值,
Item Defaults,項目默認值,
Item Description,項目說明,
Item Details,產品詳細信息,
Item Group,項目群組,
Item Group Defaults,項目組默認值,
Item Group Name,項目群組名稱,
Item Group Tree,項目群組的樹狀結構,
Item Group not mentioned in item master for item {0},項目{0}之項目主檔未提及之項目群組,
Item Group wise Discount,按物料组的折扣,
Item Groups,項目組,
Item Image (if not slideshow),產品圖片（如果不是幻燈片）,
Item Locations,物品位置,
Item Manager,項目經理,
Item Manufacturer,产品制造商,
Item Name,項目名稱,
Item Naming By,產品命名規則,
Item Price,商品價格,
Item Price Settings,物料价格参数设置,
Item Price Stock,項目價格庫存,
Item Price added for {0} in Price List {1},加入項目價格為{0}價格表{1},
"Item Price appears multiple times based on Price List, Supplier/Customer, Currency, Item, Batch, UOM, Qty, and Dates.",物料价格可能基于价格表、供应商/客户、币种、物料、批次、单位、数量及日期重复出现,
Item Price updated for {0} in Price List {1},項目價格更新{0}價格表{1},
Item Prices,產品價格,
Item Quality Inspection Parameter,產品質量檢驗參數,
Item Reference,物料引用,
Item Reorder,項目重新排序,
Item Row {0}: {1} {2} does not exist in above '{1}' table,項目行{0}：{1} {2}在上面的“{1}”表格中不存在,
Item Serial No,產品序列號,
Item Shortage Report,商品短缺報告,
Item Supplier,產品供應商,
Item Tax,產品稅,
Item Tax Amount Included in Value,物品税金额包含在价值中,
Item Tax Rate,項目稅率,
Item Tax Row {0} must have account of type Tax or Income or Expense or Chargeable,"商品稅行{0}必須有科目類型為""稅"" 或 ""收入"" 或 ""支出"" 或 ""課稅的""",
Item Tax Template,物品税模板,
Item Tax Template Detail,项目税模板详细信息,
Item To Manufacture,產品製造,
Item UOM,項目計量單位,
Item Unavailable,物品不可用,
Item Variant,項目變,
Item Variant Attribute,產品規格屬性,
Item Variant Details,項目變體的詳細信息,
Item Variant Settings,項目變式設置,
Item Variant {0} already exists with same attributes,項目變種{0}已經具有相同屬性的存在,
Item Variants updated,项目变体已更新,
Item Warehouse based reposting has been enabled.,已启用基于物料仓库的重过账,
Item Website Specification,項目網站規格,
Item Weight Details,項目重量細節,
Item Wise Tax Detail,項目智者稅制明細,
Item and Warehouse,物料与仓库,
Item and Warranty Details,項目和保修細節,
Item for row {0} does not match Material Request,第{0}行的项目与物料请求不匹配,
Item has variants.,項目已變種。,
Item is removed since no serial / batch no selected.,因未选择序列/批次号，物料已被移除,
Item must be added using 'Get Items from Purchase Receipts' button,項目必須使用'從採購入庫“按鈕進行新增,
Item name,物料名称,
Item operation,物品操作,
Item qty can not be updated as raw materials are already processed.,因原材料已处理，物料数量不可更新,
Item rate has been updated to zero as Allow Zero Valuation Rate is checked for item {0},因物料{0}允许零估价率，物料单价已更新为零,
Item to be manufactured or repacked,產品被製造或重新包裝,
Item valuation rate is recalculated considering landed cost voucher amount,物品估價率重新計算考慮到岸成本憑證金額,
Item valuation reposting in progress. Report might show incorrect item valuation.,正在进行物料估价重过账，报表可能显示错误估价,
Item variant {0} exists with same attributes,項目變種{0}存在具有相同屬性,
Item {0} cannot be added as a sub-assembly of itself,物料{0}不能作为自身的子装配件添加,
Item {0} cannot be ordered more than {1} against Blanket Order {2}.,物料{0}在总括订单{2}下不可订购超过{1},
Item {0} does not exist,項目{0}不存在,
Item {0} does not exist in the system or has expired,項目{0}不存在於系統中或已過期,
Item {0} does not exist.,物料{0}不存在.,
Item {0} entered multiple times.,物料{0}重复输入,
Item {0} has already been returned,項{0}已被退回,
Item {0} has been disabled,項{0}已被禁用,
Item {0} has no Serial No. Only serilialized items can have delivery based on Serial No,物料{0}没有序列号。只有序列化的物料才能根据序列号交货,
Item {0} has reached its end of life on {1},項{0}已達到其壽命結束於{1},
Item {0} ignored since it is not a stock item,項目{0}被忽略，因為它不是一個庫存項目,
Item {0} is already reserved/delivered against Sales Order {1}.,物料{0}已针对销售订单{1}预留/交货,
Item {0} is cancelled,項{0}將被取消,
Item {0} is disabled,項目{0}無效,
Item {0} is not a serialized Item,項{0}不是一個序列化的項目,
Item {0} is not a stock Item,項{0}不是缺貨登記,
Item {0} is not active or end of life has been reached,項目{0}不活躍或生命的盡頭已經達到,
Item {0} must be a Fixed Asset Item,項{0}必須是固定資產項目,
Item {0} must be a Non-Stock Item,物料{0}必须为非库存物料,
Item {0} must be a Sub-contracted Item,項{0}必須是一個小項目簽約,
Item {0} must be a non-stock item,項{0}必須是一個非庫存項目,
Item {0} not found in 'Raw Materials Supplied' table in {1} {2},在{1} {2}的'供应的原材料'表中未找到物料{0},
Item {0} not found.,未找到物料{0},
Item {0}: Ordered qty {1} cannot be less than minimum order qty {2} (defined in Item).,項目{0}：有序數量{1}不能低於最低訂貨量{2}（項中定義）。,
Item {0}: {1} qty produced. ,项目{0}：产生了{1}数量。,
Item {} does not exist.,物料{}不存在,
Item-wise Price List Rate,全部項目的價格表,
Item-wise Purchase History,全部項目的購買歷史,
Item-wise Purchase Register,項目明智的購買登記,
Item-wise Sales History,項目明智的銷售歷史,
Item-wise Sales Register,項目明智的銷售登記,
Item: {0} does not exist in the system,項：{0}不存在於系統中,
Items,項目,
Items Filter,物品過濾,
Items Required,必填项,
Items To Be Requested,需求項目,
Items cannot be updated as Subcontracting Order is created against the Purchase Order {0}.,因已针对采购订单{0}创建外协订单，物料不可更新,
Items for Raw Material Request,原料要求的项目,
Items rate has been updated to zero as Allow Zero Valuation Rate is checked for the following items: {0},因以下物料{0}允许零估价率，其单价已更新为零,
Items to Be Repost,待重过账物料,
Items to Manufacture are required to pull the Raw Materials associated with it.,需要制造的物品才能拉动与其关联的原材料。,
Items to Reserve,待预留物料,
Items under this warehouse will be suggested,将建议此仓库下的项目,
Items {0} do not exist in the Item master.,物料主数据中不存在{0},
Itemwise Discount,Itemwise折扣,
Itemwise Recommended Reorder Level,Itemwise推薦級別重新排序,
JAN,一月,
Job Capacity,作业产能,
Job Card,工作卡,
Job Card Analysis,工作卡分析,
Job Card Item,工作卡項目,
Job Card Operation,作业卡工序,
Job Card Scheduled Time,作业卡计划时间,
Job Card Scrap Item,作业卡废品,
Job Card Summary,工作卡摘要,
Job Card Time Log,工作卡时间日志,
Job Card and Capacity Planning,作业卡与产能计划,
Job Cards,作业卡列表,
Job Paused,作业已暂停,
Job Started,工作开始了,
Job Title,職位,
Job Worker,作业人员,
Job Worker Address,作业人员地址,
Job Worker Address Details,作业人员地址明细,
Job Worker Contact,作业人员联系方式,
Job Worker Delivery Note,作业人员交货单,
Job Worker Name,作业人员姓名,
Job Worker Warehouse,作业人员仓库,
Job card {0} created,已創建作業卡{0},
Job: {0} has been triggered for processing failed transactions,作业：{0}已触发处理失败事务,
Joining,入职,
Journal Entries,日记账分录,
Journal Entries {0} are un-linked,日記條目{0}都是非聯,
Journal Entry,日記帳分錄,
Journal Entry Account,日記帳分錄帳號,
Journal Entry Template,日记条目模板,
Journal Entry Template Account,日记帐分录模板帐户,
Journal Entry Type,日记帐分录类型,
Journal Entry for Asset scrapping cannot be cancelled. Please restore the Asset.,资产报废的日记账分录不可取消，请恢复资产,
Journal Entry for Scrap,日記帳分錄報廢,
Journal Entry type should be set as Depreciation Entry for asset depreciation,资产折旧的日记账类型应设为折旧分录,
Journal Entry {0} does not have account {1} or already matched against other voucher,日記條目{0}沒有帳號{1}或已經匹配其他憑證,
Journal entries have been created,已创建日记账分录,
Journals,日记账,
Kanban Board,看板面板,
"Keep Track of Sales Campaigns. Keep track of Leads, Quotations, Sales Order etc from Campaigns to gauge Return on Investment. ",追踪促销活动。追踪来自营销活动的线索，报价，销售订单等，统计投资回报率。,
Key,键,
Keyboard Shortcuts,键盘快捷键,
Kindly cancel the Manufacturing Entries first against the work order {0}.,请先取消工单{0}相关的生产分录,
Kindly select the company first,请首先选择公司,
LIFO,后进先出法,
Label,标签,
Landed Cost Help,到岸成本幫助,
Landed Cost Item,到岸成本項目,
Landed Cost Purchase Receipt,到岸成本採購入庫單,
Landed Cost Taxes and Charges,到岸成本稅費,
Landed Cost Voucher,到岸成本憑證,
Landed Cost Voucher Amount,到岸成本憑證金額,
Landscape,横向,
Language,语言,
Lapsed,失效,
Large,大,
Last Carbon Check,最後檢查炭,
Last Communication,最後溝通,
Last Communication Date,最後通訊日期,
Last Completion Date,最後完成日期,
Last GL Entry update was done {}. This operation is not allowed while system is actively being used. Please wait for 5 minutes before retrying.,总账分录最后更新于{}。系统使用期间不允许此操作，请5分钟后重试,
Last Integration Date,上次整合日期,
Last Month Downtime Analysis,上个月停机时间分析,
Last Name,姓氏,
"Last Name, Email or Phone/Mobile of the user are mandatory to continue.",必须填写用户的姓氏、邮箱或电话/手机号才能继续,
Last Order Amount,最後訂單金額,
Last Order Date,最後訂購日期,
Last Purchase Rate,最後預訂價,
Last Stock Transaction for item {0} under warehouse {1} was on {2}.,仓库{1}下项目{0}的上次库存交易在{2}上。,
Last carbon check date cannot be a future date,最后的碳检查日期不能是未来的日期,
Last transacted,最后交易时间,
Latest,最新,
Latest Age,后期,
Latitude,緯度,
Lead,潛在客戶,
Lead -> Prospect,线索->潜在客户,
Lead Count,鉛計數,
Lead Details,潛在客戶詳情,
Lead Name,主導者名稱,
Lead Owner,主導擁有者,
Lead Owner Efficiency,主導效率,
Lead Owner cannot be same as the Lead Email Address,线索负责人不能与线索邮箱地址相同,
Lead Source,主導來源,
Lead Time,交货时间,
Lead Time (Days),交货时间（天）,
Lead Time (in mins),交货时间（以分钟为单位）,
Lead Time Date,交貨時間日期,
Lead Time Days,交貨期天,
Lead Time in days,交貨天期,
Lead Type,主導類型,
Lead {0} has been added to prospect {1}.,线索{0}已添加至潜在客户{1},
Leads,线索列表,
"Leads help you get business, add all your contacts and more as your leads",信息幫助你的業務，你所有的聯繫人和更添加為您的線索,
"Learn about <a href=""https://docs.erpnext.com/docs/v13/user/manual/en/accounts/articles/common_party_accounting#:~:text=Common%20Party%20Accounting%20in%20ERPNext,Invoice%20against%20a%20primary%20Supplier."">Common Party</a>","学习 <a href=""https://docs.erpnext.com/docs/v13/user/manual/en/accounts/articles/common_party_accounting#:~:text=Common%20Party%20Accounting%20in%20ERPNext,Invoice%20against%20a%20primary%20Supplier."">共同方</a>",
Leave Encashed?,離開兌現？,
"Leave blank for home.
This is relative to site URL, for example ""about"" will redirect to ""https://yoursitename.com/about""","主页留空。
这是相对于网站 URL 而言的，例如 ""about ""将重定向到 ""https://yoursitename.com/about""",
Leave blank if the Supplier is blocked indefinitely,如果供應商被無限期封鎖，請留空,
Leave blank to use the standard Delivery Note format,留空以使用標準的交貨單格式,
Ledger,分類帳,
Ledger Health,账本健康状态,
Ledger Health Monitor,账本健康监控器,
Ledger Health Monitor Company,账本健康监控公司,
Ledger Merge,分类账合并,
Ledger Merge Accounts,分类账合并账户,
Left,左对齐,
Left Child,左子节点,
Left Index,左索引,
Legal,法律,
Legal Entity / Subsidiary with a separate Chart of Accounts belonging to the Organization.,法人/子公司與帳戶的獨立走勢屬於該組織。,
Legal Expenses,法律費用,
Legend,图例,
Length,长度,
Length (cm),长度（厘米）,
Less Than Amount,少于金额,
Letter Head,信头,
Letter or Email Body Text,信件或电子邮件正文,
Letter or Email Closing Text,信件或电子邮件结束文字,
Level,层级,
Level (BOM),层级（物料清单）,
Lft,LFT,
Liabilities,负债,
Liability,責任,
License Details,許可證詳情,
License Number,許可證號,
License Plate,牌照,
Likes,点赞数,
Limit Crossed,限制交叉,
Limit timeslot for Stock Reposting,库存重过账时间窗口限制,
Limited to 12 characters,限12個字符,
Limits don't apply on,限制不适用于,
Line spacing for amount in words,行距文字量,
Link,链接,
Link Options,鏈接選項,
Link a new bank account,关联新银行账户,
Link existing Quality Procedure.,链接现有的质量程序。,
Link to Material Request,鏈接到材料請求,
Link to Material Requests,链接到物料请求,
Link with Customer,关联客户,
Link with Supplier,关联供应商,
Linked Documents,关联文档,
Linked Invoices,鏈接的發票,
Linked Location,鏈接位置,
Linked with submitted documents,与已提交单据关联,
Linking Failed,关联失败,
Linking to Customer Failed. Please try again.,客户关联失败，请重试,
Linking to Supplier Failed. Please try again.,供应商关联失败，请重试,
Links,链接集,
List items that form the package.,形成包列表項。,
Load All Criteria,加载所有标准,
Loading Invoices! Please Wait...,正在加载发票，请稍候...,
Loading import file...,正在加载导入文件...,
Loan,貸款,
Loan End Date,贷款结束日期,
Loan Period (Days),贷款期限（天）,
Loan Start Date,贷款开始日期,
Loan Start Date and Loan Period are mandatory to save the Invoice Discounting,贷款开始日期和贷款期限是保存发票折扣的必要条件,
Loans (Liabilities),借款（負債）,
Loans and Advances (Assets),貸款及墊款（資產）,
Local,當地,
Location,位置,
Location Details,位置詳情,
Location Name,地點名稱,
Locked,已锁定,
Log Entries,日志条目,
Log out,注销,
Log the selling and buying rate of an Item,记录物料的买卖汇率,
Logo,標誌,
Longitude,經度,
Lost,丟失,
Lost Opportunity,失去的机会,
Lost Quotation,遺失報價,
Lost Quotations,丢失报价单集,
Lost Quotations %,丢失报价率%,
Lost Reason,失落的原因,
Lost Reason Detail,丢失的原因细节,
Lost Reasons,失去的原因,
Lost Reasons are required in case opportunity is Lost.,商机丢失时必须填写原因,
Lost Value,损失金额,
Lost Value %,损失金额占比%,
Low,低,
Lower Deduction Certificate,降低扣除证明,
Lower Income,較低的收入,
Loyalty Amount,忠誠金額,
Loyalty Point Entry,忠誠度積分,
Loyalty Point Entry Redemption,忠誠度積分兌換,
Loyalty Points,忠誠度積分,
Loyalty Points Redemption,忠誠積分兌換,
"Loyalty Points will be calculated from the spent done (via the Sales Invoice), based on collection factor mentioned.",忠誠度積分將根據所花費的完成量（通過銷售發票）計算得出。,
Loyalty Points: {0},忠诚度积分：{0},
Loyalty Program,忠誠計劃,
Loyalty Program Collection,忠誠度計劃集,
Loyalty Program Help,忠誠度計劃幫助,
Loyalty Program Name,忠誠計劃名稱,
Loyalty Program Tier,忠誠度計劃層,
Loyalty Program Type,忠誠度計劃類型,
MAT-DN-.YYYY.-,MAT-DN-.YYYY.-,
MAT-DN-RET-.YYYY.-,MAT-DN-RET-.YYYY.-,
MAT-DT-.YYYY.-,MAT-DT-.YYYY.-,
MAT-INS-.YYYY.-,MAT-INS-.YYYY.-,
MAT-LCV-.YYYY.-,MAT-LCV-.YYYY.-,
MAT-MR-.YYYY.-,MAT-MR-.YYYY.-,
MAT-MSH-.YYYY.-,MAT-MSH-.YYYY.-,
MAT-MVS-.YYYY.-,MAT-MVS-.YYYY.-,
MAT-PAC-.YYYY.-,MAT-PAC-.YYYY.-,
MAT-PR-RET-.YYYY.-,MAT-PR-RET-.YYYY.-,
MAT-PRE-.YYYY.-,MAT-PRE-.YYYY.-,
MAT-QA-.YYYY.-,MAT-QA-.YYYY.-,
MAT-RECO-.YYYY.-,MAT-RECO-.YYYY.-,
MAT-STE-.YYYY.-,MAT-STE-.YYYY.-,
MFG-BLR-.YYYY.-,MFG-BLR-.YYYY.-,
MFG-PP-.YYYY.-,MFG-PP-.YYYY.-,
MFG-WO-.YYYY.-,MFG-WO-.YYYY.-,
Machine,机,
Machine Type,设备类型,
Machine malfunction,机器故障,
Machine operator errors,机器操作员错误,
Main,主頁,
Main Cost Center,主成本中心,
Main Cost Center {0} cannot be entered in the child table,主成本中心{0}不能输入子表,
Maintain Asset,维护资产,
Maintain Same Rate Throughout Sales Cycle,保持同樣的速度在整個銷售週期,
Maintain Same Rate Throughout the Purchase Cycle,在整个购买周期中保持相同的费率,
Maintain Stock,維護庫存資料,
Maintenance,維護,
Maintenance Date,維修日期,
Maintenance Details,维护详情,
Maintenance Log,維護日誌,
Maintenance Manager,维护管理员,
Maintenance Manager Name,維護經理姓名,
Maintenance Required,需要維護,
Maintenance Role,維護角色,
Maintenance Schedule,維護計劃,
Maintenance Schedule Detail,維護計劃細節,
Maintenance Schedule Item,維護計劃項目,
Maintenance Schedule is not generated for all the items. Please click on 'Generate Schedule',維護計畫不會為全部品項生成。請點擊“生成表”,
Maintenance Schedule {0} exists against {1},針對{1}存在維護計劃{0},
Maintenance Schedules,保養時間表,
Maintenance Status,維修狀態,
Maintenance Status has to be Cancelled or Completed to Submit,維護狀態必須取消或完成提交,
Maintenance Task,維護任務,
Maintenance Tasks,維護任務,
Maintenance Team,維修隊,
Maintenance Team Member,維護團隊成員,
Maintenance Team Members,維護團隊成員,
Maintenance Team Name,維護組名稱,
Maintenance Time,維護時間,
Maintenance Type,維護類型,
Maintenance User,维护用户,
Maintenance Visit,維護訪問,
Maintenance Visit Purpose,維護訪問目的,
Maintenance start date can not be before delivery date for Serial No {0},序號{0}的維護開始日期不能早於交貨日期,
Major/Optional Subjects,大/選修課,
Make,生成,
Make Asset Movement,创建资产转移,
Make Depreciation Entry,計提折舊進入,
Make Difference Entry,使不同入口,
Make Payment via Journal Entry,通過日記帳分錄進行付款,
Make Purchase Invoice,创建购买发票,
Make Quotation,請報價,
Make Return Entry,创建退货分录,
Make Sales Invoice,做銷售發票,
Make Serial No / Batch from Work Order,从工单生成序列号/批次,
Make Stock Entry,进入库存,
Make a call,打个电话,
Make project from a template.,从模板创建项目。,
Make {0},创建{0},
Make {0} Variant,创建{0}变体,
Make {0} Variants,创建{0}变体集,
Making Journal Entries against advance accounts: {0} is not recommended. These Journals won't be available for Reconciliation.,不建议针对预支账户{0}创建日记账，这些日记账不可用于对账,
Manage,管理,
Manage cost of operations,管理作業成本,
Manage your orders,管理您的訂單,
Management,管理,
Mandatory,必填,
Mandatory Accounting Dimension,必填会计维度,
Mandatory Depends On,必填取决于,
Mandatory Field,必填字段,
Mandatory For Balance Sheet,资产负债表必备,
Mandatory For Profit and Loss Account,对于损益账户必须提供,
Mandatory Missing,必填项,
Mandatory Purchase Order,强制性采购订单,
Mandatory Purchase Receipt,强制性收货,
Mandatory Section,必填部分,
Manual,手冊,
Manual Inspection,人工检验,
Manual entry cannot be created! Disable automatic entry for deferred accounting in accounts settings and try again,无法创建手动输入！禁用自动输入帐户设置中的递延会计，然后重试,
Manufacture,製造,
Manufacture against Material Request,對製造材料要求,
Manufactured Qty,生產數量,
Manufacturer,生產廠家,
Manufacturer Part Number,製造商零件編號,
Manufacturer Part Number <b>{0}</b> is invalid,制造商零件编号<b>{0}</b>无效,
Manufacturers used in Items,在項目中使用製造商,
Manufacturing,製造,
Manufacturing Date,生產日期,
Manufacturing Manager,生產經理,
Manufacturing Quantity is mandatory,生產數量是必填的,
Manufacturing Section,制造部,
Manufacturing Settings,製造設定,
Manufacturing Type,生产类型,
Manufacturing User,製造業用戶,
Mapping Purchase Receipt ...,正在映射采购收货单...,
Mapping Subcontracting Order ...,正在映射外协订单...,
Mapping {0} ...,正在映射{0}...,
Margin,餘量,
Margin Money,保證金,
Margin Rate or Amount,保證金稅率或稅額,
Margin Type,保證金類型,
Margin View,边际视图,
Marital Status,婚姻狀況,
Mark As Closed,标记为已关闭,
Market Segment,市場分類,
Marketing,市場營銷,
Marketing Expenses,市場推廣開支,
Married,已婚,
Mask,面具,
Master,主,
Material,材料,
Material Consumption,材料消耗,
Material Consumption for Manufacture,材料消耗製造,
Material Consumption is not set in Manufacturing Settings.,材料消耗未在生產設置中設置。,
Material Issue,發料,
Material Receipt,收料,
Material Request,物料需求,
Material Request Date,材料申請日期,
Material Request Detail,材料請求詳情,
Material Request Item,物料需求項目,
Material Request No,物料申请编号,
Material Request Plan Item,材料申請計劃項目,
Material Request Planning,物料請求計劃,
Material Request Type,材料需求類型,
"Material Request not created, as quantity for Raw Materials already available.",物料申请未创建，因为原物料的数量已经够用。,
Material Request of maximum {0} can be made for Item {1} against Sales Order {2},針對銷售訂單{2}的項目{1}，最多可以有 {0} 被完成。,
Material Request used to make this Stock Entry,做此存貨分錄所需之物料需求,
Material Request {0} is cancelled or stopped,材料需求{0}被取消或停止,
Material Request {0} submitted.,材料申请{0}已提交。,
Material Requested,要求的材料,
Material Requests,材料要求,
Material Requests Required,所需材料要求,
Material Requests for which Supplier Quotations are not created,尚未建立供應商報價的材料需求,
Material Returned from WIP,从在制品退回物料,
Material Transfer,物料轉倉,
Material Transfer (In Transit),物料转移（在途）,
Material Transfer for Manufacture,物料轉倉用於製造,
Material Transferred,转移的材料,
Material Transferred for Manufacture,轉移至製造的物料,
Material Transferred for Manufacturing,物料轉倉用於製造,
Material Transferred for Subcontract,轉包材料轉讓,
Material to Supplier,材料到供應商,
Materials Required (Exploded),所需材料（分解）,
Materials are already received against the {0} {1},已根据{0}{1}接收物料,
Materials needs to be transferred to the work in progress warehouse for the job card {0},需要将物料转移到工单{0}的在制品仓库,
Max Amount,最大金額,
Max Amt,Max Amt,
Max Discount (%),最大折讓（％）,
Max Grade,最高等級,
Max Qty,最大數量,
Max Qty (As Per Stock UOM),最大数量（按库存单位）,
Max Sample Quantity,最大樣品量,
Max Score,最高分數,
Max discount allowed for item: {0} is {1}%,{0}允許的最大折扣：{1}％,
Max: {0},最大數量：{0},
Maximum Invoice Amount,最大發票額,
Maximum Net Rate,最高净费率,
Maximum Payment Amount,最大付款金额,
Maximum Samples - {0} can be retained for Batch {1} and Item {2}.,可以為批次{1}和項目{2}保留最大樣本數量{0}。,
Maximum Samples - {0} have already been retained for Batch {1} and Item {2} in Batch {3}.,批次{1}和批次{3}中的項目{2}已保留最大樣本數量{0}。,
Maximum Use,最大使用量,
Maximum Value,最大值,
Maximum discount for Item {0} is {1}%,第{0}項的最大折扣為{1}％,
Maximum quantity scanned for item {0}.,已扫描物料{0}的最大数量,
Maximum sample quantity that can be retained,可以保留的最大樣品數量,
Medium,中等,
Mention Valuation Rate in the Item master.,物料主数据中的提及评估率。,
Mention if non-standard Receivable account,若使用非标准应收账户需注明,
Mention if non-standard payable account,如果非標準應付帳款提到,
Mention if non-standard receivable account applicable,何況，如果不規範應收帳款適用,
Merge,合併,
Merge Account,合併科目,
Merge Invoices Based On,合并发票依据,
Merge Progress,合并进度,
Merge Similar Account Heads,合并相似账户科目,
Merge taxes from multiple documents,合并多单据的税款,
Merge with Existing Account,與現有科目合併,
Merge with existing,合并到现有,
Merged,已合并,
"Merging is only possible if following properties are same in both records. Is Group, Root Type, Company and Account Currency",合并要求两条记录的以下属性相同：是否组、根类型、公司和账户货币,
Merging {0} of {1},正在合并{1}的{0},
Message,消息,
Message Examples,消息示例,
Message Sent,發送訊息,
Message for Supplier,消息供應商,
Message to show,信息顯示,
Message will be sent to the users to get their status on the Project,消息将发送给用户以获取其在项目中的状态,
Messages greater than 160 characters will be split into multiple messages,大於160個字元的訊息將被分割成多個訊息送出,
Middle Income,中等收入,
Middle Name,中間名字,
Min Amount,最低金额,
Min Amt,Min Amt,
Min Amt can not be greater than Max Amt,Min Amt不能大于Max Amt,
Min Grade,最小成績,
Min Order Qty,最小訂貨量,
Min Qty,最小數量,
Min Qty (As Per Stock UOM),最小数量（按库存单位）,
Min Qty can not be greater than Max Qty,最小數量不能大於最大數量,
Min Qty should be greater than Recurse Over Qty,最小数量应大于递归数量,
Minimum Invoice Amount,最小發票金額,
Minimum Lead Age (Days),最低鉛年齡（天）,
Minimum Net Rate,最低净费率,
Minimum Order Qty,最低起訂量,
Minimum Order Quantity,最小起訂量,
Minimum Payment Amount,最小付款金额,
Minimum Qty,最低数量,
Minimum Total Spent,最低總支出,
Minimum Value,最小值,
Minimum quantity should be as per Stock UOM,最小数量应按照库存单位,
Minute,分鐘,
Minutes,分钟,
Miscellaneous Expenses,雜項開支,
Mismatch,不匹配,
Missing,缺失,
Missing Account,帐户遗失,
Missing Asset,缺少资产,
Missing Cost Center,缺少成本中心,
Missing Default in Company,公司缺少默认值,
Missing Finance Book,缺少财务账簿,
Missing Finished Good,缺少成品,
Missing Formula,缺少公式,
Missing Item,缺少物料,
Missing Items,缺少物料项,
Missing Payments App,缺少支付应用,
Missing Serial No Bundle,缺少序列号包,
Missing Values Required,缺少必填值,
Missing email template for dispatch. Please set one in Delivery Settings.,缺少發送的電子郵件模板。請在“傳遞設置”中設置一個。,
Missing value,缺失值,
Mixed Conditions,混合条件,
Mobile,移動,
Mobile No,手机号码,
Mobile Number,手機號碼,
Mobile: ,手机：,
Mode Of Payment,付款方式,
Mode of Payment,付款方式,
Mode of Payment Account,支付帳戶模式,
Mode of Payments,付款方式,
Model,模型,
Modes of Payment,付款方式,
Modified By,修改人,
Modified On,修改日期,
Monday,周一,
Monitor Progress,監視進度,
Monitor for Last 'X' days,监控最近'X'天,
Monitoring Frequency,监测频率,
Month,月,
Month(s) after the end of the invoice month,發票月份結束後的月份,
Monthly,每月,
Monthly Completed Work Orders,每月完成的工作单,
Monthly Distribution,月度分佈,
Monthly Distribution Percentage,每月分配比例,
Monthly Distribution Percentages,每月分佈百分比,
Monthly Quality Inspections,每月质量检查,
Monthly Rate,月费,
Monthly Sales Target,每月銷售目標,
Monthly Total Work Orders,每月总工单,
Months,月数,
More Info,更多訊息,
More Information,更多信息,
More details,更多信息,
More/Less than 12 months.,超过/不足12个月,
Move,移动,
Move Item,移動項目,
Move Stock,库存调拨,
Move to Cart,加入购物车,
Movement,库存移动,
Moving Average,移動平均線,
Moving up in tree ...,在树状结构中上移...,
Multi Currency,多幣種,
Multi-level BOM Creator,多层物料清单生成器,
Multiple Loyalty Programs found for Customer {}. Please select manually.,发现客户{}存在多个忠诚度计划，请手动选择,
"Multiple Price Rules exists with same criteria, please resolve conflict by assigning priority. Price Rules: {0}",海報價格規則，同樣的標準存在，請通過分配優先解決衝突。價格規則：{0},
Multiple Tier Program,多層計劃,
Multiple Variants,多種變體,
Multiple Warehouse Accounts,多仓库科目,
Multiple fiscal years exist for the date {0}. Please set company in Fiscal Year,多個會計年度的日期{0}存在。請設置公司財年,
Multiple items cannot be marked as finished item,多个物料不能同时标记为成品,
Must be Whole Number,必須是整數,
Must be a publicly accessible Google Sheets URL and adding Bank Account column is necessary for importing via Google Sheets,必须是可公开访问的Google表格URL，且需添加银行账户列以便通过Google表格导入,
Mute Email,靜音電子郵件,
My Profile,我的档案,
My Settings,我的设置,
N/A,N / A,
Name,名称,
Name and Employee ID,姓名和僱員ID,
Name of Beneficiary,受益人姓名,
Name of new Account. Note: Please don't create accounts for Customers and Suppliers,新帳戶的名稱。注：請不要創建帳戶的客戶和供應商,
Name of the Monthly Distribution,每月分配的名稱,
Named Place,指定地点,
Naming Series,命名序列,
Naming Series Prefix,命名系列前綴,
Naming Series and Price Defaults,命名规则与价格默认值,
Naming Series is mandatory,命名规则为必填项,
Natural Gas,天然氣,
Needs Analysis,需求分析,
Negative Batch Quantity,负批次数量,
Negative Quantity is not allowed,負數量是不允許,
Negative Valuation Rate is not allowed,負面評價率是不允許的,
Negotiation/Review,談判/評論,
Net Amount,淨額,
Net Amount (Company Currency),淨金額（公司貨幣）,
Net Asset value as on,淨資產值作為,
Net Cash from Financing,從融資淨現金,
Net Cash from Investing,從投資淨現金,
Net Cash from Operations,從運營的淨現金,
Net Change in Accounts Payable,應付帳款淨額變化,
Net Change in Accounts Receivable,應收帳款淨額變化,
Net Change in Cash,現金淨變動,
Net Change in Equity,在淨資產收益變化,
Net Change in Fixed Asset,在固定資產淨變動,
Net Change in Inventory,在庫存淨變動,
Net Hour Rate,淨小時率,
Net Profit,净利,
Net Profit/Loss,净利润/亏损,
Net Purchase Amount,采购净额,
Net Rate,淨費率,
Net Rate (Company Currency),淨利率（公司貨幣）,
Net Total,總淨值,
Net Total (Company Currency),總淨值（公司貨幣）,
Net Weight,淨重,
Net Weight UOM,淨重計量單位,
Net total calculation precision loss,净总计计算精度损失,
New,新建,
New Account Name,新帳號名稱,
New Asset Value,新資產價值,
New Assets (This Year),新资产（今年）,
New BOM,新的物料清單,
New Balance In Account Currency,账户币种新余额,
New Balance In Base Currency,基礎貨幣的新平衡,
New Batch ID (Optional),新批號（可選）,
New Batch Qty,新批量,
New Company,新公司,
New Cost Center Name,新的成本中心名稱,
New Customer Revenue,新客戶收入,
New Customers,新客戶,
New Department,新部門,
New Employee,新員工,
New Event,新建事件,
New Exchange Rate,新匯率,
New Expenses,新的費用,
New Income,新的收入,
New Location,新位置,
New Note,新建备注,
New Purchase Invoice,新购买发票,
New Purchase Orders,新的採購訂單,
New Quality Procedure,新的质量程序,
New Quotations,新報價,
New Sales Invoice,新的銷售發票,
New Sales Orders,新的銷售訂單,
New Sales Person Name,新銷售人員的姓名,
New Serial No cannot have Warehouse. Warehouse must be set by Stock Entry or Purchase Receipt,新的序列號不能有倉庫。倉庫必須由存貨分錄或採購入庫單進行設定,
New Task,新建任务,
New Version,新版本,
New Warehouse Name,新倉庫名稱,
New Workplace,新工作空間,
New credit limit is less than current outstanding amount for the customer. Credit limit has to be atleast {0},新的信用額度小於當前餘額為客戶著想。信用額度是ATLEAST {0},
New invoices will be generated as per schedule even if current invoices are unpaid or past due date,即使当前发票未付款或过期，也会按照计划生成新发票,
New release date should be in the future,新的发布日期应该是将来的,
New task,新任務,
New {0} pricing rules are created,创建新的{0}定价规则,
Next,下一步,
Next Depreciation Date,接下來折舊日期,
Next Due Date,下一個到期日,
Next email will be sent on:,接下來的電子郵件將被發送：,
No,否,
No Account matched these filters: {},没有帐户符合这些过滤条件：{},
No Action,没有行动,
No Answer,未答复,
No Customer found for Inter Company Transactions which represents company {0},找不到代表公司{0}的公司间交易的客户,
No Customers found with selected options.,按所选条件未找到客户,
No Data,无数据,
No Delivery Note selected for Customer {},沒有為客戶{}選擇送貨單,
No Item with Barcode {0},沒有條碼{0}的品項,
No Item with Serial No {0},沒有序號{0}的品項,
No Items selected for transfer.,未选择待转移物料,
No Items with Bill of Materials to Manufacture,不與物料清單的項目，以製造,
No Items with Bill of Materials.,没有物料清单的物品。,
No Matching Bank Transactions Found,未找到匹配的银行交易,
No Notes,无备注,
No Outstanding Invoices found for this party,未找到该交易方的未结发票,
No POS Profile found. Please create a New POS Profile first,未找到POS配置，请先创建新POS配置,
No Permission,無權限,
No Records for these settings.,此设置下无记录,
No Remarks,暫無產品說明,
No Serial / Batches are available for return,无可用退换货的序列号/批次,
No Stock Available Currently,当前无可用库存,
No Summary,无摘要,
No Supplier found for Inter Company Transactions which represents company {0},找不到代表公司{0}的公司间交易的供应商,
No Tax Withholding data found for the current posting date.,当前过账日期未找到代扣税数据,
No Terms,无条款,
No Unreconciled Invoices and Payments found for this party and account,未找到该交易方和账户的未对账发票及付款,
No Unreconciled Payments found for this party,未找到该交易方的未对账付款,
No Work Orders were created,未创建工单,
No accounting entries for the following warehouses,沒有以下的倉庫會計分錄,
No active BOM found for item {0}. Delivery by Serial No cannot be ensured,找不到项目{0}的活动BOM。无法确保按序列号交货,
No additional fields available,无额外字段可用,
No billing email found for customer: {0},未找到客户{0}的账单邮箱,
No contacts with email IDs found.,找不到與電子郵件ID的聯繫人。,
No data for this period,此期間沒有數據,
No data found. Seems like you uploaded a blank file,未找到数据，可能上传了空白文件,
No data to export,无数据可导出,
No description given,未提供描述,
No employee was scheduled for call popup,未安排员工进行来电弹窗,
No failed logs,无失败日志,
No item available for transfer.,无可用转移物料,
No items are available in sales orders {0} for production,销售订单{0}中无可用生产物料,
No items are available in the sales order {0} for production,销售订单{0}中无可用生产物料,
No items found. Scan barcode again.,未找到任何项目。再次扫描条形码。,
No items in cart,购物车中无物料,
No items to be received are overdue,沒有收到的物品已逾期,
No matches occurred via auto reconciliation,自动对账未匹配到记录,
No material request created,沒有創建重要請求,
No more children on Left,左侧无更多子节点,
No more children on Right,右侧无更多子节点,
No of Docs,单据数量,
No of Employees,员工数量,
No of Interactions,沒有相互作用,
No of Months (Expense),月数（费用）,
No of Months (Revenue),月数（收入）,
No of Requested SMS,無的請求短信,
No of Sent SMS,沒有發送短信,
No of Shares,股份數目,
No of Visits,沒有訪問量的,
No open event,无进行中事件,
No open task,无进行中任务,
No outstanding invoices found,没有找到未完成的发票,
No outstanding invoices require exchange rate revaluation,没有未结清的发票需要汇率重估,
No outstanding {0} found for the {1} {2} which qualify the filters you have specified.,根据指定筛选条件，未找到符合的{1}{2}的未结{0},
No pending Material Requests found to link for the given items.,找不到針對給定項目鏈接的待處理物料請求。,
No primary email found for customer: {0},未找到客户{0}的主邮箱,
No products found.,找不到產品。,
No recent transactions found,未找到近期交易,
No record found,沒有資料,
No records found in Allocation table,分配表中无记录,
No records found in the Invoices table,发票表中无记录,
No records found in the Payments table,付款表中无记录,
No stock transactions can be created or modified before this date.,此日期前不可创建或修改库存交易,
No values,没有价值,
No {0} Accounts found for this company.,本公司未找到{0}科目,
No {0} found for Inter Company Transactions.,Inter公司沒有找到{0}。,
No.,编号,
No. of Employees,员工人数,
No. of parallel job cards which can be allowed on this workstation. Example: 2 would mean this workstation can process production for two Work Orders at a time.,本工作站允许的并行作业卡数量。例如：2表示该工作站可同时处理两个工单的生产,
Non Conformance,不合格,
Non Profit,非營利,
Non stock items,非库存物品,
None,无,
None of the items have any change in quantity or value.,沒有一個項目無論在數量或價值的任何變化。,
Nos,NOS,
Not Allowed,不允许,
Not Applicable,不適用,
Not Available,不可用,
Not Billed,不發單,
Not Delivered,未交付,
Not Permitted,不允许,
Not Specified,未标明,
Not Started,未啟動,
Not active,未激活,
Not allow to set alternative item for the item {0},不允許為項目{0}設置替代項目,
Not allowed to create accounting dimension for {0},不允许为{0}创建会计维度,
Not allowed to update stock transactions older than {0},不允許更新比{0}舊的庫存交易,
Not authorized to edit frozen Account {0},無權修改凍結帳戶{0},
Not authroized since {0} exceeds limits,不允許因為{0}超出範圍,
Not in Stock,沒存貨,
Not in stock,没存货,
Not permitted,不允许,
Note,备注,
Note: Automatic log deletion only applies to logs of type <i>Update Cost</i>,注：自动日志删除仅适用于<i>更新成本</i>类型的日志,
Note: Email will not be sent to disabled users,注意：電子郵件將不會被發送到被禁用的用戶,
Note: Item {0} added multiple times,注意：项目{0}被多次添加,
Note: Payment Entry will not be created since 'Cash or Bank Account' was not specified,注：付款項將不會被創建因為“現金或銀行科目”未指定,
Note: This Cost Center is a Group. Cannot make accounting entries against groups.,注：該成本中心是一個集團。不能讓反對團體的會計分錄。,
"Note: To merge the items, create a separate Stock Reconciliation for the old item {0}",注：要合并物料，请为旧物料{0}创建单独的库存对账,
Note: {0},注： {0},
Notes,筆記,
Notes HTML,备注HTML,
Notes: ,注意事项：,
Nothing is included in gross,毛不包含任何内容,
Nothing more to show.,沒有更多的表現。,
Notice (days),通告（天）,
Notify Customers via Email,通過電子郵件通知客戶,
Notify Employee,通知員工,
Notify Other,通知其他,
Notify Reposting Error to Role,向角色通知重新过账错误,
Notify Supplier,通知供應商,
Notify Via Email,通过电子邮件通知,
Notify by Email on Creation of Automatic Material Request,通过电子邮件通知创建自动物料请求,
Notify customer and agent via email on the day of the appointment.,在约会当天通过电子邮件通知客户和代理商。,
Number of Columns,列数,
Number of Concurrent Appointments,并发预约数,
Number of Days,天数,
Number of Interaction,交互次數,
Number of Order,訂購數量,
Number of columns for this section. 3 cards will be shown per row if you select 3 columns.,此部分的列数。如果选择3列，每行将显示3张卡片。,
Number of days after invoice date has elapsed before canceling subscription or marking subscription as unpaid,在取消訂閱或將訂閱標記為未付之前，發票日期之後的天數已過,
Number of days appointments can be booked in advance,可以提前预约的天数,
Number of days that the subscriber has to pay invoices generated by this subscription,用戶必須支付此訂閱生成的發票的天數,
"Number of intervals for the interval field e.g if Interval is 'Days' and Billing Interval Count is 3, invoices will be generated every 3 days",間隔字段的間隔數，例如，如果間隔為&#39;天數&#39;並且計費間隔計數為3，則會每3天生成一次發票,
"Number of new Account, it will be included in the account name as a prefix",新帳號的數量，將作為前綴包含在帳號名稱中,
"Number of new Cost Center, it will be included in the cost center name as a prefix",新成本中心的數量，它將作為前綴包含在成本中心名稱中,
Numeric,数值型,
Numeric Inspection,数值检测,
Numeric Values,數字值,
Numero has not set in the XML file,Numero尚未在XML文件中设置,
O+,O +,
O-,O-,
Objective,目的,
Objectives,目标,
Odometer Value (Last),里程表值（最後）,
Off,关闭,
Offer Date,到職日期,
Office Equipments,辦公設備,
Office Maintenance Expenses,Office維護費用,
Office Rent,辦公室租金,
Offsetting Account,抵销科目,
Offsetting for Accounting Dimension,会计维度抵销,
Old Parent,舊上級,
Oldest Of Invoice Or Advance,最早发票或预付款,
On Converting Opportunity,转换机会,
On Hold,等候接聽,
On Hold Since,暂停后,
On Item Quantity,关于物品数量,
On Net Total,在總淨,
On Paid Amount,基于已付金额,
On Previous Row Amount,在上一行金額,
On Previous Row Total,在上一行共,
On Purchase Order Submission,提交采购订单时,
On Sales Order Submission,提交销售订单,
On Task Completion,完成任务,
On This Date,在此日期,
On Track,正常进行,
On enabling this cancellation entries will be posted on the actual cancellation date and reports will consider cancelled entries as well,启用后，取消分录将在实际取消日期过账，报表将包含已取消分录,
"On expanding a row in the Items to Manufacture table, you'll see an option to 'Include Exploded Items'. Ticking this includes raw materials of the sub-assembly items in the production process.",展开待生产物料表格行时，将显示'包含展开项'选项。勾选后将在生产过程中包含子装配件的原材料,
"On submission of the stock transaction, system will auto create the Serial and Batch Bundle based on the Serial No / Batch fields.",提交库存交易时，系统将根据序列号/批次字段自动创建序列号和批次组合,
On {0} Creation,在{0}创建时,
On-machine press checks,机上印刷检查,
"Once set, this invoice will be on hold till the set date",一旦設置，該發票將被保留至設定的日期,
Once the Work Order is Closed. It can't be resumed.,工单关闭后将无法恢复,
One customer can be part of only single Loyalty Program.,一個客戶只能參與一個忠誠度計劃。,
Ongoing Job Cards,持续的工作卡,
Only 'Payment Entries' made against this advance account are supported.,仅支持针对本预支账户的付款凭证,
Only CSV and Excel files can be used to for importing data. Please check the file format you are trying to upload,仅支持CSV和Excel文件格式导入数据，请检查上传文件格式,
Only Deduct Tax On Excess Amount ,仅对超额部分扣税,
Only Include Allocated Payments,仅包含已分配付款,
Only Parent can be of type {0},只有上级可以是{0}类型,
Only applies for Normal Payments,仅适用于正常付款,
Only existing assets,仅现有资产,
Only leaf nodes are allowed in transaction,只有葉節點中允許交易,
Only one {0} entry can be created against the Work Order {1},每个工单{1}仅能创建一个{0}条目,
Only show Customer of these Customer Groups,仅显示这些客户组的客户,
Only show Items from these Item Groups,仅显示这些项目组中的项目,
"Only values between [0,1) are allowed. Like {0.00, 0.04, 0.09, ...}
Ex: If allowance is set at 0.07, accounts that have balance of 0.07 in either of the currencies will be considered as zero balance account","仅允许 [0,1) 之间的值。例如 {0.00, 0.04, 0.09, ...}
例如：如果限额设置为 0.07，则任一货币余额为 0.07 的账户将被视为零余额账户",
Only {0} are supported,仅支持{0},
Open,打开,
Open Activities HTML,打开活动HTML,
Open BOM {0},開放BOM {0},
Open Call Log,打开通话记录,
Open Contact,打开联系,
Open Event,打开事件,
Open Events,打开事件,
Open Form View,打开表单视图,
Open Issues,開放式問題,
Open Issues ,待处理问题,
Open Item {0},打開項目{0},
Open Notifications,打開通知,
Open Projects,打開項目,
Open Projects ,打开项目,
Open Quotations,打開報價單,
Open Sales Orders,打开销售订单,
Open Task,打开任务,
Open Tasks,打开任务,
Open To Do,開做,
Open To Do ,打开代办事项,
Open Work Order {0},打开工单{0},
Open Work Orders,打開工作訂單,
Open a new ticket,打開一張新票,
Opening,開盤,
Opening (Cr),開啟（Cr ）,
Opening (Dr),開啟（Dr）,
Opening Accumulated Depreciation,打開累計折舊,
Opening Accumulated Depreciation must be less than or equal to {0},期初累计折旧必须小于等于{0},
Opening Amount,期初金额,
Opening Balance,期初余额,
Opening Balance Details,期初余额明细,
Opening Balance Equity,期初餘額權益,
Opening Date,開幕日期,
Opening Entry,開放報名,
Opening Entry can not be created after Period Closing Voucher is created.,创建期间结账凭证后不可创建期初凭证,
Opening Invoice Creation In Progress,进行中的开立发票创建,
Opening Invoice Creation Tool,打開發票創建工具,
Opening Invoice Creation Tool Item,打開發票創建工具項目,
Opening Invoice Item,打開發票項目,
"Opening Invoice has rounding adjustment of {0}.<br><br> '{1}' account is required to post these values. Please set it in Company: {2}.<br><br> Or, '{3}' can be enabled to not post any rounding adjustment.",期初发票存在{0}的舍入调整。<br><br>需设置'{1}'科目以过账这些值，请在公司{2}中设置。<br><br>或启用'{3}'以不过账任何舍入调整,
Opening Invoices,打開發票,
Opening Invoices Summary,打開發票摘要,
Opening Number of Booked Depreciations,期初已计提折旧次数,
Opening Purchase Invoices have been created.,已创建期初采购发票,
Opening Qty,開放數量,
Opening Sales Invoices have been created.,已创建期初销售发票,
Opening Stock,打開庫存,
Opening Time,開放時間,
Opening Value,開度值,
Operating Cost,營業成本,
Operating Cost (Company Currency),營業成本（公司貨幣）,
Operating Cost Per BOM Quantity,单位BOM数量运营成本,
Operating Cost as per Work Order / BOM,根据工单/物料单的运营成本,
Operating Cost(Company Currency),營業成本（公司貨幣）,
Operating Costs,運營成本,
Operation,操作,
Operation Cost,運營成本,
Operation Description,操作說明,
Operation ID,操作编号,
Operation Id,操作ID,
Operation Row Number,操作行号,
Operation Time,操作時間,
Operation Time must be greater than 0 for Operation {0},運行時間必須大於0的操作{0},
Operation completed for how many finished goods?,操作完成多少成品？,
Operation time does not depend on quantity to produce,工序时间与生产数量无关,
Operation {0} added multiple times in the work order {1},操作{0}已在工作订单{1}中多次添加,
Operation {0} does not belong to the work order {1},操作{0}不属于工作订单{1},
"Operation {0} longer than any available working hours in workstation {1}, break down the operation into multiple operations",操作{0}比任何可用的工作時間更長工作站{1}，分解成運行多個操作,
Operations,操作,
Operations cannot be left blank,操作不能留空,
Operator,操作员,
Opp Count,Opp Count,
Opp/Lead %,Opp / Lead％,
Opportunities,機會,
Opportunities by lead source,鉛來源的機會,
Opportunity,機會,
Opportunity Amount,機會金額,
Opportunity Amount (Company Currency),商机金额（公司货币）,
Opportunity Date,機會日期,
Opportunity From,機會從,
Opportunity Item,項目的機會,
Opportunity Lost Reason,机会失去理智,
Opportunity Lost Reason Detail,机会丧失原因详细信息,
Opportunity Owner,商机负责人,
Opportunity Source,商机来源,
Opportunity Summary by Sales Stage,按销售阶段汇总商机,
Opportunity Type,機會型,
Opportunity Value,商机价值,
Opportunity {0} created,机会{0}已创建,
Optimize Route,優化路線,
"Optional. Sets company's default currency, if not specified.",可選。設置公司的默認貨幣，如果沒有指定。,
Optional. This setting will be used to filter in various transactions.,可選。此設置將被應用於過濾各種交易進行。,
Options,选项,
Orange,橙色,
Order Amount,订单金额,
Order By,订购依据,
Order Confirmation Date,訂單確認日期,
Order Confirmation No,訂單確認號,
Order Count,訂單數量,
Order Date,订单日期,
Order Information,訂單信息,
Order No,订单编号,
Order Qty,订货量,
Order Status,订单状态,
Order Type,訂單類型,
Order Value,訂單價值,
"Order in which sections should appear. 0 is first, 1 is second and so on.",应该出现哪些部分的顺序。 0是第一个，1是第二个，依此类推。,
Order/Quot %,訂單/報價％,
Ordered,已訂購,
Ordered Qty,訂購數量,
"Ordered Qty: Quantity ordered for purchase, but not received.",订购数量：订购数量的报价，但没有收到。,
Ordered Quantity,訂購數量,
Orders,訂單,
Organization,組織,
Organization Name,組織名稱,
Orientation,方向,
Original Item,原始項目,
Other,其他,
Other Details,其他詳細資訊,
Other Info,其他信息,
Other Settings,其他設置,
Out Qty,輸出數量,
Out Value,輸出值,
Out of AMC,出資產管理公司,
Out of Order,亂序,
Out of Stock,缺货,
Out of Warranty,超出保修期,
Out of stock,缺货,
Outgoing,發送,
Outgoing Rate,傳出率,
Outstanding,優秀,
Outstanding (Company Currency),未清金额（公司货币）,
Outstanding Amount,未償還的金額,
Outstanding Amt,優秀的金額,
Outstanding Cheques and Deposits to clear,傑出的支票及存款清除,
Outstanding for {0} cannot be less than zero ({1}),傑出的{0}不能小於零（ {1} ）,
Outward,向外,
Over Billing Allowance (%),超过结算津贴（％）,
Over Delivery/Receipt Allowance (%),超过交货/收据津贴（％）,
Over Picking Allowance,超领料容差,
Over Receipt,超收,
Over Receipt/Delivery of {0} {1} ignored for item {2} because you have {3} role.,因您具有{3}角色，物料{2}的{0} {1}超收/交付已被忽略,
Over Transfer Allowance,超调拨容差,
Over Transfer Allowance (%),超过转移津贴（％）,
Overbilling of {0} {1} ignored for item {2} because you have {3} role.,因您具有{3}角色，物料{2}的{0} {1}超计费已被忽略,
Overbilling of {} ignored because you have {} role.,因您具有{}角色，{}超计费已被忽略,
Overdue,過期的,
Overdue Days,逾期,
Overdue Payment,逾期付款,
Overdue Payments,逾期付款项,
Overdue Tasks,逾期任务,
Overdue and Discounted,逾期和折扣,
Overlap in scoring between {0} and {1},{0}和{1}之間的得分重疊,
Overlapping conditions found between:,存在重疊的條件：,
Overproduction Percentage For Sales Order,銷售訂單超額生產百分比,
Overproduction Percentage For Work Order,工作訂單的生產率過高百分比,
Overproduction for Sales and Work Order,销售和工单的生产过剩,
Overview,概览,
Owned,擁有的,
Owner,所有者,
PAN No,PAN号,
PDF Name,PDF名称,
PIN,銷,
PMO-,PMO-,
PO Supplied Item,PO提供的物品,
PO-JOB.#####,PO-JOB。#####,
POS,POS,
POS Closing Entry,POS结账单,
POS Closing Entry Detail,POS关闭输入明细,
POS Closing Entry Taxes,POS结关进项税,
POS Closing Failed,销售点结算失败,
POS Closing failed while running in a background process. You can resolve the {0} and retry the process again.,后台进程运行期间销售点结算失败。请解决{0}后重试,
POS Customer Group,POS客戶群,
POS Field,POS场,
POS Invoice,POS发票,
POS Invoice Item,POS发票项目,
POS Invoice Merge Log,POS发票合并日志,
POS Invoice Reference,POS发票参考,
POS Invoice is already consolidated,销售点发票已合并,
POS Invoice is not submitted,销售点发票未提交,
POS Invoice isn't created by user {},POS发票不是由用户{}创建的,
POS Invoice should have the field {0} checked.,销售点发票应勾选字段{0},
POS Invoices,POS发票,
POS Invoices will be consolidated in a background process,销售点发票将在后台进程合并,
POS Invoices will be unconsolidated in a background process,销售点发票将在后台进程解除合并,
POS Item Group,POS項目組,
POS Opening Entry,POS入口条目,
POS Opening Entry Detail,POS入口条目详细信息,
POS Payment Method,POS付款方式,
POS Profile,POS簡介,
POS Profile User,POS配置文件用戶,
POS Profile doesn't match {},销售点配置不匹配{},
POS Profile required to make POS Entry,所需的POS資料，使POS進入,
POS Profile {} contains Mode of Payment {}. Please remove them to disable this mode.,销售点配置{}包含付款方式{}。请移除以禁用该方式,
POS Profile {} does not belongs to company {},POS个人资料{}不属于公司{},
POS Register,POS收银机,
POS Search Fields,销售点搜索字段,
POS Setting,销售点设置,
POS Settings,POS設置,
POS Transactions,POS交易,
POS invoice {0} created succesfully,成功创建POS发票{0},
POS-CLO-,POS-CLO-,
PSOA Cost Center,PSOA成本中心,
PSOA Project,PSOA项目,
PU-SSP-.YYYY.-,PU-SSP-.YYYY.-,
PUR-ORD-.YYYY.-,PUR-ORD-.YYYY.-,
PUR-RFQ-.YYYY.-,PUR-RFQ-.YYYY.-,
PUR-SQTN-.YYYY.-,PUR-SQTN-.YYYY.-,
PZN,药品中央编号,
Package No(s) already in use. Try from Package No {0},包裹号已被使用。请从包裹号{0}开始尝试,
Package Weight Details,包裝重量詳情,
Packaging Slip From Delivery Note,交货单生成装箱单,
Packed Item,盒裝產品,
Packed Items,盒裝項目,
Packed Items cannot be transferred internally,已打包物料不可内部调拨,
Packed Qty,已打包数量,
Packing List,包裝清單,
Packing Slip,包裝單,
Packing Slip Item,包裝單項目,
Packing Slip(s) cancelled,包裝單（ S）已取消,
Packing Unit,包裝單位,
Page Break,分页符,
Page Break After Each SoA,每份对账单后分页,
Page {0} of {1},第{0}页，共{1}页,
Paid,付費,
Paid Amount,支付的金額,
Paid Amount (Company Currency),支付的金額（公司貨幣）,
Paid Amount After Tax,税后已付金额,
Paid Amount After Tax (Company Currency),税后已付金额（公司货币）,
Paid Amount cannot be greater than total negative outstanding amount {0},支付的金額不能超過總負餘額大於{0},
Paid From Account Type,付款来源账户类型,
Paid Loan,付費貸款,
Paid To Account Type,付款目标账户类型,
Paid amount + Write Off Amount can not be greater than Grand Total,支付的金額+寫的抵銷金額不能大於總計,
Pallets,托盘,
Parameter,参数,
Parameter Group,参数组,
Parameter Group Name,参数组名称,
Parameter Name,參數名稱,
Parameters,参数,
Parcel Template,包裹模板,
Parcel Template Name,包裹模板名称,
Parcel weight cannot be 0,包裹重量不可为0,
Parcels,包裹,
Parent,父级,
Parent Account,上層科目,
Parent Account Missing,上级科目缺失,
Parent Batch,上级批次,
Parent Company,母公司,
Parent Company must be a group company,母公司必须是集团公司,
Parent Cost Center,上级成本中心,
Parent Customer Group,母客戶群組,
Parent Department,家長部門,
Parent Detail docname,家長可採用DocName細節,
Parent Document,上级单据,
Parent Item,父項目,
Parent Item Group,父項目群組,
Parent Item {0} must not be a Fixed Asset,上级物料{0}不能为固定资产,
Parent Item {0} must not be a Stock Item,父項{0}不能是庫存產品,
Parent Location,上级位置,
Parent Procedure,父程序,
Parent Row No,上级行号,
Parent Row No not found for {0},未找到{0}的上级行号,
Parent Sales Person,母公司銷售人員,
Parent Supplier Group,父供應商組,
Parent Task,父任務,
Parent Task {0} is not a Template Task,上级任务{0}非模板任务,
Parent Territory,家長領地,
Parent Warehouse,家長倉庫,
Parsing Error,解析错误,
Partial Material Transferred,部分物料已转移,
Partial Payment in POS Invoice is not allowed.,销售点发票不允许部分付款,
Partial Stock Reservation,部分库存保留,
Partial Success,部分成功,
"Partial stock can be reserved. For example, If you have a Sales Order of 100 units and the Available Stock is 90 units then a Stock Reservation Entry will be created for 90 units. ",可保留部分库存。例如：若销售订单为100单位，可用库存90单位，则将创建90单位的库存保留记录,
Partially Completed,部分完成,
Partially Delivered,部分交付,
Partially Depreciated,部分貶抑,
Partially Fulfilled,部分實現,
Partially Ordered,部分订购,
Partially Paid,部分付款,
Partially Received,部分收到,
Partially Reconciled,部分对账,
Partially Reserved,部分保留,
Partially ordered,偏序,
Partly Billed,天色帳單,
Partly Delivered,部分交付,
Partly Paid,部分支付,
Partly Paid and Discounted,部分支付并折让,
Partner Type,合作夥伴類型,
Partner website,合作夥伴網站,
Partnership,合伙企业,
Party,黨,
Party Account,參與者科目,
Party Account Currency,黨的科目幣種,
Party Account No. (Bank Statement),交易方账号（银行对账单）,
Party Account {0} currency ({1}) and document currency ({2}) should be same,交易方账户{0}币种（{1}）应与单据币种（{2}）一致,
Party Balance,黨平衡,
Party Bank Account,党银行账户,
Party Details,黨詳細,
Party IBAN (Bank Statement),交易方国际银行账号（银行对账单）,
Party Information,党的信息,
Party Item Code,交易方物料编码,
Party Link,交易方链接,
Party Name,方名稱,
Party Name/Account Holder (Bank Statement),交易方名称/账户持有人（银行对账单）,
Party Specific Item,交易方特定物料,
Party Type,黨的類型,
Party Type and Party can only be set for Receivable / Payable account<br><br>{0},交易方类型和交易方仅可设置应收/应付账户<br><br>{0},
Party Type and Party is mandatory for {0} account,{0}科目的參與方以及類型為必填,
Party Type and Party is required for Receivable / Payable account {0},应收/应付账户{0}必须设置交易方类型和交易方,
Party Type is mandatory,黨的類型是強制性,
Party User,派對用戶,
Party can only be one of {0},交易方只能是{0}之一,
Party is mandatory,黨是強制性,
Passed,已通过,
Passport Details,护照详情,
Passport Number,護照號碼,
Past Due Date,過去的截止日期,
Path,路徑,
Pause,暂停,
Pause Job,暂停任务,
Pause SLA On Status,暂停状态中的SLA,
Paused,已暂停,
Pay,付,
Pay To / Recd From,支付/ 接收,
Payable,支付,
Payable Account,應付帳款,
Payables,應付帳款,
Payer Settings,付款人設置,
Payment,付款,
Payment Account,付款帳號,
Payment Amount,付款金額,
Payment Amount (Company Currency),付款金额（公司货币）,
Payment Channel,付款渠道,
Payment Deductions or Loss,付款扣除或損失,
Payment Document,付款單據,
Payment Document Type,付款单据类型,
Payment Due Date,付款到期日,
Payment Entries,付款項,
Payment Entries {0} are un-linked,付款項{0}是聯合國聯,
Payment Entry,付款輸入,
Payment Entry Deduction,輸入付款扣除,
Payment Entry Reference,付款輸入參考,
Payment Entry already exists,付款項目已存在,
Payment Entry has been modified after you pulled it. Please pull it again.,付款項被修改，你把它之後。請重新拉。,
Payment Entry is already created,已創建付款輸入,
"Payment Entry {0} is linked against Order {1}, check if it should be pulled as advance in this invoice.",付款分录{0}关联订单{1}，请检查是否应作为预付款拉入本发票,
Payment Failed,支付失敗,
Payment From / To,支付自/至,
Payment Gateway,支付網關,
Payment Gateway Account,網路支付閘道科目,
"Payment Gateway Account not created, please create one manually.",支付閘道科目沒有創建，請手動創建一個。,
Payment Gateway Details,支付網關細節,
Payment Ledger,付款分类账,
Payment Ledger Balance,付款分类账余额,
Payment Ledger Entry,付款分类账分录,
Payment Limit,付款限额,
Payment Method,付款方法,
Payment Methods,支付方式,
Payment Mode,付款方式,
Payment Order,付款單,
Payment Order Reference,付款訂單參考,
Payment Order Status,付款订单状态,
Payment Order Type,付款订单类型,
Payment Ordered,付款訂購,
Payment Period Based On Invoice Date,基於發票日的付款期,
Payment Plan,付款計劃,
Payment Receipt Note,付款收貨注意事項,
Payment Received,已收到付款,
Payment Reconciliation,付款對帳,
Payment Reconciliation Allocation,付款对账分配,
Payment Reconciliation Invoice,付款發票對帳,
Payment Reconciliation Job: {0} is running for this party. Can't reconcile now.,付款对账任务：{0}正在运行，无法对账,
Payment Reconciliation Payment,付款方式付款對賬,
Payment Reconciliation Settings,付款对账设置,
Payment Reference,付款憑據,
Payment References,付款參考,
Payment Request,付錢請求,
Payment Request Outstanding,未结付款请求,
Payment Request Type,付款申請類型,
Payment Request created from Sales Order or Purchase Order will be in Draft status. When disabled document will be in unsaved state.,销售订单或采购订单生成的付款请求将处于草稿状态。禁用后单据将处于未保存状态,
Payment Request for {0},付款申請{0},
Payment Request is already created,付款请求已创建,
Payment Request took too long to respond. Please try requesting for payment again.,付款请求响应超时，请重试,
Payment Requests cannot be created against: {0},无法针对以下类型创建付款请求：{0},
Payment Schedule,付款時間表,
Payment Status,付款状态,
Payment Term,付款期限,
Payment Term Name,付款條款名稱,
Payment Term Outstanding,未结付款条款,
Payment Terms,付款條件,
Payment Terms Status for Sales Order,销售订单付款条款状态,
Payment Terms Template,付款條款模板,
Payment Terms Template Detail,付款條款模板細節,
Payment Terms from orders will be fetched into the invoices as is,订单中的付款条款将原样带入发票,
Payment Type,付款類型,
"Payment Type must be one of Receive, Pay and Internal Transfer",付款方式必須是接收之一，收費和內部轉賬,
Payment Unlink Error,付款解除关联错误,
Payment against {0} {1} cannot be greater than Outstanding Amount {2},對支付{0} {1}不能大於未償還{2},
Payment amount cannot be less than or equal to 0,付款金额不能小于或等于0,
Payment methods are mandatory. Please add at least one payment method.,付款方式是强制性的。请添加至少一种付款方式。,
Payment of {0} received successfully.,成功接收{0}付款,
Payment of {0} received successfully. Waiting for other requests to complete...,成功接收{0}付款，等待其他请求完成...,
Payment related to {0} is not completed,与{0}相关的付款尚未完成,
Payment request failed,付款请求失败,
Payment term {0} not used in {1},付款条款{0}未在{1}中使用,
Payments,付款,
Payroll Entry,工資項目,
Payroll Payable,應付職工薪酬,
Payslip,工資單,
Pending,待处理,
Pending Activities,待活動,
Pending Amount,待審核金額,
Pending Qty,待定數量,
Pending Quantity,待定数量,
Pending Review,待審核,
Pending SO Items For Purchase Request,待處理的SO項目對於採購申請,
Pending Work Order,待处理的工作单,
Pending activities for today,今天待定活動,
Pending processing,待处理,
Per Month,每月,
Per Received,每接收,
Per Transferred,每次转移,
Per Week,每個星期,
Per Year,每年,
Percentage,百分比,
Percentage (%),百分比（%）,
Percentage Allocation,百分比分配,
Percentage Allocation should be equal to 100%,百分比分配總和應該等於100%,
Percentage you are allowed to order beyond the Blanket Order quantity.,允许超出总括订单数量的订购百分比,
Percentage you are allowed to sell beyond the Blanket Order quantity.,允许超出总括订单数量的销售百分比,
Percentage you are allowed to transfer more against the quantity ordered. For example: If you have ordered 100 units. and your Allowance is 10% then you are allowed to transfer 110 units.,允许您根据订购数量转移更多的百分比。例如：如果您订购了100个单位。你的津贴是10％，那么你可以转让110个单位。,
Perception Analysis,感知分析,
Period,期間,
Period Based On,期间基于,
Period Closed,期间已关闭,
Period Closing Entry For Current Period,本期关账分录,
Period Closing Settings,期间关账设置,
Period Closing Voucher,期末券,
Period Details,期间明细,
Period End Date,期末結束日期,
Period End Date cannot be greater than Fiscal Year End Date,期间结束日期不可超过财年结束日期,
Period Name,期間名稱,
Period Score,期間得分,
Period Settings,期间设置,
Period Start Date,期間開始日期,
Period Start Date cannot be greater than Period End Date,期间开始日期不可超过结束日期,
Period Start Date must be {0},期间开始日期必须为{0},
Period To Date,当期至今,
Period based On,期间基于,
Period_from_date,期间起始日期,
Periodicity,週期性,
Permanent Address,永久地址,
Permanent Address Is,永久地址,
Perpetual inventory required for the company {0} to view this report.,公司{0}查看此报告所需的永久清单。,
Personal Details,個人資料,
Personal Email,個人電子郵件,
Petrol,汽油,
Pharmaceutical,製藥,
Phone,电话,
Phone Ext.,分机号,
Phone No,電話號碼,
Phone Number,电话号码,
Pick List,选择列表,
Pick List Incomplete,领料单未完成,
Pick List Item,选择清单项目,
Pick Manually,手动拣选,
Pick Serial / Batch Based On,按序列号/批次拣选,
Pick Serial / Batch No,拣选序列/批次号,
Picked Qty,挑选数量,
Picked Qty (in Stock UOM),已拣数量（库存单位）,
Pickup,提货,
Pickup Contact Person,提货联系人,
Pickup Date,提货日期,
Pickup Date cannot be before this day,提货日期不能早于当日,
Pickup From,提货自,
Pickup To time should be greater than Pickup From time,提货截止时间应晚于起始时间,
Pickup Type,提货类型,
Pickup from,提货起始时间,
Pickup to,提货截止时间,
Pipeline By,管道分类,
Place of Issue,簽發地點,
Plaid Access Token,格子访问令牌,
Plaid Client ID,格子客户端ID,
Plaid Environment,格子环境,
Plaid Link Failed,Plaid链接失败,
Plaid Link Refresh Required,需刷新Plaid链接,
Plaid Link Updated,Plaid链接已更新,
Plaid Secret,格子秘密,
Plaid Settings,格子设置,
Plaid transactions sync error,格子交易同步错误,
Plan,計劃,
Plan Name,計劃名稱,
Plan material for sub-assemblies,計劃材料為子組件,
Plan operations X days in advance,提前X天计划运营,
Plan time logs outside Workstation working hours,计划工作站工作时间以外的时间日志,
Plan to Request Qty,计划申请数量,
Planned,計劃,
Planned End Date,計劃的結束日期,
Planned End Time,計劃結束時間,
Planned Operating Cost,計劃運營成本,
Planned Qty,計劃數量,
"Planned Qty: Quantity, for which, Work Order has been raised, but is pending to be manufactured.",计划数量：数量，已为此工作订单提出，但尚待制造。,
Planned Quantity,計劃數量,
Planned Start Date,計劃開始日期,
Planned Start Time,計劃開始時間,
Planning,規劃,
Plans,計劃,
Plant Dashboard,工厂看板,
Plant Floor,车间现场,
Plants and Machineries,廠房和機械設備,
"Please Restock Items and Update the Pick List to continue. To discontinue, cancel the Pick List.",请重新入库并更新选择清单以继续。要中止，取消选择列表。,
Please Select a Company,请选择公司,
Please Select a Company.,请选择一个公司。,
Please Select a Customer,请选择一个客户,
Please Select a Supplier,请选择供应商,
Please Set Priority,请设置优先级,
Please Set Supplier Group in Buying Settings.,請設置供應商組購買設置。,
Please Specify Account,请指定账户,
Please add 'Supplier' role to user {0}.,请为用户{0}添加'供应商'角色,
Please add Mode of payments and opening balance details.,请添加付款方式和期初余额详细信息。,
Please add Request for Quotation to the sidebar in Portal Settings.,请在门户设置中将报价请求添加到侧边栏,
Please add Root Account for - {0},请为-{0}添加根账户,
Please add a Temporary Opening account in Chart of Accounts,請在會計科目表中添加一個臨時開戶科目,
Please add atleast one Serial No / Batch No,请至少添加一个序列号/批次号,
Please add the Bank Account column,请添加银行账户列,
Please add the account to root level Company - {0},请将账户添加至根级公司-{0},
Please add the account to root level Company - {},请将帐户添加到根级别的公司-{},
Please add {1} role to user {0}.,请为用户{0}添加{1}角色,
Please adjust the qty or edit {0} to proceed.,请调整数量或编辑{0}以继续,
Please attach CSV file,请附加CSV文件,
Please cancel and amend the Payment Entry,请取消并修改付款分录,
Please cancel payment entry manually first,请先手动取消付款分录,
Please cancel related transaction.,请取消相关交易。,
Please check Multi Currency option to allow accounts with other currency,請檢查多幣種選項，允許帳戶與其他貨幣,
Please check Process Deferred Accounting {0} and submit manually after resolving errors.,请检查处理递延会计{0}，解决错误后手动提交,
Please check either with operations or FG Based Operating Cost.,请检查工序或基于成品的运营成本,
Please check the error message and take necessary actions to fix the error and then restart the reposting again.,请检查错误信息并采取必要措施修复错误，然后重新启动重新过账,
Please check your Plaid client ID and secret values,请检查您的格子客户ID和机密值,
Please check your email to confirm the appointment,请检查您的电子邮件以确认预约,
Please click on 'Generate Schedule',請點擊“生成表”,
Please click on 'Generate Schedule' to fetch Serial No added for Item {0},請點擊“生成表”來獲取序列號增加了對項目{0},
Please click on 'Generate Schedule' to get schedule,請在“產生排程”點擊以得到排程表,
Please contact any of the following users to extend the credit limits for {0}: {1},请联系以下用户以延长{0}的信用额度：{1},
Please contact any of the following users to {} this transaction.,请联系以下用户以{}此交易,
Please contact your administrator to extend the credit limits for {0}.,请联系管理员延长{0}的信用额度,
Please convert the parent account in corresponding child company to a group account.,请将相应子公司中的母公司帐户转换为组帐户。,
Please create Customer from Lead {0}.,请根据潜在客户{0}创建客户。,
Please create Landed Cost Vouchers against Invoices that have 'Update Stock' enabled.,请对启用'更新库存'的发票创建到岸成本凭证,
Please create a new Accounting Dimension if required.,如需，请新建会计维度,
Please create purchase from internal sale or delivery document itself,请通过内部销售或交货单据创建采购,
Please create purchase receipt or purchase invoice for the item {0},請為項目{0}創建購買收據或購買發票,
"Please delete Product Bundle {0}, before merging {1} into {2}",在合并{1}到{2}前，请先删除产品套装{0},
Please do not book expense of multiple assets against one single Asset.,请勿将多个资产的费用记入单一资产,
Please do not create more than 500 items at a time,请不要一次创建超过500个项目,
Please enable Applicable on Booking Actual Expenses,請啟用適用於預訂實際費用,
Please enable Applicable on Purchase Order and Applicable on Booking Actual Expenses,請啟用適用於採購訂單並適用於預訂實際費用,
Please enable Use Old Serial / Batch Fields to make_bundle,请启用'使用旧序列/批次字段'以生成套装,
Please enable only if the understand the effects of enabling this.,仅在理解启用此功能的影响后启用,
Please enable pop-ups,请启用弹出窗口,
Please enable {0} in the {1}.,请在{1}中启用{0},
Please enable {} in {} to allow same item in multiple rows,请在{}中启用{}以允许同一物料多行显示,
Please ensure that the {0} account is a Balance Sheet account. You can change the parent account to a Balance Sheet account or select a different account.,请确保{0}账户为资产负债表账户。您可将上级账户改为资产负债表账户或选择其他账户,
Please ensure that the {0} account {1} is a Payable account. You can change the account type to Payable or select a different account.,请确保{0}账户{1}为应付账户。您可更改账户类型为应付或选择其他账户,
Please ensure {} account is a Balance Sheet account.,请确保{}账户为资产负债表账户,
Please ensure {} account {} is a Receivable account.,请确保{}账户{}为应收账户,
Please enter <b>Difference Account</b> or set default <b>Stock Adjustment Account</b> for company {0},请输入<b>差异帐户</b>或为公司{0}设置默认的<b>库存调整帐户</b>,
Please enter Account for Change Amount,對於漲跌額請輸入帳號,
Please enter Approving Role or Approving User,請輸入核准角色或審批用戶,
Please enter Cost Center,請輸入成本中心,
Please enter Delivery Date,請輸入交貨日期,
Please enter Employee Id of this sales person,請輸入這個銷售人員的員工標識,
Please enter Expense Account,請輸入您的費用科目,
Please enter Item Code to get Batch Number,請輸入產品代碼來獲得批號,
Please enter Item Code to get batch no,請輸入產品編號，以取得批號,
Please enter Item first,請先輸入品項,
Please enter Maintaince Details first,請先輸入維護細節,
Please enter Planned Qty for Item {0} at row {1},請輸入列{1}的品項{0}的計劃數量,
Please enter Preferred Contact Email,請輸入首選電子郵件聯繫,
Please enter Production Item first,請先輸入生產項目,
Please enter Purchase Receipt first,請先輸入採購入庫單,
Please enter Receipt Document,請輸入收據憑證,
Please enter Reference date,參考日期請輸入,
Please enter Reqd by Date,請輸入按日期請求,
Please enter Root Type for account- {0},请输入账户-{0}的根类型,
Please enter Serial Nos,请输入序列号,
Please enter Shipment Parcel information,请输入运输包裹信息,
Please enter Stock Items consumed during the Repair.,请输入维修期间消耗的库存物料,
Please enter Warehouse and Date,请输入仓库和日期,
Please enter Write Off Account,請輸入核銷科目,
Please enter company first,請先輸入公司,
Please enter company name first,請先輸入公司名稱,
Please enter default currency in Company Master,請在公司主檔輸入預設貨幣,
Please enter message before sending,在發送前，請填寫留言,
Please enter mobile number first.,请先输入手机号码,
Please enter parent cost center,請輸入父成本中心,
Please enter quantity for item {0},请输入物料{0}的数量,
Please enter relieving date.,請輸入解除日期。,
Please enter serial nos,请输入序列号,
Please enter the company name to confirm,请输入公司名称进行确认,
Please enter the phone number first,请先输入电话号码,
Please enter valid Financial Year Start and End Dates,請輸入有效的財政年度開始和結束日期,
Please enter valid email address,請輸入有效的電子郵件地址,
Please enter {0},请输入{0},
Please enter {0} first,請輸入{0}第一,
Please fill the Material Requests table,请填写材料申请表,
Please fill the Sales Orders table,请填写销售订单表,
"Please first set Last Name, Email and Phone for the user",请先设置用户的姓氏、电子邮件和电话,
Please fix overlapping time slots for {0},请修复{0}的时间段重叠,
Please fix overlapping time slots for {0}.,请修复{0}的时间段重叠,
Please import accounts against parent company or enable {} in company master.,请根据母公司导入账户或在主公司中启用{},
"Please keep one Applicable Charges, when 'Distribute Charges Based On' is 'Distribute Manually'. For more charges, please create another Landed Cost Voucher.",当'费用分配依据'为'手动分配'时，请保留一个适用费用。更多费用请新建到岸成本凭证,
Please make sure the employees above report to another Active employee.,请确保上述员工向另一位在职员工报告。,
Please make sure the file you are using has 'Parent Account' column present in the header.,请确保文件标题包含'上级账户'列,
Please make sure you really want to delete all the transactions for this company. Your master data will remain as it is. This action cannot be undone.,請確保你真的要刪除這家公司的所有交易。主數據將保持原樣。這個動作不能撤消。,
Please mention 'Weight UOM' along with Weight.,请同时注明'重量单位'和重量,
Please mention '{0}' in Company: {1},请在公司{1}中注明'{0}',
Please mention no of visits required,請註明無需訪問,
Please mention the Current and New BOM for replacement.,请注明要替换的当前和新的物料清单,
Please pull items from Delivery Note,請送貨單拉項目,
Please rectify and try again.,请更正后重试,
Please refresh or reset the Plaid linking of the Bank {}.,请刷新或重置银行{}的Plaid链接,
Please save before proceeding.,请先保存再继续,
Please save first,请先保存,
Please select <b>Template Type</b> to download template,请选择<b>模板类型</b>以下载模板,
Please select Apply Discount On,請選擇適用的折扣,
Please select BOM against item {0},請選擇物料{0}的物料清單,
Please select BOM for Item in Row {0},請行選擇BOM為項目{0},
Please select BOM in BOM field for Item {0},請BOM字段中選擇BOM的項目{0},
Please select Bank Account,请选择银行账户,
Please select Category first,請先選擇分類,
Please select Charge Type first,請先選擇付款類別,
Please select Company,請選擇公司,
Please select Company and Posting Date to getting entries,請選擇公司和發布日期以獲取條目,
Please select Company first,請首先選擇公司,
Please select Completion Date for Completed Asset Maintenance Log,請選擇已完成資產維護日誌的完成日期,
Please select Customer first,请先选择客户,
Please select Existing Company for creating Chart of Accounts,請選擇現有的公司創建會計科目表,
Please select Finished Good Item for Service Item {0},请为服务项{0}选择产成品,
Please select Item Code first,请先选择商品代码,
Please select Maintenance Status as Completed or remove Completion Date,請選擇維護狀態為已完成或刪除完成日期,
Please select Party Type first,請選擇黨第一型,
Please select Posting Date before selecting Party,在選擇之前，甲方請選擇發布日期,
Please select Posting Date first,請選擇發布日期第一,
Please select Price List,請選擇價格表,
Please select Qty against item {0},請選擇項目{0}的數量,
Please select Sample Retention Warehouse in Stock Settings first,請先在庫存設置中選擇樣品保留倉庫,
Please select Serial/Batch Nos to reserve or change Reservation Based On to Qty.,请选择要保留的序列/批次号或将保留依据改为数量,
Please select Start Date and End Date for Item {0},請選擇項目{0}的開始日期和結束日期,
Please select Subcontracting Order instead of Purchase Order {0},请选择委外订单而非采购订单{0},
Please select Unrealized Profit / Loss account or add default Unrealized Profit / Loss account account for company {0},请选择未实现损益账户或为公司{0}添加默认未实现损益账户,
Please select a BOM,請選擇一個物料清單,
Please select a Company,請選擇一個公司,
Please select a Company first.,请先选择一个公司。,
Please select a Customer,请选择一位客户,
Please select a Delivery Note,请选择送货单,
Please select a Subcontracting Purchase Order.,请选择委外采购订单,
Please select a Supplier,请选择供应商,
Please select a Warehouse,请选择仓库,
Please select a Work Order first.,请先选择工单,
Please select a country,请选择国家,
Please select a customer for fetching payments.,请选择客户以获取付款,
Please select a date,请选择日期,
Please select a date and time,请选择日期和时间,
Please select a default mode of payment,请选择默认付款方式,
Please select a field to edit from numpad,請選擇要從數字鍵盤編輯的字段,
Please select a row to create a Reposting Entry,请选择行以创建重新过账分录,
Please select a supplier for fetching payments.,请选择供应商以获取付款,
Please select a valid Purchase Order that has Service Items.,请选择包含服务项目的有效采购订单,
Please select a valid Purchase Order that is configured for Subcontracting.,请选择配置为委外的有效采购订单,
Please select a value for {0} quotation_to {1},請選擇一個值{0} quotation_to {1},
Please select an item code before setting the warehouse.,请先设置物料编码再设置仓库,
Please select correct account,請選擇正確的科目,
Please select date,請選擇日期,
Please select either the Item or Warehouse or Warehouse Type filter to generate the report.,请选择物料、仓库或仓库类型筛选条件以生成报表,
Please select item code,請選擇商品代碼,
Please select items to reserve.,请选择要保留的物料,
Please select items to unreserve.,请选择要取消保留的物料,
Please select only one row to create a Reposting Entry,请选择单行创建重新过账分录,
Please select rows to create Reposting Entries,请选择行以创建重新过账分录,
Please select the Company,請選擇公司,
Please select the Multiple Tier Program type for more than one collection rules.,請為多個收集規則選擇多層程序類型。,
Please select the customer.,请选择客户。,
Please select the document type first,請先選擇文檔類型,
Please select the required filters,请选择必要筛选条件,
Please select valid document type.,请选择有效单据类型,
Please select weekly off day,請選擇每週休息日,
Please select {0},請選擇{0},
Please select {0} first,請先選擇{0},
Please set 'Apply Additional Discount On',請設置“收取額外折扣”,
Please set 'Asset Depreciation Cost Center' in Company {0},請設置在公司的資產折舊成本中心“{0},
Please set 'Gain/Loss Account on Asset Disposal' in Company {0},請公司制定“關於資產處置收益/損失科目”{0},
Please set '{0}' in Company: {1},请在公司{1}设置'{0}',
Please set Account,请设置账户,
Please set Account in Warehouse {0} or Default Inventory Account in Company {1},請在倉庫{0}中設科目或在公司{1}中設置默認庫存科目,
Please set Accounting Dimension {} in {},请在{}设置会计维度{},
Please set Company,請設公司,
Please set Depreciation related Accounts in Asset Category {0} or Company {1},請設置在資產類別{0}或公司折舊相關科目{1},
Please set Email/Phone for the contact,请为联系人设置电子邮件/电话,
Please set Fiscal Code for the customer '%s',请为客户'%s'设置税号,
Please set Fiscal Code for the public administration '%s',请为公共机构'%s'设置税号,
Please set Fixed Asset Account in {} against {}.,请在{}中为{}设置固定资产账户,
Please set Opening Number of Booked Depreciations,请设置已入账折旧的期初数,
Please set Parent Row No for item {0},请设置物料{0}的上级行号,
Please set Root Type,请设置根类型,
Please set Tax ID for the customer '%s',请为客户'%s'设置税号,
Please set Unrealized Exchange Gain/Loss Account in Company {0},請在公司{0}中設置未實現的匯兌收益/損失科目,
Please set VAT Accounts in {0},请在{0}设置增值税账户,
"Please set Vat Accounts for Company: ""{0}"" in UAE VAT Settings","请在 UAE 增值税设置中设置公司的增值税账户: ""{0}""",
Please set a Company,请设置公司,
Please set a Cost Center for the Asset or set an Asset Depreciation Cost Center for the Company {},请为资产设置成本中心或为公司{}设置资产折旧成本中心,
Please set a Supplier against the Items to be considered in the Purchase Order.,请根据采购订单中要考虑的项目设置供应商。,
Please set a default Holiday List for Company {0},请为公司{0}设置默认假期列表,
Please set a default Holiday List for Employee {0} or Company {1},請設置一個默認的假日列表為員工{0}或公司{1},
Please set account in Warehouse {0},請在倉庫{0}中設置會計科目,
Please set an Address on the Company '%s',请为公司'%s'设置地址,
Please set an Expense Account in the Items table,请在物料表中设置费用账户,
Please set an email id for the Lead {0},请为潜在客户{0}设置电子邮件ID,
Please set at least one row in the Taxes and Charges Table,请在“税费和收费表”中至少设置一行,
Please set both the Tax ID and Fiscal Code on Company {0},请为公司{0}同时设置税号和财政代码,
Please set default Cash or Bank account in Mode of Payment {0},請設定現金或銀行帳戶的預設付款方式{0},
Please set default Cash or Bank account in Mode of Payment {},请在付款方式{}中设置默认的现金或银行帐户,
Please set default Cash or Bank account in Mode of Payments {},请在付款方式{}中设置默认的现金或银行帐户,
Please set default Exchange Gain/Loss Account in Company {},请在公司{}设置默认汇兑损益账户,
Please set default Expense Account in Company {0},请在公司{0}设置默认费用账户,
Please set default UOM in Stock Settings,请在“库存设置”中设置默认的UOM,
Please set default cost of goods sold account in company {0} for booking rounding gain and loss during stock transfer,请在公司{0}设置默认销售成本账户以记录库存转移中的四舍五入损益,
Please set default {0} in Company {1},請設置在默認情況下公司{0} {1},
Please set filter based on Item or Warehouse,根據項目或倉庫請設置過濾器,
Please set filters,请设置筛选条件,
Please set one of the following:,请设置以下其中一项：,
Please set recurring after saving,請設置保存後復發,
Please set the Customer Address,请设置客户地址,
Please set the Default Cost Center in {0} company.,請在{0}公司中設置默認成本中心。,
Please set the Item Code first,請先設定商品代碼,
Please set the cost center field in {0} or setup a default Cost Center for the Company.,请在{0}设置成本中心字段或为公司设置默认成本中心,
Please set up the Campaign Schedule in the Campaign {0},请在广告系列{0}中设置广告系列计划,
Please set {0},請設置{0},
Please set {0} first.,请先设置{0},
"Please set {0} for Batched Item {1}, which is used to set {2} on Submit.",请为批处理项目{1}设置{0}，该项目用于在提交时设置{2}。,
Please set {0} for address {1},请为地址{1}设置{0},
Please set {0} in BOM Creator {1},请在物料清单创建器{1}中设置{0},
Please set {0} in Company {1} to account for Exchange Gain / Loss,请在公司{1}设置{0}以核算汇兑损益,
"Please set {0} to {1}, the same account that was used in the original invoice {2}.",请将{0}设为{1}，与原发票{2}使用的账户相同,
Please setup and enable a group account with the Account Type - {0} for the company {1},请为公司{1}设置并启用账户类型为{0}的组账户,
Please share this email with your support team so that they can find and fix the issue.,请将此邮件转发给支持团队以便排查和解决问题,
Please specify,请指定,
Please specify Company,請註明公司,
Please specify Company to proceed,請註明公司以處理,
Please specify a valid Row ID for row {0} in table {1},請指定行{0}在表中的有效行ID {1},
Please specify a {0} first.,请先指定{0},
Please specify at least one attribute in the Attributes table,請指定屬性表中的至少一個屬性,
Please specify either Quantity or Valuation Rate or both,請註明無論是數量或估價率或兩者,
Please specify from/to range,請從指定/至範圍,
Please supply the specified items at the best possible rates,請在提供最好的利率規定的項目,
Please try again in an hour.,请一小时后重试,
Please update Repair Status.,请更新维修状态,
Point Of Sale,销售点,
Point of Sale,銷售點,
Policy No,政策：,
Policy number,保單號碼,
Portal,門戶,
Portal User,门户用户,
Portal Users,门户用户,
Portrait,纵向,
Possible Supplier,可能的供應商,
Post Description Key,發布說明密鑰,
Post Graduate,研究生,
Post Route Key,郵政路線密鑰,
Post Route Key List,發布路由密鑰列表,
Post Route String,郵政路線字符串,
Post Title Key,帖子標題密鑰,
Postal Code,邮政编码,
Postal Expenses,郵政費用,
Posting Date,發布日期,
Posting Date Inheritance for Exchange Gain / Loss,汇兑损益的过账日期继承,
Posting Date cannot be future date,發布日期不能是未來的日期,
Posting Datetime,过账时间,
Posting Time,登錄時間,
Posting date and posting time is mandatory,登錄日期和登錄時間是必需的,
Posting timestamp must be after {0},登錄時間戳記必須晚於{0},
Potential Sales Deal,潛在的銷售交易,
Powered by {0},由{0}驱动,
Pre Sales,售前,
Prefered Contact Email,首選聯繫郵箱,
Prefered Email,首選電子郵件,
Preference,偏愛,
Prevdoc DocType,Prevdoc的DocType,
Prevent POs,防止PO,
Prevent Purchase Orders,防止採購訂單,
Prevent RFQs,防止RFQ,
Preventive,预防,
Preventive Action,预防措施,
Preventive Maintenance,預防性的維護,
Preview,预览,
Preview Email,预览电子邮件,
Preview Required Materials,预览所需物料,
Previous Financial Year is not closed,上一財政年度未關閉,
Previous Work Experience,以前的工作經驗,
"Previous Year is not closed, please close it first",上年度未结账，请先结账,
Price,價格,
Price ({0}),价格（{0}）,
Price Discount Scheme,价格折扣计划,
Price Discount Slabs,价格折扣板,
Price List,價格表,
Price List Country,價目表國家,
Price List Currency,價格表之貨幣,
Price List Currency not selected,尚未選擇價格表之貨幣,
Price List Defaults,价格表默认值,
Price List Exchange Rate,價目表匯率,
Price List Name,價格列表名稱,
Price List Rate,價格列表費率,
Price List Rate (Company Currency),價格列表費率（公司貨幣）,
Price List must be applicable for Buying or Selling,價格表必須適用於購買或出售,
Price List {0} is disabled or does not exist,價格表{0}禁用或不存在,
Price Not UOM Dependent,价格不是UOM依赖,
Price Per Unit ({0}),单价（{0}）,
Price is not set for the item.,未设置物料价格,
Price not found for item {0} in price list {1},价格表{1}中的商品{0}找不到价格,
Price or Product Discount,价格或产品折扣,
Price or product discount slabs are required,价格或产品折扣板是必需的,
Price per Unit (Stock UOM),单价（库存单位）,
Pricing,價錢,
Pricing Rule,定價規則,
Pricing Rule Brand,定价规则品牌,
Pricing Rule Detail,定价规则细节,
Pricing Rule Help,定價規則說明,
Pricing Rule Item Code,定价规则项目代码,
Pricing Rule Item Group,定价规则项目组,
"Pricing Rule is first selected based on 'Apply On' field, which can be Item, Item Group or Brand.",基於“適用於”欄位是「項目」，「項目群組」或「品牌」，而選擇定價規則。,
"Pricing Rule is made to overwrite Price List / define discount percentage, based on some criteria.",定價規則是由覆蓋價格表/定義折扣百分比，基於某些條件。,
Pricing Rule {0} is updated,定价规则{0}已更新,
Pricing Rules,定价规则,
Pricing Rules are further filtered based on quantity.,定價規則進一步過濾基於數量。,
Primary Address,主要地址,
Primary Address Details,主要地址詳情,
Primary Address and Contact,主要地址和联系方式,
Primary Contact,主要联系人,
Primary Contact Details,主要聯繫方式,
Primary Contact Email,主要联系人电子邮件,
Primary Party,主要政党,
Primary Role,主要角色,
Primary Settings,主要設置,
Print,打印,
Print Format,打印格式,
Print Heading,列印標題,
Print IRS 1099 Forms,打印IRS 1099表格,
Print Language,打印語言,
Print Preferences,打印首选项,
Print Receipt,打印收据,
Print Receipt on Order Complete,订单完成时打印收据,
Print Settings,打印设置,
Print UOM after Quantity,数量后打印UOM,
Print Without Amount,列印表單時不印金額,
Print and Stationery,打印和文具,
Print settings updated in respective print format,打印設置在相應的打印格式更新,
Print taxes with zero amount,打印零金額的稅,
Printed On ,印在,
Printed on {0},打印于{0},
Printing Details,印刷詳情,
Printing Settings,列印設定,
Priorities,优先级,
Priority,优先级,
Priority cannot be lesser than 1.,优先级不能小于1,
Priority has been changed to {0}.,优先级已更改为{0}。,
Priority is mandatory,优先级为必填项,
Priority {0} has been repeated.,优先级{0}已重复。,
Probability,可能性,
Probability (%),概率（％）,
Problem,问题,
Procedure,程序,
Process Deferred Accounting,递延会计处理,
Process Description,进度解析,
Process Loss,加工损耗,
Process Loss Percentage cannot be greater than 100,加工损耗百分比不能超过100,
Process Loss Qty,加工损耗数量,
Process Loss Report,加工损耗报告,
Process Loss Value,加工损耗价值,
Process Owner,流程负责人,
Process Owner Full Name,流程所有者全名,
Process Payment Reconciliation,处理付款对账,
Process Payment Reconciliation Log,处理付款对账日志,
Process Payment Reconciliation Log Allocations,处理付款对账日志分配,
Process Statement Of Accounts,流程帐目表,
Process Statement Of Accounts CC,处理抄送账户对账单,
Process Statement Of Accounts Customer,流程帐目客户,
Process Subscription,处理订阅,
Process in Single Transaction,在单事务中处理,
Processed BOMs,已处理物料清单,
Processes,流程,
Processing Sales! Please Wait...,正在处理销售！请稍候...,
Processing XML Files,处理XML文件,
Procurement,採購,
Procurement Tracker,采购跟踪器,
Produce Qty,产生数量,
Produced,生產,
Produced / Received Qty,已生产/已接收数量,
Produced Qty,生產數量,
Produced Quantity,生產的產品數量,
Product,產品,
Product Bundle,產品包,
Product Bundle Balance,产品包余额,
Product Bundle Help,產品包幫助,
Product Bundle Item,產品包項目,
Product Discount Scheme,产品折扣计划,
Product Discount Slabs,产品折扣板,
Product Enquiry,產品查詢,
Product Price ID,产品价格ID,
Production,生產,
Production Analytics,生產Analytics（分析）,
Production Item,生產項目,
Production Plan,生產計劃,
Production Plan Already Submitted,生产计划已提交,
Production Plan Item,生產計劃項目,
Production Plan Item Reference,生产计划项引用,
Production Plan Material Request,生產計劃申請材料,
Production Plan Material Request Warehouse,生产计划物料申请仓库,
Production Plan Qty,生产计划数量,
Production Plan Sales Order,生產計劃銷售訂單,
Production Plan Sub Assembly Item,生产计划子装配项,
Production Plan Sub-assembly Item,生产计划子装配项,
Production Plan Summary,生产计划摘要,
Production Planning Report,生产计划报告,
Products,產品,
Profile,輪廓,
Profit & Loss,收益與損失,
Profit This Year,今年获利,
Profit and Loss,損益,
Profit and Loss Statement,損益表,
Profit and Loss Summary,损益汇总,
Profit for the year,年度利潤,
Profitability Analysis,盈利能力分析,
Progress,进度,
Progress % for a task cannot be more than 100.,為任務進度百分比不能超過100個。,
Progress (%),进度（%）,
Project,项目,
Project Billing Summary,项目开票摘要,
Project Collaboration Invitation,項目合作邀請,
Project Id,項目編號,
Project Name,專案名稱,
Project Progress:,项目进度：,
Project Start Date,專案開始日期,
Project Status,項目狀態,
Project Summary,项目总结,
Project Summary for {0},{0}的项目摘要,
Project Template,项目模板,
Project Template Task,项目模板任务,
Project Type,專案類型,
Project Update,項目更新,
Project Update.,項目更新。,
Project User,項目用戶,
Project Value,專案值,
Project activity / task.,專案活動／任務。,
Project master.,專案主持。,
Project will be accessible on the website to these users,項目將在網站向這些用戶上訪問,
Project wise Stock Tracking,項目明智的庫存跟踪,
Project-wise data is not available for Quotation,項目明智的數據不適用於報價,
Projected,預計,
Projected Qty,預計數量,
Projected Quantity,预计数量,
Projected Quantity Formula,预计数量公式,
Projected Quantity as Source,預計庫存量的來源,
Projected qty,预期可用数量,
Projects,專案,
Projects Manager,項目經理,
Projects Settings,項目設置,
Projects User,項目用戶,
Promotional,促销性,
Promotional Scheme,促销计划,
Promotional Scheme Id,促销计划ID,
Promotional Scheme Price Discount,促销计划价格折扣,
Promotional Scheme Product Discount,促销计划产品折扣,
Prompt Qty,即时数量,
Proposal Writing,提案寫作,
Proposal/Price Quote,提案/報價,
Prorate,按比例分配,
Prospect,潜在客户,
Prospect Lead,潜在客户线索,
Prospect Opportunity,潜在商机,
Prospect Owner,潜在客户负责人,
Prospect {0} already exists,潜在客户{0}已存在,
Prospecting,勘探,
Prospects Engaged But Not Converted,展望未成熟,
Provide Email Address registered in company,提供公司註冊郵箱地址,
Provider,供应商,
Providing,提供,
Provisional Account,暂记账户,
Provisional Expense Account,暂记费用科目,
Provisional Profit / Loss (Credit),臨時溢利/（虧損）（信用）,
Publications,出版物,
Publish Date,发布日期,
Published Date,发布日期,
Publisher,发布者,
Publisher ID,发布者ID,
Purchase,採購,
Purchase Amount,購買金額,
Purchase Analytics,採購分析,
Purchase Date,購買日期,
Purchase Defaults,購買默認值,
Purchase Details,采购明细,
Purchase Invoice,採購發票,
Purchase Invoice Advance,購買發票提前,
Purchase Invoice Item,採購發票項目,
Purchase Invoice Trends,購買發票趨勢,
Purchase Invoice cannot be made against an existing asset {0},无法针对现有资产{0}生成采购发票,
Purchase Invoice {0} is already submitted,採購發票{0}已經提交,
Purchase Invoices,购买发票,
Purchase Manager,采购经理,
Purchase Master Manager,采购主数据管理员,
Purchase Order,採購訂單,
Purchase Order Amount,采购订单金额,
Purchase Order Amount(Company Currency),采购订单金额（公司货币）,
Purchase Order Analysis,采购订单分析,
Purchase Order Date,采购订单日期,
Purchase Order Item,採購訂單項目,
Purchase Order Item Supplied,採購訂單項目供應商,
Purchase Order Item reference is missing in Subcontracting Receipt {0},分包收货单{0}中缺少采购订单项引用,
Purchase Order Items not received on time,未按時收到採購訂單項目,
Purchase Order Pricing Rule,采购订单定价规则,
Purchase Order Required,採購訂單為必要項,
Purchase Order Required for item {},项目{}所需的采购订单,
Purchase Order Trends,採購訂單趨勢,
Purchase Order already created for all Sales Order items,已经为所有销售订单项目创建了采购订单,
Purchase Order number required for Item {0},所需物品{0}的採購訂單號,
Purchase Order {0} is not submitted,採購訂單{0}未提交,
Purchase Orders,订单,
Purchase Orders Items Overdue,採購訂單項目逾期,
Purchase Orders are not allowed for {0} due to a scorecard standing of {1}.,由於{1}的記分卡，{0}不允許採購訂單。,
Purchase Orders to Bill,向比爾購買訂單,
Purchase Orders to Receive,要收貨的採購訂單,
Purchase Orders {0} are un-linked,采购订单{0}已取消关联,
Purchase Price List,採購價格表,
Purchase Receipt,採購入庫單,
Purchase Receipt (Draft) will be auto-created on submission of Subcontracting Receipt.,提交分包收货单时将自动创建采购收货单（草稿）,
Purchase Receipt Detail,采购收货明细,
Purchase Receipt Item,採購入庫項目,
Purchase Receipt Item Supplied,採購入庫項目供應商,
Purchase Receipt Items,採購入庫項目,
Purchase Receipt No,採購入庫單編號,
Purchase Receipt Required,需要採購入庫單,
Purchase Receipt Required for item {},项目{}的采购收据,
Purchase Receipt Trends,採購入庫趨勢,
Purchase Receipt doesn't have any Item for which Retain Sample is enabled.,购买收据没有任何启用了保留样本的项目。,
Purchase Receipt {0} created.,采购收货单{0}已创建,
Purchase Receipt {0} is not submitted,採購入庫單{0}未提交,
Purchase Receipts,採購入庫,
Purchase Register,購買註冊,
Purchase Return,采购退货,
Purchase Tax Template,購置稅模板,
Purchase Taxes and Charges,購置稅和費,
Purchase Taxes and Charges Template,採購稅負和費用模板,
Purchase User,采购用户,
Purchase Value,采购价值,
Purchase orders help you plan and follow up on your purchases,採購訂單幫助您規劃和跟進您的購買,
Purchased,購買,
Purchases,采购,
Purchasing,購買,
Purple,紫色,
Purpose,目的,
Purpose must be one of {0},目的必須是一個{0},
Purposes,用途,
Purposes Required,需指定用途,
Putaway Rule,上架规则,
Putaway Rule already exists for Item {0} in Warehouse {1}.,仓库{1}中物料{0}的上架规则已存在,
Qty,數量,
Qty ,数量,
Qty (Company),数量（公司）,
Qty (Warehouse),数量（仓库）,
Qty After Transaction,交易后数量,
Qty As Per BOM,按物料清单数量,
Qty Change,数量变更,
Qty Consumed Per Unit,數量消耗每單位,
Qty In Stock,库存数量,
Qty Per Unit,每单位数量,
Qty To Manufacture,製造數量,
"Qty To Manufacture ({0}) cannot be a fraction for the UOM {2}. To allow this, disable '{1}' in the UOM {2}.",待生产数量（{0}）不能是计量单位{2}的分数。若要允许，请在计量单位{2}中禁用'{1}',
Qty To Produce,待生产数量,
Qty Wise Chart,数量趋势图,
Qty and Rate,数量与费率,
Qty as Per Stock UOM,按库存计量单位的数量,
Qty as per Stock UOM,數量按庫存計量單位,
Qty for which recursion isn't applicable.,不适用递归的数量,
Qty for {0},數量為{0},
Qty in Stock UOM,库存计量单位数量,
Qty of Finished Goods Item,成品数量,
Qty of Finished Goods Item should be greater than 0.,成品项数量应大于0,
Qty of raw materials will be decided based on the qty of the Finished Goods Item,原材料的数量将根据成品的数量来确定,
Qty to Be Consumed,待消耗数量,
Qty to Bill,账单数量,
Qty to Build,待构建数量,
Qty to Deliver,數量交付,
Qty to Fetch,待获取数量,
Qty to Manufacture,生产数量,
Qty to Order,訂購數量,
Qty to Produce,待生产数量,
Qty to Receive,未到貨量,
Qty to Transfer,轉移數量,
Qualification,合格,
Qualification Status,资质状态,
Qualified,已认证,
Qualified By,认证人,
Qualified on,认证日期,
Quality,质量,
Quality Action,质量行动,
Quality Action Resolution,质量行动决议,
Quality Feedback,质量反馈,
Quality Feedback Parameter,质量反馈参数,
Quality Feedback Template,质量反馈模板,
Quality Feedback Template Parameter,质量反馈模板参数,
Quality Goal,质量目标,
Quality Goal Objective,质量目标,
Quality Inspection,品質檢驗,
Quality Inspection Analysis,质量检验分析,
Quality Inspection Parameter,质量检验参数,
Quality Inspection Parameter Group,质量检验参数组,
Quality Inspection Reading,質量檢驗閱讀,
Quality Inspection Required,需要质量检查,
Quality Inspection Settings,质量检验设置,
Quality Inspection Summary,质量检验总结,
Quality Inspection Template,質量檢驗模板,
Quality Inspection Template Name,質量檢驗模板名稱,
Quality Inspection(s),质量检验,
Quality Management,品質管理,
Quality Manager,質量經理,
Quality Meeting,质量会议,
Quality Meeting Agenda,质量会议议程,
Quality Meeting Minutes,质量会议纪要,
Quality Procedure,质量程序,
Quality Procedure Process,质量程序流程,
Quality Review,质量审查,
Quality Review Objective,质量审查目标,
Quantity,數量,
Quantity  that must be bought or sold per UOM,每個UOM必須購買或出售的數量,
Quantity & Stock,数量和库存,
Quantity (A - B),数量（A - B）,
Quantity Difference,數量差異,
Quantity and Amount,数量和金额,
Quantity and Description,数量和描述,
Quantity and Rate,數量和速率,
Quantity and Warehouse,數量和倉庫,
Quantity in row {0} ({1}) must be same as manufactured quantity {2},列{0}的數量（{1}）必須與生產量{2}相同,
Quantity is required,数量为必填项,
"Quantity must be greater than zero, and less or equal to {0}",数量必须大于零且小于等于{0},
Quantity must not be more than {0},數量必須不超過{0},
Quantity of item obtained after manufacturing / repacking from given quantities of raw materials,製造/從原材料數量給予重新包裝後獲得的項目數量,
Quantity required for Item {0} in row {1},列{1}項目{0}必須有數量,
Quantity should be greater than 0,量應大於0,
Quantity to Make,數量,
Quantity to Manufacture,制造数量,
Quantity to Manufacture can not be zero for the operation {0},操作{0}的制造数量不能为零,
Quantity to Manufacture must be greater than 0.,量生產必須大於0。,
Quantity to Produce,生产数量,
Quantity to Produce should be greater than zero.,待生产数量应大于零,
Quantity to Scan,待扫描数量,
Quarter {0} {1},第{0}季度 {1},
Quarterly,季度,
Query Options,查询选项,
Query Route String,查詢路由字符串,
Queue Size should be between 5 and 100,队列大小应介于5至100之间,
Queued,已排队,
Quick Entry,快速录入,
Quick Journal Entry,快速日記帳分錄,
Quick Stock Balance,快速库存平衡,
Quot Count,報價計數,
Quot/Lead %,報價/鉛％,
Quotation,報價,
Quotation Amount,报价金额,
Quotation Item,產品報價,
Quotation Lost Reason,報價遺失原因,
Quotation Lost Reason Detail,报价丢失原因明细,
Quotation Number,报价单编号,
Quotation To,報價到,
Quotation Trends,報價趨勢,
Quotation {0} is cancelled,{0}報價被取消,
Quotation {0} not of type {1},報價{0}非為{1}類型,
Quotations,語錄,
"Quotations are proposals, bids you have sent to your customers",語錄是建議，你已經發送到你的客戶提高出價,
Quotations: ,語錄：,
Quote Status,報價狀態,
Quoted Amount,报价金额,
RFQs are not allowed for {0} due to a scorecard standing of {1},由於{1}的記分卡，{0}不允許使用RFQ,
Raise Material Request When Stock Reaches Re-order Level,库存达到再订购水平时提高物料请求,
Raised By,提出,
Raised By (Email),由（電子郵件）提出,
Random,随机,
Range,範圍,
Rate,單價,
Rate & Amount,價格和金額,
Rate (Company Currency),率（公司貨幣）,
Rate Of Materials Based On,材料成本基於,
Rate Of TDS As Per Certificate,根据证书的TDS费率,
Rate Section,费率部分,
Rate With Margin,利率保證金,
Rate With Margin (Company Currency),利率保證金（公司貨幣）,
Rate and Amount,率及金額,
Rate at which Customer Currency is converted to customer's base currency,公司貨幣被換算成客戶基礎貨幣的匯率,
Rate at which Price list currency is converted to company's base currency,價目表貨幣被換算成公司基礎貨幣的匯率,
Rate at which Price list currency is converted to customer's base currency,價目表貨幣被換算成客戶基礎貨幣的匯率,
Rate at which customer's currency is converted to company's base currency,客戶貨幣被換算成公司基礎貨幣的匯率,
Rate at which supplier's currency is converted to company's base currency,供應商貨幣被換算成公司基礎貨幣的匯率,
Rate at which this tax is applied,此稅適用的匯率,
Rate of Depreciation,折旧率,
Rate of Depreciation (%),折旧率 (%),
Rate of Interest (%) Yearly,利息率的比例（％）年,
Rate of Stock UOM,库存计量单位费率,
Rate or Discount,價格或折扣,
Rate or Discount is required for the price discount.,价格折扣需要Rate或Discount。,
Rates,價格,
Rating,评分,
Ratios,比率,
Raw Material,原料,
Raw Material Code,原材料代码,
Raw Material Cost,原材料成本,
Raw Material Cost (Company Currency),原材料成本（公司货币）,
Raw Material Cost Per Qty,单位数量原材料成本,
Raw Material Item,原材料项,
Raw Material Item Code,原料產品編號,
Raw Material Name,原料名称,
Raw Material Value,原材料价值,
Raw Material Warehouse,原料仓库,
Raw Materials,原料,
Raw Materials Actions,原材料操作,
Raw Materials Consumed,原材料消耗,
Raw Materials Supplied,提供供應商原物料,
Raw Materials Supplied Cost,原料供應成本,
Raw Materials Warehouse,原材料仓库,
Raw Materials cannot be blank.,原材料不能為空。,
Re-open,重新打開,
Re-order Level,重订货水平,
Re-order Qty,再订货数量,
Reached Root,已到达根节点,
Read Only,只读,
Read blog,阅读博客,
Reading 1,閱讀1,
Reading 10,閱讀10,
Reading 2,閱讀2,
Reading 3,閱讀3,
Reading 4,4閱讀,
Reading 5,閱讀5,
Reading 6,6閱讀,
Reading 7,7閱讀,
Reading 8,閱讀8,
Reading 9,9閱讀,
Reading Value,读数值,
Readings,閱讀,
Reason,原因,
Reason For Putting On Hold,擱置的理由,
Reason for Hold,保留原因,
Reason for Leaving,離職原因,
Reason for hold:,保留原因：,
Rebuild Tree,重建树结构,
Rebuilding BTree for period ...,正在重建期间B树结构...,
Recalculate Incoming/Outgoing Rate,重新计算进出汇率,
Receipt,收據,
Receipt Document,收到文件,
Receipt Document Type,收據憑證類型,
Receivable,應收帳款,
Receivable / Payable Account,應收/應付帳款,
Receivable Account,應收帳款,
Receivable/Payable Account,应收/应付账户,
Receivable/Payable Account: {0} doesn't belong to company {1},应收/应付账户：{0}不属于公司{1},
Receivables,應收帳款,
Receive,接受,
Received,已接收,
Received Amount,收金額,
Received Amount (Company Currency),收到的款項（公司幣種）,
Received Amount After Tax,税后已收金额,
Received Amount After Tax (Company Currency),税后已收金额（公司货币）,
Received Amount cannot be greater than Paid Amount,已收金额不能超过已付金额,
Received From,從......收到,
Received Items To Be Billed,待付款的收受品項,
Received On,收到的,
Received Qty,到貨數量,
Received Qty Amount,收到的数量,
Received Qty in Stock UOM,以库存单位计的已收数量,
Received Quantity,收到的数量,
Received Stock Entries,收到的库存条目,
Received and Accepted,收貨及允收,
Receiver List,收受方列表,
Receiver List is empty. Please create Receiver List,收受方列表為空。請創建收受方列表,
Receiving,接收,
Recent Orders,近期订单,
Recent Transactions,近期交易,
Recipient,收件人,
Recipient Message And Payment Details,收件人郵件和付款細節,
Recipients,收件人列表,
Reconcile,調和,
Reconcile All Serial Nos / Batches,对账所有序列号/批次,
Reconcile Effect On,对账生效时间,
Reconcile Entries,协调条目,
Reconcile on Advance Payment Date,按预付款日期对账,
Reconcile the Bank Transaction,对银行交易进行对账,
Reconciled,不甘心,
Reconciled Entries,已对账分录,
Reconciliation Date,对账日期,
Reconciliation Error Log,对账错误日志,
Reconciliation Logs,对账日志集,
Reconciliation Progress,对账进度,
Reconciliation Queue Size,对账队列大小,
Reconciliation Takes Effect On,对账生效于,
Recording HTML,记录HTML,
Recording URL,录制网址,
Recoverable Standard Rated expenses should not be set when Reverse Charge Applicable is Y,当适用反向征税为'是'时，不可设置可回收标准税率费用,
Recurse Every (As Per Transaction UOM),递归周期（按交易单位）,
Recurse Over Qty cannot be less than 0,递归数量不能小于0,
Recursive Discounts with Mixed condition is not supported by the system,系统不支持混合条件的递归折扣,
Red,红色,
Redeem Against,兌換,
Redeem Loyalty Points,兌換忠誠度積分,
Redeemed Points,兌換積分,
Redemption,贖回,
Redemption Account,贖回科目,
Redemption Cost Center,贖回成本中心,
Redemption Date,贖回日期,
Ref Code,參考代碼,
Ref Date,參考日期,
Reference,参考,
Reference #{0} dated {1},參考＃ {0}於{1},
Reference Date,参考日期,
Reference Date for Early Payment Discount,提前付款折扣的参考日期,
Reference Detail,参考明细,
Reference Detail No,参考详细信息,
Reference DocType,参考文档类型,
Reference Doctype,参考文档类型,
Reference Doctype must be one of {0},參考文檔類型必須是一個{0},
Reference Document,参考文档,
Reference Document Name,參考文件名稱,
Reference Document Type,參考文檔類型,
Reference Due Date,參考到期日,
Reference Exchange Rate,参考汇率,
Reference Name,参考名称,
Reference No,参考号,
Reference No & Reference Date is required for {0},參考號與參考日期須為{0},
Reference No and Reference Date is mandatory for Bank transaction,參考編號和參考日期是強制性的銀行交易,
Reference No is mandatory if you entered Reference Date,如果你輸入的參考日期，參考編號是強制性的,
Reference No.,參考編號。,
Reference Number,參考號碼,
Reference Purchase Receipt,参考购买收据,
Reference Row,引用行,
Reference Row #,參考列#,
Reference Type,参考类型,
Reference number of the invoice from the previous system,旧系统的发票参考号,
"Reference: {0}, Item Code: {1} and Customer: {2}",參考：{0}，商品編號：{1}和顧客：{2},
References,參考,
References to Sales Invoices are Incomplete,销售发票参考不完整,
References to Sales Orders are Incomplete,销售订单参考不完整,
References {0} of type {1} had no outstanding amount left before submitting the Payment Entry. Now they have a negative outstanding amount.,提交付款前，类型{1}的参考{0}无未清金额，现在其未清金额为负数,
Referral Code,推荐码,
Referral Sales Partner,推荐销售合作伙伴,
Refresh,刷新,
Refresh Google Sheet,刷新谷歌表格,
Refresh Plaid Link,刷新Plaid链接,
"Regards,",问候，,
Regional,區域性,
Registration Details,註冊細節,
Regular,定期,
Rejected,已拒绝,
Rejected ,已拒绝,
Rejected Qty,被拒絕的數量,
Rejected Quantity,拒絕數量,
Rejected Serial No,拒絕序列號,
Rejected Serial and Batch Bundle,拒收序列号和批次包,
Rejected Warehouse,拒絕倉庫,
Rejected Warehouse and Accepted Warehouse cannot be same.,拒收仓库与验收仓库不能相同,
Related,有關,
Relation,關係,
Release Date,發布日期,
Release date must be in the future,发布日期必须在将来,
Relieving Date,解除日期,
Reload,重新加载,
Remaining,剩餘,
Remaining Balance,保持平衡,
Remark,備註,
Remarks,備註,
Remarks Column Length,备注栏长度,
Remove Parent Row No in Items Table,移除物料表中的父行号,
Remove SABB Entry,移除SABB条目,
Remove item if charges is not applicable to that item,刪除項目，如果收費並不適用於該項目,
Removed items with no change in quantity or value.,刪除的項目在數量或價值沒有變化。,
Removing rows without exchange gain or loss,移除无汇兑损益的行,
Rename,重命名,
Rename Attribute Value in Item Attribute.,在項目屬性中重命名屬性值。,
Rename Log,重命名日誌,
Rename Not Allowed,重命名不允许,
Rename Tool,重命名工具,
"Renaming it is only allowed via parent company {0}, to avoid mismatch.",重命名仅允许通过母公司{0}进行，以避免不匹配。,
Rent Cost,租金成本,
Rented,租,
Reopen,重新打开,
Reorder Level,重新排序級別,
Reorder Qty,再訂購數量,
Reorder level based on Warehouse,根據倉庫訂貨點水平,
Repack,重新包裝,
Repair Asset,维修资产,
Repair Cost,修理費用,
Repair Details,维修详情,
Repair Status,維修狀態,
Repeat Customer Revenue,重複客戶收入,
Repeat Customers,回頭客,
Replace,更換,
Replace BOM,更換BOM,
"Replace a particular BOM in all other BOMs where it is used. It will replace the old BOM link, update cost and regenerate ""BOM Explosion Item"" table as per new BOM.
It also updates latest price in all the BOMs.",替換使用所有其他BOM的特定BOM。它將替換舊的BOM鏈接，更新成本，並按照新的BOM重新生成“BOM爆炸項目”表。它還更新了所有BOM中的最新價格。,
Replied,已回复,
Report,报告,
Report Date,報告日期,
Report Error,报告错误,
Report Filters,报告过滤器,
Report Type,报告类型,
Report Type is mandatory,報告類型是強制性的,
Report View,报告视图,
Report an Issue,報告問題,
Reports,报告,
Reports to,隸屬於,
Repost Accounting Ledger,重新过账会计分类账,
Repost Accounting Ledger Items,重新过账会计分类账项目,
Repost Accounting Ledger Settings,重新过账会计分类账设置,
Repost Allowed Types,允许重新过账的类型,
Repost Error Log,重新过账错误日志,
Repost Item Valuation,重新过账物料估值,
Repost Payment Ledger,重新过账付款分类账,
Repost Payment Ledger Items,重新过账付款分类账项目,
Repost Status,重新过账状态,
Repost has started in the background,后台已开始重新过账,
Repost in background,后台重新过账,
Repost started in the background,后台已启动重新过账,
Reposting Completed {0}%,重新过账已完成{0}%,
Reposting Data File,重新过账数据文件,
Reposting Info,重新过账信息,
Reposting Progress,重新过账进度,
Reposting entries created: {0},已创建重新过账条目：{0},
Reposting has been started in the background.,后台已启动重新过账,
Reposting in the background.,正在后台重新过账,
Represents Company,代表公司,
Represents a Financial Year. All accounting entries and other major transactions are tracked against the Fiscal Year.,表示一个财年。所有会计分录和主要交易均按财年跟踪,
Reqd By Date,REQD按日期,
Reqd by date,按日期要求,
Request For Quotation,要求报价,
Request Parameters,请求参数,
Request Timeout,请求超时时间,
Request Type,請求類型,
Request for,要求,
Request for Information,索取資料,
Request for Quotation,詢價,
Request for Quotation Item,詢價項目,
Request for Quotation Supplier,詢價供應商,
Request for Raw Materials,原材料申请,
Requested,要求,
Requested Items To Be Transferred,將要轉倉的需求項目,
Requested Items to Order and Receive,要求订购和接收的物品,
Requested Numbers,請求號碼,
Requested Qty,要求數量,
"Requested Qty: Quantity requested for purchase, but not ordered.",要求的数量：数量要求的报价，但没有下令。,
Requesting Site,请求网站,
Requestor,请求者,
Required By,需求來自,
Required Date,所需時間,
Required Items,所需物品,
Required On,要求在,
Required Qty,所需數量,
Required Quantity,所需数量,
Requirement,需求,
Requires Fulfilment,需要履行,
Research,研究,
Research & Development,研究與發展,
"Reselect, if the chosen address is edited after save",重新選擇，如果所選地址在保存後被編輯,
"Reselect, if the chosen contact is edited after save",重新選擇，如果所選聯繫人在保存後被編輯,
Resend Payment Email,重新發送付款電子郵件,
Reservation Based On,预留依据,
Reserve,预留,
Reserve Stock,预留库存,
Reserve Warehouse,儲備倉庫,
Reserved,保留的,
Reserved Qty,保留數量,
"Reserved Qty ({0}) cannot be a fraction. To allow this, disable '{1}' in UOM {3}.",预留数量({0})不能为小数。如需允许，请在单位{3}中禁用'{1}',
Reserved Qty for Production,預留數量生產,
Reserved Qty for Production Plan,生产计划预留数量,
Reserved Qty for Production: Raw materials quantity to make manufacturing items.,生产保留数量：生产制造项目的原材料数量。,
Reserved Qty for Subcontract,外协预留数量,
Reserved Qty for Subcontract: Raw materials quantity to make subcontracted items.,分包的预留数量：制造分包项目的原材料数量。,
Reserved Qty should be greater than Delivered Qty.,预留数量应大于交付数量,
"Reserved Qty: Quantity ordered for sale, but not delivered.",版权所有数量：订购数量出售，但未交付。,
Reserved Quantity,保留數量,
Reserved Quantity for Production,预留生产量,
Reserved Serial No.,预留序列号,
Reserved Stock,预留库存,
Reserved Stock for Batch,批次预留库存,
Reserved for POS Transactions,为POS交易预留,
Reserved for Production,为生产预留,
Reserved for Production Plan,为生产计划预留,
Reserved for Sub Contracting,为外协预留,
Reserved for manufacturing,預留製造,
Reserved for sale,保留出售,
Reserved for sub contracting,留作分包合同,
Reserving Stock...,正在预留库存...,
Reset,重置,
Reset Company Default Values,重置公司默认值,
Reset Plaid Link,重置Plaid链接,
Reset Raw Materials Table,重置原材料表,
Reset Service Level Agreement,重置服务水平协议,
Resetting Service Level Agreement.,重置服务水平协议。,
Resignation Letter Date,辭退信日期,
Resolution,決議,
Resolution By,分辨率,
Resolution Date,決議日期,
Resolution Details,詳細解析,
Resolution Due,解决到期日,
Resolution Time,解决时间,
Resolutions,决议,
Resolve,解决,
Resolved,解决,
Resolved By,議決,
Response By,回应,
Response Details,回应详情,
Response Key List,響應密鑰列表,
Response Options,響應選項,
Response Result Key Path,響應結果關鍵路徑,
Response Time for {0} priority in row {1} can't be greater than Resolution Time.,第{1}行中{0}优先级的响应时间不能大于“解决时间”。,
Response and Resolution,响应与解决,
Responsible,负责任的,
Rest Of The World,世界其他地區,
Restart,重新開始,
Restart Subscription,重新啟動訂閱,
Restore Asset,恢复资产,
Restrict,限制,
Restrict Items Based On,基于以下限制物料,
Restrict to Countries,限製到國家,
Result Key,结果键,
Result Preview Field,結果預覽字段,
Result Route Field,結果路由字段,
Result Title Field,結果標題字段,
Resume,恢复,
Resume Job,恢复作业,
Resume Timer,恢复计时器,
Retain Sample,保留樣品,
Retained Earnings,留存收益,
Retention Stock Entry,保留庫存入場,
Retention Stock Entry already created or Sample Quantity not provided,已創建保留庫存條目或未提供“樣本數量”,
Retried,已重试,
Retry,重试,
Retry Failed Transactions,重试失败交易,
Return,退貨,
Return / Credit Note,返回/信用票據,
Return / Debit Note,返回/借記注,
Return Against,退货依据,
Return Against Delivery Note,射向送貨單,
Return Against Purchase Invoice,回到對採購發票,
Return Against Purchase Receipt,採購入庫的退貨,
Return Against Subcontracting Receipt,依据外协收货单退货,
Return Components,退货组件,
Return Issued,已发出退货,
Return Qty,退货数量,
Return Qty from Rejected Warehouse,从拒收仓库退货数量,
Return of Components,组件退货,
Returned,已退货,
Returned Against,退货依据,
Returned Amount,退货金额,
Returned Qty,返回的數量,
Returned Qty ,退货数量,
Returned Qty in Stock UOM,以库存单位计的退货数量,
Returned exchange rate is neither integer not float.,退货汇率既非整型也非浮点型,
Returns,返回,
Revaluation Journals,重估日记账,
Revaluation Surplus,重估盈余,
Revenue,收入,
Reversal Of,冲销依据,
Reverse Journal Entry,反向日記帳分錄,
Review,审核,
Review Date,評論日期,
Reviews,审核记录,
Rgt,Rgt,
Right Child,右子节点,
Right Index,正确的索引,
Ringing,铃声,
Role Allowed to Create/Edit Back-dated Transactions,允许创建/编辑倒签交易的角色,
Role Allowed to Edit Frozen Stock,允许角色编辑冻结库存,
Role Allowed to Over Bill ,允许超额开票的角色,
Role Allowed to Over Deliver/Receive,允许超额交付/接收的角色,
Role Allowed to Override Stop Action,允许覆盖停止操作的角色,
Role Allowed to Set Frozen Accounts and Edit Frozen Entries,允许角色设置冻结帐户和编辑冻结条目,
Role allowed to bypass Credit Limit,允许绕过信用额度的角色,
Root,根,
Root Company,根公司,
Root Type,root類型,
"Root Type for {0} must be one of the Asset, Liability, Income, Expense and Equity",{0}的根类型必须是资产、负债、收入、费用或权益,
Root Type is mandatory,root類型是強制性的,
Root cannot be edited.,root不能被編輯。,
Root cannot have a parent cost center,root不能有一個父成本中心,
Round Free Qty,四舍五入免费数量,
Round Off,四捨五入,
Round Off Account,四捨五入科目,
Round Off Cost Center,四捨五入成本中心,
Round Off Tax Amount,四舍五入税额,
Round Off for Opening,期初四舍五入,
Round Tax Amount Row-wise,按行四舍五入税额,
Rounded Total,整數總計,
Rounded Total (Company Currency),整數總計（公司貨幣）,
Rounding Adjustment,舍入調整,
Rounding Adjustment (Company Currency,四捨五入調整（公司貨幣）,
Rounding Adjustment (Company Currency),四捨五入調整（公司貨幣）,
Rounding Loss Allowance,四舍五入损失允许值,
Rounding Loss Allowance should be between 0 and 1,四舍五入损失允许值应在0到1之间,
Rounding gain/loss Entry for Stock Transfer,库存转移的四舍五入损益分录,
Route,路由,
Routing,路由,
Routing Name,路由名稱,
Row #,行号,
Row # {0}:,行号{0}：,
Row # {0}: Cannot return more than {1} for Item {2},行＃{0}：無法返回超過{1}項{2},
Row # {0}: Please add Serial and Batch Bundle for Item {1},行号{0}：请为物料{1}添加序列号和批次包,
Row # {0}: Rate cannot be greater than the rate used in {1} {2},行＃{0}：速率不能大於{1} {2}中使用的速率,
Row # {0}: Returned Item {1} does not exist in {2} {3},行号{0}：返回的项目{1}在{2} {3}中不存在,
Row #{0} (Payment Table): Amount must be negative,行＃{0}（付款表）：金額必須為負數,
Row #{0} (Payment Table): Amount must be positive,行＃{0}（付款表）：金額必須為正值,
Row #{0}: A reorder entry already exists for warehouse {1} with reorder type {2}.,行号{0}：仓库{1}已存在类型为{2}的再订货条目,
Row #{0}: Acceptance Criteria Formula is incorrect.,行号{0}：验收标准公式错误,
Row #{0}: Acceptance Criteria Formula is required.,行号{0}：必须填写验收标准公式,
Row #{0}: Accepted Warehouse and Rejected Warehouse cannot be same,行号{0}：验收仓库与拒收仓库不能相同,
Row #{0}: Accepted Warehouse and Supplier Warehouse cannot be same,第＃0行：接受仓库和供应商仓库不能相同,
Row #{0}: Accepted Warehouse is mandatory for the accepted Item {1},行号{0}：验收物料{1}必须指定验收仓库,
Row #{0}: Account {1} does not belong to company {2},行＃{0}：科目{1}不屬於公司{2},
Row #{0}: Allocated Amount cannot be greater than Outstanding Amount of Payment Request {1},行号{0}：分配金额不能超过付款请求{1}的未清金额,
Row #{0}: Allocated Amount cannot be greater than outstanding amount.,行＃{0}：分配金額不能大於未結算金額。,
Row #{0}: Allocated amount:{1} is greater than outstanding amount:{2} for Payment Term {3},行号{0}：付款条款{3}的分配金额{1}超过未清金额{2},
Row #{0}: Amount must be a positive number,行号#{0}：金额必须为正数,
"Row #{0}: Asset {1} cannot be submitted, it is already {2}",行＃{0}：資產{1}無法提交，這已經是{2},
Row #{0}: BOM is not specified for subcontracting item {0},行号#{0}：外协物料{0}未指定物料清单（BOM）,
Row #{0}: Batch No {1} is already selected.,行号#{0}：批次号{1}已被选择,
Row #{0}: Cannot allocate more than {1} against payment term {2},行号#{0}：支付条款{2}的分配金额不能超过{1},
Row #{0}: Cannot delete item {1} which has already been billed.,第＃{0}行：无法删除已计费的项目{1}。,
Row #{0}: Cannot delete item {1} which has already been delivered,第{0}行：无法删除已交付的项目{1},
Row #{0}: Cannot delete item {1} which has already been received,第＃0行：无法删除已收到的项目{1},
Row #{0}: Cannot delete item {1} which has work order assigned to it.,第＃{0}行：无法删除已为其分配了工作订单的项目{1}。,
Row #{0}: Cannot delete item {1} which is assigned to customer's purchase order.,第＃{0}行：无法删除分配给客户采购订单的项目{1}。,
Row #{0}: Cannot select Supplier Warehouse while suppling raw materials to subcontractor,第{0}行：在向分包商供应原材料时无法选择供应商仓库,
Row #{0}: Cannot transfer more than Required Qty {1} for Item {2} against Job Card {3},行号#{0}：针对作业卡{3}的物料{2}，转移数量不能超过需求数量{1},
Row #{0}: Child Item should not be a Product Bundle. Please remove Item {1} and Save,第＃{0}行：子项不应是产品捆绑包。请删除项目{1}并保存,
Row #{0}: Consumed Asset {1} cannot be Draft,行号#{0}：消耗资产{1}不能为草稿状态,
Row #{0}: Consumed Asset {1} cannot be cancelled,行号#{0}：消耗资产{1}无法取消,
Row #{0}: Consumed Asset {1} cannot be the same as the Target Asset,行号#{0}：消耗资产{1}不能与目标资产相同,
Row #{0}: Consumed Asset {1} cannot be {2},行号#{0}：消耗资产{1}不能为{2},
Row #{0}: Consumed Asset {1} does not belong to company {2},行号#{0}：消耗资产{1}不属于公司{2},
Row #{0}: Cost Center {1} does not belong to company {2},第{0}行：成本中心{1}不属于公司{2},
Row #{0}: Cumulative threshold cannot be less than Single Transaction threshold,行号#{0}：累计阈值不能小于单笔交易阈值,
Row #{0}: Dates overlapping with other row,行号#{0}：日期与其他行重叠,
Row #{0}: Default BOM not found for FG Item {1},行号#{0}：产成品{1}未找到默认物料清单（BOM）,
Row #{0}: Duplicate entry in References {1} {2},行＃{0}：引用{1} {2}中的重複條目,
Row #{0}: Expected Delivery Date cannot be before Purchase Order Date,行＃{0}：預計交貨日期不能在採購訂單日期之前,
Row #{0}: Expense Account not set for the Item {1}. {2},行号#{0}：未为物料{1}设置费用科目。{2},
Row #{0}: Finished Good Item Qty can not be zero,行号#{0}：产成品数量不能为零,
Row #{0}: Finished Good Item is not specified for service item {1},行号#{0}：服务项{1}未指定产成品,
Row #{0}: Finished Good Item {1} must be a sub-contracted item,行号#{0}：产成品{1}必须为外协物料,
Row #{0}: Finished Good reference is mandatory for Scrap Item {1}.,行号#{0}：废品{1}必须关联产成品,
Row #{0}: For {1} Clearance date {2} cannot be before Cheque Date {3},行号#{0}：{1}的清算日期{2}不能早于支票日期{3},
"Row #{0}: For {1}, you can select reference document only if account gets credited",行号#{0}：对于{1}，仅当科目贷记时才能选择参考单据,
"Row #{0}: For {1}, you can select reference document only if account gets debited",行号#{0}：对于{1}，仅当科目借记时才能选择参考单据,
Row #{0}: From Date cannot be before To Date,行号#{0}：起始日期不能早于截止日期,
Row #{0}: Item added,行＃{0}：已添加项目,
Row #{0}: Item {1} does not exist,行号#{0}：物料{1}不存在,
"Row #{0}: Item {1} has been picked, please reserve stock from the Pick List.",行号#{0}：物料{1}已拣配，请通过拣配单预留库存,
Row #{0}: Item {1} is not a Serialized/Batched Item. It cannot have a Serial No/Batch No against it.,行＃{0}：项目{1}不是序列化/批量项目。它不能有序列号/批号。,
Row #{0}: Item {1} is not a service item,行号#{0}：物料{1}非服务项,
Row #{0}: Item {1} is not a stock item,行号#{0}：物料{1}非库存物料,
Row #{0}: Journal Entry {1} does not have account {2} or already matched against another voucher,行＃{0}：日記條目{1}沒有帳戶{2}或已經對另一憑證匹配,
Row #{0}: Not allowed to change Supplier as Purchase Order already exists,行＃{0}：不能更改供應商的採購訂單已經存在,
Row #{0}: Only {1} available to reserve for the Item {2},行号#{0}：物料{2}仅可预留{1},
Row #{0}: Operation {1} is not completed for {2} qty of finished goods in Work Order {3}. Please update operation status via Job Card {4}.,行＃{0}：对于工作订单{3}中的{2}数量的成品，未完成操作{1}。请通过工作卡{4}更新操作状态。,
Row #{0}: Payment document is required to complete the transaction,行＃{0}：完成交易需要付款文件,
Row #{0}: Please select Item Code in Assembly Items,行号#{0}：请在组装物料中选择物料编码,
Row #{0}: Please select the BOM No in Assembly Items,行号#{0}：请在组装物料中选择物料清单编号,
Row #{0}: Please select the Sub Assembly Warehouse,行号#{0}：请选择子装配仓库,
Row #{0}: Please set reorder quantity,行＃{0}：請設置再訂購數量,
Row #{0}: Please update deferred revenue/expense account in item row or default account in company master,行号#{0}：请更新物料行的递延收入/费用科目或公司主数据的默认科目,
Row #{0}: Qty increased by {1},行号#{0}：数量增加了{1},
Row #{0}: Qty must be a positive number,行号#{0}：数量必须为正数,
Row #{0}: Qty should be less than or equal to Available Qty to Reserve (Actual Qty - Reserved Qty) {1} for Iem {2} against Batch {3} in Warehouse {4}.,行号#{0}：仓库{4}批次{3}物料{2}的预留数量不得超过可预留数量（实际数量-已预留数量）{1},
Row #{0}: Quality Inspection is required for Item {1},行号#{0}：物料{1}需进行质量检验,
Row #{0}: Quality Inspection {1} is not submitted for the item: {2},行号#{0}：物料{2}的质量检验{1}未提交,
Row #{0}: Quality Inspection {1} was rejected for item {2},行号#{0}：物料{2}的质量检验{1}被拒收,
Row #{0}: Quantity for Item {1} cannot be zero.,行 # {0}: 商品 {1} 的数量不能为零。,
Row #{0}: Quantity to reserve for the Item {1} should be greater than 0.,行号#{0}：物料{1}的预留数量必须大于0,
Row #{0}: Rate must be same as {1}: {2} ({3} / {4}),行号#{0}：汇率必须与{1}一致：{2}（{3} / {4}）,
"Row #{0}: Reference Document Type must be one of Purchase Order, Purchase Invoice or Journal Entry",行＃{0}：參考文件類型必須是採購訂單之一，購買發票或日記帳分錄,
"Row #{0}: Reference Document Type must be one of Sales Order, Sales Invoice, Journal Entry or Dunning",行＃{0}：参考单据类型必须是销售订单，销售发票，日记帐分录或催款中的一种,
Row #{0}: Rejected Qty can not be entered in Purchase Return,行＃{0}：駁回採購退貨數量不能進入,
Row #{0}: Rejected Qty cannot be set for Scrap Item {1}.,行号#{0}：废品{1}不可设置拒收数量,
Row #{0}: Rejected Warehouse is mandatory for the rejected Item {1},行号#{0}：拒收物料{1}必须指定拒收仓库,
Row #{0}: Reqd by Date cannot be before Transaction Date,行號{0}：按日期請求不能在交易日期之前,
Row #{0}: Scrap Item Qty cannot be zero,行号#{0}：废品数量不能为零,
"Row #{0}: Selling rate for item {1} is lower than its {2}.
					Selling {3} should be atleast {4}.<br><br>Alternatively,
					you can disable selling price validation in {5} to bypass
					this validation.","行 #{0}：项目 {1} 的销售率低于它的 {2}。
					出售 {3} 应至少是 {4}。<br><br>或者，
					您可以禁用 {5} 中的售价验证，绕过
					此验证。",
Row #{0}: Serial No {1} does not belong to Batch {2},行＃{0}：序列号{1}不属于批次{2},
Row #{0}: Serial No {1} for Item {2} is not available in {3} {4} or might be reserved in another {5}.,行号#{0}：物料{2}的序列号{1}在{3} {4}中不可用，或可能已被其他{5}预留,
Row #{0}: Serial No {1} is already selected.,行号#{0}：序列号{1}已被选择,
Row #{0}: Service End Date cannot be before Invoice Posting Date,行＃{0}：服务终止日期不能早于发票过帐日期,
Row #{0}: Service Start Date cannot be greater than Service End Date,行＃{0}：服务开始日期不能大于服务结束日期,
Row #{0}: Service Start and End Date is required for deferred accounting,行＃{0}：延期计费需要服务开始和结束日期,
Row #{0}: Set Supplier for item {1},行＃{0}：設置供應商項目{1},
Row #{0}: Start Time and End Time are required,行号#{0}：需填写开始时间和结束时间,
Row #{0}: Start Time must be before End Time,行号#{0}：开始时间必须早于结束时间,
Row #{0}: Status is mandatory,行号#{0}：状态为必填项,
Row #{0}: Status must be {1} for Invoice Discounting {2},行＃{0}：发票贴现的状态必须为{1} {2},
Row #{0}: Stock cannot be reserved for Item {1} against a disabled Batch {2}.,行号#{0}：不可为停用批次{2}的物料{1}预留库存,
Row #{0}: Stock cannot be reserved for a non-stock Item {1},行号#{0}：非库存物料{1}不可预留库存,
Row #{0}: Stock cannot be reserved in group warehouse {1}.,行号#{0}：不可在组仓库{1}预留库存,
Row #{0}: Stock is already reserved for the Item {1}.,行号#{0}：物料{1}已预留库存,
Row #{0}: Stock is reserved for item {1} in warehouse {2}.,行号#{0}：仓库{2}中物料{1}的库存已预留,
Row #{0}: Stock not available to reserve for Item {1} against Batch {2} in Warehouse {3}.,行号#{0}：仓库{3}批次{2}的物料{1}无可用库存可预留,
Row #{0}: Stock not available to reserve for the Item {1} in Warehouse {2}.,行号#{0}：仓库{2}中物料{1}无可用库存可预留,
Row #{0}: The batch {1} has already expired.,行＃{0}：批次{1}已过期。,
Row #{0}: The warehouse {1} is not a child warehouse of a group warehouse {2},行号#{0}：仓库{1}不是组仓库{2}的子仓库,
Row #{0}: Timings conflicts with row {1},行＃{0}：與排時序衝突{1},
Row #{0}: You cannot use the inventory dimension '{1}' in Stock Reconciliation to modify the quantity or valuation rate. Stock reconciliation with inventory dimensions is intended solely for performing opening entries.,行号#{0}：库存对账中不可使用库存维度'{1}'修改数量或估价率，带维度的库存对账仅用于期初录入,
Row #{0}: You must select an Asset for Item {1}.,行号#{0}：必须为物料{1}选择资产,
Row #{0}: {1} can not be negative for item {2},行＃{0}：{1}不能為負值對項{2},
Row #{0}: {1} is not a valid reading field. Please refer to the field description.,行号#{0}：{1}不是有效读数字段，请参考字段说明,
Row #{0}: {1} is required to create the Opening {2} Invoices,行＃{0}：创建期初{2}发票需要{1},
Row #{0}: {1} of {2} should be {3}. Please update the {1} or select a different account.,行号#{0}：{2}的{1}应为{3}，请更新{1}或选择其他科目,
Row #{1}: Warehouse is mandatory for stock Item {0},行号#{1}：库存物料{0}必须指定仓库,
Row #{}: Currency of {} - {} doesn't matches company currency.,第＃{}行：{}-{}的货币与公司货币不符。,
Row #{}: Finance Book should not be empty since you're using multiple.,行号#{}：使用多财务账簿时不可为空,
Row #{}: Item Code: {} is not available under warehouse {}.,第{}行：项目代码：{}在仓库{}下不可用。,
Row #{}: POS Invoice {} has been {},第＃{}行：POS发票{}已被{},
Row #{}: POS Invoice {} is not against customer {},第＃{}行：POS发票{}不针对客户{},
Row #{}: POS Invoice {} is not submitted yet,第{}行：尚未提交POS发票{},
Row #{}: Please asign task to a member.,第{}行：请将任务分配给成员。,
Row #{}: Please use a different Finance Book.,行号#{}：请使用其他财务账簿,
Row #{}: Serial No {} cannot be returned since it was not transacted in original invoice {},第＃{}行：由于未在原始发票{}中进行交易，因此无法返回序列号{},
Row #{}: The original Invoice {} of return invoice {} is not consolidated.,行号#{}：退货发票{}的原始发票{}未合并,
Row #{}: You cannot add postive quantities in a return invoice. Please remove item {} to complete the return.,第{}行：您不能在退货发票中添加肯定数量。请删除项目{}以完成退货。,
Row #{}: item {} has been picked already.,行号#{}：物料{}已拣配,
Row #{}: {},第＃{}行：{},
Row #{}: {} {} does not exist.,第＃{}行：{} {}不存在。,
Row #{}: {} {} doesn't belong to Company {}. Please select valid {}.,行号#{}：{} {}不属于公司{}，请选择有效的{},
Row No {0}: Warehouse is required. Please set a Default Warehouse for Item {1} and Company {2},行号{0}：必须指定仓库，请为物料{1}和公司{2}设置默认仓库,
Row Number,行号,
Row {0},行{0},
Row {0} : Operation is required against the raw material item {1},行{0}：對原材料項{1}需要操作,
"Row {0} picked quantity is less than the required quantity, additional {1} {2} required.",行号{0}拣配数量不足，需额外{1} {2},
Row {0}# Item {1} cannot be transferred more than {2} against {3} {4},行号{0}# 物料{1}针对{3} {4}的转移数量不可超过{2},
Row {0}# Item {1} not found in 'Raw Materials Supplied' table in {2} {3},行号{0}# 在{2} {3}的'供应原材料'表中未找到物料{1},
Row {0}: Accepted Qty and Rejected Qty can't be zero at the same time.,行号{0}：接受数量和拒收数量不能同时为零,
Row {0}: Account {1} and Party Type {2} have different account types,行号{0}：科目{1}与交易方类型{2}的科目类型不一致,
Row {0}: Activity Type is mandatory.,行{0}：活動類型是強制性的。,
Row {0}: Advance against Customer must be credit,行{0}：提前對客戶必須是信用,
Row {0}: Advance against Supplier must be debit,行{0}：提前對供應商必須扣除,
Row {0}: Allocated amount {1} must be less than or equal to invoice outstanding amount {2},行号{0}：分配金额{1}不能超过发票未结金额{2},
Row {0}: Allocated amount {1} must be less than or equal to remaining payment amount {2},行号{0}：分配金额{1}不能超过剩余付款金额{2},
"Row {0}: As {1} is enabled, raw materials cannot be added to {2} entry. Use {3} entry to consume raw materials.",行号{0}：启用{1}后不可在{2}分录添加原材料，请使用{3}分录消耗原材料,
Row {0}: Bill of Materials not found for the Item {1},行{0}：材料清單未找到項目{1},
Row {0}: Both Debit and Credit values cannot be zero,行号{0}：借贷方金额不能同时为零,
Row {0}: Conversion Factor is mandatory,列#{0}：轉換係數是強制性的,
Row {0}: Cost Center {1} does not belong to Company {2},行号{0}：成本中心{1}不属于公司{2},
Row {0}: Cost center is required for an item {1},行{0}：項目{1}需要費用中心,
Row {0}: Credit entry can not be linked with a {1},行{0}：信用記錄無法被鏈接的{1},
Row {0}: Currency of the BOM #{1} should be equal to the selected currency {2},行{0}：BOM＃的貨幣{1}應等於所選貨幣{2},
Row {0}: Debit entry can not be linked with a {1},行{0}：借方條目不能與{1}連接,
Row {0}: Delivery Warehouse ({1}) and Customer Warehouse ({2}) can not be same,第{0}行：交货仓库（{1}）和客户仓库（{2}）不能相同,
Row {0}: Depreciation Start Date is required,行{0}：折舊開始日期是必需的,
Row {0}: Due Date in the Payment Terms table cannot be before Posting Date,第{0}行：“付款条款”表中的到期日期不能早于过帐日期,
Row {0}: Either Delivery Note Item or Packed Item reference is mandatory.,行号{0}：必须关联交货单物料或包装物料,
Row {0}: Enter location for the asset item {1},行{0}：輸入資產項目{1}的位置,
Row {0}: Exchange Rate is mandatory,行{0}：匯率是必須的,
Row {0}: Expected Value After Useful Life must be less than Gross Purchase Amount,行{0}：使用壽命後的預期值必須小於總採購額,
Row {0}: Expense Head changed to {1} as no Purchase Receipt is created against Item {2}.,行号{0}：因未创建物料{2}的采购收货单，费用科目更改为{1},
Row {0}: Expense Head changed to {1} because account {2} is not linked to warehouse {3} or it is not the default inventory account,行号{0}：因科目{2}未关联仓库{3}或非默认库存科目，费用科目更改为{1},
Row {0}: Expense Head changed to {1} because expense is booked against this account in Purchase Receipt {2},行号{0}：因采购收货单{2}已使用科目{1}记账费用，费用科目更改为{1},
"Row {0}: For Supplier {1}, Email Address is Required to send an email",第{0}行：对于供应商{1}，需要电子邮件地址才能发送电子邮件,
Row {0}: From Time and To Time is mandatory.,行{0}：從時間和時間是強制性的。,
Row {0}: From Time and To Time of {1} is overlapping with {2},行{0}：從時間和結束時間{1}是具有重疊{2},
Row {0}: From Warehouse is mandatory for internal transfers,行号{0}：内部调拨必须指定来源仓库,
Row {0}: From time must be less than to time,行{0}：从时间开始必须小于时间,
Row {0}: Hours value must be greater than zero.,行{0}：小時值必須大於零。,
Row {0}: Invalid reference {1},行{0}：無效參考{1},
Row {0}: Item Tax template updated as per validity and rate applied,行号{0}：物料税模板已按有效税率更新,
Row {0}: Item rate has been updated as per valuation rate since its an internal stock transfer,行号{0}：内部调拨时物料单价已按估价率更新,
Row {0}: Item {1} must be a stock item.,行号{0}：物料{1}必须为库存物料,
Row {0}: Item {1} must be a subcontracted item.,行号{0}：物料{1}必须为外协物料,
Row {0}: Item {1}'s quantity cannot be higher than the available quantity.,行号{0}：物料{1}数量不可超过可用数量,
Row {0}: Packed Qty must be equal to {1} Qty.,行号{0}：包装数量必须等于{1}数量,
Row {0}: Packing Slip is already created for Item {1}.,行号{0}：已为物料{1}创建装箱单,
Row {0}: Party / Account does not match with {1} / {2} in {3} {4},行{0}：甲方/客戶不與匹配{1} / {2} {3} {4},
Row {0}: Party Type and Party is required for Receivable / Payable account {1},行{0}：參與方類型和參與方需要應收/應付科目{1},
Row {0}: Payment Term is mandatory,行号{0}：支付条款为必填项,
Row {0}: Payment against Sales/Purchase Order should always be marked as advance,行{0}：付款方式對銷售/採購訂單應始終被標記為提前,
Row {0}: Please check 'Is Advance' against Account {1} if this is an advance entry.,行{0}：請檢查'是進階'對科目{1}，如果這是一個進階條目。,
Row {0}: Please provide a valid Delivery Note Item or Packed Item reference.,行号{0}：请提供有效的交货单物料或包装物料引用,
Row {0}: Please select a BOM for Item {1}.,行号{0}：请为物料{1}选择物料清单（BOM）,
Row {0}: Please select an active BOM for Item {1}.,行号{0}：请为物料{1}选择有效的物料清单（BOM）,
Row {0}: Please select an valid BOM for Item {1}.,行号{0}：请为物料{1}选择有效的物料清单（BOM）,
Row {0}: Please set at Tax Exemption Reason in Sales Taxes and Charges,行{0}：请设置销售税和费用中的免税原因,
Row {0}: Please set the Mode of Payment in Payment Schedule,行{0}：请在付款时间表中设置付款方式,
Row {0}: Please set the correct code on Mode of Payment {1},行{0}：请在付款方式{1}上设置正确的代码,
Row {0}: Project must be same as the one set in the Timesheet: {1}.,行号{0}：项目必须与工时表{1}中设置的一致,
Row {0}: Purchase Invoice {1} has no stock impact.,行号{0}：采购发票{1}无库存影响,
Row {0}: Qty cannot be greater than {1} for the Item {2}.,行号{0}：物料{2}数量不可超过{1},
Row {0}: Qty in Stock UOM can not be zero.,行号{0}：库存单位的数量不可为零,
Row {0}: Qty must be greater than 0.,行号{0}：数量必须大于0,
Row {0}: Quantity cannot be negative.,行号{0}：数量不能为负数,
Row {0}: Quantity not available for {4} in warehouse {1} at posting time of the entry ({2} {3}),第{0}行：在输入条目（{2} {3}）时，仓库{1}中{4}不可使用的数量,
Row {0}: Shift cannot be changed since the depreciation has already been processed,行号{0}：折旧已处理后不可变更班次,
Row {0}: Subcontracted Item is mandatory for the raw material {1},第{0}行：原材料{1}必须使用转包物料,
Row {0}: Target Warehouse is mandatory for internal transfers,行号{0}：内部调拨必须指定目标仓库,
"Row {0}: The item {1}, quantity must be positive number",第{0}行：项目{1}，数量必须为正数,
"Row {0}: To set {1} periodicity, difference between from and to date must be greater than or equal to {2}",行号{0}：设置{1}周期时，起止日期差值必须大于等于{2},
Row {0}: Total Number of Depreciations cannot be less than or equal to Opening Number of Booked Depreciations,行号{0}：总折旧次数不可小于等于已记账折旧的期初次数,
Row {0}: UOM Conversion Factor is mandatory,行{0}：計量單位轉換係數是必需的,
Row {0}: Workstation or Workstation Type is mandatory for an operation {1},行号{0}：工序{1}必须指定工作站或工作站类型,
Row {0}: user has not applied the rule {1} on the item {2},第{0}行：用户尚未在项目{2}上应用规则{1},
Row {0}: {1} account already applied for Accounting Dimension {2},行 {0}: {1} 帐户已经应用于会计尺寸 {2},
Row {0}: {1} must be greater than 0,行{0}：{1}必須大於0,
Row {0}: {1} {2} cannot be same as {3} (Party Account) {4},行 {0}: {1} {2} 不能与 {3} (组队帐户) {4},
Row {0}: {1} {2} does not match with {3},行{0}：{1} {2}不相匹配{3},
Row {0}: {2} Item {1} does not exist in {2} {3},行 {0}: {2} 项目 {1} 在 {2} {3} 中不存在,
"Row {1}: Quantity ({0}) cannot be a fraction. To allow this, disable '{2}' in UOM {3}.",第{1}行：数量（{0}）不能为小数。为此，请在UOM {3}中禁用“ {2}”。,
Row {}: Asset Naming Series is mandatory for the auto creation for item {},第{}行：对于项目{}的自动创建，必须使用资产命名系列,
Row({0}): Outstanding Amount cannot be greater than actual Outstanding Amount {1} in {2},行({0})：未付金额不能大于实际未付金额 {1} 在 {2},
Row({0}): {1} is already discounted in {2},行（{0}）：{1}已在{2}中打折,
Rows Added in {0},{0}中添加的行数,
Rows Removed in {0},在{0}中删除的行,
Rows with Same Account heads will be merged on Ledger,具有相同帐户头的行将在分类帐上合并,
Rows with duplicate due dates in other rows were found: {0},發現其他行中具有重複截止日期的行：{0},
Rows: {0} have 'Payment Entry' as reference_type. This should not be set manually.,行： {0} 具有“付款条目”作为参考类型。不应手动设置。,
Rows: {0} in {1} section are Invalid. Reference Name should point to a valid Payment Entry or Journal Entry.,行数： {0} {1} 部分无效。参考名称应指向有效的付款条目或日记条目。,
Rule Applied,适用规则,
Rule Description,规则说明,
Run parallel job cards in a workstation,在工作站中运行并行作业卡,
Running,運行,
S.O. No.,SO號,
SAL-CAM-.YYYY.-,SAL-CAM-.YYYY.-,
SAL-ORD-.YYYY.-,SAL-ORD-.YYYY.-,
SAL-QTN-.YYYY.-,SAL-QTN-.YYYY.-,
SCO Supplied Item,SCO 提供的物品,
SER-WRN-.YYYY.-,SER-WRN-.YYYY.-,
SLA Fulfilled On,SLA 完成于,
SLA Fulfilled On Status,SLA 已完成状态,
SLA Paused On,SLA 暂停于,
SLA is on hold since {0},自{0}起，SLA处于保留状态,
SLA will be applied if {1} is set as {2}{3},如果 {1} 被设置为 {2}{3} ，SLA 将会被应用,
SLA will be applied on every {0},SLA 将应用于每一个 {0},
SMS Center,短信中心,
SMS Log,短信日誌,
SO Qty,SO數量,
SO Total Qty,SO 总数量,
STO-ITEM-.YYYY.-,STO-ITEM-.YYYY.-,
STO-PICK-.YYYY.-,STO-PICK-.YYYY.-,
SUP-.YYYY.-,SUP-.YYYY.-,
SWIFT Number,SWIFT号码,
SWIFT number,SWIFT號碼,
Safety Stock,安全庫存,
Salary,薪水,
Salary Currency,薪资货币,
Salary Mode,薪酬模式,
Sales,銷售,
Sales Account,銷售科目,
Sales Analytics,銷售分析,
Sales Contributions and Incentives,销售贡献和激励,
Sales Defaults,銷售默認值,
Sales Expenses,銷售費用,
Sales Funnel,銷售漏斗,
Sales Incoming Rate,销售收入率,
Sales Invoice,銷售發票,
Sales Invoice Advance,銷售發票提前,
Sales Invoice Item,銷售發票項目,
Sales Invoice No,銷售發票號碼,
Sales Invoice Payment,銷售發票付款,
Sales Invoice Timesheet,銷售發票時間表,
Sales Invoice Trends,銷售發票趨勢,
Sales Invoice {0} has already been submitted,銷售發票{0}已提交,
Sales Invoice {0} must be deleted before cancelling this Sales Order,在取消此销售订单之前必须删除销售发票 {0},
Sales Manager,销售经理,
Sales Master Manager,销售主数据管理员,
Sales Monthly History,銷售月曆,
Sales Order,銷售訂單,
Sales Order Analysis,销售订单分析,
Sales Order Date,銷售訂單日期,
Sales Order Item,銷售訂單項目,
Sales Order Packed Item,销售订单打包的物品,
Sales Order Reference,相关销售订单,
Sales Order Status,销售订单状态,
Sales Order Trends,銷售訂單趨勢,
Sales Order required for Item {0},所需的{0}項目銷售訂單,
"Sales Order {0} already exists against Customer's Purchase Order {1}. To allow multiple Sales Orders, Enable {2} in {3}",销售订单 {0} 已存在于客户的采购订单 {1}。若要允许多张销售订单，请在 {3} 中启用 {2},
Sales Order {0} is not submitted,銷售訂單{0}未提交,
Sales Order {0} is not valid,銷售訂單{0}無效,
Sales Order {0} is {1},銷售訂單{0} {1},
Sales Orders,銷售訂單,
Sales Orders Required,需要销售订单,
Sales Orders to Bill,比爾的銷售訂單,
Sales Orders to Deliver,要交付的銷售訂單,
Sales Partner,銷售合作夥伴,
Sales Partner ,销售合作伙伴,
Sales Partner Commission Summary,销售合作伙伴佣金摘要,
Sales Partner Item,销售合作伙伴项目,
Sales Partner Name,銷售合作夥伴名稱,
Sales Partner Target,銷售合作夥伴目標,
Sales Partner Target Variance based on Item Group,销售合作伙伴基于项目组的目标差异,
Sales Partner Transaction Summary,销售合作伙伴交易摘要,
Sales Partner Type,銷售夥伴類型,
Sales Partners Commission,銷售合作夥伴佣金,
Sales Payment Summary,銷售付款摘要,
Sales Person,銷售人員,
Sales Person <b>{0}</b> is disabled.,销售员<b>{0}</b>已被停用。,
Sales Person Commission Summary,銷售人員委員會摘要,
Sales Person Name,銷售人員的姓名,
Sales Person Target Variance Based On Item Group,基于项目组的销售人员目标差异,
Sales Person Targets,銷售人員目標,
Sales Person-wise Transaction Summary,銷售人員相關的交易匯總,
Sales Pipeline,銷售渠道,
Sales Pipeline Analytics,销售管道分析,
Sales Price List,銷售價格表,
Sales Register,銷售登記,
Sales Return,銷貨退回,
Sales Stage,銷售階段,
Sales Summary,銷售摘要,
Sales Tax Template,銷售稅模板,
Sales Taxes and Charges,銷售稅金及費用,
Sales Taxes and Charges Template,營業稅金及費用套版,
Sales Team,銷售團隊,
Sales Update Frequency in Company and Project,公司和项目的销售更新频率,
Sales User,销售用户,
Sales Value,销售值,
Sales and Returns,銷售和退貨,
Sales orders are not available for production,銷售訂單不可用於生產,
Salutation,称呼,
Salvage Value Percentage,残值百分比,
Same Company is entered more than once,同一家公司進入不止一次,
Same Item,相同的项目,
Same item and warehouse combination already entered.,已输入相同的商品和仓库组合。,
Same item cannot be entered multiple times.,同一項目不能輸入多次。,
Same supplier has been entered multiple times,同一個供應商已多次輸入,
Sample Quantity,樣品數量,
Sample Retention Warehouse,樣品保留倉庫,
Sample Size,樣本大小,
Sample quantity {0} cannot be more than received quantity {1},採樣數量{0}不能超過接收數量{1},
Sanctioned,制裁,
Saturday,星期六,
Save,保存,
Save as Draft,保存为草稿,
Savings,储蓄,
Scan Barcode,扫条码,
Scan Batch No,扫描批次号,
Scan Mode,扫描模式,
Scan Serial No,扫描序列号,
Scan barcode for item {0},扫描条形码用于项目 {0},
"Scan mode enabled, existing quantity will not be fetched.",扫描模式已启用，将不会获取现有数量。,
Scanned Cheque,支票掃描,
Scanned Quantity,已扫描数量,
Schedule,時間表,
Schedule Date,排定日期,
Scheduled,預定,
Scheduled Date,預定日期,
Scheduled Time,计划的时间,
Scheduled Time Logs,计划时间日志,
Scheduler Inactive,计划任务未激活,
Scheduler is Inactive. Can't trigger job now.,调度程序未激活。现在无法触发作业。,
Scheduler is Inactive. Can't trigger jobs now.,调度程序处于非活动状态。现在无法触发作业。,
Scheduler is inactive. Cannot enqueue job.,调度器处于非活动状态。无法在队列工作。,
Scheduler is inactive. Cannot import data.,计划任务未激活，无法导入数据,
Scheduler is inactive. Cannot merge accounts.,调度器处于未激活状态。无法合并帐户。,
Schedules,時間表,
Scheduling,计划调度,
School/University,學校/大學,
Score,得分了,
Scorecard Actions,記分卡操作,
"Scorecard variables can be used, as well as:
{total_score} (the total score from that period),
{period_number} (the number of periods to present day)
",可以使用記分卡變量，以及：{total_score}（該期間的總分數），{period_number}（到當前時間段的數量）,
Scorecards,記分卡,
Scoring Criteria,評分標準,
Scoring Setup,得分設置,
Scoring Standings,得分排名,
Scrap & Process Loss,废料和工艺损失,
Scrap Asset,废弃资产,
Scrap Cost Per Qty,每个数量的废料成本,
Scrap Item Code,废品项目代码,
Scrap Item Name,废件项目名称,
Scrap Items,廢物品,
Scrap Material Cost,廢料成本,
Scrap Material Cost(Company Currency),廢料成本（公司貨幣）,
Scrap Warehouse,廢料倉庫,
Scrapped,報廢,
Search,搜索,
Search APIs,搜索API,
Search Sub Assemblies,搜索子組件,
Search Term Param Name,搜索字詞Param Name,
"Search by customer name, phone, email.",通过客户名称，电话，电子邮件进行搜索。,
Search by invoice id or customer name,按发票编号或客户名称搜索,
"Search by item code, serial number or barcode",按项目代码、序列号或条形码搜索,
Second Email,第二封郵件,
Secondary Party,二级方,
Secondary Role,次要角色,
Section,章节,
Section Based On,基于的部分,
Section Cards,部分卡片,
Section Code,部分代碼,
Section HTML,部分HTML,
Section Order,部分顺序,
Secured Loans,抵押貸款,
Securities and Deposits,證券及存款,
See All Articles,查看所有文章,
See all open tickets,查看所有打開的門票,
Segregate Serial / Batch Bundle,分离序列/批次捆绑,
Select,选择,
Select Accounting Dimension.,选择会计维度。,
Select Alternate Item,選擇備用項目,
Select Alternative Items for Sales Order,选择供销售订单使用的替代项目,
Select Attribute Values,選擇屬性值,
Select BOM,選擇BOM,
Select BOM and Qty for Production,選擇BOM和數量生產,
"Select BOM, Qty and For Warehouse",选择BOM，Qty和For Warehouse,
Select Batch No,選擇批號,
Select Billing Address,选择帐单地址,
Select Brand...,選擇品牌...,
Select Columns and Filters,选择列与筛选条件,
Select Company,選擇公司,
Select Corrective Operation,选择纠正性工序,
Select Customers By,选择客户依据,
Select Date of Birth. This will validate Employees age and prevent hiring of under-age staff.,选择出生日期。此操作将验证员工年龄并防止雇用未成年人员。,
"Select Date of joining. It will have impact on the first salary calculation, Leave allocation on pro-rata bases.",选择入职日期。这将影响首次薪资计算及按比例分配的年假额度。,
Select Default Supplier,選擇默認供應商,
Select Difference Account,选择差异账户,
Select Dimension,选择维度,
Select DocType,选择文档类型,
Select Employees,選擇僱員,
Select Finished Good,选择产成品,
Select Items,選擇項目,
Select Items based on Delivery Date,根據交付日期選擇項目,
Select Items for Quality Inspection,选择待质检物料,
Select Items to Manufacture,選擇項目，以製造,
Select Job Worker Address,选择外协加工方地址,
Select Loyalty Program,選擇忠誠度計劃,
Select Possible Supplier,選擇潛在供應商,
Select Quantity,選擇數量,
Select Serial No,選擇序列號,
Select Serial and Batch,选择序列号与批次,
Select Shipping Address,選擇送貨地址,
Select Supplier Address,選擇供應商地址,
Select Target Warehouse,選擇目標倉庫,
Select Time,选择时间,
Select View,选择视图,
Select Vouchers to Match,选择匹配凭证,
Select Warehouse...,選擇倉庫...,
Select Warehouses to get Stock for Materials Planning,选择用于物料计划库存的仓库,
Select a Company,选择公司,
Select a Company this Employee belongs to.,选择该员工所属的公司。,
Select a Customer,选择客户,
Select a Default Priority.,选择默认优先级。,
Select a Supplier,选择供应商,
"Select a Supplier from the Default Suppliers of the items below. On selection, a Purchase Order will be made against items belonging to the selected Supplier only.",从以下各项的默认供应商中选择供应商。选择后，将针对仅属于所选供应商的项目下达采购订单。,
Select a company,选择一家公司,
Select an Item Group.,选择物料组。,
Select an account to print in account currency,選擇一個科目以科目貨幣進行打印,
Select an invoice to load summary data,选择发票以加载汇总数据,
Select an item from each set to be used in the Sales Order.,从每组中选择一个物料用于销售订单。,
Select at least one value from each of the attributes.,從每個屬性中至少選擇一個值。,
Select change amount account,選擇變化量科目,
Select company first,首先選擇公司,
Select company name first.,先選擇公司名稱。,
Select finance book for the item {0} at row {1},为行{1}中的项{0}选择财务手册,
Select item group,选择项目组,
Select template item,选择模板项目,
Select the Bank Account to reconcile.,选择要对帐的银行帐户。,
Select the Default Workstation where the Operation will be performed. This will be fetched in BOMs and Work Orders.,选择执行工序的默认工作站。此信息将用于物料清单和工单。,
Select the Item to be manufactured.,选择待生产的物料。,
"Select the Item to be manufactured. The Item name, UoM, Company, and Currency will be fetched automatically.",选择待生产的物料。物料名称、计量单位、公司和币种将自动获取。,
Select the Warehouse,选择仓库,
Select the customer or supplier.,選擇客戶或供應商。,
Select the date and your timezone,选择日期和时区,
Select the raw materials (Items) required to manufacture the Item,选择生产该物料所需的原材料,
Select variant item code for the template item {0},选择模板项目{0}的变体项目代码,
"Select whether to get items from a Sales Order or a Material Request. For now select <b>Sales Order</b>.
 A Production Plan can also be created manually where you can select the Items to manufacture.","选择是否从销售订单或物料请求中获取物品。现在选择 <b>销售订单</b>。
 也可以手动创建生产计划，您可以在其中选择要制造的物品。",
Select your weekly off day,选择每周休息日,
"Select, to make the customer searchable with these fields",選擇，使客戶可以使用這些字段進行搜索,
Selected POS Opening Entry should be open.,所选的POS入口条目应打开。,
Selected Price List should have buying and selling fields checked.,選定價目表應該有買入和賣出的字段。,
Selected Serial and Batch Bundle entries have been removed.,选定的序列号批次组合条目已被移除。,
Selected Vouchers,已选凭证,
Selected date is,选定日期为,
Selected document must be in submitted state,所选单据必须处于已提交状态,
Self delivery,自提,
Sell,賣,
Sell Asset,出售资产,
Selling,銷售,
Selling Amount,銷售金額,
Selling Price List,賣價格表,
Selling Rate,賣出率,
Selling Settings,銷售設置,
"Selling must be checked, if Applicable For is selected as {0}",銷售必須進行檢查，如果適用於被選擇為{0},
Send,发送,
Send After (days),发送后（天）,
Send Attached Files,发送附件,
Send Document Print,发送单据打印,
Send Email,發送電子郵件,
Send Emails,发送邮件,
Send Emails to Suppliers,发送电子邮件给供应商,
Send Now,立即发送,
Send SMS,發送短信,
Send To,發送到,
Send To Primary Contact,发送给主要联系人,
Send regular summary reports via Email.,使用電子郵件發送定期匯總報告。,
Send to Subcontractor,发送给分包商,
Send with Attachment,發送附件,
Sender,发件人,
Sender Name,發件人名稱,
Sending,发送中,
Sending...,发送中...,
Sent,已发送,
Sent On,發送於,
Sent To,發給,
Sequence ID,序列号,
Sequence Id,序列ID,
Sequential,顺序,
Serial & Batch Item,序列号与批次物料,
Serial & Batch Item Settings,序列号批次物料设置,
Serial / Batch Bundle,序列号/批次组合,
Serial / Batch Bundle Missing,缺少序列号/批次组合,
Serial / Batch No,序列号/批次号,
Serial / Batch Nos,序列号/批次号,
Serial No,序列號,
Serial No / Batch,序列號/批次,
Serial No Count,序列号,
Serial No Ledger,序列号台账,
Serial No Range,序列号范围,
Serial No Service Contract Expiry,序號服務合同到期,
Serial No Status,序列號狀態,
Serial No Warranty Expiry,序列號保修到期,
Serial No and Batch,序列號和批次,
Serial No and Batch Selector cannot be use when Use Serial / Batch Fields is enabled.,启用序列号/批次字段时不可使用序列号批次选择器,
Serial No and Batch for Finished Good,产成品序列号与批次,
Serial No is mandatory,序列号为必填项,
Serial No is mandatory for Item {0},項目{0}的序列號是強制性的,
Serial No {0} already exists,序列号{0}已存在,
Serial No {0} already scanned,序列号{0}已扫描,
Serial No {0} does not belong to Delivery Note {1},序列號{0}不屬於送貨單{1},
Serial No {0} does not belong to Item {1},序列號{0}不屬於項目{1},
Serial No {0} does not exist,序列號{0}不存在,
Serial No {0} does not exists,序列号{0}不存在,
Serial No {0} is already added,序列号{0}已添加,
"Serial No {0} is not present in the {1} {2}, hence you can't return it against the {1} {2}",序列号{0}未存在于{1}{2}中，因此不能针对该{1}{2}进行退回,
Serial No {0} is under maintenance contract upto {1},序列號{0}在維護合約期間內直到{1},
Serial No {0} is under warranty upto {1},序列號{0}在保修期內直到{1},
Serial No {0} not found,序列號{0}未找到,
Serial No: {0} has already been transacted into another POS Invoice.,序列号：{0}已被交易到另一个POS发票中。,
Serial Nos,序列号,
Serial Nos / Batch Nos,序列号/批次号,
Serial Nos and Batches,序列號和批號,
Serial Nos are created successfully,序列号创建成功,
"Serial Nos are reserved in Stock Reservation Entries, you need to unreserve them before proceeding.",序列号已在库存预留条目中预留，继续操作前需取消预留。,
Serial Number Series,序列號系列,
Serial and Batch,序列号与批次,
Serial and Batch Bundle,序列号批次组合,
Serial and Batch Bundle created,序列号批次组合已创建,
Serial and Batch Bundle updated,序列号批次组合已更新,
Serial and Batch Bundle {0} is already used in {1} {2}.,序列号批次组合{0}已用于{1}{2}。,
Serial and Batch Details,序列号批次明细,
Serial and Batch Entry,序列号批次条目,
Serial and Batch No,序列号批次号,
Serial and Batch Nos,序列号批次号,
Serial and Batch Nos will be auto-reserved based on <b>Pick Serial / Batch Based On</b>,序列号批次号将根据<b>拣配依据</b>自动预留,
Serial and Batch Reservation,序列号批次预留,
Serial and Batch Summary,序列号批次汇总,
Serial number {0} entered more than once,序號{0}多次輸入,
Serial numbers unavailable for Item {0} under warehouse {1}. Please try changing warehouse.,仓库{1}下项目{0}的序列号不可用。请尝试更换仓库。,
Series,系列,
Series for Asset Depreciation Entry (Journal Entry),資產折舊條目系列（期刊條目）,
Series is mandatory,系列是強制性的,
Service,服务,
Service Address,服務地址,
Service Cost Per Qty,单位服务成本,
Service Day,服务日,
Service End Date,服務結束日期,
Service Expense Total Amount,服务费用总额,
Service Expenses,服务费用,
Service Item,服务物料,
Service Item Qty,服务物料数量,
Service Item Qty / Finished Good Qty,服务物料数量/产成品数量,
Service Item UOM,服务物料单位,
Service Item {0} is disabled.,服务物料{0}已停用,
Service Item {0} must be a non-stock item.,服务物料{0}必须为非库存物料,
Service Items,服务物料,
Service Level Agreement,服务水平协议,
Service Level Agreement Creation,服务水平协议创建,
Service Level Agreement Details,服务水平协议详细信息,
Service Level Agreement Status,服务水平协议状态,
Service Level Agreement for {0} {1} already exists.,{0}{1}的服务级别协议已存在。,
Service Level Agreement has been changed to {0}.,服务水平协议已更改为{0}。,
Service Level Agreement was reset.,服务水平协议已重置。,
Service Level Agreements,服务等级协定,
Service Level Name,服务级别名称,
Service Level Priority,服务水平优先,
Service Provider,服务提供商,
Service Received But Not Billed,服务已收到但未计费,
Service Start Date,服務開始日期,
Service Stop Date,服務停止日期,
Service Stop Date cannot be after Service End Date,服務停止日期不能在服務結束日期之後,
Service Stop Date cannot be before Service Start Date,服務停止日期不能早於服務開始日期,
Services,服務,
Session Defaults,会话默认值,
Set Accepted Warehouse,设置接受的仓库,
Set Advances and Allocate (FIFO),設置進度和分配（FIFO）,
Set Basic Rate Manually,手动设置基本费率,
Set Default Supplier,设置默认供应商,
Set From Warehouse,设置来源仓库,
Set Item Group-wise budgets on this Territory. You can also include seasonality by setting the Distribution.,在此地域設定跨群組項目間的預算。您還可以通過設定分配來包含季節性。,
Set Landed Cost Based on Purchase Invoice Rate,按采购发票汇率设置到岸成本,
Set Loyalty Program,设置忠诚度计划,
Set Meta Tags,设置元标记,
Set New Release Date,設置新的發布日期,
Set Operating Cost / Scrap Items From Sub-assemblies,设置来自子件的运营成本/废品物料,
Set Operating Cost Based On BOM Quantity,根据物料清单数量设置运营成本,
Set Parent Row No in Items Table,在物料表中设置父行号,
Set Posting Date,设定过帐日期,
Set Process Loss Item Quantity,设置加工损耗物料数量,
Set Project Status,设置项目状态,
Set Project and all Tasks to status {0}?,将项目和所有任务设置为状态{0}？,
Set Quantity,设置数量,
Set Reserve Warehouse,设置储备仓库,
Set Response Time for Priority {0} in row {1}.,为第{1}行的优先级{0}设置响应时间。,
Set Serial and Batch Bundle Naming Based on Naming Series,根据命名规则设置序列号批次组合名称,
Set Source Warehouse,设置源仓库（出货仓）,
Set Target Warehouse,设置目标仓库（收货仓）,
Set Valuation Rate Based on Source Warehouse,根据来源仓库设置计价汇率,
Set Warehouse,设置仓库,
Set as Closed,設置為關閉,
Set as Completed,设为已完成,
Set as Lost,設為失落,
Set as Open,設置為打開,
Set default inventory account for perpetual inventory,設置永久庫存的默認庫存科目,
Set default {0} account for non stock items,设置非库存物料的默认{0}科目,
Set fieldname from which you want to fetch the data from the parent form.,设置从父表单获取数据的字段名称。,
Set quantity of process loss item:,设置加工损耗物料数量：,
Set rate of sub-assembly item based on BOM,基於BOM設置子組合項目的速率,
Set targets Item Group-wise for this Sales Person.,為此銷售人員設定跨項目群組間的目標。,
Set the Planned Start Date (an Estimated Date at which you want the Production to begin),设置计划开始日期（预计开始生产的日期）,
Set the status manually.,手动设置状态。,
Set this if the customer is a Public Administration company.,如果客户是公共管理公司，请设置此项。,
Set {0} in asset category {1} for company {2},为{2}公司设置资产类别{1}的{0},
Set {0} in asset category {1} or company {2},在資產類別{1}或公司{2}中設置{0},
Set {0} in company {1},在公司{1}中设置{0},
Sets 'Accepted Warehouse' in each row of the Items table.,在物料表的每一行设置'验收仓库'。,
Sets 'Rejected Warehouse' in each row of the Items table.,在物料表的每一行设置'拒收仓库'。,
Sets 'Reserve Warehouse' in each row of the Supplied Items table.,在供应物料表的每一行设置'预留仓库'。,
Sets 'Source Warehouse' in each row of the items table.,在项目表的每一行中设置“源仓库”。,
Sets 'Target Warehouse' in each row of the items table.,在项目表的每一行中设置“目标仓库”。,
Sets 'Warehouse' in each row of the Items table.,在“项目”表的每一行中设置“仓库”。,
Setting Account Type helps in selecting this Account in transactions.,設置會計科目類型有助於在交易中選擇該科目。,
"Setting Events to {0}, since the Employee attached to the below Sales Persons does not have a User ID{1}",設置活動為{0}，因為附連到下面的銷售者的僱員不具有用戶ID {1},
Setting Item Locations...,设置物料位置...,
Setting defaults,設置默認值,
Setting the account as a Company Account is necessary for Bank Reconciliation,将科目设为公司账户是银行对账的必要条件,
Setting up company,建立公司,
Settings,设置,
Settings for Selling Module,設置銷售模塊,
Settled,安定,
Setup,设置,
Setup your organization,组织架构设置,
Share Balance,份額平衡,
Share Ledger,Share Ledger,
Share Transfer,股份轉讓,
Share Type,分享類型,
Shareholder,股東,
Shelf Life In Days,保質期天數,
Shelf Life in Days,保质期(天),
Shift,班次,
Shift Factor,班次系数,
Shift Name,班次名称,
Shipment,装运,
Shipment Amount,装运金额,
Shipment Delivery Note,装运交货单,
Shipment ID,装运ID,
Shipment Information,装运信息,
Shipment Parcel,装运包裹,
Shipment Parcel Template,装运包裹模板,
Shipment Type,装运类型,
Shipment details,装运明细,
Shipments,發貨,
Shipping Account,送貨科目,
Shipping Address,送貨地址,
Shipping Address Details,发货地址明细,
Shipping Address Name,送貨地址名稱,
Shipping Address Template,发货地址模板,
Shipping Address does not belong to the {0},发货地址不属于{0},
"Shipping Address does not have country, which is required for this Shipping Rule",送貨地址沒有國家，這是此送貨規則所必需的,
Shipping Amount,航運量,
Shipping City,航運市,
Shipping Country,航運國家,
Shipping County,航運縣,
Shipping Rule,送貨規則,
Shipping Rule Condition,送貨規則條件,
Shipping Rule Conditions,送貨規則條件,
Shipping Rule Country,航運規則國家,
Shipping Rule Label,送貨規則標籤,
Shipping Rule Type,運輸規則類型,
Shipping State,運輸狀態,
Shipping Zipcode,運輸郵編,
Shipping rule not applicable for country {0} in Shipping Address,送货规则不适用于送货地址中的国家/地区{0},
Shipping rule only applicable for Buying,運費規則只適用於購買,
Shipping rule only applicable for Selling,運費規則僅適用於銷售,
Shopping Cart,購物車,
Short Name,简称,
Short Term Loan Account,短期贷款账户,
Short biography for website and other publications.,網站和其他出版物的短的傳記。,
Shortage Qty,短缺數量,
Show Aggregate Value from Subsidiary Companies,显示子公司汇总值,
Show Balances in Chart Of Accounts,在科目表中显示余额,
Show Barcode Field in Stock Transactions,在库存事务中显示条码字段,
Show Cancelled Entries,显示已取消的条目,
Show Completed,显示已完成,
Show Cumulative Amount,顯示累計金額,
Show Dimension Wise Stock,按维度显示库存,
Show Disabled Warehouses,显示停用仓库,
Show Failed Logs,显示失败日志,
Show Future Payments,显示未来付款,
Show GL Balance,显示总账余额,
Show In Website,顯示在網站,
Show Inclusive Tax in Print,在打印中显示含税,
Show Item Name,显示物料名称,
Show Items,顯示項目,
Show Latest Forum Posts,顯示最新的論壇帖子,
Show Ledger View,显示分类账视图,
Show Linked Delivery Notes,显示链接的交货单,
Show Net Values in Party Account,在往来账户显示净值,
Show Open,公开显示,
Show Opening Entries,显示开场条目,
Show Operations,顯示操作,
Show Pay Button in Purchase Order Portal,在采购订单门户显示支付按钮,
Show Payment Details,顯示付款詳情,
Show Payment Schedule in Print,在打印中顯示付款時間表,
Show Preview,显示预览,
Show Remarks,显示备注,
Show Return Entries,顯示返回條目,
Show Sales Person,显示销售人员,
Show Stock Ageing Data,显示库存账龄数据,
Show Taxes as Table in Print,打印时以表格形式显示税费,
Show Traceback,显示追踪信息,
Show Variant Attributes,顯示變體屬性,
Show Variants,顯示變體,
Show Warehouse-wise Stock,显示仓库库存,
Show exploded view,顯示爆炸視圖,
Show in Website,在网站上显示,
Show net values in opening and closing columns,在期初期末列显示净值,
Show only POS,只顯示POS,
Show only the Immediate Upcoming Term,仅显示即将到期的条款,
Show pending entries,显示待处理条目,
Show unclosed fiscal year's P&L balances,顯示未關閉的會計年度的盈虧平衡,
Show with upcoming revenue/expense,显示即将发生的收入/费用,
Show zero values,顯示零值,
Show {0},显示{0},
Signatory Position,簽署的位置,
Signed,簽,
Signed By (Company),签名人（公司）,
Signed On,簽名,
Signee,簽署人,
Signee (Company),签收人（公司）,
Signee Details,簽名詳情,
"Simple Python Expression, Example: doc.status == 'Open' and doc.issue_type == 'Bug'",简单Python表达式，示例：doc.status == 'Open' and doc.issue_type == 'Bug',
"Simple Python Expression, Example: territory != 'All Territories'",简单的Python表达式，例如：region！=&#39;All Territories&#39;,
"Simple Python formula applied on Reading fields.<br> Numeric eg. 1: <b>reading_1 &gt; 0.2 and reading_1 &lt; 0.5</b><br>
Numeric eg. 2: <b>mean &gt; 3.5</b> (mean of populated fields)<br>
Value based eg.:  <b>reading_value in (""A"", ""B"", ""C"")</b>","简单的 Python 公式应用于阅读字段。<br> 数字例如 1： <b>reading_1 &gt; 0.2 和 reading_1 &lt; 0.5</b><br>
数字例如 2： <b>平均值 &gt; 3.5</b> (填充字段的平均值)<br>
基于值例如：  <b>reading_value in (""A"", ""B"", ""C"")</b>",
Simultaneous,并行,
Single,單,
Single Tier Program,單層計劃,
Single Transaction Threshold,單一交易閾值,
Single Variant,單一變種,
Size,大小,
Skip Available Sub Assembly Items,跳过可用子装配物料,
Skip Delivery Note,跳过交货单,
Skip Material Transfer to WIP Warehouse,跳过物料转移到WIP仓库,
Skipped,已跳过,
Skipping Tax Withholding Category {0} as there is no associated account set for Company {1} in it.,跳过代扣税类别{0}，因其中未设置公司{1}的关联账户。,
"Skipping {0} of {1}, {2}",跳过{1}中的{0}，{2},
Skype ID,Skype帐号,
Slideshow,幻灯片,
Small,小,
Smoothing Constant,平滑常数,
Softwares,軟件,
Sold,出售,
Sold by,销售方,
Something went wrong please try again,发生错误，请重试,
"Sorry, this coupon code is no longer valid",抱歉，此优惠券代码不再有效,
"Sorry, this coupon code's validity has expired",抱歉，此优惠券代码的有效性已过期,
"Sorry, this coupon code's validity has not started",抱歉，此优惠券代码的有效性尚未开始,
Source,源,
Source DocType,源DocType,
Source Document Name,源文檔名稱,
Source Document Type,源文檔類型,
Source Exchange Rate,来源汇率,
Source Fieldname,来源字段名,
Source Location,來源地點,
Source Name,源名稱,
Source Type,來源類型,
Source Warehouse,來源倉庫,
Source Warehouse Address,來源倉庫地址,
Source Warehouse Address Link,来源仓库地址链接,
Source and Target Location cannot be same,源和目標位置不能相同,
Source and target warehouse cannot be same for row {0},列{0}的來源和目標倉庫不可相同,
Source and target warehouse must be different,源和目標倉庫必須是不同的,
Source of Funds (Liabilities),資金來源（負債）,
Source warehouse is mandatory for row {0},列{0}的來源倉是必要的,
Sourced by Supplier,由供应商采购,
South Africa VAT Account,南非增值税科目,
South Africa VAT Settings,南非增值税设置,
Spacer,间隔符,
Specify Exchange Rate to convert one currency into another,指定的匯率將一種貨幣兌換成另一種,
Specify conditions to calculate shipping amount,指定條件來計算運費金額,
Split,分裂,
Split Asset,拆分资产,
Split Batch,拆分批,
Split Early Payment Discount Loss into Income and Tax Loss,将提前付款折扣损失拆分为收入和税费损失,
Split From,拆分自,
Split Issue,拆分問題,
Split Qty,拆分数量,
Split qty cannot be grater than or equal to asset qty,拆分数量不得大于或等于资产数量,
Splitting {0} {1} into {2} rows as per Payment Terms,根据付款条款将{0}{1}拆分为{2}行,
Sr,序号,
Stage,阶段,
Stage Name,藝名,
Stale Days,陳舊的日子,
Stale Days should start from 1.,陈旧天数应从1开始,
Standard Buying,標準採購,
Standard Description,标准描述,
Standard Rated Expenses,标准税率费用,
Standard Selling,標準銷售,
Standard Selling Rate,標準銷售率,
Standard Template,標準模板,
"Standard Terms and Conditions that can be added to Sales and Purchases. Examples: Validity of the offer, Payment Terms, Safety and Usage, etc.",可添加到销售和采购中的标准条款和条件。示例：报价有效期、付款条款、安全和使用等。,
Standard rated supplies in {0},{0}中的标准税率供应品,
"Standard tax template that can be applied to all Purchase Transactions. This template can contain a list of tax heads and also other expense heads like ""Shipping"", ""Insurance"", ""Handling"", etc.",可适用于所有购买交易的标准税模板。 此模板可以包含税头列表和其他支出项，如“发货”、“保险”、“处理”等等。,
"Standard tax template that can be applied to all Sales Transactions. This template can contain a list of tax heads and also other expense/income heads like ""Shipping"", ""Insurance"", ""Handling"" etc.",可应用于所有销售交易的标准税模板。 此模板可以包含税金列表和其他开支/收入项，如“发货”、“保险”、“处理”等。,
Standing Name,常務名稱,
Start,开始,
Start / Resume,启动/恢复,
Start Date,开始日期,
Start Date cannot be before the current date,开始日期不能早于当前日期,
Start Date should be lower than End Date,开始日期应早于结束日期,
Start Deletion,开始删除,
Start Import,开始导入,
Start Job,開始工作,
Start Merge,开始合并,
Start Reposting,开始重新过账,
Start Time,开始时间,
Start Time can't be greater than or equal to End Time for {0}.,{0}的开始时间不能大于或等于结束时间,
Start Timer,启动计时器,
Start Year,開始年份,
Start Year and End Year are mandatory,开始年和结束年是强制性的,
Start and End Dates,開始和結束日期,
Start date of current invoice's period,當前發票期間內的開始日期,
Start date should be less than end date for Item {0},項目{0}的開始日期必須小於結束日期,
Start date should be less than end date for task {0},開始日期應該小於任務{0}的結束日期,
Started,已开始,
Started Time,开始时间,
Started a background job to create {1} {0},已启动后台作业创建{1}{0},
Starting location from left edge,從左邊起始位置,
Starting position from top edge,起價頂邊位置,
State/Province,州/省,
Statement of Account,科目狀態,
Status,状态,
Status Details,状态详情,
Status Illustration,状态图示,
Status must be Cancelled or Completed,状态必须已取消或已完成,
Status must be one of {0},狀態必須是一個{0},
Status set to rejected as there are one or more rejected readings.,因存在一个或多个被拒绝读数，状态设为已拒绝,
Statutory info and other general information about your Supplier,供應商的法定資訊和其他一般資料,
Stock,庫存,
Stock Adjustment,庫存調整,
Stock Adjustment Account,庫存調整科目,
Stock Ageing,存貨帳齡分析表,
Stock Analytics,庫存分析,
Stock Assets,庫存資產,
Stock Available,現貨供應,
Stock Balance,庫存餘額,
Stock Balance Report,库存余额报告,
Stock Closing,库存结转,
Stock Consumed During Repair,维修消耗库存,
Stock Consumption Details,库存消耗明细,
Stock Details,庫存詳細訊息,
Stock Entries already created for Work Order {0}: {1},已为工单{0}创建库存分录：{1},
Stock Entry,存貨分錄,
Stock Entry (Outward GIT),库存进入（外向GIT）,
Stock Entry Child,库存入境儿童,
Stock Entry Detail,存貨分錄明細,
Stock Entry Type,库存进入类型,
Stock Entry has been already created against this Pick List,已经根据此选择列表创建了库存输入,
Stock Entry {0} created,庫存輸入{0}創建,
Stock Entry {0} is not submitted,庫存輸入{0}不提交,
Stock Expenses,庫存費用,
Stock Frozen Upto,存貨凍結到...為止,
Stock In Hand,庫存在手,
Stock Items,庫存產品,
Stock Ledger,庫存總帳,
Stock Ledger Entries and GL Entries are reposted for the selected Purchase Receipts,針對所選的採購入庫單，存貨帳分錄和總帳分錄已經重新登錄。,
Stock Ledger Entry,庫存總帳條目,
Stock Ledger ID,库存分类帐编号,
Stock Ledger Invariant Check,库存分类账不变性检查,
Stock Ledger Variance,库存分类账差异,
Stock Levels,庫存水平,
Stock Liabilities,現貨負債,
Stock Manager,庫存管理,
Stock Movement,库存移动,
Stock Planning,库存计划,
Stock Projected Qty,存貨預計數量,
Stock Qty,庫存數量,
Stock Qty vs Serial No Count,库存数量vs序列号不计,
Stock Received But Not Billed,庫存接收，但不付款,
Stock Reconciliation,庫存調整,
Stock Reconciliation Item,庫存調整項目,
Stock Reconciliations,库存对帐,
Stock Reposting Settings,库存重新过账设置,
Stock Reservation,库存预留,
Stock Reservation Entries Cancelled,库存预留分录已取消,
Stock Reservation Entries Created,库存预留分录已创建,
Stock Reservation Entry,库存预留分录,
Stock Reservation Entry cannot be updated as it has been delivered.,库存预留分录已交货，无法更新,
"Stock Reservation Entry created against a Pick List cannot be updated. If you need to make changes, we recommend canceling the existing entry and creating a new one.",针对领料单创建的库存预留分录不可更新。如需修改，建议取消现有分录并创建新分录,
Stock Reservation Warehouse Mismatch,库存预留仓库不匹配,
Stock Reservation can only be created against {0}.,库存预留只能针对{0}创建,
Stock Reserved Qty (in Stock UOM),已预留数量（库存单位）,
Stock Settings,庫存設定,
Stock Summary,庫存摘要,
Stock Transactions Settings,库存交易设置,
Stock UOM,庫存計量單位,
Stock UOM Quantity,库存单位数量,
Stock Unreservation,取消库存预留,
Stock Uom,库存计量单位,
Stock User,庫存用戶,
Stock Validations,库存验证,
Stock Value,庫存價值,
Stock and Account Value Comparison,库存和账户价值比较,
Stock and Manufacturing,库存与生产,
Stock cannot be reserved in group warehouse {0}.,无法在组仓库{0}中预留库存,
Stock cannot be reserved in the group warehouse {0}.,无法在组仓库{0}中预留库存,
Stock cannot be updated against Delivery Note {0},送貨單{0}不能更新庫存,
Stock cannot be updated against Purchase Receipt {0},庫存不能對外購入庫單進行更新{0},
Stock not available for Item {0} in Warehouse {1}.,物料编码{0}在仓库{1}中无可用库存,
Stock quantity not enough for Item Code: {0} under warehouse {1}. Available quantity {2} {3}.,物料编码{0}在仓库{1}中库存不足。可用数量为{2}{3},
Stock transactions before {0} are frozen,{0}前的庫存交易被凍結,
Stock transactions that are older than the mentioned days cannot be modified.,超过指定天数的库存交易不可修改,
Stock will be reserved on submission of <b>Purchase Receipt</b> created against Material Request for Sales Order.,针对销售订单的物料申请创建<b>采购收据</b>并提交时，将预留库存,
Stock/Accounts can not be frozen as processing of backdated entries is going on. Please try again later.,因正在处理倒填日期的分录，无法冻结库存/科目。请稍后重试,
Stop,停止,
Stop Reason,停止原因,
Stopped,已停止,
"Stopped Work Order cannot be cancelled, Unstop it first to cancel",停止的工作訂單不能取消，先取消它,
Stores,商店,
Straight Line,直線,
Sub Assemblies,子組件,
Sub Assemblies & Raw Materials,子装配件与原材料,
Sub Assembly Item,子装配件物料,
Sub Assembly Item Code,子装配件物料编码,
Sub Assembly Items,子装配件物料,
Sub Assembly Warehouse,子装配件仓库,
Sub Operation,子工序,
Sub Operations,子工序,
Sub Procedure,子程序,
Sub Total,小计,
Sub-assembly BOM Count,子组件BOM计数,
Sub-contracting,分包,
Subcontract,轉包,
Subcontract BOM,外协物料清单,
Subcontract Order,外协订单,
Subcontract Order Summary,外协订单汇总,
Subcontract Return,外协退货,
Subcontracted Item,轉包項目,
Subcontracted Item To Be Received,要转包的分包物品,
Subcontracted Quantity,外协数量,
Subcontracted Raw Materials To Be Transferred,分包原材料将被转让,
Subcontracting BOM,外协物料清单,
Subcontracting Conversion Factor,外协转换系数,
Subcontracting Order,外协订单,
Subcontracting Order (Draft) will be auto-created on submission of Purchase Order.,提交采购订单时将自动创建外协订单（草稿）,
Subcontracting Order Item,外协订单项,
Subcontracting Order Service Item,外协订单服务项,
Subcontracting Order Supplied Item,外协订单供应项,
Subcontracting Order {0} created.,外协订单{0}已创建,
Subcontracting Purchase Order,外协采购订单,
Subcontracting Receipt,外协收据,
Subcontracting Receipt Item,外协收据项,
Subcontracting Receipt Supplied Item,外协收据供应项,
Subcontracting Settings,外协设置,
Subdivision,细分,
Subject,主题,
Submit,提交,
Submit Action Failed,提交操作失败,
Submit After Import,导入后提交,
Submit ERR Journals?,提交错误日记账？,
Submit Generated Invoices,提交生成的发票,
Submit Journal Entries,提交日记帐分录,
Submit this Work Order for further processing.,提交此工單以進一步處理。,
Submitted,已提交,
Subscription,訂閱,
Subscription End Date,订阅结束日期,
Subscription End Date is mandatory to follow calendar months,订阅结束日期必须遵循日历月,
Subscription End Date must be after {0} as per the subscription plan,根据订阅计划，订阅结束日期必须在{0}之后,
Subscription Invoice,訂閱發票,
Subscription Period,訂閱期,
Subscription Plan,訂閱計劃,
Subscription Plan Detail,訂閱計劃詳情,
Subscription Plans,訂閱計劃,
Subscription Price Based On,订阅价格基于,
Subscription Section,認購科,
Subscription Settings,訂閱設置,
Subscription Start Date,訂閱開始日期,
Subscription for Future dates cannot be processed.,无法处理未来日期的订阅,
Subscriptions,訂閱,
Subtitle,副标题,
Succeeded,成功,
Succeeded Entries,成功条目,
Success,成功,
Success Redirect URL,成功重定向网址,
Success Settings,成功设定,
Successful,成功,
Successfully Reconciled,不甘心成功,
Successfully Set Supplier,成功設置供應商,
"Successfully changed Stock UOM, please redefine conversion factors for new UOM.",已成功更改库存单位，请重新定义新单位的换算系数,
Successfully imported {0},成功导入{0},
"Successfully imported {0} record out of {1}. Click on Export Errored Rows, fix the errors and import again.",成功导入{1}条记录中的{0}条。单击“导出错误行”，修复错误后重新导入,
Successfully imported {0} record.,成功导入{0}条记录,
"Successfully imported {0} records out of {1}. Click on Export Errored Rows, fix the errors and import again.",成功导入{1}条记录中的{0}条。单击“导出错误行”，修复错误后重新导入,
Successfully imported {0} records.,成功导入{0}条记录,
Successfully linked to Customer,成功关联客户,
Successfully linked to Supplier,成功关联供应商,
Successfully merged {0} out of {1}.,成功合并{1}中的{0}条记录,
Successfully updated {0},成功更新{0},
"Successfully updated {0} record out of {1}. Click on Export Errored Rows, fix the errors and import again.",成功更新{1}条记录中的{0}条。单击“导出错误行”，修复错误后重新导入,
Successfully updated {0} record.,成功更新{0}条记录,
"Successfully updated {0} records out of {1}. Click on Export Errored Rows, fix the errors and import again.",成功更新{1}条记录中的{0}条。单击“导出错误行”，修复错误后重新导入,
Successfully updated {0} records.,成功更新{0}条记录,
Suggestions,建議,
Sum of Repair Cost and Value of Consumed Stock Items.,维修成本与消耗库存价值之和,
Summary,摘要,
Summary for this month and pending activities,本月和待活動總結,
Summary for this week and pending activities,本週和待活動總結,
Sunday,星期日,
Supplied Item,供应物料,
Supplied Items,提供的物品,
Supplied Qty,附送數量,
Supplier,供應商,
Supplier > Supplier Type,供应商&gt;供应商类型,
Supplier Address,供應商地址,
Supplier Address Details,供应商地址明细,
Supplier Contact,供应商联系人,
Supplier Delivery Note,供應商交貨單,
Supplier Details,供應商詳細資訊,
Supplier Group,供應商集團,
Supplier Group Item,供应商组项,
Supplier Group Name,供應商集團名稱,
Supplier Info,供应商信息,
Supplier Invoice,供应商发票,
Supplier Invoice Date,供應商發票日期,
Supplier Invoice Date cannot be greater than Posting Date,供應商發票的日期不能超過過帳日期更大,
Supplier Invoice No,供應商發票號碼,
Supplier Invoice No exists in Purchase Invoice {0},供應商發票不存在採購發票{0},
Supplier Item,供应商物料,
Supplier Items,供應商項目,
Supplier Lead Time (days),供应商交货时间（天）,
Supplier Ledger Summary,供应商分类帐摘要,
Supplier Name,供應商名稱,
Supplier Naming By,供應商命名,
Supplier Part No,供應商部件號,
Supplier Part Number,供應商零件編號,
Supplier Portal Users,供应商门户用户,
Supplier Primary Address,供应商主要地址,
Supplier Primary Contact,供应商主要联系人,
Supplier Quotation,供應商報價,
Supplier Quotation Comparison,供应商报价比较,
Supplier Quotation Item,供應商報價項目,
Supplier Quotation {0} Created,供应商报价{0}已创建,
Supplier Score,供應商分數,
Supplier Scorecard,供應商記分卡,
Supplier Scorecard Criteria,供應商記分卡標準,
Supplier Scorecard Period,供應商記分卡期,
Supplier Scorecard Scoring Criteria,供應商記分卡評分標準,
Supplier Scorecard Scoring Standing,供應商記分卡,
Supplier Scorecard Scoring Variable,供應商記分卡評分變量,
Supplier Scorecard Setup,供應商記分卡設置,
Supplier Scorecard Standing,供應商記分卡站立,
Supplier Scorecard Variable,供應商記分卡變數,
Supplier Type,供應商類型,
Supplier Warehouse,供應商倉庫,
Supplier delivers to Customer,供應商提供給客戶,
Supplier of Goods or Services.,供應商的商品或服務。,
Supplier {0} not found in {1},在{1}中找不到供應商{0},
Supplier(s),供應商（S）,
Supplier-Wise Sales Analytics,供應商相關的銷售分析,
Suppliers,供应商,
Supplies subject to the reverse charge provision,适用反向征税条款的供应品,
Supply Raw Materials for Purchase,供應原料採購,
Support,支持,
Support Hour Distribution,支持小時分配,
Support Portal,支持門戶,
Support Search Source,支持搜索源,
Support Settings,支持設置,
Support Team,支持團隊,
Support Tickets,支持門票,
Suspended,暫停,
Switch Between Payment Modes,在付款模式之间切换,
Sync Now,立即同步,
Sync Started,同步已启动,
Synchronize all accounts every hour,每小时同步所有帐户,
System In Use,使用中的系统,
System Manager,系统管理员,
"System User (login) ID. If set, it will become default for all HR forms.",系統用戶（登錄）的標識。如果設定，這將成為的所有人力資源的預設形式。,
System will automatically create the serial numbers / batch for the Finished Good on submission of work order,提交工单时系统将自动创建成品的序列号/批次,
System will fetch all the entries if limit value is zero.,如果限制值为零，系统将获取所有条目。,
System will not check over billing since amount for Item {0} in {1} is zero,因{1}中物料{0}的金额为零，系统不检查超额开票,
System will notify to increase or decrease quantity or amount ,系统将通知增加或减少数量或金额,
TCS Amount,TCS金额,
TCS Rate %,TCS税率%,
TDS Amount,TDS金额,
TDS Computation Summary,TDS計算摘要,
TDS Deducted,已扣除TDS,
TDS Payable,应付TDS,
TDS Rate %,TDS率％,
TS-.YYYY.-,TS-.YYYY.-,
Table for Item that will be shown in Web Site,表項，將在網站顯示出來,
Tag,标签,
Tag Line,標語,
Target,目标,
Target  Amount,目標金額,
Target ({}),目标（{}）,
Target Asset,目标资产,
Target Asset Location,目标资产位置,
Target Asset {0} cannot be cancelled,目标资产{0}无法取消,
Target Asset {0} cannot be submitted,目标资产{0}无法提交,
Target Asset {0} cannot be {1},目标资产{0}无法{1},
Target Asset {0} does not belong to company {1},目标资产{0}不属于公司{1},
Target Asset {0} needs to be composite asset,目标资产{0}需为组合资产,
Target Batch No,目标批号,
Target Detail,目標詳細資訊,
Target Details,目标细节,
Target Distribution,目標分佈,
Target Exchange Rate,目标汇率,
Target Fieldname (Stock Ledger Entry),目标字段名（库存分类账分录）,
Target Fixed Asset Account,目标固定资产科目,
Target Has Batch No,目标有批号,
Target Has Serial No,目标有序列号,
Target Incoming Rate,目标入库汇率,
Target Is Fixed Asset,目标为固定资产,
Target Item Code,目标物料编码,
Target Item Name,目标物料名称,
Target Item {0} must be a Fixed Asset item,目标物料{0}必须为固定资产物料,
Target Location,目標位置,
Target On,目標在,
Target Qty,目標數量,
Target Qty must be a positive number,目标数量必须为正数,
Target Serial No,目标序列号,
Target Warehouse,目標倉庫,
Target Warehouse Address,目標倉庫地址,
Target Warehouse Address Link,目标仓库地址链接,
Target Warehouse is set for some items but the customer is not an internal customer.,部分物料设置了目标仓库，但客户不是内部客户,
Target warehouse is mandatory for row {0},目標倉庫是強制性的行{0},
Targets,目標,
Tariff Number,稅則號,
Task,任務,
Task Assignee Email,任务分配人邮箱,
Task Completion,任務完成,
Task Depends On,任務取決於,
Task Description,任务描述,
Task Name,任務名稱,
Task Progress,任務進度,
Task Type,任务类型,
Task Weight,任務重,
Task {0} depends on Task {1}. Please add Task {1} to the Tasks list.,任务{0}依赖任务{1}。请将任务{1}添加到任务列表,
Tasks,任務,
Tasks Completed,任务完成,
Tasks Overdue,任务逾期,
Tax,稅,
Tax Account,稅收科目,
Tax Amount,税额,
Tax Amount After Discount Amount,稅額折後金額,
Tax Amount After Discount Amount (Company Currency),稅額後，優惠金額（公司貨幣）,
Tax Amount will be rounded on a row(items) level,税额将在行项目层级进行四舍五入,
Tax Assets,所得稅資產,
Tax Breakup,稅收分解,
Tax Category,税种,
"Tax Category has been changed to ""Total"" because all the Items are non-stock items",稅項類別已更改為“合計”，因為所有物品均為非庫存物品,
Tax ID,稅號,
Tax Id,税号,
Tax Id: ,稅號：,
Tax Rate,稅率,
Tax Rates,税率,
Tax Refunds provided to Tourists under the Tax Refunds for Tourists Scheme,根据游客退税计划向游客提供的税款退还,
Tax Rule,稅務規則,
Tax Rule Conflicts with {0},稅收規範衝突{0},
Tax Settings,税务设置,
Tax Template is mandatory.,稅務模板是強制性的。,
Tax Total,税收总额,
Tax Type,稅收類型,
Tax Withheld Vouchers,代扣税款凭证,
Tax Withholding,税款代扣代缴,
Tax Withholding Account,扣繳稅款科目,
Tax Withholding Category,預扣稅類別,
Tax Withholding Category {} against Company {} for Customer {} should have Cumulative Threshold value.,针对公司{1}客户{2}的代扣代缴类别{0}应设置累计起征点值,
Tax Withholding Details,代扣代缴明细,
Tax Withholding Net Total,代扣代缴净额,
Tax Withholding Rate,稅收預扣稅率,
Tax Withholding Rates,預扣稅率,
"Tax detail table fetched from item master as a string and stored in this field.
Used for Taxes and Charges",從項目主檔獲取的稅務詳細資訊表，成為字串並存儲在這欄位。用於稅賦及費用,
Tax will be withheld only for amount exceeding the cumulative threshold,仅对超过累计起征点的金额进行税款代扣,
Taxable Amount,應稅金額,
Taxes,稅,
Taxes and Charges,稅收和收費,
Taxes and Charges Added,稅費上架,
Taxes and Charges Added (Company Currency),稅收和收費上架（公司貨幣）,
Taxes and Charges Calculation,稅費計算,
Taxes and Charges Deducted,稅收和費用扣除,
Taxes and Charges Deducted (Company Currency),稅收和扣除（公司貨幣）,
Taxes row #{0}: {1} cannot be smaller than {2},第{0}行税项：{1}不能小于{2},
Team,团队,
Team Member,隊員,
Telephone Expenses,電話費,
Telephony Call Type,通话类型,
Template,模板,
Template Item,模板项目,
Template Item Selected,已选模板物料,
Template Name,模板名稱,
Template Options,模板选项,
Template Task,模板任务,
Template Title,模板标题,
Template Warnings,模板警告,
Temporarily on Hold,暫時擱置,
Temporary,臨時,
Temporary Accounts,臨時科目,
Temporary Opening,臨時開通,
Temporary Opening Account,臨時開戶,
Term Details,長期詳情,
Terms,條款,
Terms & Conditions,条款与条件,
Terms Template,条款模板,
Terms and Conditions,條款和條件,
Terms and Conditions Content,條款及細則內容,
Terms and Conditions Details,條款及細則詳情,
Terms and Conditions Help,條款和條件幫助,
Territory,領土,
Territory Item,区域物料,
Territory Manager,區域經理,
Territory Name,地區名稱,
Territory Target Variance Based On Item Group,基于项目组的地域目标差异,
Territory Targets,境內目標,
Territory-wise Sales,区域销售,
The 'From Package No.' field must neither be empty nor it's value less than 1.,“From Package No.”字段不能為空，也不能小於1。,
"The Access to Request for Quotation From Portal is Disabled. To Allow Access, Enable it in Portal Settings.",禁止从门户网站访问报价请求。要允许访问，请在门户设置中启用它。,
The BOM which will be replaced,這將被替換的物料清單,
The Campaign '{0}' already exists for the {1} '{2}',{1}&#39;{2}&#39;广告系列“{0}”已存在,
The Condition '{0}' is invalid,条件'{0}'无效,
The Document Type {0} must have a Status field to configure Service Level Agreement,单据类型{0}必须具有状态字段以配置服务级别协议,
"The GL Entries and closing balances will be processed in the background, it can take a few minutes.",总账分录和期末余额将在后台处理，可能需要几分钟,
"The GL Entries will be cancelled in the background, it can take a few minutes.",总账分录将在后台取消，可能需要几分钟,
The Loyalty Program isn't valid for the selected company,忠誠度計劃對所選公司無效,
"The Payment Request {0} is already paid, cannot process payment twice",付款申请{0}已支付，不能重复处理,
The Payment Term at row {0} is possibly a duplicate.,第{0}行的支付條款可能是重複的。,
"The Pick List having Stock Reservation Entries cannot be updated. If you need to make changes, we recommend canceling the existing Stock Reservation Entries before updating the Pick List.",存在库存预留记录的拣货清单无法更新。如需修改，建议在更新前取消现有库存预留,
The Process Loss Qty has reset as per job cards Process Loss Qty,根据工序卡的工艺损耗量重置生产损耗量,
The Sales Person is linked with {0},该销售员与{0}相关联,
The Serial No at Row #{0}: {1} is not available in warehouse {2}.,第{0}行的序列号{1}在仓库{2}中不可用,
The Serial and Batch Bundle {0} is not valid for this transaction. The 'Type of Transaction' should be 'Outward' instead of 'Inward' in Serial and Batch Bundle {0},序列号批次组合{0}对此交易无效。在序列号批次组合{0}中，'交易类型'应为'出库'而非'入库',
"The Stock Entry of type 'Manufacture' is known as backflush. Raw materials being consumed to manufacture finished goods is known as backflushing. <br><br> When creating Manufacture Entry, raw-material items are backflushed based on BOM of production item. If you want raw-material items to be backflushed based on Material Transfer entry made against that Work Order instead, then you can set it under this field.",类型“制造”的库存分录称为反冲。生产成品所消耗的原材料称为反冲。<br><br>创建生产分录时，将根据生产物料的物料清单对物料物料进行反冲。如果您希望根据针对该工单的物料转移条目来回算原始物料，则可以在此字段下进行设置。,
The Work Order is mandatory for Disassembly Order,拆卸订单必须关联工单,
"The account head under Liability or Equity, in which Profit/Loss will be booked",負債或權益下的科目頭，其中利潤/虧損將被黃牌警告,
The allocated amount is greater than the outstanding amount of Payment Request {0},分配金额超过付款申请{0}的未清金额,
The amount of {0} set in this payment request is different from the calculated amount of all payment plans: {1}. Make sure this is correct before submitting the document.,此付款申請中設置的{0}金額與所有付款計劃的計算金額不同：{1}。在提交文檔之前確保這是正確的。,
The currency of invoice {} ({}) is different from the currency of this dunning ({}).,发票{}({})的币种与本催款单({})币种不一致,
The default BOM for that item will be fetched by the system. You can also change the BOM.,系统将获取该物料的默认BOM，也可手动修改,
The difference between from time and To Time must be a multiple of Appointment,时间与时间之间的差异必须是约会的倍数,
The field Asset Account cannot be blank,字段资产帐户不能为空,
The field Equity/Liability Account cannot be blank,字段权益/责任帐户不能为空,
The field From Shareholder cannot be blank,來自股東的字段不能為空,
The field To Shareholder cannot be blank,“股東”字段不能為空,
The field {0} in row {1} is not set,第{1}行的字段{0}未设置,
The fields From Shareholder and To Shareholder cannot be blank,來自股東和股東的字段不能為空,
The folio numbers are not matching,作品集編號不匹配,
"The following Items, having Putaway Rules, could not be accomodated:",以下存在上架规则的物料无法安置：,
The following assets have failed to automatically post depreciation entries: {0},以下资产自动计提折旧失败：{0},
"The following batches are expired, please restock them: <br> {0}",以下批次已过期，请补货：<br>{0},
The following deleted attributes exist in Variants but not in the Template. You can either delete the Variants or keep the attribute(s) in template.,以下已删除的属性存在于变式中，但不在模板中。您可以删除变体，也可以将属性保留在模板中。,
The following employees are currently still reporting to {0}:,以下员工目前仍在向{0}报告：,
The following invalid Pricing Rules are deleted:,以下无效定价规则已被删除：,
The following {0} were created: {1},已创建以下{0}：{1},
The gross weight of the package. Usually net weight + packaging material weight. (for print),包裹的總重量。通常為淨重+包裝材料的重量。 （用於列印）,
The holiday on {0} is not between From Date and To Date,在{0}這個節日之間沒有從日期和結束日期,
The items {0} and {1} are present in the following {2} :,物料{0}和{1}存在于以下{2}中：,
The net weight of this package. (calculated automatically as sum of net weight of items),淨重這個包。 （當項目的淨重量總和自動計算）,
The new BOM after replacement,更換後的新物料清單,
The number of shares and the share numbers are inconsistent,股份數量和庫存數量不一致,
The operation {0} can not add multiple times,操作{0}不能重复添加,
The operation {0} can not be the sub operation,操作{0}不能作为子工序,
The original invoice should be consolidated before or along with the return invoice.,原始发票应在退货发票前或同时合并,
The parent account {0} does not exists in the uploaded template,上级模板中不存在上级帐户{0},
The payment gateway account in plan {0} is different from the payment gateway account in this payment request,計劃{0}中的支付閘道科目與此付款請求中的支付閘道科目不同,
"The percentage you are allowed to bill more against the amount ordered. For example, if the order value is $100 for an item and tolerance is set as 10%, then you are allowed to bill up to $110 ",您可以针对所订购的金额开具更多费用的百分比。例如，如果某商品的订单价值为$ 100且容差设置为10％，则您最多可收取$ 110的费用,
The percentage you are allowed to pick more items in the pick list than the ordered quantity.,允许拣货数量超出订单数量的百分比,
"The percentage you are allowed to receive or deliver more against the quantity ordered. For example, if you have ordered 100 units, and your Allowance is 10%, then you are allowed to receive 110 units.",相对于订购数量，您可以接收或交付更多的百分比。例如，如果您订购了100个单位，而您的津贴为10％，那么您将获得110个单位。,
"The percentage you are allowed to transfer more against the quantity ordered. For example, if you have ordered 100 units, and your Allowance is 10%, then you are allowed transfer 110 units.",允许转移数量超出订单数量的百分比。例如：订单100件，容差10%，最多可转移110件,
The reserved stock will be released when you update items. Are you certain you wish to proceed?,更新物料时将释放预留库存。确定继续？,
The reserved stock will be released. Are you certain you wish to proceed?,将释放预留库存。确定继续？,
The root account {0} must be a group,根帐户{0}必须是一个组,
The selected BOMs are not for the same item,所選的材料清單並不同樣項目,
The selected change account {} doesn't belongs to Company {}.,所选的更改帐户{}不属于公司{}。,
The selected item cannot have Batch,所選項目不能批,
The seller and the buyer cannot be the same,賣方和買方不能相同,
The serial and batch bundle {0} not linked to {1} {2},序列号批次组合{0}未链接到{1}{2},
The serial no {0} does not belong to item {1},序列号{0}不属于项目{1},
The shareholder does not belong to this company,股東不屬於這家公司,
The shares already exist,股份已經存在,
The shares don't exist with the {0},這些份額不存在於{0},
"The stock for the item {0} in the {1} warehouse was negative on the {2}. You should create a positive entry {3} before the date {4} and time {5} to post the correct valuation rate. For more details, please read the <a href='https://docs.erpnext.com/docs/user/manual/en/stock-adjustment-cogs-with-negative-stock'>documentation<a>.",物料{0}在仓库{1}的库存于{2}出现负数。应在{4} {5}前创建正数分录{3}以记录正确计价。详情参阅<a href='https://docs.erpnext.com/docs/user/manual/en/stock-adjustment-cogs-with-negative-stock'>文档</a>,
"The stock has been reserved for the following Items and Warehouses, un-reserve the same to {0} the Stock Reconciliation: <br /><br /> {1}",以下物料和仓库的库存已被预留，请取消预留以{0}库存对账：<br /><br />{1},
"The sync has started in the background, please check the {0} list for new records.",同步已在后台启动，请查看{0}列表获取新记录,
The task has been enqueued as a background job.,任务已加入后台队列,
"The task has been enqueued as a background job. In case there is any issue on processing in background, the system will add a comment about the error on this Stock Reconciliation and revert to the Draft stage",该任务已被列入后台工作。如果在后台处理有任何问题，系统将在此库存对帐中添加有关错误的注释并恢复到草稿阶段,
"The task has been enqueued as a background job. In case there is any issue on processing in background, the system will add a comment about the error on this Stock Reconciliation and revert to the Submitted stage",任务已加入后台队列。若后台处理出错，系统将在库存对账添加错误注释并恢复为已提交状态,
The total Issue / Transfer quantity {0} in Material Request {1}  cannot be greater than allowed requested quantity {2} for Item {3},物料申请{1}中物料{3}的发放/转移数量{0}不能超过允许申请量{2},
The total Issue / Transfer quantity {0} in Material Request {1} cannot be greater than requested quantity {2} for Item {3},物料申请{1}中物料{3}的发放/转移数量{0}不能超过申请量{2},
The uploaded file does not match the selected Code List.,上传文件与所选代码表不匹配,
The user cannot submit the Serial and Batch Bundle manually,用户不能手动提交序列号批次组合,
"The users with this Role are allowed to create/modify a stock transaction, even though the transaction is frozen.",具有此角色的用户可在交易冻结时创建/修改库存交易,
The value of {0} differs between Items {1} and {2},{0}的值在项目{1}和{2}之间有所不同,
The value {0} is already assigned to an existing Item {1}.,值{0}已分配给现有项{1}。,
The warehouse where you store finished Items before they are shipped.,成品发货前存储的仓库,
"The warehouse where you store your raw materials. Each required item can have a separate source warehouse. Group warehouse also can be selected as source warehouse. On submission of the Work Order, the raw materials will be reserved in these warehouses for production usage.",原材料存储仓库。每个物料可指定不同源仓库，也可选择组仓库。提交工单时将预留原材料,
The warehouse where your Items will be transferred when you begin production. Group Warehouse can also be selected as a Work in Progress warehouse.,生产开始时物料转移的目标仓库，可选择组仓库作为在制品仓库,
The {0} ({1}) must be equal to {2} ({3}),{0}（{1}）必须等于{2}（{3}）,
The {0} {1} created sucessfully,{0} {1}成功创建,
The {0} {1} is used to calculate the valuation cost for the finished good {2}.,{0}{1}用于计算成品{2}的计价成本,
"Then Pricing Rules are filtered out based on Customer, Customer Group, Territory, Supplier, Supplier Type, Campaign, Sales Partner etc.",然後定價規則將被過濾掉基於客戶，客戶群組，領地，供應商，供應商類型，活動，銷售合作夥伴等。,
There are active maintenance or repairs against the asset. You must complete all of them before cancelling the asset.,对资产进行了积极的维护或修理。您必须先完成所有操作，然后才能取消资产。,
"There are inconsistencies between the rate, no of shares and the amount calculated",費率，股份數量和計算的金額之間不一致,
There are ledger entries against this account. Changing {0} to non-{1} in live system will cause incorrect output in 'Accounts {2}' report,存在关联总账分录。在生产系统将{0}改为非{1}将导致'{2}'报表错误,
There are no Failed transactions,无失败交易,
There are no active Fiscal Years for which Demo Data can be generated.,没有可生成演示数据的有效会计年度,
There are no slots available on this date,该日期无可用时段,
"There are two options to maintain valuation of stock. FIFO (first in - first out) and Moving Average. To understand this topic in detail please visit <a href='https://docs.erpnext.com/docs/v13/user/manual/en/stock/articles/item-valuation-fifo-and-moving-average' target='_blank'>Item Valuation, FIFO and Moving Average.</a>",库存计价有两种方法：先进先出（FIFO）和移动平均。详情请参阅<a href='https://docs.erpnext.com/docs/v13/user/manual/en/stock/articles/item-valuation-fifo-and-moving-average' target='_blank'>物料计价方法</a>,
There aren't any item variants for the selected item,所选物料无变体,
There can be multiple tiered collection factor based on the total spent. But the conversion factor for redemption will always be same for all the tier.,根據總花費可以有多個分層收集因子。但兌換的兌換係數對於所有等級總是相同的。,
There can only be 1 Account per Company in {0} {1},只能有每公司1科目{0} {1},
"There can only be one Shipping Rule Condition with 0 or blank value for ""To Value""",只能有一個運輸規則條件為0或空值“ To值”,
There is already a valid Lower Deduction Certificate {0} for Supplier {1} against category {2} for this time period.,供应商{1}在本期间已存在有效的{2}类别低税率证明{0},
There is already an active Subcontracting BOM {0} for the Finished Good {1}.,成品{1}已存在有效委外BOM{0},
There is no batch found against the {0}: {1},找不到针对{0}的批次：{1},
There is nothing to edit.,無內容可供編輯,
There must be atleast 1 Finished Good in this Stock Entry,本库存转移单必须至少包含一个成品,
There was an error creating Bank Account while linking with Plaid.,链接Plaid时创建银行账户出错,
There was an error saving the document.,保存文档时出错。,
There was an error syncing transactions.,同步交易时出错,
There was an error updating Bank Account {} while linking with Plaid.,链接Plaid时更新银行账户{}出错,
There was an issue connecting to Plaid's authentication server. Check browser console for more information,连接Plaid认证服务器异常。查看浏览器控制台获取详细信息,
There were errors while sending email. Please try again.,发送邮件时出错，请重试,
There were issues unlinking payment entry {0}.,解关联付款条目{0}时发生问题,
This Account has '0' balance in either Base Currency or Account Currency,该科目在本位币或科目币种下余额为0,
This Item is a Template and cannot be used in transactions. Item attributes will be copied over into the variants unless 'No Copy' is set,這個項目是一個模板，並且可以在交易不能使用。項目的屬性將被複製到變型，除非“不複製”設置,
This Item is a Variant of {0} (Template).,此項目是{0}（模板）的變體。,
This Month's Summary,本月摘要,
This PO has been fully subcontracted.,该采购订单已全部委外,
This Warehouse will be auto-updated in the Target Warehouse field of Work Order.,该仓库将在工作单的目标仓库字段中自动更新。,
This Warehouse will be auto-updated in the Work In Progress Warehouse field of Work Orders.,该仓库将在工作单的“进行中的仓库”字段中自动更新。,
This Week's Summary,本週的總結,
This action will stop future billing. Are you sure you want to cancel this subscription?,此操作將停止未來的結算。您確定要取消此訂閱嗎？,
This action will unlink this account from any external service integrating ERPNext with your bank accounts. It cannot be undone. Are you certain ?,此操作将取消此帐户与将ERPNext与您的银行帐户集成的任何外部服务的链接。它无法撤消。你确定吗 ？,
This covers all scorecards tied to this Setup,這涵蓋了與此安裝程序相關的所有記分卡,
This document is over limit by {0} {1} for item {4}. Are you making another {3} against the same {2}?,這份文件是超過限制，通過{0} {1}項{4}。你在做另一個{3}對同一{2}？,
This field is used to set the 'Customer'.,用于设置'客户',
This filter will be applied to Journal Entry.,此筛选器将应用于日记账分录,
This is a Template BOM and will be used to make the work order for {0} of the item {1},此为模板BOM，将用于生成物料{1}{0}数量的工单,
This is a location where final product stored.,这是存放最终产品的位置。,
This is a location where operations are executed.,这是执行操作的位置。,
This is a location where raw materials are available.,这是可获取原材料的地方。,
This is a location where scraped materials are stored.,这是存放刮擦材料的位置。,
This is a preview of the email to be sent. A PDF of the document will automatically be attached with the email.,邮件预览。单据PDF将自动作为附件,
This is a root account and cannot be edited.,這是一個 root 科目，不能被編輯。,
This is a root customer group and cannot be edited.,ERPNext是一個開源的基於Web的ERP系統，通過網路技術，向私人有限公司提供整合的工具，在一個小的組織管理大多數流程。有關Web註釋，或購買託管，想得到更多資訊，請連結,
This is a root department and cannot be edited.,這是根部門，無法編輯。,
This is a root item group and cannot be edited.,這是個根項目群組，且無法被編輯。,
This is a root sales person and cannot be edited.,您可以通過選擇備份頻率啟動和\,
This is a root supplier group and cannot be edited.,這是一個根源供應商組，無法編輯。,
This is a root territory and cannot be edited.,集團或Ledger ，借方或貸方，是特等科目,
This is an example website auto-generated from ERPNext,這是一個由 ERPNext 自動產生的範例網站,
This is based on stock movement. See {0} for details,這是基於庫存移動。見{0}詳情,
This is based on the Time Sheets created against this project,這是基於對這個項目產生的考勤表,
This is based on transactions against this Sales Person. See timeline below for details,這是基於針對此銷售人員的交易。請參閱下面的時間表了解詳情,
This is considered dangerous from accounting point of view.,从会计角度看此操作存在风险,
This is done to handle accounting for cases when Purchase Receipt is created after Purchase Invoice,这样做是为了处理在采购发票后创建采购收货的情况,
"This is enabled by default. If you want to plan materials for sub-assemblies of the Item you're manufacturing leave this enabled. If you plan and manufacture the sub-assemblies separately, you can disable this checkbox.",默认启用。如需为子装配件计划物料请保持启用。若单独计划生产子装配件，可取消勾选,
"This is for raw material Items that'll be used to create finished goods. If the Item is an additional service like 'washing' that'll be used in the BOM, keep this unchecked.",适用于用于生产成品的原材料。若物料是BOM中的附加服务（如'清洗'），请勿勾选,
This item filter has already been applied for the {0},该物料筛选器已应用于{0},
This option can be checked to edit the 'Posting Date' and 'Posting Time' fields.,勾选此选项可编辑'过账日期'和'过账时间'字段,
This schedule was created when Asset {0} was adjusted through Asset Value Adjustment {1}.,此计划在资产{0}通过资产价值调整{1}调整时创建,
This schedule was created when Asset {0} was consumed through Asset Capitalization {1}.,此计划在资产{0}通过资产资本化{1}消耗时创建,
This schedule was created when Asset {0} was repaired through Asset Repair {1}.,此计划在资产{0}通过资产维修{1}修复时创建,
This schedule was created when Asset {0} was restored on Asset Capitalization {1}'s cancellation.,此计划在资产资本化{1}取消时恢复资产{0}时创建,
This schedule was created when Asset {0} was restored.,此计划在资产{0}恢复时创建,
This schedule was created when Asset {0} was returned through Sales Invoice {1}.,此计划在资产{0}通过销售发票{1}退回时创建,
This schedule was created when Asset {0} was scrapped.,此计划在资产{0}报废时创建,
This schedule was created when Asset {0} was sold through Sales Invoice {1}.,此计划在资产{0}通过销售发票{1}售出时创建,
This schedule was created when Asset {0} was updated after being split into new Asset {1}.,此计划在资产{0}拆分为新资产{1}后更新时创建,
This schedule was created when Asset {0}'s Asset Repair {1} was cancelled.,此计划在资产维修{1}取消时创建,
This schedule was created when Asset {0}'s Asset Value Adjustment {1} was cancelled.,此计划在资产价值调整{1}取消时创建,
This schedule was created when Asset {0}'s shifts were adjusted through Asset Shift Allocation {1}.,此计划在通过班次分配{1}调整资产{0}班次时创建,
This schedule was created when new Asset {0} was split from Asset {1}.,此计划在从资产{1}拆分出新资产{0}时创建,
"This section allows the user to set the Body and Closing text of the Dunning Letter for the Dunning Type based on language, which can be used in Print.",该部分允许用户根据语言设置催款类型的催款信的正文和关闭文本，可以在打印中使用。,
"This table is used to set details about the 'Item', 'Qty', 'Basic Rate', etc.",用于设置'物料'、'数量'、'基本汇率'等详细信息,
This tool helps you to update or fix the quantity and valuation of stock in the system. It is typically used to synchronise the system values and what actually exists in your warehouses.,此工具可幫助您更新或修復系統中的庫存數量和價值。它通常被用於同步系統值和實際存在於您的倉庫。,
This value shall be used when no matching Common Code for a record is found.,无匹配通用代码时使用此值,
"This will be appended to the Item Code of the variant. For example, if your abbreviation is ""SM"", and the item code is ""T-SHIRT"", the item code of the variant will be ""T-SHIRT-SM""",這將追加到變異的項目代碼。例如，如果你的英文縮寫為“SM”，而該項目的代碼是“T-SHIRT”，該變種的項目代碼將是“T-SHIRT-SM”,
This will restrict user access to other employee records,這將限制用戶訪問其他員工記錄,
This {} will be treated as material transfer.,此{}将被视为物料转移,
Threshold for Suggestion,建议的门槛,
Threshold for Suggestion (In Percentage),建议阈值（百分比）,
Thumbnail,縮略圖,
Thursday,星期四,
Tier Name,等級名稱,
Time,时间,
Time (In Mins),时间（分钟）,
Time Between Operations (Mins),间隔时间（分钟）,
Time In Mins,分鐘時間,
Time Logs,时间日志,
Time Required (In Mins),所需时间（分钟）,
Time Sheet,時間表,
Time Sheet List,時間表列表,
Time Sheets,考勤表,
Time Taken to Deliver,交付耗时,
Time Tracking,時間跟踪,
Time at which materials were received,物料收到的時間,
Time in mins,分钟内的时间,
Time in mins.,分钟内的时间。,
Time logs are required for {0} {1},{0} {1}需要时间日志,
Time slot is not available,时间段不可用,
Time(in mins),時間（分鐘）,
Timeline,时间线,
Timer,計時器,
Timer exceeded the given hours.,計時器超出了指定的小時數,
Timesheet,時間表,
Timesheet Detail,詳細時間表,
Timesheet for tasks.,時間表的任務。,
Timesheet {0} is already completed or cancelled,時間表{0}已完成或取消,
Timesheets,時間表,
"Timesheets help keep track of time, cost and billing for activites done by your team",時間表幫助追踪的時間，費用和結算由你的團隊做activites,
Timeslots,时隙,
Title,标题,
To,至,
To Bill,發票待輸入,
To Currency,到貨幣,
To Date,截止日期,
To Date cannot be before From Date,无效的主名称,
To Date cannot be before From Date.,截止日期不能早于截止日期。,
To Date cannot be less than From Date,迄今不能少於起始日期,
To Date is mandatory,截止日期是必填项,
To Date must be greater than From Date,到日期必须大于从日期,
To Date should be within the Fiscal Year. Assuming To Date = {0},日期應該是在財政年度內。假設終止日期= {0},
To Datetime,以日期時間,
To Deliver,為了提供,
To Deliver and Bill,準備交貨及開立發票,
To Delivery Date,至交货日期,
To Doctype,到文档类型,
To Due Date,到截止日期,
To Employee,給員工,
To Fiscal Year,到財政年度,
To Folio No,對開本No,
To Invoice Date,要發票日期,
To No,至No,
To Package No.,以包號,
To Payment Date,至付款日期,
To Posting Date,到发布日期,
To Produce,以生產,
To Range,為了範圍,
To Receive,接受,
To Receive and Bill,準備收料及接收發票,
To Reference Date,到参考日期,
To Rename,要重命名,
To Shareholder,給股東,
To Time,要時間,
To Track inbound purchase,跟踪入站购买,
To Value,To值,
To Warehouse,到倉庫,
To Warehouse (Optional),倉庫（可選）,
To add Operations tick the 'With Operations' checkbox.,要添加操作，请勾选“包含操作”复选框。,
To add subcontracted Item's raw materials if include exploded items is disabled.,如果禁用包含爆炸项，则添加分包项的原材料。,
"To allow over billing, update ""Over Billing Allowance"" in Accounts Settings or the Item.",要允许超额结算，请在“帐户设置”或“项目”中更新“超额结算限额”。,
"To allow over receipt / delivery, update ""Over Receipt/Delivery Allowance"" in Stock Settings or the Item.",要允许超过收货/交货，请在库存设置或项目中更新“超过收货/交货限额”。,
To apply condition on parent field use parent.field_name and to apply condition on child table use doc.field_name. Here field_name could be based on the actual column name of the respective field.,要对父级字段设置条件，可以使用 parent.field_name，要对子表字段设置条件，可以使用 doc.field_name。 这里的 field_name 应该根据实际字段名称来填写。,
To be Delivered to Customer,交付给客户,
To cancel a {} you need to cancel the POS Closing Entry {}.,要取消 {}，您需要先取消 POS 结账条目 {}。,
To create a Payment Request reference document is required,要創建付款請求參考文檔是必需的,
To date cannot be before from date,無效的主名稱,
"To enable Capital Work in Progress Accounting,",要启用在建工程会计功能，,
To include non-stock items in the material request planning. i.e. Items for which 'Maintain Stock' checkbox is unticked.,将非库存物料纳入物料需求计划（即取消勾选'维护库存'的物料）。,
"To include sub-assembly costs and scrap items in Finished Goods on a work order without using a job card, when the 'Use Multi-Level BOM' option is enabled.",启用'多层级BOM'选项时，允许工单直接归集子装配件成本和废品到产成品，无需作业卡。,
"To include tax in row {0} in Item rate, taxes in rows {1} must also be included",要包括稅款，行{0}項率，稅收行{1}也必須包括在內,
"To merge, following properties must be same for both items",若要合併，以下屬性必須為這兩個項目是相同的,
"To not apply Pricing Rule in a particular transaction, all applicable Pricing Rules should be disabled.",要在一個特定的交易不適用於定價規則，所有適用的定價規則應該被禁用。,
"To overrule this, enable '{0}' in company {1}",要否决此问题，请在公司{1}中启用“ {0}”,
"To still proceed with editing this Attribute Value, enable {0} in Item Variant Settings.",要继续编辑该属性值，请在“项目变式设置”中启用{0}。,
To submit the invoice without purchase order please set {0} as {1} in {2},若要提交没有采购订单的发票，请在 {2}中将 {0} 设置为 {1},
To submit the invoice without purchase receipt please set {0} as {1} in {2},若要提交没有购买收据的发票，请在 {2}中将 {0} 设置为 {1},
"To use a different finance book, please uncheck 'Include Default FB Assets'",要使用不同的财务账簿，请取消选中“包括默认 FB 资产”,
"To use a different finance book, please uncheck 'Include Default FB Entries'",要使用不同的财务账簿，请取消选中“包括默认 FB 条目”,
Toggle Full Width,切换全宽模式,
Toggle Recent Orders,切换最近的订单,
Toggle Theme,切换主题,
Too many columns. Export the report and print it using a spreadsheet application.,過多的列數。請導出報表，並使用試算表程式進行列印。,
Tools,工具,
Total,总计,
Total (Company Currency),總計（公司貨幣）,
Total (Credit),總（信用）,
Total (Without Tax),總計（不含稅）,
Total Achieved,實現總計,
Total Actual,實際總計,
Total Additional Costs,總額外費用,
Total Advance,預付款總計,
Total Allocated Amount,總撥款額,
Total Allocated Amount (Company Currency),總撥款額（公司幣種）,
Total Allocations,分配总额,
Total Amount,總金額,
Total Amount Currency,總金額幣種,
Total Amount in Words,總金額大寫,
Total Applicable Charges in Purchase Receipt Items table must be same as Total Taxes and Charges,在外購入庫單項目表總的相關費用必須是相同的總稅費,
Total Asset,总资产,
Total Asset Cost,总资产成本,
Total Assets,总资产,
Total Billable Amount,總結算金額,
Total Billable Amount (via Timesheet),總計費用金額（通過時間表）,
Total Billable Hours,總計費時間,
Total Billed Amount,總開單金額,
Total Billed Amount (via Sales Invoice),總開票金額（通過銷售發票）,
Total Billed Hours,帳單總時間,
Total Billing Amount,總結算金額,
Total Billing Hours,总计费小时数,
Total Budget,預算總額,
Total Characters,總字元數,
Total Commission,佣金總計,
Total Completed Qty,完成总数量,
Total Consumed Material Cost (via Stock Entry),總消耗材料成本（通過庫存輸入）,
Total Contribution Amount Against Invoices: {0},发票关联总贡献金额：{0},
Total Contribution Amount Against Orders: {0},订单关联总贡献金额：{0},
Total Cost,總成本,
Total Cost (Company Currency),总成本（公司货币）,
Total Costing Amount,總成本計算金額,
Total Costing Amount (via Timesheet),總成本金額（通過時間表）,
Total Credit,貸方總額,
Total Credit/ Debit Amount should be same as linked Journal Entry,總信用/借方金額應與鏈接的日記帳分錄相同,
Total Debit,借方總額,
Total Debit must be equal to Total Credit. The difference is {0},借方總額必須等於貸方總額。差額為{0},
Total Delivered Amount,总交付量,
Total Demand (Past Data),总需求（过去数据）,
Total Equity,所有者权益合计,
Total Estimated Distance,總估計距離,
Total Expense,总费用,
Total Expense This Year,今年总费用,
Total Experience,總經驗,
Total Forecast (Future Data),总预测（未来数据）,
Total Forecast (Past Data),总预测（过去数据）,
Total Gain/Loss,總收益/損失,
Total Hold Time,总保持时间,
Total Holidays,總假期,
Total Income,总收入,
Total Income This Year,今年总收入,
Total Incoming Value (Receipt),入库总值（收据）,
Total Interest,总利息,
Total Invoiced Amount,發票總金額,
Total Issues,问题总数,
Total Items,物料总数,
Total Liability,总负债,
Total Message(s),訊息總和（s ）,
Total Monthly Sales,每月銷售總額,
Total Net Weight,總淨重,
Total Number of Booked Depreciations ,已计提折旧总数,
Total Number of Depreciations,折舊總數,
Total Operating Cost,總營運成本,
Total Operation Time,总作业时间,
Total Order Considered,總訂貨考慮,
Total Order Value,總訂單價值,
Total Other Charges,其他费用合计,
Total Outgoing,出貨總計,
Total Outgoing Value (Consumption),出库总值（消耗）,
Total Outstanding,總計傑出,
Total Outstanding Amount,未償還總額,
Total Paid Amount,總支付金額,
Total Payment Amount in Payment Schedule must be equal to Grand / Rounded Total,支付計劃中的總付款金額必須等於大/圓,
Total Payment Request amount cannot be greater than {0} amount,总付款请求金额不能大于{0}金额,
Total Payments,总付款,
Total Picked Quantity {0} is more than ordered qty {1}. You can set the Over Picking Allowance in Stock Settings.,已拣货数量{0}超过订单数量{1}。可在库存设置中设置超拣许可量,
Total Planned Qty,總計劃數量,
Total Produced Qty,總生產數量,
Total Projected Qty,預計總數量,
Total Purchase Amount,采购总金额,
Total Purchase Cost (via Purchase Invoice),總購買成本（通過採購發票）,
Total Qty,總數量,
Total Quantity,總數（量,
Total Received Amount,收款总额,
Total Repair Cost,维修总成本,
Total Reposting Count,重新过账总次数,
Total Revenue,總收入,
Total Sales Amount,销售总金额,
Total Sales Amount (via Sales Order),總銷售額（通過銷售訂單）,
Total Stock Summary,總庫存總結,
Total Supplied Qty,已供应总量,
Total Target,總目標,
Total Tasks,总任务,
Total Tax,總稅收,
Total Taxes and Charges,總營業稅金及費用,
Total Taxes and Charges (Company Currency),總稅費和費用（公司貨幣）,
Total Time (in Mins),总时间（分钟）,
Total Time in Mins,分钟总时间,
Total Unpaid: {0},总未付：{0},
Total Value,总价值,
Total Value Difference (Incoming - Outgoing),价值差额合计（入库-出库）,
Total Variance,總方差,
Total Views,总浏览量,
Total Weight,總重量,
Total Weight (kg),总重量（千克）,
Total Working Hours,總的工作時間,
Total allocated percentage for sales team should be 100,對於銷售團隊總分配比例應為100,
Total contribution percentage should be equal to 100,总贡献百分比应等于100,
Total hours: {0},總時間：{0},
Total payments amount can't be greater than {},付款总额不得超过{},
Total percentage against cost centers should be 100,成本中心分配比例总和应为100%,
Total {0} ({1}),總{0}（{1}）,
"Total {0} for all items is zero, may be you should change 'Distribute Charges Based On'",共有{0}所有項目為零，可能是你應該“基於分佈式費用”改變,
Total(Amt),共（AMT）,
Total(Qty),總計（數量）,
Totals,合计,
Traceability,可追溯性,
Track Service Level Agreement,跟踪服务水平协议,
Track separate Income and Expense for product verticals or divisions.,跟踪獨立收入和支出進行產品垂直或部門。,
Tracking Status,跟踪状态,
Tracking Status Info,跟踪状态信息,
Tracking URL,跟踪链接,
Transaction,交易,
Transaction Currency,交易貨幣,
Transaction Date,交易日期,
Transaction Deletion Document: {0} is running for this Company. {1},正在为该公司执行交易删除文档：{0}。{1},
Transaction Deletion Record,交易删除记录,
Transaction Deletion Record Details,交易删除记录明细,
Transaction Deletion Record Item,交易删除记录项,
Transaction Details,交易明細,
Transaction Exchange Rate,交易汇率,
Transaction ID,事務ID,
Transaction Settings,交易设置,
Transaction Type,交易類型,
Transaction currency must be same as Payment Gateway currency,交易貨幣必須與支付網關貨幣,
Transaction currency: {0} cannot be different from Bank Account({1}) currency: {2},交易货币{0}必须与银行账户{1}的货币{2}一致,
Transaction not allowed against stopped Work Order {0},不允許對停止的工單{0}進行交易,
Transaction reference no {0} dated {1},交易參考編號{0}日{1},
Transactions,交易,
Transactions Annual History,交易年曆,
Transactions against the Company already exist! Chart of Accounts can only be imported for a Company with no transactions.,公司已有交易记录！仅允许无交易记录的公司导入会计科目表,
Transfer,轉讓,
Transfer Asset,轉讓資產,
Transfer From Warehouses,调出仓库,
Transfer Material Against,转移材料,
Transfer Materials For Warehouse {0},仓库{0}的转移物料,
Transfer Status,转移状态,
Transfer Type,轉移類型,
Transfered,轉移,
Transferred,轉入,
Transferred Qty,轉讓數量,
Transferred Quantity,转移数量,
Transit,在途,
Transit Entry,在途分录,
Transport Receipt Date,運輸收貨日期,
Transport Receipt No,運輸收據編號,
Transporter,運輸車,
Transporter Details,貨運公司細節,
Transporter Info,貨運公司資訊,
Transporter Name,貨運公司名稱,
Travel Expenses,差旅費,
Tree Details,樹詳細信息,
Tree Type,樹類型,
Trial Balance,試算表,
Trial Balance (Simple),试算结余（简单）,
Trial Balance for Party,試算表的派對,
Trial Period End Date,試用期結束日期,
Trial Period End Date Cannot be before Trial Period Start Date,試用期結束日期不能在試用期開始日期之前,
Trial Period Start Date,試用期開始日期,
Trial Period Start date cannot be after Subscription Start Date,试用期开始日期不能晚于订阅开始日期,
Trialling,試用,
Truncates 'Remarks' column to set character length,截断'备注'列以设置字符长度,
Tuesday,星期二,
Twice Daily,每天兩次,
Two-way,雙向,
Type,类型,
Type Of Call,通话类型,
Type of Payment,付款類型,
Type of Transaction,交易类型,
Type of document to rename.,的文件類型進行重命名。,
Types of activities for Time Logs,活動類型的時間記錄,
UAE VAT 201,阿联酋增值税201,
UAE VAT Account,阿联酋增值税科目,
UAE VAT Accounts,阿联酋增值税科目,
UAE VAT Settings,阿联酋增值税设置,
UOM,UOM,
UOM Category,UOM類別,
UOM Conversion Detail,計量單位換算詳細,
UOM Conversion Factor,計量單位換算係數,
UOM Conversion factor ({0} -> {1}) not found for item: {2},找不到项目{2}的UOM转换因子（{0}-&gt; {1}）,
UOM Conversion factor is required in row {0},計量單位換算係數是必需的行{0},
UOM Name,計量單位名稱,
UOM conversion factor required for UOM: {0} in Item: {1},物料{1}的计量单位{0}需要换算系数,
UOMs,計量單位,
UPC,通用产品代码,
UPC-A,UPC-A,
URL,URL,
URL can only be a string,网址只能是一个字符串,
UnReconcile,取消对账,
Unable to find exchange rate for {0} to {1} for key date {2}. Please create a Currency Exchange record manually,無法為關鍵日期{2}查找{0}到{1}的匯率。請手動創建貨幣兌換記錄,
Unable to find score starting at {0}. You need to have standing scores covering 0 to 100,無法從{0}開始獲得分數。你需要有0到100的常規分數,
Unable to find the time slot in the next {0} days for the operation {1}. Please increase the 'Capacity Planning For (Days)' in the {2}.,未来{0}天内未找到工序{1}的可用时段，请在{2}中增加'产能计划周期（天）',
Unable to find variable:,未找到变量：,
Unallocated Amount,未分配金額,
Unassigned Qty,未分配数量,
Unblock Invoice,取消屏蔽發票,
Unclosed Fiscal Years Profit / Loss (Credit),未關閉的財年利潤/損失（信用）,
Under AMC,在AMC,
Under Graduate,根據研究生,
Under Warranty,在保修期,
"Under Working Hours table, you can add start and end times for a Workstation. For example, a Workstation may be active from 9 am to 1 pm, then 2 pm to 5 pm. You can also specify the working hours based on shifts. While scheduling a Work Order, the system will check for the availability of the Workstation based on the working hours specified.",在工作时间表中，可为工作站设置起止时间。例如，某工作站可能从上午9点到下午1点，下午2点到5点运行。也可按班次设置工作时间。系统在排产工单时会根据设置的工作时间检查工作站可用性,
Unfulfilled,秕,
Unit of Measure,計量單位,
Unit of Measure {0} has been entered more than once in Conversion Factor Table,計量單位{0}已經進入不止一次在轉換係數表,
Units of Measure,測量的單位,
Unknown,未知,
Unknown Caller,未知的来电者,
Unlink Advance Payment on Cancellation of Order,取消订单时取消预付款链接,
Unlink Payment on Cancellation of Invoice,取消鏈接在發票上的取消付款,
Unlink external integrations,取消外部集成的链接,
Unlinked,已解除关联,
Unpaid,未付,
Unpaid and Discounted,无偿和折扣,
Unplanned machine maintenance,计划外的机器维护,
Unqualified,不合格,
Unrealized Exchange Gain/Loss Account,未實現的匯兌收益/損失科目,
Unrealized Profit / Loss Account,未实现损益科目,
Unrealized Profit / Loss account for intra-company transfers,公司内部调拨未实现损益科目,
Unrealized Profit/Loss account for intra-company transfers,公司内部调拨未实现损益科目,
Unreconcile Payment,取消付款对账,
Unreconcile Payment Entries,取消付款分录对账,
Unreconcile Transaction,取消交易对账,
Unreconciled,未调节,
Unreconciled Amount,未对账金额,
Unreconciled Entries,未对账分录,
Unreserve,取消预留,
Unreserve Stock,取消库存预留,
Unreserving Stock...,正在取消库存预留...,
Unresolved,未解决,
Unscheduled,計劃外,
Unsecured Loans,無抵押貸款,
Unset Matched Payment Request,取消匹配付款申请,
Unsigned,無符號,
Unsubscribe from this Email Digest,從該電子郵件摘要退訂,
Unsubscribed,已退订,
Until,直到,
Unverified,未验证,
Unverified Webhook Data,未經驗證的Webhook數據,
Up,上,
Upcoming Calendar Events,即將到來的日曆事件,
Upcoming Calendar Events ,即将到来的日历事件,
Update,更新,
Update Account Name / Number,更新帳戶名稱/號碼,
Update Account Number / Name,更新帳號/名稱,
Update Auto Repeat Reference,更新自動重複參考,
Update BOM Cost Automatically,自動更新BOM成本,
"Update BOM cost automatically via scheduler, based on the latest Valuation Rate/Price List Rate/Last Purchase Rate of raw materials",根据最新的评估价/清单价格/原材料的最新购买价，通过计划程序自动更新BOM成本,
Update Billed Amount in Delivery Note,更新送货单中的已计费金额,
Update Billed Amount in Purchase Order,更新采购订单中的已计费金额,
Update Billed Amount in Purchase Receipt,更新采购收据中的已计费金额,
Update Billed Amount in Sales Order,更新銷售訂單中的結算金額,
Update Clearance Date,更新日期間隙,
Update Consumed Material Cost In Project,更新项目中的消耗材料成本,
Update Cost,更新成本,
Update Cost Center Name / Number,更新成本中心名称/编号,
Update Current Stock,更新当前库存,
Update Existing Price List Rate,更新现有价目表价格,
Update Existing Records,更新现有记录,
Update Items,更新項目,
Update Outstanding for Self,更新自身未清金额,
Update Print Format,更新打印格式,
Update Rate and Availability,更新率和可用性,
Update Rate as per Last Purchase,按最后采购价更新价格,
Update Stock,庫存更新,
Update Type,更新类型,
Update frequency of Project,更新项目频率,
Update latest price in all BOMs,更新所有BOM的最新價格,
Update stock must be enabled for the purchase invoice {0},采购发票{0}必须启用库存更新,
Update the modified timestamp on new communications received in Lead & Opportunity.,更新线索与商机中收到新沟通的修改时间戳,
Update timestamp on new communication,新沟通时更新时间戳,
Updated via 'Time Log' (In Minutes),通过'工时记录'更新（分钟）,
Updating Variants...,更新变体......,
Updating Work Order status,正在更新工单状态,
"Updating {0} of {1}, {2}",正在更新{1}的第{0}项，{2},
Upload Bank Statement,上传银行对账单,
Upload XML Invoices,上载XML发票,
Upper Income,高收入,
Urgent,緊急,
Use 'Repost in background' button to trigger background job. Job can only be triggered when document is in Queued or Failed status.,使用'后台重新过账'按钮触发后台任务。仅当单据处于排队或失败状态时可触发,
Use Batch-wise Valuation,使用批次计价,
Use Company Default Round Off Cost Center,使用公司默认的舍入成本中心,
Use Company default Cost Center for Round off,使用公司默认的成本中心进行舍入,
Use Google Maps Direction API to calculate estimated arrival times,使用Google Maps Direction API计算预计到达时间,
Use Google Maps Direction API to optimize route,使用Google Maps Direction API优化路线,
Use HTTP Protocol,使用HTTP协议,
Use Item based reposting,使用基于物料的重新过账,
Use Multi-Level BOM,採用多級物料清單,
Use Serial / Batch Fields,使用序列号/批次字段,
Use Serial No / Batch Fields,使用序列号/批次字段,
Use Transaction Date Exchange Rate,使用交易日汇率,
Use a name that is different from previous project name,使用与先前项目名称不同的名称,
Use for Shopping Cart,使用的購物車,
Use this field to render any custom HTML in the section.,使用此字段在该部分中呈现任何自定义HTML。,
Used,用过的,
Used for Production Plan,用於生產計劃,
User,用户,
User Details,用户详细信息,
User Forum,用戶論壇,
User ID,用户ID,
User ID not set for Employee {0},用戶ID不為員工設置{0},
User Remark,用戶備註,
User Resolution Time,用户解析时间,
User has not applied rule on the invoice {0},用户未在发票{0}上应用规则,
User {0} does not exist,用戶{0}不存在,
User {0} doesn't have any default POS Profile. Check Default at Row {1} for this User.,用戶{0}沒有任何默認的POS配置文件。檢查此用戶的行{1}處的默認值。,
User {0} is already assigned to Employee {1},用戶{0}已經被分配給員工{1},
User {0} is disabled,用户{0}已禁用,
User {0}: Removed Employee Self Service role as there is no mapped employee.,用户{0}：移除员工自助服务角色，因无对应员工,
User {0}: Removed Employee role as there is no mapped employee.,用户{0}：移除员工角色，因无对应员工,
User {} is disabled. Please select valid user/cashier,用户{}被禁用。请选择有效的用户/出纳员,
Users,用户列表,
Users can enable the checkbox If they want to adjust the incoming rate (set using purchase receipt) based on the purchase invoice rate.,用户可勾选此复选框以根据采购发票价格调整入库价格（通过采购收据设置）,
Users with this role are allowed to over bill above the allowance percentage,此角色用户允许超规定比例开票,
Users with this role are allowed to over deliver/receive against orders above the allowance percentage,此角色用户允许超规定比例交付/接收订单,
Users with this role are allowed to set frozen accounts and create / modify accounting entries against frozen accounts,具有此角色的用戶可以設置凍結科目，並新增/修改對凍結科目的會計分錄,
Using negative stock disables FIFO/Moving average valuation when inventory is negative.,启用负库存时，若库存为负将禁用先进先出/移动平均计价法,
Utilities,公用事業,
Utility Expenses,公用事業費用,
VAT Accounts,增值税科目,
VAT Amount (AED),增值税金额（迪拉姆）,
VAT Audit Report,增值税审计报告,
VAT on Expenses and All Other Inputs,费用及所有其他投入的增值税,
VAT on Sales and All Other Outputs,销售及所有其他产出的增值税,
Valid From,有效期自,
Valid From date not in Fiscal Year {0},有效起始日期不在会计年度{0}中,
Valid From must be after {0} as last GL Entry against the cost center {1} posted on this date,生效日期必须在{0}之后，因成本中心{1}的最后总账分录发布于该日期,
Valid Till,有效期至,
Valid Upto,到...為止有效,
Valid Upto date cannot be before Valid From date,有效截止日期不能早于有效起始日期,
Valid Upto date not in Fiscal Year {0},有效最新日期不在会计年度{0}中,
Valid for Countries,有效的國家,
Valid from and valid upto fields are mandatory for the cumulative,有效且有效的最多字段对于累积是必需的,
Valid till Date cannot be before Transaction Date,有效期至日期不能早于交易日期,
Valid till date cannot be before transaction date,有效期至日期不得在交易日之前,
Validate Applied Rule,验证应用规则,
Validate Components and Quantities Per BOM,验证BOM组件及数量,
Validate Negative Stock,验证负库存,
Validate Pricing Rule,验证定价规则,
Validate Selling Price for Item Against Purchase Rate or Valuation Rate,根据购买率或评估率验证项目的售价,
Validate Stock on Save,保存时验证库存,
Validity,有效期,
Validity Details,有效性详细信息,
Validity and Usage,有效性和用法,
Validity in Days,天數有效,
Validity period of this quotation has ended.,此報價的有效期已經結束。,
Valuation,計價,
Valuation (I - K),计价（I-K）,
Valuation Field Type,计价字段类型,
Valuation Method,估值方法,
Valuation Rate,估值率,
Valuation Rate (In / Out),计价单价（进/出）,
Valuation Rate Missing,估价率缺失,
"Valuation Rate for the Item {0}, is required to do accounting entries for {1} {2}.",要为{1} {2}进行会计分录，必须使用项目{0}的评估率。,
Valuation Rate is mandatory if Opening Stock entered,估價費用是強制性的，如果打開庫存進入,
Valuation Rate required for Item {0} at row {1},第{1}行的第{0}项所需的估价率,
Valuation and Total,估值與總計,
Valuation rate for customer provided items has been set to zero.,客户提供物料的计价单价已设为零,
Valuation rate for the item as per Sales Invoice (Only for Internal Transfers),按销售发票的物料计价单价（仅限内部调拨）,
Valuation type charges can not be marked as Inclusive,评估类型的费用不能标记为包含,
Valuation type charges can not marked as Inclusive,估值類型罪名不能標記為包容性,
Value,值,
Value (G - D),价值（G-D）,
Value ({0}),值（{0}）,
Value After Depreciation,折舊後,
Value Based Inspection,基于价值的检验,
Value Change,值变更,
Value Details,价值明细,
Value Or Qty,价值或数量,
Value Proposition,價值主張,
Value as on,截至价值,
Value for Attribute {0} must be within the range of {1} to {2} in the increments of {3} for Item {4},為屬性{0}值必須的範圍內{1}到{2}中的增量{3}為項目{4},
Value of Goods,货物价值,
Value of New Capitalized Asset,新增资本化资产价值,
Value of New Purchase,新购价值,
Value of Scrapped Asset,报废资产价值,
Value of Sold Asset,已售资产价值,
Value of goods cannot be 0,货物价值不可为0,
Value or Qty,價值或數量,
Values Changed,已变更的值,
Variable Name,變量名,
Variables,變量,
Variance,方差,
Variance ({}),差异（{}）,
Variant,變種,
Variant Attribute Error,变体属性错误,
Variant Attributes,變量屬性,
Variant BOM,变体BOM,
Variant Based On,基於變異對,
Variant Based On cannot be changed,Variant Based On无法更改,
Variant Details Report,變體詳細信息報告,
Variant Field,變種場,
Variant Item,变项,
Variant Items,变体物品,
Variant Of,變種,
Variant creation has been queued.,變體創建已經排隊。,
Variants,變種,
Vehicle,車輛,
Vehicle Date,車日期,
Vehicle No,車輛牌照號碼,
Vehicle Number,車號,
Vehicle Value,汽車衡,
Vendor Name,供应商名称,
Verification failed please check the link,验证失败，请检查链接,
Verified By,認證機構,
Verify Email,验证邮件,
Version,版本,
Via Customer Portal,通過客戶門戶,
Via Landed Cost Voucher,通过到岸成本凭证,
Video,视频,
Video Settings,影片设定,
View,查看,
View BOM Update Log,查看物料清单更新日志,
View Chart of Accounts,查看會計科目表,
View Exchange Gain/Loss Journals,查看汇兑损益日记账,
View General Ledger,查看总分类账,
View Leads,查看訊息,
View Ledger,查看總帳,
View Ledgers,查看分类账列表,
View Now,立即觀看,
View Type,查看类型,
View Website,查看网站,
View attachments,查看附件,
View call log,查看通话记录,
Views,视图,
Vimeo,Vimeo的,
Visit the forums,訪問論壇,
Visited,已访问,
Voice,语音,
Voice Call Settings,语音通话设置,
Voucher,凭证,
Voucher #,憑證＃,
Voucher Detail No,券詳細說明暫無,
Voucher Name,凭证名称,
Voucher No,憑證編號,
Voucher No is mandatory,凭证编号必填,
Voucher Qty,凭证数量,
Voucher Subtype,凭证子类型,
Voucher Type,憑證類型,
Voucher {0} is over-allocated by {1},凭证{0}超额分配{1},
Voucher-wise Balance,按凭证余额,
Vouchers,优惠券,
"WARNING: Exotel app has been separated from ERPNext, please install the app to continue using Exotel integration.",警告：Exotel应用已从ERPNext分离，请安装该应用以继续使用Exotel集成,
WIP Composite Asset,在制组合资产,
WIP Warehouse,WIP倉庫,
Wages,工資,
Wages per hour,時薪,
Waiting for payment...,等待付款中...,
Warehouse,仓库,
Warehouse Capacity for Item '{0}' must be greater than the existing stock level of {1} {2}.,物料“{0}”的仓库容量必须大于现有库存量{1}{2},
Warehouse Contact Info,倉庫聯絡方式,
Warehouse Detail,倉庫的詳細資訊,
Warehouse Details,仓库详细信息,
Warehouse Disabled?,仓库是否禁用？,
Warehouse Name,倉庫名稱,
Warehouse Settings,仓库设置,
Warehouse Type,仓库类型,
Warehouse Wise Stock Balance,分仓库库存余额,
Warehouse and Reference,倉庫及參考,
Warehouse can not be deleted as stock ledger entry exists for this warehouse.,這個倉庫不能被刪除，因為庫存分錄帳尚存在。,
Warehouse cannot be changed for Serial No.,倉庫不能改變序列號,
Warehouse is mandatory,倉庫是強制性的,
Warehouse not found against the account {0},在帐户{0}中找不到仓库,
Warehouse not found in the system,倉庫系統中未找到,
Warehouse required for stock Item {0},倉庫需要現貨產品{0},
Warehouse wise Item Balance Age and Value,倉庫明智的項目平衡年齡和價值,
Warehouse {0} can not be deleted as quantity exists for Item {1},倉庫{0} 不能被刪除因為項目{1}還有庫存,
Warehouse {0} does not belong to Company {1}.,仓库{0}不属于公司{1},
Warehouse {0} does not belong to company {1},倉庫{0}不屬於公司{1},
"Warehouse {0} is not linked to any account, please mention the account in the warehouse record or set default inventory account in company {1}.",仓库{0}未关联会计科目，请在仓库记录中指定科目或为公司{1}设置默认库存科目,
Warehouse's Stock Value has already been booked in the following accounts:,仓库库存价值已计入以下科目：,
Warehouse: {0} does not belong to {1},仓库：{0}不属于{1},
Warehouses,倉庫,
Warehouses with child nodes cannot be converted to ledger,與子節點倉庫不能轉換為分類賬,
Warehouses with existing transaction can not be converted to group.,與現有的交易倉庫不能轉換為組。,
Warehouses with existing transaction can not be converted to ledger.,與現有的交易倉庫不能轉換到總帳。,
Warn,警告,
Warn POs,警告PO,
Warn Purchase Orders,警告採購訂單,
Warn RFQs,警告RFQs,
Warn for new Purchase Orders,警告新的採購訂單,
Warn for new Request for Quotations,警告新的報價請求,
Warning,警告,
Warning - Row {0}: Billing Hours are more than Actual Hours,警告 - 第{0}行：计费工时超过实际工时,
Warning on Negative Stock,负库存预警,
Warning!,警告！,
Warning: Another {0} # {1} exists against stock entry {2},警告：另一個{0}＃{1}存在對庫存分錄{2},
Warning: Material Requested Qty is less than Minimum Order Qty,警告：物料需求的數量低於最少訂購量,
Warning: Sales Order {0} already exists against Customer's Purchase Order {1},警告：銷售訂單{0}已經存在針對客戶的採購訂單{1},
Warranty / AMC Details,保修/ AMC詳情,
Warranty / AMC Status,保修/ AMC狀態,
Warranty Claim,保修索賠,
Warranty Expiry Date,保證期到期日,
Warranty Period (Days),保修期限（天數）,
Warranty Period (in days),保修期限（天數）,
Watch Video,观看视频,
We're here to help!,我们在这里为您提供帮助！,
Website,网站,
Website Attribute,网站属性,
Website Description,網站簡介,
Website Filter Field,网站过滤字段,
Website Image,网站图片,
Website Item Group,網站項目群組,
Website Manager,网站管理员,
Website Specifications,網站規格,
Wednesday,星期三,
Week,周,
Week {0} {1},第{0}周 {1},
Weekday,平日,
Weekly,每周,
Weekly Off,每週關閉,
Weekly Time to send,每周发送时间,
Weight,重量,
Weight (kg),重量(公斤),
Weight Per Unit,每單位重量,
Weight UOM,重量計量單位,
Weighting Function,加權函數,
Welcome email sent,欢迎邮件已发送,
Welcome to {0},欢迎使用{0},
What do you need help with?,你有什麼需要幫助的？,
WhatsApp,WhatsApp的,
Wheels,車輪,
"When a parent warehouse is chosen, the system conducts stock checks against the associated child warehouses",选择父仓库时，系统会检查关联子仓库的库存,
"When creating an Item, entering a value for this field will automatically create an Item Price at the backend.",创建物料时填写此字段值，将自动在后台创建物料价格,
"While creating account for Child Company {0}, parent account {1} found as a ledger account.",在为子公司{0}创建帐户时，发现父帐户{1}是分类帐。,
"While creating account for Child Company {0}, parent account {1} not found. Please create the parent account in corresponding COA",为子公司{0}创建帐户时，找不到父帐户{1}。请在相应的COA中创建上级帐户,
"While making Purchase Invoice from Purchase Order, use Exchange Rate on Invoice's transaction date rather than inheriting it from Purchase Order. Only applies for Purchase Invoice.",根据采购订单生成采购发票时，使用发票交易日的汇率而非继承采购订单汇率（仅适用于采购发票）,
White,白,
Widowed,寡,
Width (cm),宽度(厘米),
Width of amount in word,在字量的寬度,
Will also apply for variants,同時將申請變種,
Will also apply for variants unless overrridden,同時將申請變種，除非overrridden,
Wire Transfer,電匯,
With Operations,加入作業,
With Period Closing Entry For Opening Balances,含期初余额的期间结账分录,
Withdrawal,提款,
Work Done,工作完成,
Work In Progress,在製品,
Work In Progress Warehouse,在制品仓库,
Work Order,工作指示,
Work Order / Subcontract PO,生产工单/委外采购订单,
Work Order Analysis,工单分析,
Work Order Consumed Materials,生产工单耗用物料,
Work Order Item,工作訂單項目,
Work Order Operation,工作訂單操作,
Work Order Qty,工作訂單數量,
Work Order Qty Analysis,工单数量分析,
Work Order Stock Report,工單庫存報表,
Work Order Summary,工作单摘要,
Work Order cannot be created for following reason: <br> {0},由于以下原因，无法创建工作订单：<br> {0},
Work Order cannot be raised against a Item Template,工作訂單不能針對項目模板產生,
Work Order has been {0},工單已{0},
Work Order not created,工作訂單未創建,
Work Order {0}: Job Card not found for the operation {1},工作单{0}：找不到工序{1}的工作卡,
Work Orders,工作订单,
Work Orders Created: {0},創建的工單：{0},
Work Orders in Progress,工作訂單正在進行中,
Work in Progress,在制品,
Work-in-Progress Warehouse,在製品倉庫,
Work-in-Progress Warehouse is required before Submit,提交之前，需要填入在製品倉庫,
Workday,劳动日,
Workday {0} has been repeated.,工作日{0}已重复。,
Working,工作的,
Working Hours,工作時間,
Workstation,工作站,
Workstation / Machine,工作站/机器,
Workstation Dashboard,工作站看板,
Workstation Name,工作站名稱,
Workstation Status,工作站状态,
Workstation Type,工作站类型,
Workstation Working Hour,工作站工作時間,
Workstation is closed on the following dates as per Holiday List: {0},工作站在以下日期關閉按假日列表：{0},
Workstations,工作站列表,
Wrapping up,包起來,
Write Off,註銷項款,
Write Off Account,核銷帳戶,
Write Off Amount,核銷金額,
Write Off Amount (Company Currency),核銷金額（公司貨幣）,
Write Off Based On,核銷的基礎上,
Write Off Cost Center,沖銷成本中心,
Write Off Difference Amount,核銷金額差異,
Write Off Entry,核銷進入,
Write Off Limit,冲销限额,
Write Off Outstanding Amount,核銷額（億元）,
Writeoff,註銷,
Written Down Value,寫下價值,
Wrong Company,错误公司,
Wrong Password,密碼錯誤,
Wrong Template,错误模板,
XML Files Processed,处理的XML文件,
Year,年,
Year End Date,年結結束日期,
Year Name,年結名稱,
Year Start Date,年結開始日期,
Year of Passing,路過的一年,
Year start date or end date is overlapping with {0}. To avoid please set company,新年的開始日期或結束日期與{0}重疊。為了避免請將公司,
Yearly,每年,
Yellow,黄色,
Yes,是,
You are importing data for the code list:,您正在导入代码列表的数据：,
You are not allowed to update as per the conditions set in {} Workflow.,您无法按照{}工作流程中设置的条件进行更新。,
You are not authorized to add or update entries before {0},你無權添加或更新{0}之前的條目,
You are not authorized to make/edit Stock Transactions for Item {0} under warehouse {1} before this time.,您此时无权在仓库{1}下为物料{0}创建/编辑库存交易,
You are not authorized to set Frozen value,您無權設定值凍結,
You are picking more than required quantity for the item {0}. Check if there is any other pick list created for the sales order {1}.,您正在为物料{0}提货超过所需数量，请检查销售订单{1}是否已创建其他拣货单,
You can add the original invoice {} manually to proceed.,您可以手动添加原始发票{}以继续,
You can also copy-paste this link in your browser,您也可以複製粘貼此鏈接到瀏覽器,
You can also set default CWIP account in Company {},您还可以在公司{}中设置默认的CWIP帐户,
You can change the parent account to a Balance Sheet account or select a different account.,您可以将父帐户更改为资产负债表帐户，也可以选择其他帐户。,
You can not enter current voucher in 'Against Journal Entry' column,在您不能輸入電流券“對日記帳分錄”專欄,
You can only have Plans with the same billing cycle in a Subscription,您只能在訂閱中擁有相同結算週期的計劃,
You can only redeem max {0} points in this order.,您只能按此順序兌換最多{0}個積分。,
You can only select one mode of payment as default,您只能选择一种付款方式作为默认付款方式,
You can redeem upto {0}.,您最多可以兑换{0}。,
"You can set it as a machine name or operation type. For example, stiching machine 12",可设置为机器名称或工序类型，例如：缝纫机12号,
You can't make any changes to Job Card since Work Order is closed.,生产工单已关闭，无法修改作业卡,
You can't process the serial number {0} as it has already been used in the SABB {1}. {2} if you want to inward same serial number multiple times then enabled 'Allow existing Serial No to be Manufactured/Received again' in the {3},无法处理序列号{0}，因其已在序列和批次凭证{1}中使用。如需多次入库相同序列号，请在{3}启用'允许重复生产/接收现有序列号',
You cannot change the rate if BOM is mentioned against any Item.,若物料关联了物料清单，则不可修改价格,
You cannot create a {0} within the closed Accounting Period {1},在已关闭的会计期间{1}内无法创建{0},
You cannot create or cancel any accounting entries with in the closed Accounting Period {0},您无法在关闭的会计期间{0}中创建或取消任何会计分录,
You cannot create/amend any accounting entries till this date.,在此日期之前无法创建/修改会计分录,
You cannot credit and debit same account at the same time,你無法將貸方與借方在同一時間記在同一科目,
You cannot delete Project Type 'External',您不能刪除項目類型“外部”,
You cannot edit root node.,您不能編輯根節點。,
You cannot redeem more than {0}.,您最多只能兑换{0}个。,
You cannot repost item valuation before {},在{}之前无法重新过账物料计价,
You cannot restart a Subscription that is not cancelled.,您無法重新啟動未取消的訂閱。,
You cannot submit empty order.,您不能提交空订单。,
You cannot submit the order without payment.,您必须先付款才能提交订单。,
You cannot {0} this document because another Period Closing Entry {1} exists after {2},无法{0}此单据，因为存在后续的期间结账分录{1}在{2}之后,
You do not have permissions to {} items in a {}.,您无权访问{}中的{}个项目。,
You don't have enough Loyalty Points to redeem,您沒有獲得忠誠度積分兌換,
You don't have enough points to redeem.,您的积分不足以兑换。,
You had {} errors while creating opening invoices. Check {} for more details,创建期初发票时出现{}个错误。检查{}了解更多详细信息,
You have already selected items from {0} {1},您已經選擇從項目{0} {1},
You have been invited to collaborate on the project: {0},您已被邀請在項目上進行合作：{0},
You have entered a duplicate Delivery Note on Row,您在第行输入了重复的送货单,
You have to enable auto re-order in Stock Settings to maintain re-order levels.,您必须在库存设置中启用自动重新订购才能维持重新订购级别。,
You haven't created a {0} yet,您尚未创建{0},
You must add atleast one item to save it as draft.,您必须添加至少一项才能将其保存为草稿。,
You must select a customer before adding an item.,在添加项目之前，您必须选择一个客户。,
You need to cancel POS Closing Entry {} to be able to cancel this document.,需先取消POS结算单{}才能取消此单据,
YouTube,YouTube的,
YouTube Interactions,YouTube互动,
Your Name (required),您的姓名（必填）,
Your email address...,您的电子邮件地址...,
Your email has been verified and your appointment has been scheduled,您的邮箱已验证，预约已安排,
Your order is out for delivery!,您的訂單已發貨！,
Your tickets,你的票,
Youtube ID,YouTube ID,
Youtube Statistics,YouTube统计,
ZIP Code,郵政編碼,
Zero Balance,零余额,
Zero Rated,零税率,
Zero quantity,零数量,
Zip File,压缩文件,
[Important] [ERPNext] Auto Reorder Errors,[重要] [ERPNext]自动重新排序错误,
`Allow Negative rates for Items`,`允许物料负单价`,
and,和,
as Code,作为代码,
as Description,作为描述,
as Title,作为标题,
as a percentage of finished item quantity,按完工数量百分比,
at,于,
based_on,基于,
by {},由{},
cannot be greater than 100,不能大於100,
dated {0},日期为{0},
description,描述,
development,发展,
discount applied,已应用折扣,
doc_type,文档类型,
doctype,文档类型,
"e.g. ""Summer Holiday 2019 Offer 20""",例如“ 2019年暑假特惠20”,
example: Next Day Shipping,例如：次日發貨,
exchangerate.host,汇率服务商,
fieldname,字段名称,
frankfurter.app,法兰克福应用,
hidden,已隐藏,
hours,小时,
image,图片,
is already,已被,
lft,Lft,
material_request_item,material_request_item,
must be between 0 and 100,必须在0到100之间,
old_parent,旧父级,
on,于,
or,或,r
or its descendants,或其子节点,
out of 5,满分5分,
payments app is not installed. Please install it from {0} or {1},未安装支付应用，请从{0}或{1}安装,
payments app is not installed. Please install it from {} or {},未安装支付应用，请从{}或{}安装,
per hour,每小時,
performing either one below:,执行以下任一操作：,
product bundle item row's name in sales order. Also indicates that picked item is to be used for a product bundle,销售订单中产品套件行的名称，表示拣选的物料将用于产品套件,
production,生产,
quotation_item,报价单条目,
ratings,评分,
received from,从......收到,
rgt,RGT,
sandbox,沙盒,
subscription is already cancelled.,订阅已取消,
target_ref_field,目标参考字段,
temporary name,临时名称,
title,标题,
to,到,
to unallocate the amount of this Return Invoice before cancelling it.,在取消前需先解除此退货发票的金额分配,
unique e.g. SAVE20  To be used to get discount,独特的，例如SAVE20用于获得折扣,
variance,差异,
via BOM Update Tool,通过物料清单更新工具,
will be,将会,
you must select Capital Work in Progress Account in accounts table,您必须在帐户表中选择正在进行的资本工程帐户,
{0},{0},
{0} '{1}' is disabled,{0}“{1}”被禁用,
{0} '{1}' not in Fiscal Year {2},{0}“ {1}”不在財政年度{2},
{0} ({1}) cannot be greater than planned quantity ({2}) in Work Order {3},{0}（{1}）不能大於計畫數量 {3} 在工作訂單中（{2}）,
{0} <b>{1}</b> has submitted Assets. Remove Item <b>{2}</b> from table to continue.,{0}<b>{1}</b>已提交资产，请从表中移除物料<b>{2}</b>以继续,
{0} Account not found against Customer {1}.,客户{1}未找到{0}科目,
{0} Account: {1} ({2}) must be in either customer billing currency: {3} or Company default currency: {4},{0}科目：{1}({2})必须使用客户结算货币{3}或公司默认货币{4},
{0} Budget for Account {1} against {2} {3} is {4}. It {5} exceed by {6},{0}预算：科目{1}针对{2}{3}的预算为{4}，{5}超出{6},
{0} Coupon used are {1}. Allowed quantity is exhausted,{0}使用的优惠券是{1}。允许数量已耗尽,
{0} Digest,{0}摘要,
{0} Number {1} is already used in {2} {3},{0}数字{1}已在{2} {3}中使用,
{0} Operations: {1},{0}操作：{1},
{0} Request for {1},{0}申请{1},
"{0} Retain Sample is based on batch, please check Has Batch No to retain sample of item",{0}保留样品基于批次，请检查是否具有批次号以保留项目样品,
{0} Transaction(s) Reconciled,{0}笔交易已对账,
{0} account is not of type {1},{0}科目类型不是{1},
{0} account not found while submitting purchase receipt,提交采购收据时未找到{0}科目,
{0} against Bill {1} dated {2},{0}針對帳單{1}日期{2},
{0} against Purchase Order {1},{0}針對採購訂單{1},
{0} against Sales Invoice {1},{0}針對銷售發票{1},
{0} against Sales Order {1},{0}針對銷售訂單{1},
{0} already has a Parent Procedure {1}.,{0}已有父程序{1}。,
{0} and {1},{0}和{1},
{0} and {1} are mandatory,{0}和{1}是强制性的,
{0} asset cannot be transferred,{0}資產不得轉讓,
{0} can not be negative,{0}不能為負數,
{0} cannot be used as a Main Cost Center because it has been used as child in Cost Center Allocation {1},{0}不能作为主成本中心，因其已被用作成本中心分配{1}的子项,
{0} cannot be zero,{0}不能为零,
{0} created,{0}已新增,
{0} currency must be same as company's default currency. Please select another account.,{0}货币必须与公司默认货币一致，请选择其他账户,
"{0} currently has a {1} Supplier Scorecard standing, and Purchase Orders to this supplier should be issued with caution.",{0}目前擁有{1}供應商記分卡，而採購訂單應謹慎提供給供應商。,
"{0} currently has a {1} Supplier Scorecard standing, and RFQs to this supplier should be issued with caution.",{0}目前擁有{1}供應商記分卡，並且謹慎地向該供應商發出詢價。,
{0} does not belong to Company {1},{0}不屬於公司{1},
{0} entered twice in Item Tax,{0}輸入兩次項目稅,
{0} entered twice {1} in Item Taxes,{0}在物料税{1}中重复输入,
{0} for {1},{0}for {1},
{0} has Payment Term based allocation enabled. Select a Payment Term for Row #{1} in Payment References section,{0}已启用基于付款条件的分配，请在付款参考部分为第#{1}行选择付款条件,
{0} has been submitted successfully,{0}已成功提交,
{0} hours,{0}小時,
{0} in row {1},{1}行中的{0},
{0} is a mandatory Accounting Dimension. <br>Please set a value for {0} in Accounting Dimensions section.,{0}是必填会计维度，请在会计维度部分设置{0}的值,
{0} is a mandatory field.,{0}是必填字段,
{0} is added multiple times on rows: {1},{0}在以下行被多次添加：{1},
{0} is already running for {1},{0}已在{1}运行,
{0} is blocked so this transaction cannot proceed,{0}被阻止，所以此事務無法繼續,
{0} is mandatory,{0}为必填项,
{0} is mandatory for Item {1},{0}是強制性的項目{1},
{0} is mandatory for account {1},科目{1}的{0}必填,
{0} is mandatory. Maybe Currency Exchange record is not created for {1} to {2},{0}是強制性的。可能沒有為{1}到{2}創建貨幣兌換記錄,
{0} is mandatory. Maybe Currency Exchange record is not created for {1} to {2}.,{0}是強制性的。也許外幣兌換記錄為{1}到{2}尚未建立。,
{0} is not a company bank account,{0}不是公司银行帐户,
{0} is not a group node. Please select a group node as parent cost center,{0}不是组节点。请选择一个组节点作为父成本中心,
{0} is not a stock Item,{0}不是庫存項目,
{0} is not a valid Value for Attribute {1} of Item {2}.,{0}不是项{2}的属性{1}的有效值。,
{0} is not added in the table,表中未添加{0},
{0} is not enabled in {1},{1}中未启用{0},
{0} is not running. Cannot trigger events for this Document,{0} 未运行。无法触发该文档的事件,
{0} is not the default supplier for any items.,{0}不是任何商品的默认供应商。,
{0} is on hold till {1},{0}一直保持到{1},
{0} is required,需要{0},
{0} items in progress,正在進行{0}項目,
{0} items lost during process.,流程中丢失{0}件物料。,
{0} items produced,生產{0}項目,
{0} must be negative in return document,{0}必須返回文檔中負,
{0} not allowed to transact with {1}. Please change the Company.,不允許{0}與{1}進行交易。請更改公司。,
{0} not found for item {1},在{0}中找不到物料{1},
{0} parameter is invalid,{0}参数无效,
{0} payment entries can not be filtered by {1},{0}付款分錄不能由{1}過濾,
{0} qty of Item {1} is being received into Warehouse {2} with capacity {3}.,正在将物料{1}的{0}数量接收到容量为{3}的仓库{2},
"{0} units are reserved for Item {1} in Warehouse {2}, please un-reserve the same to {3} the Stock Reconciliation.",仓库{2}中物料{1}已预留{0}单位，请取消预留以{3}库存对账,
{0} units of Item {1} is not available in any of the warehouses.,物料{1}在任何仓库中均无{0}单位的可用库存,
{0} units of Item {1} is picked in another Pick List.,物料{1}的{0}单位已在其他拣货单中被拣选,
{0} units of {1} are required in {2} with the inventory dimension: {3} ({4}) on {5} {6} for {7} to complete the transaction.,需在{2}中准备{1}的{0}单位，库存维度：{3}({4})，日期{5}{6}，用于{7}以完成交易,
{0} units of {1} needed in {2} on {3} {4} for {5} to complete this transaction.,{0} {1}在需要{2}在{3} {4}：{5}來完成這一交易單位。,
{0} units of {1} needed in {2} on {3} {4} to complete this transaction.,需在{2}的{3}{4}准备{1}的{0}单位以完成本交易,
{0} units of {1} needed in {2} to complete this transaction.,{0}單位{1}在{2}完成此交易所需。,
{0} valid serial nos for Item {1},{0}項目{1}的有效的序號,
{0} variants created.,創建了{0}個變體。,
{0} will be given as discount.,{0}将作为折扣发放,
{0} {1},{0}{1},
{0} {1} Manually,手动{0}{1},
{0} {1} Partially Reconciled,{0}{1}部分对账,
"{0} {1} cannot be updated. If you need to make changes, we recommend canceling the existing entry and creating a new one.",无法更新{0}{1}。如需修改，建议取消现有凭证并新建,
{0} {1} created,已創建{0} {1},
{0} {1} does not exist,{0} {1}不存在,
{0} {1} has accounting entries in currency {2} for company {3}. Please select a receivable or payable account with currency {2}.,{0} {1}拥有公司{3}的币种为{2}的会计分录。请选择币种为{2}的应收或应付帐户。,
{0} {1} has already been fully paid.,{0}{1}已全额支付,
{0} {1} has already been partly paid. Please use the 'Get Outstanding Invoice' or the 'Get Outstanding Orders' button to get the latest outstanding amounts.,{0}{1}已部分支付。请使用'获取未清发票'或'获取未清订单'按钮查看最新未结金额,
{0} {1} has been modified. Please refresh.,{0} {1} 已修改。請更新。,
{0} {1} has not been submitted so the action cannot be completed,"{0} {1} 尚未提交, 因此無法完成操作",
{0} {1} is allocated twice in this Bank Transaction,银行交易中重复分配了{0}{1},
{0} {1} is already linked to Common Code {2}.,{0}{1}已关联至通用代码{2},
"{0} {1} is associated with {2}, but Party Account is {3}","{0} {1} 與 {2} 關聯, 但當事方科目為 {3}",
{0} {1} is cancelled or closed,{0} {1} 被取消或結案,
{0} {1} is cancelled or stopped,{0} {1}被取消或停止,
{0} {1} is cancelled so the action cannot be completed,{0} {1} 被取消，因此無法完成操作,
{0} {1} is closed,{0} {1}關閉,
{0} {1} is disabled,{0} {1}被禁用,
{0} {1} is frozen,{0} {1}被凍結,
{0} {1} is fully billed,{0} {1}}已開票,
{0} {1} is not active,{0} {1}是不活動,
{0} {1} is not associated with {2} {3},{0} {1} 未與 {2} {3} 關聯,
{0} {1} is not in any active Fiscal Year,{0}{1}不在任何有效会计年度内,
{0} {1} is not submitted,{0} {1}未提交,
{0} {1} is on hold,{0}{1}已暂挂,
{0} {1} is {2},{0} {1}是{2},
{0} {1} must be submitted,{0} {1}必須提交,
{0} {1} not allowed to be reposted. Modify {2} to enable reposting.,不允许重新过账{0}{1}。请修改{2}以启用重过账功能,
{0} {1} status is {2},{0} {1}的狀態為{2},
{0} {1} via CSV File,通过CSV文件{0}{1},
{0} {1}: 'Profit and Loss' type account {2} not allowed in Opening Entry,{0} {1}：“損益”科目類型{2}不允許進入開,
{0} {1}: Account {2} does not belong to Company {3},{0} {1}科目{2}不屬於公司{3},
{0} {1}: Account {2} is a Group Account and group accounts cannot be used in transactions,{0}{1}: 科目{2}为组科目，不可用于交易凭证,
{0} {1}: Account {2} is inactive,{0} {1}科目{2}無效,
{0} {1}: Accounting Entry for {2} can only be made in currency: {3},{0} {1}在{2}會計分錄只能在貨幣言：{3},
{0} {1}: Cost Center is mandatory for Item {2},{0} {1}：成本中心是強制性的項目{2},
{0} {1}: Cost Center is required for 'Profit and Loss' account {2}.,{0}{1}: 损益类科目{2}必须指定成本中心,
{0} {1}: Cost Center {2} does not belong to Company {3},{0} {1}：成本中心{2}不屬於公司{3},
{0} {1}: Cost Center {2} is a group cost center and group cost centers cannot be used in transactions,{0}{1}: 成本中心{2}为组成本中心，不可用于交易凭证,
{0} {1}: Customer is required against Receivable account {2},{0} {1}：需要客戶對應收帳款{2},
{0} {1}: Either debit or credit amount is required for {2},{0} {1}：無論是借方或貸方金額需要{2},
{0} {1}: Supplier is required against Payable account {2},{0} {1}：需要對供應商應付帳款{2},
{0}% Billed,{0}％已開立帳單,
{0}% Delivered,{0}％交付,
{0}% of total invoice value will be given as discount.,将按发票总额的{0}%作为折扣发放,
{0}'s {1} cannot be after {2}'s Expected End Date.,{0}的{1}不得晚于{2}的预计结束日期,
"{0}, complete the operation {1} before the operation {2}.",{0}，在操作{2}之前完成操作{1}。,
{0}: {1} does not belong to the Company: {2},{0}: {1}不属于公司{2},
{0}: {1} does not exists,{0}：{1}不存在,
{0}: {1} must be less than {2},{0}：{1}必须小于{2},
{item_name}'s Sample Size ({sample_size}) cannot be greater than the Accepted Quantity ({accepted_quantity}),{item_name}的样本量({sample_size})不得超过验收数量({accepted_quantity}),
{} Assets created for {},{}为{}创建的资产,
{} can't be cancelled since the Loyalty Points earned has been redeemed. First cancel the {} No {},由于所赚取的忠诚度积分已被兑换，因此无法取消{}。首先取消{}否{},
{} has submitted assets linked to it. You need to cancel the assets to create purchase return.,{}已提交与其关联的资产。您需要取消资产以创建购买退货。,
{} is a child company.,{}是子公司,
{} {} is already linked with another {},{} {}已关联其他{},
{} {} is already linked with {} {},{} {}已关联{} {},
