 Is Child Table,是否为子表,
%  Delivered,％已交付,
% Amount Billed,（％）金额帐单,
% Billed,% 已记账,
% Complete Method,完成百分比法,
% Completed,% 已完成,
% Installed,％已安装,
% Ordered,%  已排序,
% Picked,% 已拣货,
% Process Loss,% 工艺损耗,
% Progress,％进展,
% Received,％已收货,
% Returned,% 已退货,
% of materials billed against this Sales Order,此销售订单%的物料已开票。,
% of materials delivered against this Sales Order,此销售订单% 的物料已交货。,
(Hour Rate / 60) * Actual Operation Time,（小时率/ 60）*实际操作时间,
(including),（包含）,
* Will be calculated in the transaction.,*将被计算在该交易内。,
1 Loyalty Points = How much base currency?,1忠诚度积分=多少基本币？,
1 hr,1小时,
2 Yearly,每年2次,
3 Yearly,3年周期,
30 mins,30分钟,
6 hrs,6小时,
"<br>
<h4>Note</h4>
<ul>
<li>
You can use <a href=""https://jinja.palletsprojects.com/en/2.11.x/"" target=""_blank"">Jinja tags</a> in <b>Subject</b> and <b>Body</b> fields for dynamic values.
</li><li>
    All fields in this doctype are available under the <b>doc</b> object and all fields for the customer to whom the mail will go to is available under the  <b>customer</b> object.
</li></ul>
<h4> Examples</h4>
<!-- {% raw %} -->
<ul>
    <li><b>Subject</b>:<br><br><pre><code>Statement Of Accounts for {{ customer.customer_name }}</code></pre><br></li>
    <li><b>Body</b>: <br><br>
<pre><code>Hello {{ customer.customer_name }},<br>PFA your Statement Of Accounts from {{ doc.from_date }} to {{ doc.to_date }}.</code> </pre></li>
</ul>
<!-- {% endraw %} -->","<br>
<h4>注意事项</h4>
<ul>
<li>
您可以在 ""<b>主题 ""</b>和<b>""正文</b>""字段中使用 ""<a href=""https://jinja.palletsprojects.com/en/2.11.x/"" target=""_blank"">Jinja ""标记</a>来获取动态值。
</li><li>
    该类型中的所有字段均可在<b>doc</b>对象下使用，而邮件将发送给的客户的所有字段均可在<b>客户</b>对象下使用。
</li></ul>
<h4>示例</h4>
<!-- {% raw %} -->
<ul>
    <li><b>主题</b>：<br><br><pre><code> {{ customer.customer_name }}的账目报表 </code></pre><br></li>
    <li><b>正文</b>：<br><br>
<pre><code>您好 {{ customer.customer_name }},<br>PFA 您的会计报表从 {{ doc.from_date }} 转到 {{ doc.to_date }}。</code> </pre></li>
</ul>
<!-- {% endraw %} -->",
"<div class=""columnHeading"">Other Details</div>","<div class=""columnHeading"">其他详细信息</div>",
"<div class=""text-muted text-center"">No Matching Bank Transactions Found</div>","<div class=""text-muted text-center"">未找到匹配的银行交易</div>",
"<div>
<h3> All dimensions in centimeter only </h3>
</div>","<div>
<h3>所有尺寸均以厘米为单位 </h3>
</div>",
"<h3>About Product Bundle</h3>

<p>Aggregate group of <b>Items</b> into another <b>Item</b>. This is useful if you are bundling a certain <b>Items</b> into a package and you maintain stock of the packed <b>Items</b> and not the aggregate <b>Item</b>.</p>
<p>The package <b>Item</b> will have <code>Is Stock Item</code> as <b>No</b> and <code>Is Sales Item</code> as <b>Yes</b>.</p>
<h4>Example:</h4>
<p>If you are selling Laptops and Backpacks separately and have a special price if the customer buys both, then the Laptop + Backpack will be a new Product Bundle Item.</p>","<h3>关于产品捆绑包</h3>

<p>将一组<b>货品</b>汇总到另一个<b>货品</b>中。如果您要将某个<b>项目</b>捆绑到一个包中，而您只保留打包<b>项目</b>的库存，而不保留汇总<b>项目</b>的库存，这将非常有用。</p>
<p>打包<b>项目</b>的<code>Is Stock</code> <b>Item</b> <code>（库存项目）</code>为<b>No</b>，<code>Is Sales Item</code> <code>（销售项目</code>）为<b>Yes</b>。</p>
<h4>举例说明：</h4>
<p>如果您分别销售笔记本电脑和背包，并且如果客户同时购买这两件商品，您可以享受优惠价格，那么笔记本电脑+背包将成为一个新的产品组合项目。</p>",
"<h3>Currency Exchange Settings Help</h3>
<p>There are 3 variables that could be used within the endpoint, result key and in values of the parameter.</p>
<p>Exchange rate between {from_currency} and {to_currency} on {transaction_date} is fetched by the API.</p>
<p>Example: If your endpoint is exchange.com/2021-08-01, then, you will have to input exchange.com/{transaction_date}</p>","<h3>货币兑换设置帮助</h3>
<p>在端点、结果键和参数值中可以使用 3 个变量。</p>
<p>API 将获取 {transaction_date} 上 {from_currency} 和 {to_currency} 之间的汇率。</p>
<p>举例说明：如果您的端点是 exchange.com/2021-08-01，则必须输入 exchange.com/{transaction_date}。 </p>",
"<h4>Body Text and Closing Text Example</h4>

<div>We have noticed that you have not yet paid invoice {{sales_invoice}} for {{frappe.db.get_value(""Currency"", currency, ""symbol"")}} {{outstanding_amount}}. This is a friendly reminder that the invoice was due on {{due_date}}. Please pay the amount due immediately to avoid any further dunning cost.</div>

<h4>How to get fieldnames</h4>

<p>The fieldnames you can use in your template are the fields in the document. You can find out the fields of any documents via Setup &gt; Customize Form View and selecting the document type (e.g. Sales Invoice)</p>

<h4>Templating</h4>

<p>Templates are compiled using the Jinja Templating Language. To learn more about Jinja, <a class=""strong"" href=""http://jinja.pocoo.org/docs/dev/templates/"">read this documentation.</a></p>","<h4>正文和结尾文本示例</h4>

<div>我们注意到您尚未支付 {{sales_invoice}} 的发票 {{frappe.db.get_value(""Currency"", currency, ""symbol"")}} {{outstanding_amount}}。特此友情提醒，发票到期日为 {{due_date}}。请立即支付应付金额，以免产生更多扣款费用。</div>

<h4>如何获取字段名</h4>

<p>您可以在模板中使用的字段名是文档中的字段。您可以通过设置 &gt; 自定义表单视图并选择文档类型（如销售发票）来查找任何文档的字段。</p>

<h4>模板</h4>

<p>模板使用 Jinja 模板语言编译。要了解有关 Jinja 的更多信息，请<a class=""strong"" href=""http://jinja.pocoo.org/docs/dev/templates/"">阅读此文档。</a></p>",
"<h4>Contract Template Example</h4>

<pre>Contract for Customer {{ party_name }}

-Valid From : {{ start_date }} 
-Valid To : {{ end_date }}
</pre>

<h4>How to get fieldnames</h4>

<p>The field names you can use in your Contract Template are the fields in the Contract for which you are creating the template. You can find out the fields of any documents via Setup &gt; Customize Form View and selecting the document type (e.g. Contract)</p>

<h4>Templating</h4>

<p>Templates are compiled using the Jinja Templating Language. To learn more about Jinja, <a class=""strong"" href=""http://jinja.pocoo.org/docs/dev/templates/"">read this documentation.</a></p>","<h4>合同模板示例</h4>

<pre>客户合同 {{ party_name }}

-Valid From : {{ start_date }} 
-Valid To : {{ end_date }}
</pre>

<h4>如何获取字段名</h4>

<p>您可以在合同模板中使用的字段名称是您创建模板的合同中的字段。您可以通过设置 &gt; 自定义表单视图并选择文档类型（如合同）来查找任何文档的字段。</p>

<h4>模板制作</h4>

<p>模板使用 Jinja 模板语言编译。要了解有关 Jinja 的更多信息，请<a class=""strong"" href=""http://jinja.pocoo.org/docs/dev/templates/"">阅读此文档。</a></p>",
"<h4>Standard Terms and Conditions Example</h4>

<pre>Delivery Terms for Order number {{ name }}

-Order Date : {{ transaction_date }} 
-Expected Delivery Date : {{ delivery_date }}
</pre>

<h4>How to get fieldnames</h4>

<p>The fieldnames you can use in your email template are the fields in the document from which you are sending the email. You can find out the fields of any documents via Setup &gt; Customize Form View and selecting the document type (e.g. Sales Invoice)</p>

<h4>Templating</h4>

<p>Templates are compiled using the Jinja Templating Language. To learn more about Jinja, <a class=""strong"" href=""http://jinja.pocoo.org/docs/dev/templates/"">read this documentation.</a></p>","<h4>合同模板示例</h4>

<pre>客户合同 {{ party_name }}

-Valid From : {{ start_date }} 
-Valid To : {{ end_date }}
</pre>

<h4>如何获取字段名</h4>

<p>您可以在合同模板中使用的字段名称是您创建模板的合同中的字段。您可以通过设置 &gt; 自定义表单视图并选择文档类型（如合同）来查找任何文档的字段。</p>

<h4>模板制作</h4>

<p>模板使用 Jinja 模板语言编译。要了解有关 Jinja 的更多信息，请<a class=""strong"" href=""http://jinja.pocoo.org/docs/dev/templates/"">阅读此文档。</a></p>",
"<h5 class=""text-muted uppercase"">Or</h5>","<h5 class=""text-muted uppercase"">或者</h5>",
"<label class=""control-label"" style=""margin-bottom: 0px;"">Account Number Settings</label>","<label class=""control-label"" style=""margin-bottom: 0px;"">账号设置</label>",
"<label class=""control-label"" style=""margin-bottom: 0px;"">Amount In Words</label>","<label class=""control-label"" style=""margin-bottom: 0px;"">大写金额</label>",
"<label class=""control-label"" style=""margin-bottom: 0px;"">Date Settings</label>","<label class=""control-label"" style=""margin-bottom: 0px;"">日期设置</label>",
"<p>In your <b>Email Template</b>, you can use the following special variables:
</p>
<ul>
        <li>
            <code>{{ update_password_link }}</code>: A link where your supplier can set a new password to log into your portal.
        </li>
        <li>
            <code>{{ portal_link }}</code>: A link to this RFQ in your supplier portal.
        </li>
        <li>
            <code>{{ supplier_name }}</code>: The company name of your supplier.
        </li>
        <li>
            <code>{{ contact.salutation }} {{ contact.last_name }}</code>: The contact person of your supplier.
        </li><li>
            <code>{{ user_fullname }}</code>: Your full name.
        </li>
    </ul>
<p></p>
<p>Apart from these, you can access all values in this RFQ, like <code>{{ message_for_supplier }}</code> or <code>{{ terms }}</code>.</p>","<p>在<b>电子邮件模板</b>中，您可以使用以下特殊变量：
</p>
<ul>
        <li>
            <code>{{ update_password_link }}</code>:供应商可以设置新密码登录门户网站的链接。
        </li>
        <li>
            <code>{{ portal_link }}</code>:供应商门户网站中该询价单的链接。
        </li>
        <li>
            <code>{{ supplier_name }}</code>:供应商的公司名称。
        </li>
        <li>
            <code>{{ contact.salutation }} {{ contact.last_name }}</code>:供应商的联系人。
        </li><li>
            <code>{{ user_fullname }}</code>:您的全名。
        </li>
    </ul>
<p></p>
<p>除此之外，您还可以访问此 RFQ 中的所有值，如 <code>{{ message_for_supplier }}</code>或 <code>{{ terms }}</code>.</p>",
"<pre><h5>Message Example</h5>

&lt;p&gt; Thank You for being a part of {{ doc.company }}! We hope you are enjoying the service.&lt;/p&gt;

&lt;p&gt; Please find enclosed the E Bill statement. The outstanding amount is {{ doc.grand_total }}.&lt;/p&gt;

&lt;p&gt; We don't want you to be spending time running around in order to pay for your Bill.<br>After all, life is beautiful and the time you have in hand should be spent to enjoy it!<br>So here are our little ways to help you get more time for life! &lt;/p&gt;

&lt;a href=""{{ payment_url }}""&gt; click here to pay &lt;/a&gt;

</pre>
","<pre><h5>信息示例</h5>

&lt;p&gt; 感谢您成为 {{ doc.company }}的一员！希望您能享受我们的服务。&lt;/p&gt;

&lt;p&gt; 随信附上电子账单。未付金额为 {{ doc.grand_total }}。&lt;/p&gt;

&lt;p&gt; 我们不希望您为了支付账单而花费时间四处奔波。<br>毕竟，生活是美好的，您手中的时间应该用来享受生活！<br>因此，我们有一些小方法来帮助您获得更多的生活时间！ &lt;/p&gt;

&lt;a href=""{{ payment_url }}""&gt; 点击此处付款 &lt;/a&gt;

</pre>",
"<pre><h5>Message Example</h5>

&lt;p&gt;Dear {{ doc.contact_person }},&lt;/p&gt;

&lt;p&gt;Requesting payment for {{ doc.doctype }}, {{ doc.name }} for {{ doc.grand_total }}.&lt;/p&gt;

&lt;a href=""{{ payment_url }}""&gt; click here to pay &lt;/a&gt;

</pre>
","<pre><h5>消息示例</h5>

&lt;p&gt;亲爱的 {{ doc.contact_person }}，&lt;/p&gt;

&lt;p&gt;请求支付 {{ doc.doctype }}、 {{ doc.name }} 和 {{ doc.grand_total }}的费用。&lt;/p&gt;

&lt;a href=""{{ payment_url }}""&gt; 点击此处支付 &lt;/a&gt;

</pre>",
"<table class=""table table-bordered table-condensed"">
<thead>
  <tr>
         <th class=""table-sr"" style=""width: 50%;"">Child Document</th>
         <th class=""table-sr"" style=""width: 50%;"">Non Child Document</th>
   </tr>
</thead>
<tbody>
<tr>
         <td>
                  <p> To access parent document field use parent.fieldname and to access child table document field use doc.fieldname </p>

         </td>
         <td>
                    <p>To access document field use doc.fieldname </p>
         </td>
</tr>
<tr>
        <td>
                   <p><b>Example: </b> parent.doctype == ""Stock Entry"" and doc.item_code == ""Test"" </p>

        </td>
         <td>
                   <p><b>Example: </b> doc.doctype == ""Stock Entry"" and doc.purpose == ""Manufacture""</p>    
          </td>
</tr>

</tbody>
</table>






","<table class=""table table-bordered table-condensed"">
<thead>
  <tr>
         <th class=""table-sr"" style=""width: 50%;"">子文档</th>
         <th class=""table-sr"" style=""width: 50%;"">非子文档</th>
   </tr>
</thead>
<tbody>
<tr>
         <td>
                  <p> 要访问父文档字段，请使用 parent.字段名；要访问子表文档字段，请使用doc.字段名 </p>

         </td>
         <td>
                    <p>要访问文档字段，请使用 doc.字段名 </p>
         </td>
</tr>
<tr>
        <td>
                   <p><b>示例： </b> parent.doctype == ""入库单"" 和 doc.item_code == ""测试物料"" </p>

        </td>
         <td>
                   <p><b>示例： </b> doc.doctype == “入库单” 和 doc.purpose == “生产用途”</p>    
          </td>
</tr>

</tbody>
</table>",
"A Price List is a collection of Item Prices either Selling, Buying, or both",价格清单是物料销售价、采购价或两者的集合,
"A Product or a Service that is bought, sold or kept in stock.",库存中已被采购，销售或保留的一个产品或服务,
A condition for a Shipping Rule,发货规则的一个条件,
A customer must have primary contact email.,客户必须设置主联系邮箱,
A logical Warehouse against which stock entries are made.,库存进项记录对应的逻辑仓库。,
A third party distributor / dealer / commission agent / affiliate / reseller who sells the companies products for a commission.,被授权销售公司产品以赚取佣金的第三方分销商/经销商/授权代理商/分支机构/转销商,
A+,A +,
A-,A-,
A4,A4,
AB+,AB +,
AB-,AB-,
ACC-AML-.YYYY.-,ACC-AML-.YYYY.-,
ACC-ASR-.YYYY.-,ACC-ASR-.YYYY.-,
ACC-ASS-.YYYY.-,ACC-ASS-.YYYY.-,
ACC-BTN-.YYYY.-,ACC-BTN-.YYYY.-,
ACC-JV-.YYYY.-,ACC-JV-.YYYY.-,
ACC-PAY-.YYYY.-,ACC-PAY-.YYYY.-,
ACC-PINV-.YYYY.-,ACC-PINV-.YYYY.-,
ACC-PINV-RET-.YYYY.-,ACC-PINV-RET-.YYYY.-,
ACC-PRQ-.YYYY.-,ACC-PRQ-.YYYY.-,
ACC-PSINV-.YYYY.-,ACC-PSINV-.YYYY.-,
ACC-SH-.YYYY.-,ACC-SH-.YYYY.-,
ACC-SINV-.YYYY.-,ACC-SINV-.YYYY.-,
ACC-SINV-RET-.YYYY.-,ACC-SINV-RET-.YYYY.-,
AMC Expiry Date,AMC到期时间,
API,应用程序界面,
API Details,接口详情,
API Endpoint,应用程序界面端点,
API Key,应用程序界面密钥,
AWB Number,空运提单号,
Abbr,缩写,
Abbreviation,缩写,
About,关于,
Academics User,学术界用户,
Acceptance Criteria Formula,验收条件公式,
Acceptance Criteria Value,验收条件值,
Accepted,已接受,
Accepted Qty,接受数量,
Accepted Qty in Stock UOM,已验收数量（库存单位）,
Accepted Quantity,已接受数量,
Accepted Warehouse,已确认的仓库,
Access Key,访问密钥,
Account,科目,
Account Balance,科目余额,
Account Closing Balance,账户期末余额,
Account Currency,科目币种,
Account Currency (From),账户货币（源）,
Account Currency (To),账户货币（目标）,
Account Details,科目信息,
Account Head,帐号头,
Account Manager,客户经理,
Account Name,科目名称,
Account Number,帐号,
Account Opening Balance,账户期初余额,
Account Paid From,收款科目,
Account Paid To,付款科目,
Account Subtype,帐户子类型,
Account Type,科目类型,
Account for Change Amount,零钱科目,
Accounting,会计,
Accounting Details,会计细节,
Accounting Dimension,会计维度,
Accounting Dimension Detail,会计维度明细,
Accounting Dimension Filter,核算维度筛选器,
Accounting Dimensions,会计维度,
Accounting Dimensions ,会计维度,
Accounting Dimensions Filter,核算维度筛选,
Accounting Entries,会计分录,
Accounting Period,会计期间,
Accounting entries are frozen up to this date. Nobody can create or modify entries except users with the role specified below,截止到此日期，会计条目被冻结。除具有以下指定角色的用户外，任何人都无法创建或修改条目,
Accounts,会计,
Accounts Closing,账务结账,
Accounts Frozen Till Date,帐户冻结日期,
Accounts Manager,会计经理,
Accounts Payable,应付帐款,
Accounts Payable Summary,应付帐款摘要,
Accounts Receivable,应收帐款,
Accounts Receivable Credit Account,应收帐款信用帐户,
Accounts Receivable Discounted Account,应收帐款折扣帐户,
Accounts Receivable Summary,应收账款汇总,
Accounts Receivable Unpaid Account,应收帐款未付帐户,
Accounts Receivable/Payable,应收/应付账款,
Accounts Settings,会计设置,
Accounts User,会计人员,
Accounts to Merge,待合并账户,
Accumulated Depreciation,累计折旧,
Accumulated Depreciation Account,累计折旧科目,
Accumulated Depreciation Amount,累计折旧额,
Acquisition Date,采集日期,
Action,行动,
Action If Quality Inspection Is Not Submitted,未提交质量检验的措施,
Action If Quality Inspection Is Rejected,质检驳回时的处理方式,
Action If Same Rate is Not Maintained,未保持相同费率的处理方式,
Action if Accumulated Monthly Budget Exceeded on Actual,累计每月预算超出实际的行动,
Action if Accumulated Monthly Budget Exceeded on MR,如果累计每月预算超过MR，则采取行动,
Action if Accumulated Monthly Budget Exceeded on PO,采购订单上累计每月预算超出时的操作,
Action if Annual Budget Exceeded on Actual,年度预算超出实际的行动,
Action if Annual Budget Exceeded on MR,年度预算超出MR的行动,
Action if Annual Budget Exceeded on PO,年度预算超出采购订单时采取的行动,
Action if Same Rate is Not Maintained Throughout Sales Cycle,销售周期内未保持相同费率的处理方式,
Actions,操作,
Actions performed,已执行的操作,
Active,活动,
Active Status,启用状态,
Activities,活动,
Activity,活动,
Activity Cost,活动费用,
Activity Type,活动类型,
Actual,实际,
Actual Batch Quantity,实际批次数量,
Actual Date,实际日期,
Actual End Date,实际结束日期,
Actual End Date (via Timesheet),实际结束日期（通过工时单）,
Actual End Time,实际结束时间,
Actual Operating Cost,实际运行成本,
Actual Operation Time,实际操作时间,
Actual Qty,实际数量,
Actual Qty (at source/target),实际数量（源/目标）,
Actual Qty in Warehouse,仓库实际数量,
Actual Start Date,实际开始日期,
Actual Start Date (via Timesheet),实际开始日期（通过工时单）,
Actual Start Time,实际开始时间,
Actual Time,实际时间,
Actual Time and Cost,实际时间和成本,
Actual Time in Hours (via Timesheet),实际时间（小时）,
Add,添加,
Add Corrective Operation Cost in Finished Good Valuation,在产成品估价中添加纠正作业成本,
Add Local Holidays,添加当地假日,
Add Manually,手动添加,
Add Or Deduct,添加或扣减,
Add Quote,添加报价,
Add Serial / Batch Bundle,添加序列/批次组合,
Add Serial / Batch No,添加序列/批次号,
Add Serial / Batch No (Rejected Qty),添加序列/批次号（拒收数量）,
Add Template,添加模板,
Add Weekly Holidays,添加每周假期,
Add or Deduct,添加或扣除,
Add to Holidays,加入到假期,
Add to Transit,添加到公交,
Added By,添加人,
Added On,添加日期,
Additional Asset Cost,资产附加成本,
Additional Cost,额外费用,
Additional Cost Per Qty,每单位额外成本,
Additional Costs,额外费用,
Additional Data,附加数据,
Additional Details,额外细节,
Additional Discount,额外折扣,
Additional Discount Amount,额外折扣金额,
Additional Discount Amount (Company Currency),额外折扣金额（公司货币）,
Additional Discount Percentage,额外折扣率,
Additional Info,附加信息,
Additional Information,附加信息,
Additional Notes,补充说明,
Additional Operating Cost,额外的运营成本,
Additional information regarding the customer.,该客户的其他信息。,
Address,地址,
Address & Contact,地址及联系方式,
Address & Contacts,地址及联系方式,
Address Desc,地址倒序,
Address HTML,地址HTML,
Address Line 1,地址行1,
Address Line 2,地址行2,
Address Name,地址名称,
Address and Contact,地址和联系方式,
Address and Contacts,地址和联系方式,
Address used to determine Tax Category in transactions,用于确定交易中税种的地址,
Administrator,管理员,
Advance Account,预支科目,
Advance Amount,预付款总额,
Advance Paid,已支付的预付款,
Advance Payment Date,预付款日期,
Advance Payment Ledger Entry,预付款分类账条目,
Advance Payments,预付款,
Advance Tax,预付税款,
Advance Taxes and Charges,预付税费,
Advance amount,预付款总额,
Advance payments allocated against orders will only be fetched,仅获取分配至订单的预付款项,
Advanced Settings,高级设置,
Advances,进展,
Affected Transactions,受影响交易,
Against,针对,
Against Account,针对的科目,
Against Blanket Order,反对一揽子订单,
Against Delivery Note Item,针对交货单项目,
Against Docname,针对的文档名称,
Against Doctype,针对的文档类型,
Against Document Detail No,针对的对文档信息编号,
Against Document No,针对的文档编号,
Against Expense Account,针对的费用账目,
Against Income Account,针对的收益账目,
Against Sales Invoice,针对的销售费用清单,
Against Sales Invoice Item,针对的销售费用清单项,
Against Sales Order,针对的销售订单,
Against Sales Order Item,针对的销售订单项,
Against Stock Entry,反对库存进入,
Against Voucher,针对的凭证,
Against Voucher No,对应凭证编号,
Against Voucher Type,针对的凭证类型,
Ageing Based On,账龄基于,
Agenda,议程,
Agent Busy Message,代理忙线提示,
Agent Details,代理商详细信息,
Agent Group,代理组,
Agent Unavailable Message,代理不可用提示,
Agents,代理商,
Aggregate a group of Items into another Item. This is useful if you are maintaining the stock of the packed items and not the bundled item,将物料组聚合至另一物料（适用于维护包装件而非组合件的库存）,
Agriculture Manager,农业经理,
Agriculture User,农业用户,
Algorithm,算法,
All,所有,
All Activities,所有活动,
All Activities HTML,所有活动HTML,
All Contact,所有联系人,
All Customer Contact,所有客户联系方式,
All Employee (Active),所有员工（活动）,
All Lead (Open),所有潜在客户（开放）,
All Sales Partner Contact,所有的销售合作伙伴联系人,
All Sales Person,所有的销售人员,
All Sales Transactions can be tagged against multiple Sales Persons so that you can set and monitor targets.,所有销售交易可标记多个销售人员以便设定和监控目标,
All Supplier Contact,所有供应商联系人,
All allocations have been successfully reconciled,所有分配项已成功对账,
All the Comments and Emails will be copied from one document to another newly created document(Lead -> Opportunity -> Quotation) throughout the CRM documents.,在CRM文档流转（线索->商机->报价）过程中，所有评论和邮件将被复制到新创建文档,
Allocate Advances Automatically (FIFO),自动分配进度（FIFO）,
Allocate Payment Based On Payment Terms,根据付款条件分配付款,
Allocated,已分配,
Allocated Amount,已核销金额,
Allocated Entries,已分配分录,
Allocated amount,已核销金额,
Allocation,分配,
Allocations,分配记录,
Allow,允许,
Allow Account Creation Against Child Company,允许针对儿童公司创建帐户,
Allow Alternative Item,允许替代物料,
Allow Continuous Material Consumption,允许持续物料消耗,
Allow Excess Material Transfer,允许超额物料转移,
Allow In Returns,允许退货,
Allow Internal Transfers at Arm's Length Price,允许按公允价格进行内部调拨,
Allow Item To Be Added Multiple Times in a Transaction,允许在事务中多次添加项目,
Allow Item to be Added Multiple Times in a Transaction,允许在交易中多次添加同一物料,
Allow Lead Duplication based on Emails,允许基于邮箱重复创建线索,
Allow Material Transfer from Delivery Note to Sales Invoice,允许物料从交货单转移到销售发票,
Allow Material Transfer from Purchase Receipt to Purchase Invoice,允许从收货到采购发票的物料转移,
Allow Multiple Sales Orders Against a Customer's Purchase Order,允许针对客户的采购订单的多个销售订单,
Allow Negative Stock,允许负库存,
Allow Negative rates for Items,允许物料负单价,
Allow Or Restrict Dimension,允许或限制维度,
Allow Overtime,允许加班,
Allow Partial Reservation,允许部分预留,
Allow Production on Holidays,允许在假日生产,
Allow Purchase,允许采购,
Allow Purchase Invoice Creation Without Purchase Order,允许创建没有采购订单的采购发票,
Allow Purchase Invoice Creation Without Purchase Receipt,允许在没有收货的情况下创建采购发票,
Allow Rename Attribute Value,允许重命名属性值,
Allow Resetting Service Level Agreement,允许重置服务水平协议,
Allow Sales,允许销售,
Allow Sales Invoice Creation Without Delivery Note,允许在没有交货单的情况下创建销售发票,
Allow Sales Invoice Creation Without Sales Order,允许创建无销售订单的销售发票,
Allow Sales Order Creation For Expired Quotation,允许为过期报价创建销售订单,
Allow Stale Exchange Rates,允许使用历史汇率,
Allow User to Edit Discount,允许用户编辑折扣,
Allow User to Edit Price List Rate in Transactions,允许用户编辑交易中的价目表价格,
Allow User to Edit Rate,允许用户编辑单价,
Allow Zero Rate,允许零费率,
Allow Zero Valuation Rate,允许评估价为0,
Allow existing Serial No to be Manufactured/Received again,允许现有序列号重复生产/接收,
Allow material consumptions without immediately manufacturing finished goods against a Work Order,允许工单未完成时进行物料消耗,
Allow multi-currency invoices against single party account ,允许单方账户开具多币种发票,
Allow to Edit Stock UOM Qty for Purchase Documents,允许在采购单据中编辑库存单位数量,
Allow to Edit Stock UOM Qty for Sales Documents,允许在销售单据中编辑库存单位数量,
Allow transferring raw materials even after the Required Quantity is fulfilled,允许在所需数量满足后继续转移原材料,
Allowed,已允许,
Allowed Dimension,允许维度,
Allowed Doctypes,允许单据类型,
Allowed To Transact With,允许与。。。交易,
Allows to keep aside a specific quantity of inventory for a particular order.,允许为特定订单预留指定数量库存,
Alternative Item Code,替代物料代码,
Alternative Item Name,替代物料名称,
Amended From,修订源,
Amount,金额,
Amount (Company Currency),金额（公司货币）,
Amount Difference,金额差异,
Amount Difference with Purchase Invoice,与采购发票的金额差异,
Amount Eligible for Commission,佣金计算基数,
Amount In Figure,量图,
Amount in Account Currency,账户货币金额,
Amount in party's bank account currency,对方银行账户货币金额,
Amount in transaction currency,交易货币金额,
Amounts,金额列表,
An Item Group is a way to classify items based on types.,物料组是基于类型分类物料的层级结构,
Annual Expenses,年度支出,
Annual Income,年收入,
Annual Revenue,年度营收,
Applicable Charges,适用费用,
Applicable Dimension,适用维度,
Applicable For,适用于,
Applicable Holiday List,适用于该员工的假期列表,
Applicable Modules,适用模块,
Applicable On Account,适用账户,
Applicable To (Designation),适用于(职位),
Applicable To (Employee),适用于(员工),
Applicable To (Role),适用于(角色),
Applicable To (User),适用于(用户),
Applicable for Countries,适用于国家,
Applicable for Users,适用于用户,
Applicable for external driver,适用于外部驱动器,
Applicable on Material Request,适用于物料申请,
Applicable on Purchase Order,适用于采购订单,
Applicable on booking actual expenses,适用于预订实际费用,
Applied on each reading.,每次读数时应用,
Applies To,应用于,
Apply Additional Discount On,额外折扣基于,
Apply Discount On,申请折扣,
Apply Discount on Discounted Rate,对折现率应用折扣,
Apply Discount on Rate,应用折扣率,
Apply Multiple Pricing Rules,应用多个定价规则,
Apply On,应用于,
Apply Putaway Rule,应用上架规则,
Apply Recursion Over (As Per Transaction UOM),按交易单位递归应用,
Apply Rule On Brand,在品牌上应用规则,
Apply Rule On Item Code,在物品代码上应用规则,
Apply Rule On Item Group,在项目组上应用规则,
Apply Rule On Other,在其他方面适用规则,
Apply SLA for Resolution Time,应用解决时间的服务级别协议,
Apply TDS,应用源头减税,
Apply Tax Withholding Amount,申请预扣税金额,
Apply Tax Withholding Amount ,应用预扣税额,
Apply restriction on dimension values,对维度值应用限制,
Apply to All Inventory Documents,应用于所有库存单据,
Apply to Document,应用至单据,
Appointment,约定,
Appointment Booking Settings,预约预约设置,
Appointment Booking Slots,预约订位,
Appointment Details,预约详情,
Appointment Duration (In Minutes),预约时间（以分钟为单位）,
Appointment With,预约,
Approving Role (above authorized value),批准角色（上述授权值）,
Approving User  (above authorized value),批准的用户（上述授权值）,
Approximately match the description/party name against parties,近似匹配交易方名称/描述,
Apps,应用,
Area,区,
Area UOM,区基础单位,
As per Stock UOM,按库存的基础单位,
Assembly Items,装配物料,
Asset,资产,
Asset Account,资产科目,
Asset Activity,资产活动,
Asset Capitalization,资产资本化,
Asset Capitalization Asset Item,资产资本化资产项目,
Asset Capitalization Service Item,资产资本化服务项目,
Asset Capitalization Stock Item,资产资本化库存项目,
Asset Category,资产类别,
Asset Category Account,资产类别的科目,
Asset Category Name,资产类别名称,
Asset Depreciation Cost Center,资产折旧成本中心,
Asset Depreciation Details,资产折旧明细,
Asset Depreciation Ledger,资产折旧总帐,
Asset Depreciation Schedule,资产折旧计划,
Asset Depreciations and Balances,资产折旧和余额,
Asset Details,资产信息,
Asset Finance Book,资产资金账簿,
Asset Location,资产位置,
Asset Maintenance,资产维护,
Asset Maintenance Log,资产维护日志,
Asset Maintenance Task,资产维护任务,
Asset Maintenance Team,资产维护团队,
Asset Movement,资产移动,
Asset Movement Item,资产变动项目,
Asset Name,资产名称,
Asset Naming Series,资产名录,
Asset Owner,资产所有者,
Asset Owner Company,资产所有者公司,
Asset Quantity,资产数量,
Asset Received But Not Billed,在途资产科目（已收到，未开票）,
Asset Repair,资产修复,
Asset Repair Consumed Item,资产维修耗用物料,
Asset Settings,资产设置,
Asset Shift Allocation,资产班次分配,
Asset Shift Factor,资产班次系数,
Asset Status,资产状态,
Asset Value,资产值,
Asset Value Adjustment,资产价值调整,
Assets,资产,
Assign To,分配给,
Assign to Name,分配给名称,
Assignment Conditions,分配条件,
"Attach .csv file with two columns, one for the old name and one for the new name",附加.csv文件有两列，一为旧名称，一个用于新名称,
Attach custom Chart of Accounts file,附加自定义会计科目表文件,
Attachment,附件,
Attendance & Leaves,考勤与休假,
Attendance Device ID (Biometric/RF tag ID),考勤设备ID（生物识别/ RF标签ID）,
Attribute,属性,
Attribute Name,属性名称,
Attribute Value,属性值,
Auditor,审计员,
Authorised By,授权人,
Authorization Control,授权控制,
Authorization Rule,授权规则,
Authorized Value,授权值,
Auto Create Assets on Purchase,自动创建购买资产,
Auto Create Exchange Rate Revaluation,自动创建汇率重估,
Auto Create Purchase Receipt,自动创建采购收据,
Auto Create Serial and Batch Bundle For Outward,自动创建出库序列/批次组合,
Auto Create Subcontracting Order,自动创建委外订单,
Auto Created,自动创建,
Auto Created Serial and Batch Bundle,自动创建序列/批次组合,
Auto Creation of Contact,自动创建联系人,
Auto Insert Item Price If Missing,缺失时自动插入物料价格,
Auto Material Request,自动材料需求,
Auto Name,自动命名,
Auto Opt In (For all customers),自动选择（适用于所有客户）,
Auto Reconcile Payments,自动对账付款,
Auto Reconciliation Job Trigger,自动对账任务触发,
Auto Repeat,自动重复,
Auto Repeat Detail,自动重复细节,
Auto Reserve Serial and Batch Nos,自动预留序列/批次号,
Auto Reserve Stock for Sales Order on Purchase,采购时自动为销售订单预留库存,
Auto close Opportunity Replied after the no. of days mentioned above,商机回复后自动关闭（基于上述天数）,
Auto match and set the Party in Bank Transactions,自动匹配并设置银行交易的交易方,
Auto re-order,自动重订货,
Auto write off precision loss while consolidation,合并时自动核销精度差异,
Automatically Add Filtered Item To Cart,自动添加筛选物料至购物车,
Automatically Add Taxes and Charges from Item Tax Template,从项目税模板自动添加税费,
Automatically Create New Batch,自动创建新批,
Automatically Fetch Payment Terms from Order,自动从订单获取付款条件,
Automatically Process Deferred Accounting Entry,自动处理递延会计分录,
Automatically post balancing accounting entry,自动过账平衡会计凭证,
Availability Of Slots,插槽的可用性,
Available Batch Qty at From Warehouse,源仓库可用的批次数量,
Available Batch Qty at Warehouse,仓库中可用的批次数量,
Available Batch Report,可用批次报告,
Available Qty,可用数量,
Available Qty For Consumption,可消耗数量,
Available Qty at Company,公司级可用数量,
Available Qty at Source Warehouse,源仓库可用数量,
Available Qty at Target Warehouse,目标仓库可用数量,
Available Qty at WIP Warehouse,在WIP仓库可用的数量,
Available Qty at Warehouse,库存可用数量,
Available Qty to Reserve,可预留数量,
Available Quantity,可用数量,
Available Stock for Packing Items,库存可用打包物料,
Available-for-use Date,可供使用的日期,
Average Commission Rate,平均佣金率,
Average Discount,平均折扣,
Average Response Time,平均响应时间,
Average time taken by the supplier to deliver,供应商交货时间的平均值,
Avg Rate,平均汇率,
B+,B +,
B-,B-,
BFS,广度优先搜索,
BIN Qty,库位数量,
BOM,BOM,
BOM Comparison Tool,BOM比较工具,
BOM Created,物料清单已创建,
BOM Creator,物料清单创建工具,
BOM Creator Item,物料清单创建项,
BOM Detail No,物料清单信息编号,
BOM Explorer,BOM Explorer,
BOM Explosion Item,BOM展开物料,
BOM Info,物料清单信息,
BOM Item,物料清单项目,
BOM No,物料清单编号,
BOM No. for a Finished Good Item,成品物料的物料清单编号,
BOM Operation,物料清单操作,
BOM Operations Time,BOM操作时间,
BOM Scrap Item,物料清单废料,
BOM Search,物料清单搜索,
BOM Stock Calculated,物料清单库存计算,
BOM Stock Report,物料清单库存报表,
BOM Tree,物料清单树形图,
BOM Update Batch,物料清单批量更新,
BOM Update Log,物料清单更新日志,
BOM Update Tool,物料清单更新工具,
BOM Update Tool Log with job status maintained,带任务状态的物料清单更新工具日志,
BOM Variance Report,物料清单差异报表,
BOM Website Item,物料清单网站项目,
BOM Website Operation,物料清单网站运营,
BOM and Production,物料清单与生产,
BOMs Updated,物料清单已更新,
Backflush Raw Materials Based On,基于..进行原物料倒扣账,
Backflush Raw Materials From Work-in-Progress Warehouse,从在制品库中反冲原料,
Backflush Raw Materials of Subcontract Based On,基于CRM的分包合同反向原材料,
Balance In Account Currency,科目币别余额,
Balance In Base Currency,本币余额,
Balance Qty,结余数量,
Balance Sheet,资产负债表,
Balance Sheet Summary,资产负债表汇总,
Balance Stock Value,库存结存价值,
Balance must be,余额必须是,
Bank,银行,
Bank / Cash Account,银行/现金账户,
Bank A/C No.,银行账号,
Bank Account,银行科目,
Bank Account Details,银行账户明细,
Bank Account Info,银行账户信息,
Bank Account No,银行帐号,
Bank Account Subtype,银行帐户子类型,
Bank Account Type,银行账户类型,
Bank Balance,银行存款余额,
Bank Charges,银行收费,
Bank Charges Account,银行手续费账户,
Bank Clearance,银行清算,
Bank Clearance Detail,银行清算详细信息,
Bank Clearance Summary,银行清帐汇总报表,
Bank Credit Balance,银行信贷余额,
Bank Details,银行明细,
Bank Entry,银行凭证,
Bank Guarantee,银行担保,
Bank Guarantee Number,银行担保编号,
Bank Guarantee Type,银行担保类型,
Bank Name,银行名称,
Bank Reconciliation Statement,银行对帐单,
Bank Reconciliation Tool,银行对账工具,
Bank Statement Import,银行对账单导入,
Bank Transaction,银行交易,
Bank Transaction Mapping,银行交易映射,
Bank Transaction Payments,银行交易付款,
Bank/Cash Account,银行/现金账户,
Banking,银行业,
Barcode,条码,
Barcode Type,条码类型,
Barcodes,条形码,
Base Amount,基本金额,
Base Amount (Company Currency),基本金额（公司币种）,
Base Change Amount (Company Currency),基地涨跌额（公司币种）,
Base Cost Per Unit,单位基准成本,
Base Hour Rate(Company Currency),基数小时率（公司货币）,
Base Rate,基准汇率,
Base Tax Withholding Net Total,代扣税基准净总额,
Base Total Billable Amount,基准可计费总额,
Base Total Billed Amount,基准已开票总额,
Base Total Costing Amount,基准成本总额,
Base URL,基本网址,
Based On,基于,
Based On Payment Terms,根据付款条款,
Based On Price List,根据价目表,
Based On Value,基于价值,
Basic Amount,基本金额,
Basic Amount (Company Currency),基本金额（公司币种）,
Basic Rate (Company Currency),库存评估价（公司货币）,
Basic Rate (as per Stock UOM),库存评估价（按库存计量单位）,
Batch,批次,
Batch Description,批次说明,
Batch Details,批次明细,
Batch ID,批次ID,
Batch Item Expiry Status,物料批号到期状态,
Batch No,批号,
Batch No.,批次号,
Batch Number Series,批号系列,
Batch Quantity,批次数量,
Batch Size,批量大小,
Batch UOM,批量UOM,
Batch and Serial No,批次和序列号,
Batch-Wise Balance History,物料批号结余数量历史记录,
Before reconciliation,在对账前,
Begin On (Days),开始（天）,
Beginning of the current subscription period,当前订阅周期开始,
Bill Date,账单日期,
Bill No,账单编号,
Bill for Rejected Quantity in Purchase Invoice,采购发票中拒收数量计费,
Billed,已开票,
Billed Amount,已开票金额,
Billed Amt,已开票金额,
Billed Items To Be Received,已开票待收货项,
"Billed, Received & Returned",已开票、已收货和已退回,
Billing Address,帐单地址,
Billing Address Details,账单地址详情,
Billing Address Name,帐单地址名称,
Billing Amount,开票金额,
Billing City,结算城市,
Billing Country,结算国家,
Billing County,开票县,
Billing Currency,结算货币,
Billing Details,开票（帐单）信息,
Billing Email,帐单电邮,
Billing Hours,计入账单的小时,
Billing Interval,计费间隔,
Billing Interval Count,计费间隔计数,
Billing Rate,结算利率,
Billing State,计费状态,
Billing Status,账单状态,
Billing Zipcode,计费邮编,
Bin,储位,
Bio / Cover Letter,履历/求职信,
Bisect Accounting Statements,会计凭证分割,
Bisect Nodes,分割节点,
Bisecting From,分割起始,
Bisecting To,分割结束,
Blanket Order,总括订单,
Blanket Order Allowance (%),总括订单限额(%),
Blanket Order Item,总括订单项目,
Blanket Order Rate,总括订单单价,
Block Supplier,块供应商,
Blog Subscriber,博客订阅者,
Blood Group,血型,
Blue,蓝色,
Body,身体,
Body Text,主体,
Body and Closing Text Help,正文和结束语帮助,
Bom No,物料清单编号,
Book Advance Payments in Separate Party Account,在单独交易方账户记录预付款,
Book Asset Depreciation Entry Automatically,自动生成固定资产折旧凭证,
Book Deferred Entries Based On,基于的图书递延分录,
Book Deferred Entries Via Journal Entry,通过日记帐分录递延分录,
Book Tax Loss on Early Payment Discount,记录提前付款折扣的税务损失,
Booked,已预订,
Booked Fixed Asset,预订的固定资产,
Both,都,
Branch,分支机构（分公司）,
Branch Code,分行代码,
Brand,品牌,
Brand Defaults,品牌默认值,
Brand Name,品牌名称,
Breakdown,细目,
Budget,预算,
Budget Account,预算科目,
Budget Accounts,预算科目,
Budget Against,预算对象,
Budget Amount,预算额,
Budget Detail,预算信息,
Budget Variance Report,预算差异报表,
Bulk Transaction Log,批量交易日志,
Bulk Transaction Log Detail,批量交易日志明细,
Bundle Items,组合物料,
Busy,忙,
Buyer of Goods and Services.,产品和服务采购者。,
Buying,采购,
Buying & Selling Settings,采购与销售设置,
Buying Settings,采购设置,
Buying and Selling,采购与销售,
Bypass Credit Limit Check at Sales Order,不在销售订单做信用额度检查,
CC,抄送,
CC To,抄送,
CODE-39,CODE-39条码,
COGS By Item Group,按物料组统计销售成本,
CRM,CRM,
CRM Note,CRM备注,
CRM Settings,CRM设置,
CRM-LEAD-.YYYY.-,CRM-LEAD-.YYYY.-,
CRM-OPP-.YYYY.-,CRM-OPP-.YYYY.-,
CUST-.YYYY.-,CUST-.YYYY.-,
Calculate Based On,基于...的计算,
Calculate Depreciation,计算折旧,
Calculate Estimated Arrival Times,计算预计到达时间,
Calculate Product Bundle Price based on Child Items' Rates,根据子项单价计算产品组合价格,
Calculate daily depreciation using total days in depreciation period,按折旧期总天数计算日折旧额,
Calculations,计算,
Calendar Event,日历活动,
Calibration,校准,
Call Details,通话详情,
Call Duration in seconds,呼叫持续时间（秒）,
Call Handling Schedule,通话处理安排,
Call Log,通话记录,
Call Received By,接听人,
Call Receiving Device,接听设备,
Call Routing,呼叫路由,
Call Summary,呼叫摘要,
Call Type,通话类型,
Campaign,促销活动,
Campaign Efficiency,促销活动效率,
Campaign Email Schedule,Campaign电子邮件计划,
Campaign Item,活动项,
Campaign Name,活动名称,
Campaign Naming By,活动命名：,
Campaign Schedules,活动时间表,
Cancel At End Of Period,在期末取消,
Cancel Subscription After Grace Period,宽限期后取消订阅,
Cancelation Date,取消日期,
Canceled,取消,
Cancelled,取消,
Canonical URI,规范URI,
Capacity,容量,
Capacity Planning,容量规划,
Capacity Planning For (Days),容量规划的期限（天）,
Capacity in Stock UOM,产能（库存单位）,
Capital Work In Progress Account,在途资本科目,
Capital Work in Progress,在途资本,
Capitalization Method,资本化方法,
Capitalize Repair Cost,资本化维修成本,
Capitalized,已资本化,
Cards,牌,
Carrier,承运商,
Carrier Service,承运服务,
Carry Forward Communication and Comments,结转沟通记录与注释,
Cash,现金,
Cash Entry,现金分录,
Cash Flow,现金流量表,
Cash/Bank Account,现金/银行科目,
Cashier,出纳员,
Cashier Closing,收银员关闭,
Cashier Closing Payments,收银员结算付款,
Catch All,抓住一切,
Category,类别,
Category Details,类别明细,
Category Name,分类名称,
Cellphone Number,手机号码,
Certificate,证书,
Certificate Details,证书详细信息,
Certificate Limit,证书限制,
Certificate No,证书号码,
Certificate Required,证书要求,
Change Amount,找零,
Change in Stock Value,库存价值变动,
Change this date manually to setup the next synchronization start date,手动更改此日期以设置下一个同步开始日期,
Changes,变更记录,
Channel Partner,渠道合作伙伴,
Chargeable,可记账的,
Charges Incurred,产生的费用,
Chart Of Accounts,会计科目表,
Chart Of Accounts Template,科目表模板,
Chart Preview,图表预览,
Chart Tree,图表树,
Chart of Accounts,会计科目表,
Chart of Accounts Importer,会计科目表,
Chassis No,底盘号,
Chat,聊天,
Check Supplier Invoice Number Uniqueness,检查供应商费用清单编号唯一性,
Check if Asset requires Preventive Maintenance or Calibration,检查资产是否需要预防性维护或校准,
Check if it is a hydroponic unit,检查它是否是水培单位,
Check if material transfer entry is not required,检查是否不需要材料转移条目,
Check in (group),检查（组）,
Check this to disallow fractions. (for Nos),要对编号禁止分数，请勾选此项。,
Checked On,检查时间,
Checking this will round off the tax amount to the nearest integer,勾选后将四舍五入税额至整数,
Cheque,支票,
Cheque Date,支票日期,
Cheque Height,支票高度,
Cheque Number,支票号码,
Cheque Print Template,支票打印模板,
Cheque Size,支票大小,
Cheque Width,支票宽度,
Cheque/Reference Date,支票/参考日期,
Cheque/Reference No,支票/参考编号,
Cheques and Deposits Incorrectly cleared,支票与存款错误核销,
Child Docname,儿童医生名称,
Child Row Reference,子行引用,
Choose a WIP composite asset,选择在制品复合资产,
City,城市,
Class / Percentage,类/百分比,
Classification of Customers by region,客户按区域分类,
Clauses and Conditions,条款和条件,
Clear Notifications,清空通知,
Clear Table,清除表格,
Clearance Date,清帐日期,
Click on Import Invoices button once the zip file has been attached to the document. Any errors related to processing will be shown in the Error Log.,将zip文件附加到文档后，单击“导入发票”按钮。与处理相关的任何错误将显示在错误日志中。,
Client,客户,
Close Issue After Days,关闭问题天后,
Close Replied Opportunity After Days,商机回复后关闭天数,
Closed,已关闭,
Closed Document,已关闭文件,
Closed Documents,已关闭的文件,
Closing,正在关闭,
Closing Account Head,结算科目,
Closing Amount,结算金额,
Closing Balance,结算余额,
Closing Date,结算日期,
Closing Text,结束语,
Code,代码,
Code List,编码列表,
Collect Progress,收集进度,
Collection Factor (=1 LP),收集因子（= 1 LP）,
Collection Rules,收集规则,
Collection Tier,收集层,
Color,颜色,
Column in Bank File,银行文件中的列,
Comments,评论,
Commission,佣金,
Commission Rate,佣金率,
Commission Rate (%),佣金率（％）,
Common Code,通用编码,
Communication,通讯,
Communication Channel,沟通渠道,
Communication Medium,通信介质,
Communication Medium Timeslot,通信媒体时隙,
Communication Medium Type,通信媒体类型,
Companies,企业,
Company,公司,
Company Account,公司帐号,
Company Address,公司地址,
Company Address Display,公司地址显示格式,
Company Address Name,公司地址名称,
Company Bank Account,公司银行账户,
Company Billing Address,公司账单地址,
Company Contact Person,公司联系人,
Company Description,公司介绍,
Company Description for website homepage,在网站的首页公司介绍,
Company Details,公司详情,
Company Email,企业邮箱,
Company Logo,公司标志,
Company Name,公司名称,
Company Shipping Address,公司发货地址,
Company Tagline for website homepage,公司标语的网站主页,
Company Tax ID,公司税号,
Company registration numbers for your reference. Tax numbers etc.,公司注册号码，供大家参考。税务号码等,
Company which internal customer represents,内部客户所属公司,
Company which internal customer represents.,内部客户所属公司,
Company which internal supplier represents,内部供应商所属公司,
Competitor,竞争对手,
Competitor Detail,竞争对手详情,
Competitor Name,竞争对手名称,
Competitors,竞争对手列表,
Complete,完成,
Completed,已完成,
Completed By,由...完成,
Completed On,完成日期,
Completed Qty,已完成数量,
Completed Time,完成时间,
Completed Work Orders,完成的工单,
Completion By,完成方式,
Completion Date,完成日期,
Completion Status,完成状态,
Comprehensive Insurance,综合保险,
Computer,电脑,
Condition,条件,
Conditional Rule,条件规则,
Conditional Rule Examples,条件规则示例,
Conditions will be applied on all the selected items combined. ,条件将适用于所有选定项目的组合。,
Configuration,组态,
Configure the action to stop the transaction or just warn if the same rate is not maintained.,配置当费率不一致时的操作：终止交易或仅警告,
Confirmation Date,确认日期,
Connections,连接,
Consider Entire Party Ledger Amount,考虑交易方总账金额,
Consider Minimum Order Qty,考虑最小订单量,
Consider Rejected Warehouses,考虑拒收仓库,
Consider Tax or Charge for,用途,
Considered In Paid Amount,计入实付金额,
Consolidate Sales Order Items,合并销售订单项,
Consolidate Sub Assembly Items,合并子装配项,
Consolidated,合并,
Consolidated Credit Note,合并贷方通知单,
Consolidated Financial Statement,合并财务报表,
Consolidated Sales Invoice,合并销售发票,
Consultant,顾问,
Consumable Cost,耗材成本,
Consumed,已消耗,
Consumed Asset Total Value,消耗资产总值,
Consumed Assets,消耗资产,
Consumed Items,消耗品,
Consumed Qty,已消耗数量,
Consumed Quantity,消耗数量,
Consumed Stock Items,消耗库存物料,
Consumed Stock Total Value,消耗库存总价值,
Contact,联系人,
Contact Desc,联系人倒序,
Contact Email,联络人电邮,
Contact HTML,联系HTML,
Contact Info,联系方式,
Contact Information,联系信息,
Contact List,联系人列表,
Contact Mobile,联系人手机,
Contact Mobile No,联系人手机号码,
Contact Name,联系人姓名,
Contact No.,联络人电话,
Contact Person,联络人,
Contacts,联系人,
Content,内容,
Content Type,内容类型,
Contra Entry,对销分录,
Contract,合同,
Contract Details,合同细节,
Contract End Date,合同结束日期,
Contract Fulfilment Checklist,合同履行清单,
Contract Period,合同期,
Contract Template,合同模板,
Contract Template Fulfilment Terms,合同模板履行条款,
Contract Template Help,合同模板帮助,
Contract Terms,合同条款,
Contract Terms and Conditions,合同条款和条件,
Contribution (%),贡献（％）,
Contribution to Net Total,贡献净总计,
Control Action,控制行动,
Control Historical Stock Transactions,控制历史库存交易,
Conversion Factor,转换系数,
Conversion Rate,转换率,
Convert Item Description to Clean HTML in Transactions,在交易中将物料描述转换为纯净HTML,
Converted,已转换,
Copied From,复制自,
Copy Fields to Variant,将字段复制到变量,
Corrective,纠正的,
Corrective Action,纠正措施,
Corrective Operation,纠正性工序,
Corrective Operation Cost,纠正性工序成本,
Corrective/Preventive,纠正/预防,
Cost,成本,
Cost Center,成本中心,
Cost Center Allocation,成本中心分配,
Cost Center Allocation Percentage,成本中心分配百分比,
Cost Center Allocation Percentages,成本中心分配比例,
Cost Center Name,成本中心名称,
Cost Center Number,成本中心编号,
Cost Configuration,成本配置,
Cost Per Unit,单位成本,
Cost of Goods Sold,销货成本,
Cost of Poor Quality Report,劣质成本报告,
Cost to Company (CTC),公司成本（CTC）,
Costing,成本核算,
Costing Amount,成本核算金额,
Costing Details,成本核算明细,
Costing Rate,成本率,
Costing and Billing,成本核算和计费,
Count,计数,
Country,国家,
Country of Origin,原产地,
Coupon Code,优惠券代码,
Coupon Code Based,基于优惠券代码,
Coupon Description,优惠券说明,
Coupon Name,优惠券名称,
Coupon Type,优惠券类型,
Create Chart Of Accounts Based On,基于...创建科目表,
Create Grouped Asset,创建组合资产,
Create Job Card based on Batch Size,按批次大小创建作业卡,
Create Ledger Entries for Change Amount,创建差额总账分录,
Create Missing Party,创建丢失的单位,
Create Receiver List,创建接收人列表,
Create User,创建用户,
Create User Permission,创建用户权限,
Create a new composite asset,新建组合资产,
Create in Draft Status,以草稿状态创建,
Create missing customer or supplier.,创建已丢失的客户或供应商,
Creation Document No,创建文档编号,
Credit,贷方,
Credit Amount,信贷金额,
Credit Amount in Account Currency,科目币别贷方金额,
Credit Amount in Transaction Currency,交易货币贷方金额,
Credit Card Entry,信用卡分录,
Credit Days,信用期,
Credit Limit,信用额度,
Credit Limit Settings,信用额度设置,
Credit Limit and Payment Terms,信用额度和付款条款,
Credit Limits,信用额度,
Credit Months,信贷月份,
Credit Note,换货凭单,
Credit Note Issued,换货凭单已发出,
"Credit Note will update it's own outstanding amount, even if 'Return Against' is specified.",即使指定'退货依据'，贷项凭证仍将更新自身未清金额,
Credit To,贷记,
Credit in Company Currency,基于公司本货的信用额度,
Criteria,标准,
Criteria Formula,标准配方,
Criteria Name,标准名称,
Criteria Setup,条件设置,
Criteria Weight,标准重量,
Cross Listing of Item in multiple groups,多个群组物料交叉显示,
Cumulative Transaction Threshold,累积交易阈值,
Currency,货币,
Currency Exchange,外币汇率,
Currency Exchange Settings,外币汇率设置,
Currency Exchange Settings Details,货币兑换设置明细,
Currency Exchange Settings Result,货币兑换设置结果,
Currency and Price List,货币和价格清单,
Current Address,当前地址,
Current Address Is,当前地址性质,
Current Amount,电流量,
Current Asset,流动资产,
Current Asset Value,流动资产价值,
Current BOM,当前BOM,
Current Exchange Rate,当前汇率,
Current Index,当前索引,
Current Invoice End Date,当前费用清单结束日期,
Current Invoice Start Date,当前费用清单开始日期,
Current Level,当前层级,
Current Liability,流动负债,
Current Node,当前节点,
Current Qty,目前数量,
Current Serial / Batch Bundle,当前序列/批次包,
Current Serial No,目前的序列号,
Current State,当前状态,
Current Stock,当前库存,
Current Time,当前时间,
Current Valuation Rate,当前评估价,
Custodian,保管人,
Custody,保管,
Custom,自定义,
Custom HTML,自定义HTML,
Custom Remarks,自订备注,
Custom delimiters,自定义分隔符,
Custom?,自定义？,
Customer,客户,
Customer ,客户,
Customer / Item / Item Group,客户/物料/物料组,
Customer / Lead Address,客户/潜在客户地址,
Customer Acquisition and Loyalty,客户获得和忠诚度,
Customer Address,客户地址,
Customer Code,客户代码,
Customer Contact,客户联系,
Customer Contact Email,客户联系电子邮件,
Customer Credit Balance,客户贷方余额,
Customer Credit Limit,客户信用额度,
Customer Defaults,客户默认值,
Customer Details,客户详细信息,
Customer Feedback,客户反馈,
Customer Group,客户群组,
Customer Group Item,客户组物料,
Customer Group Name,客户群组名称,
Customer Groups,客户群,
Customer Item,客户物料,
Customer Items,客户物料,
Customer Ledger Summary,客户分类帐摘要,
Customer Mobile No,客户手机号码,
Customer Name,客户名称,
Customer Naming By,客户命名方式,
Customer PO Details,客户PO详细信息,
Customer POS id,客户POS ID,
Customer Portal Users,客户门户用户,
Customer Primary Address,客户主要地址,
Customer Primary Contact,客户主要联系人,
Customer Provided,由客户提供,
Customer Territory,客户地区,
Customer Type,客户类型,
Customer Warehouse (Optional),客户仓库（可选）,
Customer or Item,客户或物料,
Customer's Item Code,客户的物料代码,
Customer's Purchase Order,客户采购订单,
Customer's Purchase Order Date,客户的采购订单日期,
Customer's Purchase Order No,客户的采购订单号,
Customer-wise Item Price,客户明智的物品价格,
Customers,顾客,
Customers Without Any Sales Transactions,没有任何销售交易的客户,
Customerwise Discount,客户折扣,
Customs Tariff Number,海关税则号,
DT-,DT-,
DUNN-.MM.-.YY.-,邓恩-.MM .-。YY.-,
Daily,每日,
Daily Time to send,每日发送时间,
Daily Timesheet Summary,每日工时单摘要,
Dashboard,仪表板,
Data Import Configuration,数据导入配置,
Date,日期,
Date ,日期,
Date Of Retirement,退休日期,
Date Settings,日期设定,
Date of Birth,出生日期,
Date of Commencement,开始日期,
Date of Establishment,成立时间,
Date of Incorporation,注册成立日期,
Date of Issue,签发日期,
Date of Joining,入职日期,
Dates,日期,
Day,天,
Day Of Week,星期几,
Day of Week,星期几,
Day to Send,发送日,
Day(s) after invoice date,费用清单日期后的天数,
Day(s) after the end of the invoice month,费用清单月份结束后的一天,
Days,天,
Days Until Due,天至期限,
Days before the current subscription period,当前订阅周期前天数,
DeLinked,解除关联,
Deal Owner,交易负责人,
Debit,借方,
Debit Amount,借方金额,
Debit Amount in Account Currency,科目币别借方金额,
Debit Amount in Transaction Currency,交易货币借方金额,
Debit Note,借项通知单,
Debit Note Issued,借项通知已发送,
"Debit Note will update it's own outstanding amount, even if 'Return Against' is specified.",即使指定'退货依据'，借项凭证仍将更新自身未清金额,
Debit To,科目（应收帐款）,
Debit in Company Currency,借记卡在公司货币,
Debit to,借给,
Debit-Credit Mismatch,借贷不平,
Debit-Credit mismatch,借贷不平,
Deduct,扣除,
Deductee Details,受扣人详细信息,
Deductions or Loss,扣除或损失,
Default,默认,
Default Account,默认科目,
Default Accounts,默认账户,
Default Advance Account,默认预付款科目,
Default Advance Paid Account,默认预付账款科目,
Default Advance Received Account,默认预收账款科目,
Default BOM,默认的BOM,
Default Bank Account,默认银行科目,
Default Billing Rate,默认开票单价,
Default Buying Cost Center,默认采购成本中心,
Default Buying Price List,默认采购价格清单,
Default Buying Terms,默认购买条款,
Default Cash Account,默认现金科目,
Default Common Code,默认通用代码,
Default Company,默认公司,
Default Company Bank Account,默认公司银行帐户,
Default Cost Center,默认成本中心,
Default Cost of Goods Sold Account,默认销货成本科目,
Default Costing Rate,默认成本核算率,
Default Currency,默认货币,
Default Customer Group,默认客户群组,
Default Deferred Expense Account,默认递延费用帐户,
Default Deferred Revenue Account,默认递延收入科目,
Default Dimension,默认尺寸,
Default Discount Account,默认折扣科目,
Default Distance Unit,默认距离单位,
Default Expense Account,默认费用科目,
Default Finance Book,默认账簿,
Default Finished Goods Warehouse,默认成品仓库,
Default Holiday List,默认假期列表,
Default In-Transit Warehouse,默认在途仓库,
Default Income Account,默认收入科目,
Default Inventory Account,默认存货科目,
Default Item Group,默认物料群组,
Default Item Manufacturer,默认项目制造商,
Default Letter Head,默认信头,
Default Manufacturer Part No,默认制造商零件号,
Default Material Request Type,默认物料申请类型,
Default Operating Cost Account,默认运营成本科目,
Default Payable Account,默认应付科目,
Default Payment Discount Account,默认付款折扣科目,
Default Payment Request Message,默认的付款申请消息,
Default Payment Terms Template,默认付款条款模板,
Default Price List,默认价格清单,
Default Priority,默认优先级,
Default Provisional Account,默认暂记科目,
Default Purchase Unit of Measure,默认采购单位,
Default Quotation Validity Days,默认报价有效天数,
Default Receivable Account,默认应收科目,
Default Sales Unit of Measure,默认销售单位,
Default Scrap Warehouse,默认废料仓库,
Default Selling Cost Center,默认销售成本中心,
Default Selling Terms,默认销售条款,
Default Service Level Agreement,默认服务水平协议,
Default Source Warehouse,默认源仓库,
Default Stock UOM,默认库存计量单位,
Default Supplier,默认供应商,
Default Supplier Group,默认供应商组,
Default Target Warehouse,默认目标仓库,
Default Territory,默认地区,
Default Unit of Measure,默认计量单位,
Default Valuation Method,默认估值方法,
Default Value,默认值,
Default Warehouse,默认仓库,
Default Warehouse for Sales Return,默认退货仓库,
Default Warehouses for Production,默认生产仓库,
Default Work In Progress Warehouse,默认运行中的仓库,
Default Workstation,默认工作台,
Default account will be automatically updated in POS Invoice when this mode is selected.,选择此模式后，默认科目将在POS费用清单中自动更新。,
Default settings for your stock-related transactions,库存相关交易的默认设置,
Default: 10 mins,默认值：10分钟,
Defaults,默认,
Deferred Accounting,递延会计,
Deferred Accounting Defaults,递延会计默认值,
Deferred Accounting Settings,递延会计设置,
Deferred Expense,递延费用,
Deferred Expense Account,递延费用帐户,
Deferred Revenue,递延收入,
Deferred Revenue Account,递延收入科目,
Deferred Revenue and Expense,递延收入与费用,
Delay between Delivery Stops,交货停止之间的延迟,
Delayed Item Report,延迟物品报告,
Delayed Order Report,延迟订单报告,
Delayed Tasks Summary,延迟任务汇总,
Delete Accounting and Stock Ledger Entries on deletion of Transaction,删除交易时同步删除会计与库存分类账分录,
Delete Bins,删除库位,
Delete Cancelled Ledger Entries,删除已取消的分类账分录,
Delete Leads and Addresses,删除销售线索与地址,
Delete Transactions,删除交易,
Delimiter options,分隔符选项,
Delivered,已交付,
Delivered By Supplier,交付供应商,
Delivered Items To Be Billed,待开费用清单已出货物料,
Delivered Qty,已交付数量,
Delivered by Supplier (Drop Ship),由供应商交货（直接发运）,
Delivery,交货,
Delivery Date,交货日期,
Delivery Details,交货细节,
Delivery Manager,交付经理,
Delivery Note,销售出货,
Delivery Note Item,销售出货单项,
Delivery Note No,销售出货单编号,
Delivery Note Packed Item,交货单打包物料,
Delivery Note Trends,销售出货趋势,
Delivery Settings,交货设置,
Delivery Status,交货状态,
Delivery Stop,交付停止,
Delivery Stops,交货站点,
Delivery To,交货对象,
Delivery Trip,销售出货配送路线安排,
Delivery User,交付用户,
Delivery Warehouse,交货仓库,
Delivery to,交付至,
Demo Company,演示公司,
Department,部门,
Departure Time,出发时间,
Dependant SLE Voucher Detail No,依赖库存分类账凭证明细编号,
Dependencies,依赖,
Dependent Task,相关任务,
Dependent Tasks,相关任务,
Depends on Tasks,前置任务,
Deposit,保证金,
Depreciate based on daily pro-rata,按日比例计提折旧,
Depreciate based on shifts,按班次计提折旧,
Depreciation,折旧,
Depreciation Amount,折旧额,
Depreciation Details,折旧明细,
Depreciation Entry,折旧分录,
Depreciation Entry Posting Status,折旧分录过账状态,
Depreciation Expense Account,折旧费用科目,
Depreciation Method,折旧方法,
Depreciation Options,折旧选项,
Depreciation Posting Date,折旧过帐日期,
Depreciation Schedule,折旧计划,
Depreciation Schedule View,折旧计划表视图,
Description,描述,
Description of Content,内容描述,
Designation,职位,
Desk User,桌面用户,
Detailed Reason,详细原因,
Details,详细信息,
Determine Address Tax Category From,确定地址税类别,
Diesel,柴油机,
Difference,区别,
Difference (Dr - Cr),差异(借方-贷方),
Difference Account,差异科目,
Difference Amount,差额,
Difference Amount (Company Currency),差异金额（公司币种）,
Difference Posting Date,差额过账日期,
Dimension Defaults,尺寸默认值,
Dimension Details,维度明细,
Dimension Filter Help,维度筛选帮助,
Dimension Name,尺寸名称,
Dimension-wise Accounts Balance Report,分维度科目余额表,
Dimensions,维度,
Direct Expense,直接费用,
Direct Income,直接收益,
Disable,禁用,
Disable Capacity Planning,禁用容量规划,
Disable In Words,禁用词,
Disable Last Purchase Rate,禁用上次采购价,
Disable Rounded Total,禁用圆整后金额,
Disable Serial No And Batch Selector,禁用序列号与批次选择器,
Disable auto setting Grand Total to default Payment Mode,禁用自动将总计设为默认付款方式,
Disabled,禁用,
Disables auto-fetching of existing quantity,禁用自动获取现有数量,
Disassemble,拆解,
Disbursed,支付,
Discount,折扣,
Discount (%) on Price List Rate with Margin,价格上涨率与贴现率的折扣（％）,
Discount Account,折扣科目,
Discount Amount,折扣金额,
Discount Date,折扣日期,
Discount Percentage,折扣百分比,
Discount Settings,折扣设置,
Discount Type,折扣类型,
Discount Validity,折扣有效期,
Discount Validity Based On,折扣有效期依据,
Discount and Margin,折扣与边际利润,
Discount on Other Item,其他物品的折扣,
Discount on Price List Rate (%),基于价格清单价格的折扣（％）,
Discounted Amount,折后金额,
Discounted Invoice,特价发票,
Discounts,折扣,
"Discounts to be applied in sequential ranges like buy 1 get 1, buy 2 get 2, buy 3 get 3 and so on",按顺序范围应用折扣，如买1送1、买2送2等,
Discrepancy between General and Payment Ledger,总账与付款分类账差异,
Dislikes,不喜欢,
Dispatch Address,派送地址,
Dispatch Address Name,派送地址名称,
Dispatch Information,发货信息,
Dispatch Notification Attachment,发货通知附件,
Dispatch Notification Template,派遣通知模板,
Dispatch Settings,发货设置,
Disposal Date,处置日期,
Distance,距离,
Distance UOM,距离UOM,
Distance from left edge,从左侧边缘的距离,
Distance from top edge,从顶边的距离,
Distinct Item and Warehouse,唯一物料与仓库,
Distinct unit of an Item,物料的不同的计量单位,
Distribute Additional Costs Based On ,附加费用分摊依据,
Distribute Charges Based On,费用分配基于,
Distribute Manually,手动分配,
Distribution Name,分配名称,
Divorced,离异,
Do Not Contact,请勿打扰,
Do Not Explode,不展开,
Do Not Update Serial / Batch on Creation of Auto Bundle,创建自动捆绑时不更新序列/批次,
Do Not Use Batch-wise Valuation,不启用分批次计价,
Do not show any symbol like $ etc next to currencies.,不要在货币旁显示货币代号，例如$等。,
Do not update variants on save,不要在保存时更新变体,
DocField,文档字段,
DocType,DocType,
Doctype,文档类型,
Document Name,文档名称,
Document Type,文档类型,
Document Type ,文件类型,
Documents,文档,
Documents Processed on each trigger. Queue Size should be between 5 and 100,每次触发处理的文档数。队列大小应为5至100,
Domain,领域,
Don't Enforce Free Item Qty,不强制赠品数量,
Don't Reserve Sales Order Qty on Sales Return,销售退货时不预留销售订单数量,
Don't Send Emails,不发送邮件,
Done,DONE,
Dont Recompute tax,不重新计算税款,
Doors,门,
Double Declining Balance,双倍余额递减,
Download Required Materials,下载所需资料,
Download Template,下载模板,
Downtime,停工期,
Downtime Analysis,停机时间分析,
Downtime Entry,停机时间输入,
Downtime Reason,停机原因,
Draft,草案,
Driver,司机,
Driver Address,司机地址,
Driver Email,司机电邮,
Driver Name,司机姓名,
Driver licence class,驾驶执照等级,
Driving License Categories,驾驶执照类别,
Driving License Category,驾驶执照类别,
Drop Ship,由供应商交货（直接发运）,
Due Date,到期日,
Due Date Based On,到期日基于,
Dunning,催款,
Dunning Amount,催款金额,
Dunning Amount (Company Currency),催款金额（公司货币）,
Dunning Fee,催款费,
Dunning Letter,催款信,
Dunning Letter Text,催款信文字,
Dunning Level,催款级别,
Dunning Type,催款类型,
Duration,持续时间,
Duration (Days),持续时间（天）,
Dynamic Condition,动态条件,
EAN,EAN,
ERPNext Integrations,ERPNext集成,
ERPNext User ID,ERPNext用户ID,
Each Transaction,每笔交易,
Edit Posting Date and Time,修改记帐日期与时间,
Education,教育,
Educational Qualification,学历,
Electric,电动,
Electricity Cost,电力成本,
Electricity down,断电,
Electronic Invoice Register,电子发票登记,
Email,电子邮件,
Email Account,邮件帐户,
Email Address,电子邮箱,
Email Campaign,电邮广告系列,
Email Campaign For ,电子邮件活动,
Email Details,电子邮件详细资料,
Email Digest,邮件摘要,
Email Digest Recipient,邮件摘要接收人,
Email Digest Settings,邮件摘要设置,
Email Group,电子邮件组,
Email Id,电子邮件ID,
Email Sent,邮件已发送,
Email Settings,邮件设置,
Email Template,电子邮件模板,
Email sent to,电子邮件发送给,
Emergency Contact,紧急联络人,
Emergency Contact Name,紧急联络名字,
Emergency Phone,紧急电话,
Employee,员工,
Employee ,员工,
Employee Advance,员工预支,
Employee Billing Summary,员工账单摘要,
Employee Detail,员工详细信息,
Employee Education,员工教育,
Employee External Work History,员工外部就职经历,
Employee Group,员工组,
Employee Group Table,员工组表,
Employee Internal Work History,员工内部就职经历,
Employee Name,员工姓名,
Employee Number,员工编号,
Employee User Id,员工用户ID,
Enable Appointment Scheduling,启用约会计划,
Enable Auto Email,启用自动电子邮件,
Enable Automatic Party Matching,启用自动交易方匹配,
Enable Capital Work in Progress Accounting,启用资本在建会计,
Enable Common Party Accounting,启用共同交易方核算,
Enable Deferred Expense,启用延期费用,
Enable Deferred Revenue,启用延期收入,
Enable Discount Accounting for Selling,启用销售折扣核算,
Enable European Access,启用欧洲访问,
Enable Fuzzy Matching,启用模糊匹配,
Enable Health Monitor,启用健康监控,
Enable Immutable Ledger,启用不可变分类账,
Enable Perpetual Inventory,启用永续库存功能（每次库存移动实时生成会计凭证）,
Enable Provisional Accounting For Non Stock Items,对非库存物料启用暂记核算,
Enable Stock Reservation,启用库存预留,
Enable YouTube Tracking,启用YouTube跟踪,
Enable it if users want to consider rejected materials to dispatch.,若需考虑拒收物料进行派送，请启用此选项,
Enable this checkbox even if you want to set the zero priority,即使设置零优先级也需勾选此复选框,
"Enable this option to calculate daily depreciation by considering the total number of days in the entire depreciation period, (including leap years) while using daily pro-rata based depreciation",启用此选项将通过考虑整个折旧期间总天数（含闰年）来计算每日折旧，基于按日比例折旧法,
Enabled,已启用,
Enabling this ensures each Purchase Invoice has a unique value in Supplier Invoice No. field within a particular fiscal year,启用此选项确保每个会计年度内供应商发票号的唯一性,
Enabling this option will allow you to record - <br><br> 1. Advances Received in a <b>Liability Account</b> instead of the <b>Asset Account</b><br><br>2. Advances Paid in an <b>Asset Account</b> instead of the <b> Liability Account</b>,启用此选项将允许：<br><br>1. 将预收款记入<b>负债账户</b>而非资产账户<br><br>2. 将预付款记入<b>资产账户</b>而非负债账户,
Enabling this will allow creation of multi-currency invoices against single party account in company currency,启用后允许以公司货币为单一交易方创建多币种发票,
Encashment Date,折现日期,
End Date,结束日期,
End Time,结束时间,
End date of current invoice's period,当前费用清单周期的结束日期,
End of Life,寿命结束,
End of the current subscription period,当前订阅周期结束,
Enough Parts to Build,足够的配件组装,
Ensure Delivery Based on Produced Serial No,确保基于生产的序列号的交货,
Enter name of campaign if source of enquiry is campaign,如果询价的来源是活动的话请输入活动名称。,
Entity,实体,
Entity Type,实体类型,
Entry Type,凭证类型,
Equity,权益,
Equity/Liability Account,权益/负债科目,
Error,错误,
Error Description,错误说明,
Error Log,错误日志,
Error Message,错误信息,
Errors Notification,错误通知,
Estimated Arrival,预计抵达时间,
Estimated Cost,估计成本,
Estimated Time and Cost,预计时间和成本,
Evaluation Period,评估期,
Event,事件,
Example URL,示例URL,
"Example: ABCD.#####
If series is set and Serial No is not mentioned in transactions, then automatic serial number will be created based on this series. If you always want to explicitly mention Serial Nos for this item. leave this blank.","例如：ABCD.#####
如果设置了系列，但交易中未提及序列号，则将根据此系列自动创建序列号。如果您始终想明确提及此项目的序列号，请将此处留空。",
"Example: ABCD.#####. If series is set and Batch No is not mentioned in transactions, then automatic batch number will be created based on this series. If you always want to explicitly mention Batch No for this item, leave this blank. Note: this setting will take priority over the Naming Series Prefix in Stock Settings.",例如：ABCD。#####。如果系列已设置且交易中未输入批号，则将根据此系列创建自动批号。如果您始终想要明确提及此料品的批号，请将此留为空白。注意：此设置将优先于库存设置中的名录前缀。,
Exception Budget Approver Role,例外预算审批人角色,
Excessive machine set up time,机器设置时间过多,
Exchange Gain / Loss,汇兑损益,
Exchange Gain / Loss Account,汇兑损益科目,
Exchange Gain Or Loss,汇兑损益,
Exchange Gain/Loss,汇兑损益,
Exchange Rate,汇率,
Exchange Rate Revaluation,汇率重估,
Exchange Rate Revaluation Account,汇率重估科目,
Exchange Rate Revaluation Settings,汇率重估设置,
Excise Entry,Excise分录,
Excise Page Number,Excise页码,
Excluded DocTypes,排除文档类型,
Existing Company,现有公司,
Existing Company ,现有的公司,
Exit Interview Held On,退出面试举行,
Expected Amount,预期金额,
Expected Closing Date,预计截止日期,
Expected Delivery Date,预计交货日期,
Expected End Date,预计结束日期,
Expected Hrs,预计的小时数,
Expected Start Date,预计开始日期,
Expected Time (in hours),预期时间（以小时计）,
Expected Time Required (In Mins),所需预计时间（分钟）,
Expected Value After Useful Life,期望值使用寿命结束后,
Expense,费用,
Expense Account,费用科目,
Expense Claim,费用报销,
Expense Head,总支出,
Expenses Included In Asset Valuation,包含在资产评估价中的费用科目,
Expenses Included In Valuation,计入库存评估价的费用科目,
Expired,已过期,
Expiry,有效期,
Expiry Date,到期时间,
Expiry Duration (in days),到期时间（天）,
Exploded Items,爆炸物品,
Exponential Smoothing Forecasting,指数平滑预测,
External Work History,外部就职经历,
FIFO,先进先出,
FIFO Queue vs Qty After Transaction Comparison,先进先出队列与交易后数量对比,
"FIFO Stock Queue (qty, rate)",先进先出库存队列（数量，单价）,
Failed,失败,
Failure Date,失败日期,
Failure Description,故障描述,
Family Background,家庭背景,
Fax,传真,
Feedback,反馈,
Feedback By,反馈者,
Fees,费用,
Fetch Customers,获取客户,
Fetch Timesheet in Sales Invoice,在销售发票中获取工时表,
Fetch Value From,取值来源,
Fetch items based on Default Supplier.,根据默认供应商获取项目。,
Field,字段,
Field Mapping,场图,
Field Name,字段名称,
Field in Bank Transaction,银行交易中的字段,
Fieldname,字段名,
Fields,字段,
Fields will be copied over only at time of creation.,字段将仅在创建时复制。,
Fieldtype,字段类型,
File to Rename,文件重命名,
Filter Duration (Months),筛选时间（月）,
Filter by Reference Date,按参考日期筛选,
Filter on Invoice,按发票筛选,
Filter on Payment,按付款筛选,
Filters,过滤器,
Final Product,最终产品,
Finance Book,账簿,
Finance Book Detail,账簿信息,
Finance Book Id,账簿ID,
Finance Books,账簿,
Financial Ratios,财务比率,
Financial reports will be generated using GL Entry doctypes (should be enabled if Period Closing Voucher is not posted for all years sequentially or missing) ,财务报表将使用总账分录生成（若未按顺序过账所有年度的期间结算凭证，需启用）,
Finished Good,成品,
Finished Good BOM,产成品物料清单,
Finished Good Item,产成品物料,
Finished Good Item Quantity,产成品物料数量,
Finished Good Qty,产成品数量,
Finished Good Quantity ,产成品数量,
Finished Good UOM,产成品计量单位,
Finished Goods,成品,
Finished Goods Based Operating Cost,基于产成品的运营成本,
Finished Goods Item,产成品物料,
Finished Goods Reference,产成品参考,
Finished Goods Warehouse,成品仓库,
Finished Goods based Operating Cost,基于产成品的运营成本,
First Email,第一封邮件,
First Name,名,
First Responded On,首次回复时间,
First Response Due,首次响应截止,
First Response Time,第一次响应时间,
First Response Time for Issues,问题的第一响应时间,
First Response Time for Opportunity,机会的第一响应时间,
Fiscal Year,财务年度,
Fiscal Year Company,公司财务年度,
Fixed,固定,
Fixed Asset,固定资产,
Fixed Asset Account,固定资产科目,
Fixed Asset Defaults,固定资产默认值,
Fixed Asset Register,固定资产登记册,
Fixed Deposit Number,定期存款编号,
Fixed Rate,固定利率,
Fixed Time,固定时间,
Fleet Manager,车队经理,
Floor,楼层,
Floor Name,楼层名称,
Folio no.,对开本页码.,
Follow Calendar Months,跟随日历月,
For Buying,待采购,
For Company,对公司,
For Job Card,作业卡,
For Operation,工序,
For Price List,价格清单,
For Production,生产,
For Selling,出售,
For Warehouse,仓库,
For dunning fee and interest,催收费及利息,
"For e.g. 2012, 2012-13",对例如2012，2012-13,
For how much spent = 1 Loyalty Point,花费多少= 1忠诚点,
For individual supplier,单个供应商,
For reference,供参考,
"For the convenience of customers, these codes can be used in print formats like Invoices and Delivery Notes",为方便客户，这些代码可以在打印格式(如费用清单和销售出货单)中使用,
Foreign Trade Details,外贸详细,
Formula Based Criteria,公式条件,
Forum Posts,论坛帖子,
Forum URL,论坛URL,
Frappe Support,Frappe支持,
Free Item,免费物品,
Free Item Rate,赠品单价,
Freeze Stocks Older Than (Days),冻结大于（天）的库存,
Frequency,频率,
Frequency To Collect Progress,采集进度信息的频率,
Frequency of Depreciation (Months),折旧率（月）,
Friday,星期五,
From,从,
From BOM,来自物料清单,
From Company,源公司,
From Corrective Job Card,来自纠正作业卡,
From Currency,源货币,
From Customer,源客户,
From Date,起始日期,
From Delivery Date,发货日期起,
From Doctype,来源单据类型,
From Employee,来自员工,
From Folio No,来自对开本No.,
From Invoice Date,从费用清单日期,
From Lead,来自潜在客户,
From No,来自No,
From Opportunity,来自商机,
From Package No.,起始包号,
From Payment Date,付款日期起,
From Prospect,来自潜在客户,
From Range,从范围,
From Reference Date,参考日期起,
From Shareholder,来自股东,
From Template,来自模板,
From Time,起始时间,
From Time ,起始时间,
From Value,起始值,
From Voucher Detail No,起始凭证明细编号,
From Voucher No,起始凭证编号,
From Voucher Type,起始凭证类型,
From Warehouse,源仓库,
Frozen,已冻结,
Fuel Type,燃料类型,
Fuel UOM,燃油计量单位,
Fulfilled,达到,
Fulfillment User,履行用户,
Fulfilment Deadline,履行截止日期,
Fulfilment Details,履行细节,
Fulfilment Status,履行状态,
Fulfilment Terms,履行条款,
Fulfilment Terms and Conditions,履行条款和条件,
Full Name,全名,
Full and Final Statement,全款结清声明,
Fully Billed,完全开票,
Fully Completed,全部完成,
Fully Delivered,完全交付,
Fully Depreciated,已提足折旧,
GL Entry,总账分录,
GL Entry Processing Status,总账分录处理状态,
GL reposting index,总账重过账索引,
GS1,GS1标准,
GTIN,全球贸易项目代码,
Gain/Loss,收益/损失,
Gain/Loss Account on Asset Disposal,资产处置收益/损失科目,
Gain/Loss accumulated in foreign currency account. Accounts with '0' balance in either Base or Account currency,外币账户累计损益。本币或外币余额为零的账户,
Gain/Loss already booked,损益已登记,
Gain/Loss from Revaluation,重估损益,
Gender,性别,
General,总的,
General Ledger,总帐,
General Settings,常规设置,
General and Payment Ledger Comparison,总账与付款账对比,
General and Payment Ledger mismatch,总账与付款账不一致,
Generate Invoice At,生成发票时间,
Generate New Invoices Past Due Date,生成过期的新发票,
Generate Schedule,生成工时单,
"Generate packing slips for packages to be delivered. Used to notify package number, package contents and its weight.",生成要发货物料的装箱单，包括包号，内容和重量。,
Generated,已生成,
Get Advances Paid,获取已付预付款,
Get Advances Received,获取已收预付款,
Get Allocations,获取分配,
Get Current Stock,获取当前库存,
Get Entries,获取条目,
Get Finished Goods for Manufacture,获取待生产产成品,
Get Item Locations,获取物品位置,
Get Items,获取物料,
Get Items From,从...获取物料,
Get Items From Purchase Receipts,从采购收货单获取物料,
Get Items from Open Material Requests,从未完成物料申请获取物料,
Get Latest Query,获取最新查询,
Get Material Request,获取物料需求,
Get Outstanding Invoices,获取未付费用清单,
Get Outstanding Orders,获取未清订单,
Get Raw Materials Cost from Consumption Entry,从消耗分录获取原材料成本,
Get Raw Materials for Purchase,获取待采购原材料,
Get Raw Materials for Transfer,获取待调拨原材料,
Get Sales Orders,获取销售订单,
Get Scrap Items,获取废品物料,
Get Started Sections,入门部分,
Get Sub Assembly Items,获取子装配件,
Gift Card,礼物卡,
Give free item for every N quantity,每满N数量赠送赠品,
Global Defaults,全局默认值,
Goal,目标,
Goods,货物,
Grace Period,宽限期,
Graduate,研究生,
Grand Total,总计,
Grand Total (Company Currency),总计（公司货币）,
Grant Commission,授予佣金,
Green,绿,
Greeting Message,问候语,
Greeting Subtitle,问候字幕,
Greeting Title,问候标题,
Greetings Section,问候部分,
Gross Margin,毛利,
Gross Margin %,毛利率％,
Gross Profit,毛利,
Gross Purchase Amount,总采购金额,
Gross Weight,毛重,
Gross Weight UOM,毛重计量单位,
Gross and Net Profit Report,毛利润和净利润报告,
Group Same Items,合并相同物料,
Group same items,合并相同物料,
HR Manager,人力资源经理,
HR User,HR用户,
HR-DRI-.YYYY.-,HR-DRI-.YYYY.-,
HR-EMP-,HR-EMP-,
Half Yearly,半年度,
Half-yearly,每半年,
Has Alternative Item,存在替代物料,
Has Batch No,有批号,
Has Certificate ,有证书,
Has Corrective Cost,存在纠正成本,
Has Expiry Date,有过期日期,
Has Item Scanned,已扫描物料,
Has Print Format,有打印格式,
Has Priority,存在优先级,
Has Serial No,有序列号,
Has Variants,有变体,
Have Default Naming Series for Batch ID?,是否设置批次ID默认命名序列？,
Heads (or groups) against which Accounting Entries are made and balances are maintained.,标题（或者组），以此会计分录建立和余额保存的,
Health Details,健康信息,
Heatmap,热力图,
Height (cm),身高（厘米）,
Help,帮助,
Help Article,帮助文章,
Help Section,帮助部分,
Help Text,帮助文字,
Helps you distribute the Budget/Target across months if you have seasonality in your business.,若业务存在季节性波动，可帮助您将预算/目标分摊至各月,
"Here you can maintain family details like name and occupation of parent, spouse and children",这里可以保存家庭详细信息，如姓名，父母、配偶及子女的职业等,
"Here you can maintain height, weight, allergies, medical concerns etc",这里可以保存身高，体重，是否对某药物过敏等,
Hero Image,英雄形象,
Hero Section,英雄科,
Hero Section Based On,基于英雄的英雄部分,
Hidden list maintaining the list of contacts linked to Shareholder,保存链接到股东的联系人列表的隐藏的列表,
Hide Currency Symbol,隐藏货币符号,
Hide Customer's Tax ID from Sales Transactions,从销售交易中隐藏客户的税号,
Hide Images,隐藏图片,
Hide Unavailable Items,隐藏不可用的物品,
Hide timesheets,隐藏工时表,
High,高,
"Higher the number, higher the priority",数字越大，优先级越高,
History In Company,公司内履历,
Hold Invoice,暂缓处理费用清单,
Hold Type,暂缓处理类型,
Holiday,假期,
Holiday List,假期列表,
Holiday List Name,假期列表名称,
Holidays,假期,
Homepage,主页,
Homepage Section,主页部分,
Homepage Section Card,主页卡片,
Homepage Slideshow,主页幻灯片,
Hour Rate,时薪,
Hourly,每小时,
Hours,小时,
How frequently?,多快的频率？,
How often should Project and Company be updated based on Sales Transactions?,应根据销售交易更新项目和公司的频率？,
How often should Project be updated of Total Purchase Cost ?,应以何频率更新项目的总采购成本？,
Hrs,小时,
IBAN,IBAN,
ID,ID,
IP Address,IP地址,
IRS 1099,IRS 1099,
ISBN,国际标准书号,
ISS-.YYYY.-,ISS-.YYYY.-,
ISSN,国际标准刊号,
Identification of the package for the delivery (for print),打包物料的标志（用于打印）,
Idle,闲置,
"If ""Months"" is selected, a fixed amount will be booked as deferred revenue or expense for each month irrespective of the number of days in a month. It will be prorated if deferred revenue or expense is not booked for an entire month",如果选择“月”，则固定金额将记为每月的递延收入或费用，而与一个月中的天数无关。如果递延的收入或费用没有整月预定，则将按比例分配,
"If <b>Enabled</b> - Reconciliation happens on the <b>Advance Payment posting date</b><br>
If <b>Disabled</b> - Reconciliation happens on oldest of 2 Dates: <b>Invoice Date</b> or the <b>Advance Payment posting date</b><br>
","如果 <b>启用</b> - 对账发生在 <b>预付款过账日期</b><br>
如果 <b>禁用</b> - 对账发生在 2 个日期中最早的日期： <b>发票日期</b> 或 <b>预付款过账日期</b><br>",
If Income or Expense,收入或支出,
"If blank, parent Warehouse Account or company default will be considered in transactions",如果为空白，则将在交易中考虑父仓库帐户或公司默认值,
"If checked, Rejected Quantity will be included while making Purchase Invoice from Purchase Receipt.",勾选后，从采购收货单生成采购发票时将包含拒收数量,
"If checked, Stock will be reserved on <b>Submit</b>",勾选后，库存将在<b>提交</b>时预留,
"If checked, picked qty won't automatically be fulfilled on submit of pick list.",勾选后，提交拣货清单时不会自动履行已拣数量,
"If checked, the tax amount will be considered as already included in the Paid Amount in Payment Entry",勾选后，税款金额将被视为已包含在付款凭证的已付金额中,
"If checked, the tax amount will be considered as already included in the Print Rate / Print Amount",如果勾选，税将被包括在打印的单价/总额内了。,
If different than customer address,如果客户地址不同的话,
"If disable, 'In Words' field will not be visible in any transaction",如果禁用“，在词”字段不会在任何交易可见,
"If disable, 'Rounded Total' field will not be visible in any transaction",如果禁用，“圆整后金额”字段将不在任何交易中显示,
If enabled then system won't apply the pricing rule on the delivery note which will be create from the pick list,启用后，系统不会对从拣货清单创建的交货单应用定价规则,
"If enabled, a print of this document will be attached to each email",启用后，每封邮件将附带此单据的打印件,
"If enabled, additional ledger entries will be made for discounts in a separate Discount Account",启用后，折扣将在单独折扣科目中生成额外分类账分录,
"If enabled, all files attached to this document will be attached to each email",启用后，每封邮件将附带此单据的所有附件,
"If enabled, do not update serial / batch values in the stock transactions on creation of auto Serial 
 / Batch Bundle. ","如果启用，则在创建自动序列 
 /批次捆绑时不要更新库存交易中的序列/批次值。",
"If enabled, ledger entries will be posted for change amount in POS transactions",启用后，POS交易中的找零金额将生成分类账分录,
"If enabled, the consolidated invoices will have rounded total disabled",启用后，合并发票将禁用四舍五入总额,
"If enabled, the item rate won't adjust to the valuation rate during internal transfers, but accounting will still use the valuation rate.",启用后，内部调拨时物料单价不会调整为计价汇率，但会计仍使用计价汇率,
"If enabled, the system will create material requests even if the stock exists in the 'Raw Materials Warehouse'.",启用后，即使'原材料仓库'有库存，系统仍会创建物料请求,
"If enabled, the system will use the moving average valuation method to calculate the valuation rate for the batched items and will not consider the individual batch-wise incoming rate.",启用后，系统将采用移动平均计价法计算批次物料计价汇率，不考虑单个批次入库汇率,
"If enabled, then system will only validate the pricing rule and not apply automatically. User has to manually set the discount percentage / margin / free items to validate the pricing rule",启用后，系统仅验证定价规则而不自动应用。用户需手动设置折扣率/利润率/赠品以验证规则,
"If item is a variant of another item then description, image, pricing, taxes etc will be set from the template unless explicitly specified",如果物料为另一物料的变体，那么它的描述，图片，价格，税率等将从模板自动设置。你也可以手动设置。,
"If mentioned, the system will allow only the users with this Role to create or modify any stock transaction earlier than the latest stock transaction for a specific item and warehouse. If set as blank, it allows all users to create/edit back-dated transactions.",若设置，仅允许具有此角色的用户创建或修改早于特定物料及仓库最新库存交易的记录。留空则允许所有用户创建/编辑倒填日期交易,
If more than one package of the same type (for print),如果有多个同样类型的打包（用于打印）,
"If rate is zero then item will be treated as ""Free Item""","如果比率为零，则该项将被视为""免费项目""",
If subcontracted to a vendor,针对外包给供应商的情况,
"If the account is frozen, entries are allowed to restricted users.",如果科目被冻结，则只有特定用户才能创建分录。,
"If there is no assigned timeslot, then communication will be handled by this group",如果没有分配的时间段，则该组将处理通信,
"If this checkbox is checked, paid amount will be splitted and allocated as per the amounts in payment schedule against each payment term",如果选中此复选框，则将根据每个付款期限的付款时间表中的金额来拆分和分配付款金额,
"If this checkbox is enabled, then the system won’t run the MRP for the available sub-assembly items.",启用后，系统将不会为可用子装配件运行MRP,
If this is checked subsequent new invoices will be created on calendar  month and quarter start dates irrespective of current invoice start date,如果选中此选项，则无论当前发票的开始日期如何，都将在日历月和季度开始日期创建后续的新发票。,
If this is unchecked Journal Entries will be saved in a Draft state and will have to be submitted manually,如果未选中，则日记帐分录将保存为草稿状态，并且必须手动提交,
"If this is unchecked, direct GL entries will be created to book deferred revenue or expense",如果未选中此复选框，则将创建直接总帐分录以预定递延收入或费用,
"If this item has variants, then it cannot be selected in sales orders etc.",如果此物料为模板物料（有变体），就不能直接在销售订单中使用，请使用变体物料,
"If yes, then this warehouse will be used to store rejected materials",若选择是，此仓库将用于存储拒收物料,
"If you need to reconcile particular transactions against each other, then please select accordingly. If not, all the transactions will be allocated in FIFO order.",若需对特定交易相互对账，请相应选择。否则所有交易将按先进先出顺序分配,
"If your CSV uses a different delimiter, add that character here, ensuring no spaces or additional characters are included.",若CSV使用不同分隔符，在此添加该字符，确保不含空格或其他字符,
Ignore,忽略,
Ignore Account Closing Balance,忽略账户期末余额,
Ignore Available Stock,忽略可用库存,
Ignore Default Payment Terms Template,忽略默认付款条款模板,
Ignore Employee Time Overlap,忽略员工时间重叠,
Ignore Is Opening check for reporting,忽略期初检查用于报表,
Ignore Pricing Rule,忽略定价规则,
Ignore System Generated Credit / Debit Notes,忽略系统生成的贷项/借项凭证,
Ignore User Time Overlap,忽略用户时间重叠,
Ignore Voucher Type filter and Select Vouchers Manually,忽略凭证类型筛选并手动选择凭证,
Ignore Workstation Time Overlap,忽略工作站时间重叠,
Ignores legacy Is Opening field in GL Entry that allows adding opening balance post the system is in use while generating reports,忽略总账分录中的遗留期初字段，允许在系统使用后添加期初余额生成报表,
Image,图像,
Image View,图像视图,
Import Chart of Accounts from a csv file,从csv文件导入科目表,
Import File,导入文件,
Import File Errors and Warnings,导入文件错误与警告,
Import Invoices,进口发票,
Import Log,导入日志,
Import Log Preview,导入日志预览,
Import Preview,导入预览,
Import Supplier Invoice,进口供应商发票,
Import Type,导入类型,
Import Warnings,导入警告,
Import from Google Sheets,从Google表格导入,
In House,内部,
In Maintenance,在维护中,
In Mins,分钟,
In Minutes,分钟数,
In Percentage,百分比,
In Process,进行中,
In Progress,进行中,
In Stock Qty,库存量,
In Transit,运输中,
In Words,大写金额,
In Words (Company Currency),大写金额（公司货币）,
In Words (Export) will be visible once you save the Delivery Note.,大写金额（出口）将在销售出货单保存后显示。,
In Words will be visible once you save the Delivery Note.,大写金额将在销售出货单保存后显示。,
In Words will be visible once you save the Sales Invoice.,大写金额将在销售费用清单保存后显示。,
In Words will be visible once you save the Sales Order.,大写金额将在销售订单保存后显示。,
In mins,分钟,
In minutes,在几分钟内,
Inactive,非活动的,
Inactive Customers,非活跃客户,
Inactive Sales Items,非活动销售项目,
Inactive Status,停用状态,
Incentives,激励政策,
Include Ageing Summary,包括帐龄摘要,
Include Exploded Items,包含爆炸物料,
Include Item In Manufacturing,包括制造业中的项目,
Include Non Stock Items,包含非库存物料,
Include POS Transactions,包括POS交易,
Include Payment (POS),直接付款（POS订单）,
Include Reconciled Entries,包括核销分录,
Include Safety Stock in Required Qty Calculation,计算需求数量时包含安全库存,
Include Subcontracted Items,包括转包物料,
Include UOM,包括基本计量单位,
Include in gross,包括毛,
Including items for sub assemblies,包括下层组件物料,
Income,收益,
Income Account,收入科目,
Incoming,来料检验,
Incoming Call Handling Schedule,来电处理排程,
Incoming Call Settings,来电设置,
Incoming Rate,入库库存评估价,
Incoming Rate (Costing),入库汇率（成本核算）,
Incorrect Balance Qty After Transaction,交易后结余数量错误,
Incorrect Serial No Valuation,序列号计价错误,
Incorrect Serial and Batch Bundle,序列及批次包错误,
Incorrect Stock Value Report,库存价值报告错误,
Incoterm,国际贸易术语,
Increase In Asset Life(Months),资产寿命延长（月数）,
Increment,增量,
Indent,缩进,
Indicates that the package is a part of this delivery (Only Draft),表示该打包是这个交付的一部分（仅草稿）,
Indicator Color,指示灯颜色,
Indirect Expense,间接费用,
Indirect Income,间接收益,
Individual,个人,
Industry,行业,
Industry Type,行业类型,
Initial Email Notification Sent,初始电子邮件通知已发送,
Initialize Summary Table,初始化汇总表,
Initiated,已初始化,
Insert New Records,插入新记录,
Inspected By,验货人,
Inspection Required,需要检验,
Inspection Required before Delivery,需进行出货检验,
Inspection Required before Purchase,需进行来料检验,
Inspection Type,检验类型,
Installation Date,安装日期,
Installation Note,安装通知单,
Installation Note Item,安装单项,
Installation Status,安装状态,
Installation Time,安装时间,
Installed Qty,已安装数量,
Instruction,说明,
Instructions,说明,
Insurance Company,保险公司,
Insurance Details,保险信息,
Insurance End Date,保险终止日期,
Insurance Start Date,保险开始日期,
Insurance details,保险详情,
Insured value,保险价值,
Insurer,保险公司,
Integration Details,集成细节,
Integration ID,集成ID,
Inter Company Invoice Reference,公司之间费用清单参考,
Inter Company Journal Entry,Inter公司手工凭证,
Inter Company Journal Entry Reference,关联公司业务手工凭证参考,
Inter Company Order Reference,公司间订单参考,
Inter Company Reference,公司间参考,
Inter Transfer Reference,内部调拨参考,
Inter Warehouse Transfer Settings,仓库间转移设置,
Interest,利息,
Interested,当事的,
Internal Customer,内部客户,
Internal Supplier,内部供应商,
Internal Transfer,内部转账,
Internal Work History,内部工作经历,
Interval should be between 1 to 59 MInutes,间隔应设置为1至59分钟,
Introduction,介绍,
Invalid Ledger Entries,无效的分类账分录,
Inventory,库存,
Inventory Dimension,库存维度,
Inventory Settings,库存参数设置,
Invoice,费用清单,
Invoice Cancellation,发票作废,
Invoice Date,费用清单日期,
Invoice Discounting,发票贴现,
Invoice Limit,发票限额,
Invoice Number,费用清单号码,
Invoice Portion,费用清单占比,
Invoice Portion (%),发票比例（%）,
Invoice Series,发票系列,
Invoice Type,费用清单类型,
Invoice and Billing,发票与计费,
Invoices,费用清单,
Invoices and Payments have been Fetched and Allocated,发票与付款已获取并核销,
Invoicing Features,开票功能模块,
Inward,向内的,
Is Account Payable,为应付账款,
Is Active,是活动的,
Is Adjustment Entry,是否调整分录,
Is Advance,是否预付款,
Is Alternative,是否替代物料,
Is Billable,是可计费的,
Is Cancelled,是否注销,
Is Cash or Non Trade Discount,是否现金/非贸易折扣,
Is Company,是公司？,
Is Company Account,是公司帐户,
Is Composite Asset,是否组合资产,
Is Consolidated,已合并,
Is Container,是容器,
Is Corrective Job Card,是否纠正性作业卡,
Is Corrective Operation,是否纠正性工序,
Is Cumulative,是累积的,
Is Customer Provided Item,客户提供物品,
Is Default,是否默认,
Is Default Account,是默认帐户,
Is Default Language,是默认语言,
Is Delivery Note Required for Sales Invoice Creation?,创建销售发票是否需要交货单？,
Is Discounted,打折,
Is Exchange Gain / Loss?,是否汇兑损益？,
Is Existing Asset,是对现有资产,
Is Expandable,是否可展开,
Is Finished Item,是否完成品,
Is Fixed Asset,是固定的资产,
Is Free Item,是免费物品,
Is Frozen,被冻结,
Is Fully Depreciated,是否已提足折旧,
Is Group,群组事件,
Is Group Warehouse,是否组仓库,
Is Internal Customer,是内部客户,
Is Internal Supplier,是内部供应商,
Is Mandatory,是强制性的,
Is Milestone,里程碑,
Is Old Subcontracting Flow,是否旧外协流程,
Is Opening,开帐分录？,
Is Opening Entry,是否期初分录,
Is Outward,是否出库,
Is Paid,已付款？,
Is Period Closing Voucher Entry,是否期间结账凭证分录,
Is Purchase Order Required for Purchase Invoice & Receipt Creation?,采购发票和收货创建是否需要采购订单？,
Is Purchase Receipt Required for Purchase Invoice Creation?,创建采购发票是否需要采购收据？,
Is Rate Adjustment Entry (Debit Note),是否单价调整分录（借项通知单）,
Is Recursive,是否递归,
Is Rejected,是否拒收,
Is Rejected Warehouse,是否拒收仓库,
Is Return,退货？,
Is Return (Credit Note),是退货？（退款单）,
Is Return (Debit Note),是退货（借记卡）,
Is Sales Order Required for Sales Invoice & Delivery Note Creation?,创建销售发票和交货单是否需要销售订单？,
Is Scrap Item,是否废品,
Is Short/Long Year,是否短/长会计年度,
Is Standard,是否标准,
Is Stock Item,是否库存物料,
Is Subcontracted,是否外包,
Is System Generated,是否系统生成,
Is Tax Withholding Account,是否代扣税科目,
Is Template,是否模板,
Is Transporter,是承运商,
Is a Subscription,是订阅,
Is this Tax included in Basic Rate?,此税项是否包含在基本价格中？,
Issue,问题,
Issue Analytics,问题分析报表,
Issue Credit Note,发行信用票据,
Issue Date,问题日期,
Issue Priority,问题优先,
Issue Split From,问题拆分,
Issue Summary,问题摘要,
Issue Type,发行类型,
Issue a debit note with 0 qty against an existing Sales Invoice,针对现有销售发票开具零数量的借项通知单,
Issued,发行,
Issued Items Against Work Order,发料到工单,
Issues,问题,
Issuing Date,发行日期,
Item,物料,
Item Alternative,替换物料,
Item Attribute,物料属性,
Item Attribute Value,物料属性值,
Item Attribute Values,物料属性值,
Item Balance (Simple),物料余额（简单）,
Item Barcode,物料条码,
Item Code,物料代码,
Item Customer Detail,物料客户信息,
Item Default,物料默认值,
Item Defaults,物料默认值,
Item Description,物料描述,
Item Details,品目详细信息,
Item Group,物料群组,
Item Group Defaults,项目组默认值,
Item Group Name,物料群组名称,
Item Group wise Discount,按物料组的折扣,
Item Groups,物料组,
Item Image (if not slideshow),物料图片(如果没有演示文稿),
Item Locations,物品位置,
Item Manager,物料经理,
Item Manufacturer,产品制造商,
Item Name,项目名称,
Item Naming By,物料命名字段,
Item Price,物料价格,
Item Price Settings,物料价格参数设置,
Item Price Stock,物料价格与库存,
Item Prices,物料价格,
Item Quality Inspection Parameter,物料质量检验参数,
Item Reference,物料引用,
Item Reorder,物料重新排序,
Item Serial No,物料序列号,
Item Shortage Report,缺料报表,
Item Supplier,物料供应商,
Item Tax,物料税项,
Item Tax Amount Included in Value,物品税金额包含在价值中,
Item Tax Rate,物料税率,
Item Tax Template,物品税模板,
Item Tax Template Detail,项目税模板详细信息,
Item To Manufacture,待生产物料,
Item UOM,物料计量单位,
Item Variant,物料变体,
Item Variant Attribute,产品规格属性,
Item Variant Details,物料变体详细信息,
Item Variant Settings,物料变式设置,
Item Website Specification,网站上显示的物料详细规格,
Item Weight Details,物料重量,
Item Wise Tax Detail,物料税/费信息,
Item and Warehouse,物料与仓库,
Item and Warranty Details,物料和保修,
Item operation,物品操作,
Item to be manufactured or repacked,待生产或者重新包装的物料,
Item-wise Price List Rate,物料价格清单单价,
Item-wise Purchase History,物料采购历史,
Item-wise Purchase Register,物料采购台帐,
Item-wise Sales History,产品销售历史记录,
Item-wise Sales Register,物料销售台帐,
Items,物料,
Items To Be Requested,待申请物料,
Items to Be Repost,待重过账物料,
Items under this warehouse will be suggested,将建议此仓库下的项目,
Itemwise Discount,物料级的折扣,
Itemwise Recommended Reorder Level,建议的物料重订货点,
JAN,一月,
Job Capacity,作业产能,
Job Card,工作卡,
Job Card Item,工作卡项目,
Job Card Operation,作业卡工序,
Job Card Scheduled Time,作业卡计划时间,
Job Card Scrap Item,作业卡废品,
Job Card Summary,工作卡摘要,
Job Card Time Log,工作卡时间日志,
Job Card and Capacity Planning,作业卡与产能计划,
Job Cards,作业卡列表,
Job Started,工作开始了,
Job Title,职位,
Job Worker,作业人员,
Job Worker Address,作业人员地址,
Job Worker Address Details,作业人员地址明细,
Job Worker Contact,作业人员联系方式,
Job Worker Delivery Note,作业人员交货单,
Job Worker Name,作业人员姓名,
Job Worker Warehouse,作业人员仓库,
Joining,入职,
Journal Entry,手工凭证,
Journal Entry Account,手工凭证帐号,
Journal Entry Template,日记条目模板,
Journal Entry Template Account,日记帐分录模板帐户,
Journal Entry Type,日记帐分录类型,
Journal Entry for Scrap,手工凭证报废,
Journals,日记账,
"Keep Track of Sales Campaigns. Keep track of Leads, Quotations, Sales Order etc from Campaigns to gauge Return on Investment. ",追踪促销活动。追踪来自营销活动的线索，报价，销售订单等，统计投资回报率。,
Key,键值,
Keyboard Shortcuts,键盘快捷键,
LIFO,后进先出法,
Label,标签,
Landed Cost Help,到岸成本帮助,
Landed Cost Item,到岸成本物料,
Landed Cost Purchase Receipt,到岸成本采购收货单,
Landed Cost Taxes and Charges,到岸成本税费,
Landed Cost Voucher,到岸成本凭证,
Landed Cost Voucher Amount,到岸成本凭证金额,
Landscape,景观,
Language,语言,
Lapsed,间隔,
Last Carbon Check,最后炭检查,
Last Completion Date,最后完成日期,
Last Integration Date,上次整合日期,
Last Name,姓,
Last Purchase Rate,最后采购价格,
Latitude,纬度,
Lead,商机,
Lead Details,商机信息,
Lead Name,线索姓名,
Lead Owner,线索负责人,
Lead Owner Efficiency,线索负责人效率,
Lead Source,线索来源,
Lead Time,交货时间,
Lead Time Date,交货时间日期,
Lead Time in days,交期（天）,
Lead Type,线索类型,
Leads,线索列表,
"Learn about <a href=""https://docs.erpnext.com/docs/v13/user/manual/en/accounts/articles/common_party_accounting#:~:text=Common%20Party%20Accounting%20in%20ERPNext,Invoice%20against%20a%20primary%20Supplier."">Common Party</a>","学习 <a href=""https://docs.erpnext.com/docs/v13/user/manual/en/accounts/articles/common_party_accounting#:~:text=Common%20Party%20Accounting%20in%20ERPNext,Invoice%20against%20a%20primary%20Supplier."">共同方</a>",
Leave Encashed?,假期已折现？,
"Leave blank for home.
This is relative to site URL, for example ""about"" will redirect to ""https://yoursitename.com/about""","主页留空。
这是相对于网站 URL 而言的，例如 ""about ""将重定向到 ""https://yoursitename.com/about""",
Leave blank if the Supplier is blocked indefinitely,如果供应商被无限期封锁，请留空,
Leave blank to use the standard Delivery Note format,留空以使用标准的交货单格式,
Ledger Health,账本健康状态,
Ledger Health Monitor,账本健康监控器,
Ledger Health Monitor Company,账本健康监控公司,
Ledger Merge,分类账合并,
Ledger Merge Accounts,分类账合并账户,
Left,左边,
Left Child,左子节点,
Left Index,左索引,
Legal Entity / Subsidiary with a separate Chart of Accounts belonging to the Organization.,属于本机构的，带独立科目表的法人/附属机构。,
Length (cm),长度（厘米）,
Letter Head,信头,
Letter or Email Body Text,信件或电子邮件正文,
Letter or Email Closing Text,信件或电子邮件结束文字,
Level,级别,
Level (BOM),层级（物料清单）,
Lft,左脚,
Liability,负债,
License Details,许可证信息,
License Number,许可证号,
License Plate,牌照,
Likes,喜欢,
Limit timeslot for Stock Reposting,库存重过账时间窗口限制,
Limited to 12 characters,限12个字符,
Limits don't apply on,限制不适用于,
Line spacing for amount in words,行距文字量,
Link,链接,
Link Options,链接选项,
Link existing Quality Procedure.,链接现有的质量程序。,
Linked Documents,链接文件,
Linked Invoices,链接的费用清单,
Linked Location,链接位置,
Links,链接,
List items that form the package.,本包装内的物料列表。,
Load All Criteria,加载所有标准,
Loan,贷款,
Loan End Date,贷款结束日期,
Loan Period (Days),贷款期限（天）,
Loan Start Date,贷款开始日期,
Location,位置,
Location Details,位置详情,
Location Name,地点名称,
Locked,已锁定,
Log Entries,日志条目,
Log out,注销,
Log the selling and buying rate of an Item,记录物料的买卖汇率,
Logo,徽标,
Longitude,经度,
Lost,遗失,
Lost Opportunity,失去的机会,
Lost Quotation,遗失的报价,
Lost Quotations,丢失报价单集,
Lost Reason,遗失的原因,
Lost Reason Detail,丢失的原因细节,
Lost Reasons,失去的原因,
Low,低,
Lower Deduction Certificate,降低扣除证明,
Loyalty Amount,忠诚金额,
Loyalty Point Entry,忠诚度积分,
Loyalty Point Entry Redemption,忠诚度积分兑换,
Loyalty Points,忠诚度积分,
Loyalty Points Redemption,忠诚积分兑换,
Loyalty Program,忠诚计划,
Loyalty Program Collection,忠诚度计划集,
Loyalty Program Help,忠诚度计划帮助,
Loyalty Program Name,忠诚计划名称,
Loyalty Program Tier,忠诚度计划层级,
Loyalty Program Type,忠诚度计划类型,
MAT-DN-.YYYY.-,MAT-DN-.YYYY.-,
MAT-DN-RET-.YYYY.-,MAT-DN-RET-.YYYY.-,
MAT-DT-.YYYY.-,MAT-DT-.YYYY.-,
MAT-INS-.YYYY.-,MAT-INS-.YYYY.-,
MAT-LCV-.YYYY.-,MAT-LCV-.YYYY.-,
MAT-MR-.YYYY.-,MAT-MR-.YYYY.-,
MAT-MSH-.YYYY.-,MAT-MSH-.YYYY.-,
MAT-MVS-.YYYY.-,MAT-MVS-.YYYY.-,
MAT-PAC-.YYYY.-,MAT-PAC-.YYYY.-,
MAT-PR-RET-.YYYY.-,MAT-PR-RET-.YYYY.-,
MAT-PRE-.YYYY.-,MAT-PRE-.YYYY.-,
MAT-QA-.YYYY.-,MAT-QA-.YYYY.-,
MAT-RECO-.YYYY.-,MAT-RECO-.YYYY.-,
MAT-STE-.YYYY.-,MAT-STE-.YYYY.-,
MFG-BLR-.YYYY.-,MFG-BLR-.YYYY.-,
MFG-PP-.YYYY.-,MFG-PP-.YYYY.-,
MFG-WO-.YYYY.-,MFG-WO-.YYYY.-,
Machine malfunction,机器故障,
Machine operator errors,机器操作员错误,
Main Cost Center,主成本中心,
Maintain Same Rate Throughout Sales Cycle,在整个销售周期使用同一价格,
Maintain Same Rate Throughout the Purchase Cycle,在整个购买周期中保持相同的费率,
Maintain Stock,管理库存,
Maintenance,维护,
Maintenance Date,维护日期,
Maintenance Details,维护详情,
Maintenance Manager,维护经理,
Maintenance Manager Name,维护经理姓名,
Maintenance Required,需要维护,
Maintenance Role,维护角色,
Maintenance Schedule,维护计划,
Maintenance Schedule Detail,维护计划细节,
Maintenance Schedule Item,维护计划物料,
Maintenance Schedules,维护计划,
Maintenance Status,维护状态,
Maintenance Task,维护任务,
Maintenance Tasks,维护任务,
Maintenance Team,维修队,
Maintenance Team Member,维护团队成员,
Maintenance Team Members,维护团队成员,
Maintenance Team Name,维护组名称,
Maintenance Time,维护时间,
Maintenance Type,维护类型,
Maintenance User,维护用户,
Maintenance Visit,维护访问,
Maintenance Visit Purpose,维护访问目的,
Major/Optional Subjects,主修/选修科目,
Make,生成,
Make Depreciation Entry,创建计算折旧凭证,
Make Difference Entry,创建差异分录,
Make Payment via Journal Entry,通过手工凭证进行付款,
Make Sales Invoice,创建销售费用清单,
Make Serial No / Batch from Work Order,从工单生成序列号/批次,
Manage cost of operations,管理成本,
Mandatory,强制性,
Mandatory Depends On,必填依赖项,
Mandatory For Balance Sheet,资产负债表必备,
Mandatory For Profit and Loss Account,对于损益账户必须提供,
Mandatory Section,必填部分,
Manual,手册,
Manual Inspection,人工检验,
Manufacture,生产,
Manufacture against Material Request,针对材料需求的生产,
Manufactured Qty,已生产数量,
Manufacturer,制造商,
Manufacturer Part Number,制造商零件编号,
Manufacturers used in Items,在项目中使用制造商,
Manufacturing,生产,
Manufacturing Date,生产日期,
Manufacturing Manager,生产经理,
Manufacturing Section,制造部,
Manufacturing Settings,生产设置,
Manufacturing Type,生产类型,
Manufacturing User,生产用户,
Margin,利润,
Margin Money,保证金,
Margin Rate or Amount,保证金税率或税额,
Margin Type,保证金类型,
Marital Status,婚姻状况,
Market Segment,市场分类,
Married,已婚,
Mask,面具,
Material Consumption for Manufacture,生产所需的材料消耗,
Material Issue,发料,
Material Receipt,材料收讫,
Material Request,材料申请,
Material Request Date,材料申请日期,
Material Request Detail,材料申请信息,
Material Request Item,材料申请项目,
Material Request Plan Item,材料申请计划项目,
Material Request Planning,材料申请计划,
Material Request Type,材料申请类型,
Material Request used to make this Stock Entry,创建此手工库存移动的材料申请,
Material Requested,需要的材料,
Material Requests,材料需求,
Material Requests for which Supplier Quotations are not created,无供应商报价的材料申请,
Material Transfer,材料转移,
Material Transfer for Manufacture,材料移送用于制造,
Material Transferred,转移的材料,
Material Transferred for Manufacture,材料移送用于制造,
Material Transferred for Manufacturing,材料移送用于制造,
Material Transferred for Subcontract,为转包合同材料转移,
Materials Required (Exploded),所需物料（正展开）,
Max Amount,最大金额,
Max Amt,Max Amt,
Max Discount (%),最大折扣(%),
Max Grade,最高等级,
Max Qty,最大数量,
Max Qty (As Per Stock UOM),最大数量（按库存单位）,
Max Sample Quantity,最大样品量,
Max Score,最高分数,
Maximum Invoice Amount,最高费用清单金额,
Maximum Net Rate,最高净费率,
Maximum Payment Amount,最大付款金额,
Maximum Use,最大使用量,
Maximum Value,最大值,
Maximum sample quantity that can be retained,可以保留的最大样品数量,
Medium,中,
Mention if non-standard Receivable account,若使用非标准应收账户需注明,
Mention if non-standard payable account,如使用非标准应付科目，应提及,
Mention if non-standard receivable account applicable,如果不规范应收账款适用的话应提及,
Merge Invoices Based On,合并发票依据,
Merge Similar Account Heads,合并相似账户科目,
Merged,已合并,
Message,信息,
Message Examples,消息示例,
Message for Supplier,消息供应商,
Message to show,信息显示,
Message will be sent to the users to get their status on the Project,消息将发送给用户以获取其在项目中的状态,
Messages greater than 160 characters will be split into multiple messages,大于160个字符的消息将被分割为多条消息,
Middle Name,中间名,
Min Amount,最低金额,
Min Amt,Min Amt,
Min Grade,最小成绩,
Min Order Qty,最小订货量,
Min Qty,最小数量,
Min Qty (As Per Stock UOM),最小数量（按库存单位）,
Minimum Invoice Amount,最小费用清单金额,
Minimum Net Rate,最低净费率,
Minimum Order Qty,最小起订量,
Minimum Order Quantity,最小起订量,
Minimum Payment Amount,最小付款金额,
Minimum Total Spent,最低总支出,
Minimum Value,最小值,
Minimum quantity should be as per Stock UOM,最小数量应按照库存单位,
Minute,分钟,
Minutes,分钟,
Mixed Conditions,混合条件,
Mobile,手机号,
Mobile No,手机号码,
Mode of Payment,付款方式,
Mode of Payment Account,付款方式默认科目,
Model,模型,
Modes of Payment,付款方式,
Monday,星期一,
Monitor Progress,监控进度,
Monitor for Last 'X' days,监控最近'X'天,
Monitoring Frequency,监测频率,
Month,月,
Month(s) after the end of the invoice month,费用清单月份结束后的月份,
Monthly,每月,
Monthly Distribution,月度分布,
Monthly Distribution Percentage,月度分布比例,
Monthly Distribution Percentages,月度分布比例,
Monthly Rate,月费,
Monthly Sales Target,每月销售目标,
Months,月数,
More Info,更多信息,
More Information,更多信息,
More/Less than 12 months.,超过/不足12个月,
Moving Average,移动平均,
Multi Currency,多币种,
Multiple Tier Program,多层计划,
Must be Whole Number,必须是整数,
Must be a publicly accessible Google Sheets URL and adding Bank Account column is necessary for importing via Google Sheets,必须是可公开访问的Google表格URL，且需添加银行账户列以便通过Google表格导入,
Mute Email,静音电子邮件,
My Profile,我的档案,
My Settings,我的设置,
N/A,N / A,
Name,名称,
Name and Employee ID,姓名和员工ID,
Name of Beneficiary,受益人姓名,
Name of the Monthly Distribution,月度分布名称,
Named Place,指定地点,
Naming Series,名录,
Naming Series Prefix,名录前缀,
Naming Series and Price Defaults,命名规则与价格默认值,
Natural Gas,天然气,
Net Amount,净额,
Net Amount (Company Currency),净金额（公司货币）,
Net Hour Rate,净小时价格,
Net Purchase Amount,采购净额,
Net Rate,净单价,
Net Rate (Company Currency),净单价（公司货币）,
Net Total,总净,
Net Total (Company Currency),总净金额（公司货币）,
Net Weight,净重,
Net Weight UOM,净重计量单位,
New Asset Value,新资产价值,
New BOM,新建物料清单,
New Balance In Account Currency,账户币种新余额,
New Balance In Base Currency,本币新余额,
New Exchange Rate,新汇率,
New Expenses,新的费用,
New Income,新的收入,
New Purchase Invoice,新购买发票,
New Purchase Orders,新建采购订单,
New Quotations,新报价,
New Sales Invoice,新的销售费用清单,
New Sales Orders,新建销售订单,
New Workplace,新工作地点,
New invoices will be generated as per schedule even if current invoices are unpaid or past due date,即使当前发票未付款或过期，也会按照计划生成新发票,
Next Depreciation Date,接下来折旧日期,
Next Due Date,下一个到期日,
Next email will be sent on:,下次邮件发送时间：,
No,No,
No Answer,未答复,
No of Docs,单据数量,
No of Employees,员工数量,
No of Months (Expense),月数（费用）,
No of Months (Revenue),月数（收入）,
No of Requested SMS,请求短信数量,
No of Sent SMS,发送短信数量,
No of Shares,股份数目,
No of Visits,访问数量,
No stock transactions can be created or modified before this date.,此日期前不可创建或修改库存交易,
No. of Employees,员工人数,
Non Conformance,不合格,
None,没有,
Not Applicable,不适用,
Not Billed,未开票,
Not Delivered,未交付,
Not Started,未开始,
Note,注,
Note: Email will not be sent to disabled users,注意：邮件不会发送给已禁用用户,
Notes,便签,
Notes HTML,备注HTML,
Notice (days),通告（天）,
Notify Employee,通知员工,
Notify Other,通知其他,
Notify Reposting Error to Role,向角色通知重新过账错误,
Notify Supplier,通知供应商,
Notify Via Email,通过电子邮件通知,
Notify by Email on Creation of Automatic Material Request,通过电子邮件通知创建自动物料请求,
Notify customer and agent via email on the day of the appointment.,在约会当天通过电子邮件通知客户和代理商。,
Number of Columns,列数,
Number of Concurrent Appointments,并发预约数,
Number of Days,天数,
Number of columns for this section. 3 cards will be shown per row if you select 3 columns.,此部分的列数。如果选择3列，每行将显示3张卡片。,
Number of days after invoice date has elapsed before canceling subscription or marking subscription as unpaid,在取消循环凭证或将循环凭证标记为未付之前，费用清单日期之后的天数已过,
Number of days appointments can be booked in advance,可以提前预约的天数,
Number of days that the subscriber has to pay invoices generated by this subscription,用户必须支付此订阅生成的费用清单的天数,
"Number of intervals for the interval field e.g if Interval is 'Days' and Billing Interval Count is 3, invoices will be generated every 3 days",间隔字段的间隔数，例如，如果间隔为'天数'并且计费间隔计数为3，则会每3天生成一次费用清单,
Numeric,数值型,
Numeric Inspection,数值检测,
Numeric Values,数字值,
O+,O +,
O-,O-,
Objective,目的,
Objectives,目标,
Odometer Value (Last),里程表值（最后）,
Off,关闭,
Offer Date,录用日期,
Offsetting Account,抵销科目,
Old Parent,旧上级,
Oldest Of Invoice Or Advance,最早发票或预付款,
On Hold,暂缓处理,
On Hold Since,暂停后,
On Item Quantity,关于物品数量,
On Net Total,基于净总计,
On Paid Amount,基于已付金额,
On Previous Row Amount,基于前一行的金额,
On Previous Row Total,基于前一行的总计,
On enabling this cancellation entries will be posted on the actual cancellation date and reports will consider cancelled entries as well,启用后，取消分录将在实际取消日期过账，报表将包含已取消分录,
"On submission of the stock transaction, system will auto create the Serial and Batch Bundle based on the Serial No / Batch fields.",提交库存交易时，系统将根据序列号/批次字段自动创建序列号和批次组合,
On-machine press checks,机上印刷检查,
"Once set, this invoice will be on hold till the set date",一旦设置，该费用清单将被保留至设定的日期,
Only 'Payment Entries' made against this advance account are supported.,仅支持针对本预支账户的付款凭证,
Only Deduct Tax On Excess Amount ,仅对超额部分扣税,
Only Include Allocated Payments,仅包含已分配付款,
Only applies for Normal Payments,仅适用于正常付款,
Only leaf nodes are allowed in transaction,只有叶节点中允许交易,
Only show Customer of these Customer Groups,仅显示这些客户组的客户,
Only show Items from these Item Groups,仅显示这些项目组中的项目,
"Only values between [0,1) are allowed. Like {0.00, 0.04, 0.09, ...}
Ex: If allowance is set at 0.07, accounts that have balance of 0.07 in either of the currencies will be considered as zero balance account","仅允许 [0,1) 之间的值。例如 {0.00, 0.04, 0.09, ...}
例如：如果限额设置为 0.07，则任一货币余额为 0.07 的账户将被视为零余额账户",
Open,开,
Open Activities HTML,打开活动HTML,
Open Issues,开放式问题,
Open Notifications,打开通知,
Open Projects,公开项目,
Open Quotations,打开报价单,
Open To Do,开放做,
Open Work Orders,打开工单,
Opening Accumulated Depreciation,期初累计折旧,
Opening Amount,期初金额,
Opening Balance Details,期初余额明细,
Opening Date,问题提交日期,
Opening Entry,开帐凭证,
Opening Invoice Creation Tool,费用清单创建工具,
Opening Invoice Creation Tool Item,费用清单创建工具项,
Opening Number of Booked Depreciations,期初已计提折旧次数,
Opening Stock,期初库存,
Opening Time,开放时间,
Operating Cost,营业成本,
Operating Cost (Company Currency),营业成本（公司货币）,
Operating Cost Per BOM Quantity,单位BOM数量运营成本,
Operating Cost(Company Currency),营业成本（公司货币）,
Operating Costs,运营成本,
Operation,操作,
Operation Cost,运营成本,
Operation Description,操作说明,
Operation ID,操作编号,
Operation Row Number,操作行号,
Operation Time,操作时间,
Operation completed for how many finished goods?,已为多少成品操作完成？,
Operation time does not depend on quantity to produce,工序时间与生产数量无关,
Operations,操作,
Operator,操作员,
Opportunities,机会,
Opportunity,机会,
Opportunity Amount,机会金额,
Opportunity Amount (Company Currency),商机金额（公司货币）,
Opportunity Date,日期机会,
Opportunity From,机会来源,
Opportunity Item,机会项（行）,
Opportunity Lost Reason,机会失去理智,
Opportunity Lost Reason Detail,机会丧失原因详细信息,
Opportunity Owner,商机负责人,
Opportunity Summary by Sales Stage,按销售阶段汇总商机,
Opportunity Type,机会类型,
Opportunity Value,商机价值,
Optimize Route,优化路线,
Options,选项,
Orange,橙子,
Order Confirmation Date,订单确认日期,
Order Confirmation No,订单确认号,
Order Date,订单日期,
Order Information,订单信息,
Order No,订单编号,
Order Status,订单状态,
Order Type,订单类型,
"Order in which sections should appear. 0 is first, 1 is second and so on.",应该出现哪些部分的顺序。 0是第一个，1是第二个，依此类推。,
Ordered,已下单,
Ordered Qty,订单数量,
Ordered Quantity,已下单数量,
Organization,组织,
Organization Name,组织名称,
Orientation,方向,
Original Item,原物料,
Other,其他,
Other Details,其他详情,
Other Info,其他信息,
Other Settings,其他设置,
Out of AMC,出资产管理公司,
Out of Order,乱序,
Out of Warranty,超出保修期,
Outgoing,出货检验,
Outgoing Rate,出库库存评估价,
Outstanding,未付,
Outstanding (Company Currency),未清金额（公司货币）,
Outstanding Amount,未付金额,
Outward,向外,
Over Billing Allowance (%),超过结算津贴（％）,
Over Delivery/Receipt Allowance (%),超过交货/收据津贴（％）,
Over Picking Allowance,超领料容差,
Over Transfer Allowance,超调拨容差,
Over Transfer Allowance (%),超过转移津贴（％）,
Overdue,逾期,
Overdue Days,逾期,
Overdue Payment,逾期付款,
Overdue Payments,逾期付款项,
Overdue and Discounted,逾期和折扣,
Overproduction Percentage For Sales Order,销售订单超额生产百分比,
Overproduction Percentage For Work Order,工作订单的超订单生产量的百分比,
Overproduction for Sales and Work Order,销售和工单的生产过剩,
Overview,概览,
Owned,已有所有者,
PAN No,PAN号,
PDF Name,PDF名称,
PIN,销,
PMO-,PMO-,
PO Supplied Item,PO提供的物品,
PO-JOB.#####,PO-JOB。#####,
POS,销售终端,
POS Closing Entry,POS结账单,
POS Closing Entry Detail,POS关闭输入明细,
POS Closing Entry Taxes,POS结关进项税,
POS Customer Group,销售终端客户群,
POS Field,POS场,
POS Invoice,POS发票,
POS Invoice Item,POS发票项目,
POS Invoice Merge Log,POS发票合并日志,
POS Invoice Reference,POS发票参考,
POS Invoices,POS发票,
POS Item Group,销售终端物料组,
POS Opening Entry,POS入口条目,
POS Opening Entry Detail,POS入口条目详细信息,
POS Payment Method,POS付款方式,
POS Profile,销售终端配置,
POS Profile User,POS配置文件用户,
POS Register,POS收银机,
POS Search Fields,销售点搜索字段,
POS Setting,销售点设置,
POS Settings,POS设置,
POS Transactions,POS交易,
POS-CLO-,POS-CLO-,
PSOA Cost Center,PSOA成本中心,
PSOA Project,PSOA项目,
PU-SSP-.YYYY.-,PU-SSP-.YYYY.-,
PUR-ORD-.YYYY.-,PUR-ORD-.YYYY.-,
PUR-RFQ-.YYYY.-,PUR-RFQ-.YYYY.-,
PUR-SQTN-.YYYY.-,PUR-SQTN-.YYYY.-,
PZN,药品中央编号,
Package Weight Details,包装重量信息,
Packed Item,盒装产品,
Packed Items,已打包物料,
Packed Qty,已打包数量,
Packing List,包装清单,
Packing Slip,装箱单,
Packing Slip Item,装箱单项,
Packing Unit,包装单位,
Page Break,分页符,
Page Break After Each SoA,每份对账单后分页,
Paid,已付款,
Paid Amount,已付金额,
Paid Amount (Company Currency),已支付的金额（公司货币）,
Paid Amount After Tax,税后已付金额,
Paid Amount After Tax (Company Currency),税后已付金额（公司货币）,
Paid From Account Type,付款来源账户类型,
Paid Loan,付费贷款,
Paid To Account Type,付款目标账户类型,
Pallets,托盘,
Parameter,参数,
Parameter Group,参数组,
Parameter Group Name,参数组名称,
Parameter Name,参数名称,
Parameters,参数,
Parcel Template,包裹模板,
Parcel Template Name,包裹模板名称,
Parcels,包裹,
Parent,上级,
Parent Account,上级账号,
Parent Batch,上级批次,
Parent Company,母公司,
Parent Cost Center,上级成本中心,
Parent Customer Group,父（上级）客户群组,
Parent Department,上级部门,
Parent Detail docname,上级详细文件名,
Parent Document,上级单据,
Parent Item,上级项目,
Parent Item Group,父（上级）项目组,
Parent Location,上级位置,
Parent Procedure,父程序,
Parent Row No,上级行号,
Parent Sales Person,母公司销售人员,
Parent Supplier Group,上级供应商组,
Parent Task,上级任务,
Parent Territory,上级领域,
Parent Warehouse,上级仓库,
Partial Material Transferred,部分物料已转移,
Partial Success,部分成功,
"Partial stock can be reserved. For example, If you have a Sales Order of 100 units and the Available Stock is 90 units then a Stock Reservation Entry will be created for 90 units. ",可保留部分库存。例如：若销售订单为100单位，可用库存90单位，则将创建90单位的库存保留记录,
Partially Completed,部分完成,
Partially Delivered,部分交付,
Partially Depreciated,部分贬值,
Partially Fulfilled,部分实现,
Partially Ordered,部分订购,
Partially Paid,部分付款,
Partially Received,部分收到,
Partially Reconciled,部分对账,
Partially Reserved,部分保留,
Partly Billed,部分开票,
Partly Delivered,部分交付,
Partly Paid,部分支付,
Partly Paid and Discounted,部分支付并折让,
Partner Type,合作伙伴类型,
Partner website,合作伙伴网站,
Partnership,合伙企业,
Party,往来单位,
Party Account,往来单位科目,
Party Account Currency,往来单位科目币种,
Party Account No. (Bank Statement),交易方账号（银行对账单）,
Party Balance,往来单位余额,
Party Bank Account,党银行账户,
Party Details,往来单位详细信息,
Party IBAN (Bank Statement),交易方国际银行账号（银行对账单）,
Party Information,党的信息,
Party Item Code,交易方物料编码,
Party Link,交易方链接,
Party Name,往来单位名称,
Party Name/Account Holder (Bank Statement),交易方名称/账户持有人（银行对账单）,
Party Specific Item,交易方特定物料,
Party Type,往来单位类型,
Party User,往来单位用户,
Passed,已通过,
Passport Details,护照详情,
Passport Number,护照号码,
Past Due Date,过去的截止日期,
Path,路径,
Pause,暂停,
Pause SLA On Status,暂停状态中的SLA,
Paused,已暂停,
Pay,支付,
Pay To / Recd From,支付/ 收款自,
Payable,应付,
Payables,应付账款,
Payer Settings,付款人设置,
Payment,付款,
Payment Account,付款帐号,
Payment Amount,付款金额,
Payment Amount (Company Currency),付款金额（公司货币）,
Payment Channel,付款渠道,
Payment Deductions or Loss,付款扣除或损失,
Payment Document,付款单据,
Payment Due Date,付款到期日,
Payment Entries,付款项,
Payment Entry,付款凭证,
Payment Entry Deduction,输入付款扣除,
Payment Entry Reference,付款凭证参考,
Payment From / To,支付自/至,
Payment Gateway,支付网关,
Payment Gateway Account,支付网关账户,
Payment Gateway Details,支付网关信息,
Payment Ledger,付款分类账,
Payment Ledger Entry,付款分类账分录,
Payment Limit,付款限额,
Payment Methods,支付方式,
Payment Order,付款单,
Payment Order Reference,付款订单参考,
Payment Order Status,付款订单状态,
Payment Order Type,付款订单类型,
Payment Ordered,付款订购,
Payment Period Based On Invoice Date,基于费用清单日期的付款期间,
Payment Plan,付款计划,
Payment Reconciliation,付款对账,
Payment Reconciliation Allocation,付款对账分配,
Payment Reconciliation Invoice,付款发票对账,
Payment Reconciliation Payment,付款方式付款对账,
Payment Reconciliation Settings,付款对账设置,
Payment Reference,付款凭据,
Payment References,付款参考,
Payment Request,付款申请,
Payment Request Outstanding,未结付款请求,
Payment Request Type,付款申请类型,
Payment Request created from Sales Order or Purchase Order will be in Draft status. When disabled document will be in unsaved state.,销售订单或采购订单生成的付款请求将处于草稿状态。禁用后单据将处于未保存状态,
Payment Schedule,付款工时单,
Payment Term,付款期限,
Payment Term Name,付款条款名称,
Payment Term Outstanding,未结付款条款,
Payment Terms,付款条件,
Payment Terms Status for Sales Order,销售订单付款条款状态,
Payment Terms Template,付款条款模板,
Payment Terms Template Detail,付款条款模板细节,
Payment Terms from orders will be fetched into the invoices as is,订单中的付款条款将原样带入发票,
Payment Type,付款类型,
Payments,付款,
Payroll Entry,工资计算,
Payslip,工资单,
Pending,有待,
Pending Amount,待审核金额,
Pending Qty,待定数量,
Pending Review,待审核,
Pending SO Items For Purchase Request,针对采购申请的待处理销售订单行,
Per Month,每月,
Per Received,每接收,
Per Transferred,每次转移,
Per Week,每个星期,
Per Year,每年,
Percentage,百分比,
Percentage (%),百分比（%）,
Percentage Allocation,核销百分比,
Percentage you are allowed to order beyond the Blanket Order quantity.,允许超出总括订单数量的订购百分比,
Percentage you are allowed to sell beyond the Blanket Order quantity.,允许超出总括订单数量的销售百分比,
Percentage you are allowed to transfer more against the quantity ordered. For example: If you have ordered 100 units. and your Allowance is 10% then you are allowed to transfer 110 units.,允许您根据订购数量转移更多的百分比。例如：如果您订购了100个单位。你的津贴是10％，那么你可以转让110个单位。,
Period Closing Settings,期间关账设置,
Period Closing Voucher,期末结帐凭证,
Period Details,期间明细,
Period End Date,期末结束日期,
Period Name,期间名称,
Period Score,期间得分,
Period Settings,期间设置,
Period Start Date,期间开始日期,
Period To Date,当期至今,
Period_from_date,期间起始日期,
Periodicity,周期性,
Permanent Address,永久地址,
Permanent Address Is,永久地址,
Personal Details,个人资料,
Personal Email,个人电子邮件,
Petrol,汽油,
Phone,电话,
Phone Ext.,分机号,
Phone No,电话号码,
Phone Number,电话号码,
Pick List,选择列表,
Pick List Item,选择清单项目,
Pick Manually,手动拣选,
Pick Serial / Batch Based On,按序列号/批次拣选,
Pick Serial / Batch No,拣选序列/批次号,
Picked Qty,挑选数量,
Picked Qty (in Stock UOM),已拣数量（库存单位）,
Pickup,提货,
Pickup Contact Person,提货联系人,
Pickup Date,提货日期,
Pickup From,提货自,
Pickup Type,提货类型,
Pickup from,提货起始时间,
Pickup to,提货截止时间,
Place of Issue,签发地点,
Plaid Access Token,格子访问令牌,
Plaid Client ID,格子客户端ID,
Plaid Environment,格子环境,
Plaid Secret,格子秘密,
Plaid Settings,格子设置,
Plan,计划,
Plan Name,计划名称,
Plan material for sub-assemblies,计划材料为子组件,
Plan operations X days in advance,提前X天计划运营,
Plan time logs outside Workstation working hours,计划工作站工作时间以外的时间日志,
Plan to Request Qty,计划申请数量,
Planned,计划,
Planned End Date,计划的结束日期,
Planned End Time,计划结束时间,
Planned Operating Cost,计划运营成本,
Planned Qty,计划数量,
Planned Quantity,计划数量,
Planned Start Date,计划开始日期,
Planned Start Time,计划开始时间,
Planning,规划,
Plans,计划,
Plant Dashboard,工厂看板,
Plant Floor,车间现场,
Point Of Sale,销售点,
Policy No,政策：,
Policy number,保单号码,
Portal,门户,
Portal User,门户用户,
Portal Users,门户用户,
Portrait,肖像,
Post Description Key,发布说明密钥,
Post Graduate,研究生,
Post Route Key,邮政路线密钥,
Post Route Key List,发布路由密钥列表,
Post Route String,邮政路线字符串,
Post Title Key,帖子标题密钥,
Posting Date,记帐日期,
Posting Date Inheritance for Exchange Gain / Loss,汇兑损益的过账日期继承,
Posting Datetime,过账时间,
Posting Time,记帐时间,
Potential Sales Deal,潜在的销售交易,
Prefered Contact Email,首选联系邮箱,
Prefered Email,首选电子邮件,
Prevdoc DocType,Prevdoc的文件类型,
Prevent POs,防止PO,
Prevent Purchase Orders,防止采购订单,
Prevent RFQs,防止RFQ,
Preventive,预防,
Preventive Action,预防措施,
Preventive Maintenance,预防性的维护,
Preview,预览,
Preview Email,预览电子邮件,
Preview Required Materials,预览所需物料,
Previous Work Experience,以前工作经验,
Price,价格,
Price Discount Scheme,价格折扣计划,
Price Discount Slabs,价格折扣板,
Price List,价格清单,
Price List Country,价格清单国家,
Price List Currency,价格清单货币,
Price List Defaults,价格表默认值,
Price List Exchange Rate,价格清单汇率,
Price List Name,价格列表名称,
Price List Rate,价格清单单价,
Price List Rate (Company Currency),价格清单单价（公司货币）,
Price Not UOM Dependent,价格不是UOM依赖,
Price or Product Discount,价格或产品折扣,
Pricing Rule,定价规则,
Pricing Rule Brand,定价规则品牌,
Pricing Rule Detail,定价规则细节,
Pricing Rule Help,定价规则说明,
Pricing Rule Item Code,定价规则项目代码,
Pricing Rule Item Group,定价规则项目组,
Pricing Rules,定价规则,
Primary Address,主要地址,
Primary Address and Contact,主要地址和联系方式,
Primary Contact,主要联系人,
Primary Contact Email,主要联系人电子邮件,
Primary Party,主要政党,
Primary Role,主要角色,
Primary Settings,主要设置,
Print Format,打印格式,
Print Heading,打印标题,
Print Language,打印语言,
Print Preferences,打印首选项,
Print Receipt on Order Complete,订单完成时打印收据,
Print Settings,打印设置,
Print Without Amount,打印量不,
Printing Details,打印设置,
Printing Settings,打印设置,
Priorities,优先级,
Priority,优先,
Probability,可能性,
Probability (%),概率（％）,
Problem,问题,
Procedure,程序,
Process Deferred Accounting,递延会计处理,
Process Description,进度解析,
Process Loss,加工损耗,
Process Loss Qty,加工损耗数量,
Process Loss Report,加工损耗报告,
Process Owner,流程负责人,
Process Owner Full Name,流程所有者全名,
Process Payment Reconciliation,处理付款对账,
Process Payment Reconciliation Log,处理付款对账日志,
Process Payment Reconciliation Log Allocations,处理付款对账日志分配,
Process Statement Of Accounts,流程帐目表,
Process Statement Of Accounts CC,处理抄送账户对账单,
Process Statement Of Accounts Customer,流程帐目客户,
Process Subscription,处理订阅,
Process in Single Transaction,在单事务中处理,
Processed BOMs,已处理物料清单,
Processes,流程,
Procurement Tracker,采购跟踪器,
Produced,生产,
Produced Qty,生产数量,
Produced Quantity,生产的产品数量,
Product,产品,
Product Bundle,产品包,
Product Bundle Balance,产品包余额,
Product Bundle Help,产品包帮助,
Product Bundle Item,产品包物料,
Product Discount Scheme,产品折扣计划,
Product Discount Slabs,产品折扣板,
Product Enquiry,产品查询,
Product Price ID,产品价格ID,
Production,生产,
Production Analytics,生产Analytics（分析）,
Production Item,生产物料,
Production Plan,生产计划,
Production Plan Item,生产计划项,
Production Plan Item Reference,生产计划项引用,
Production Plan Material Request,生产计划申请材料,
Production Plan Material Request Warehouse,生产计划物料申请仓库,
Production Plan Qty,生产计划数量,
Production Plan Sales Order,生产计划销售订单,
Production Plan Sub Assembly Item,生产计划子装配项,
Production Plan Sub-assembly Item,生产计划子装配项,
Production Plan Summary,生产计划摘要,
Production Planning Report,生产计划报告,
Profile,配置文件,
Profit & Loss,利润损失,
Profit and Loss,损益表,
Profit and Loss Statement,损益表,
Profit and Loss Summary,损益汇总,
Profitability Analysis,盈利能力分析,
Progress,进度,
Project,项目,
Project Billing Summary,项目开票摘要,
Project Name,项目名称,
Project Status,项目状态,
Project Summary,项目总结,
Project Template,项目模板,
Project Template Task,项目模板任务,
Project Type,项目类型,
Project Update,项目更新,
Project User,项目用户,
Project will be accessible on the website to these users,这些用户可在网站上访问该项目,
Project wise Stock Tracking,项目明智的库存跟踪,
Projected,预期可用库存报表,
Projected Qty,预计数量,
Projected Quantity as Source,基于预期可用库存,
Projects,工程,
Projects Manager,工程经理,
Projects Settings,工程设置,
Projects User,工程用户,
Promotional,促销性,
Promotional Scheme,促销计划,
Promotional Scheme Id,促销计划ID,
Promotional Scheme Price Discount,促销计划价格折扣,
Promotional Scheme Product Discount,促销计划产品折扣,
Prompt Qty,即时数量,
Prorate,按比例分配,
Prospect,潜在客户,
Prospect Lead,潜在客户线索,
Prospect Opportunity,潜在商机,
Prospect Owner,潜在客户负责人,
Prospects Engaged But Not Converted,展望未成熟,
Provide Email Address registered in company,提供公司注册邮箱地址,
Provider,提供商,
Providing,提供,
Provisional Expense Account,暂记费用科目,
Publish Date,发布日期,
Publisher,发布者,
Publisher ID,发布者ID,
Purchase,采购,
Purchase Amount,采购金额,
Purchase Analytics,采购分析,
Purchase Date,采购日期,
Purchase Defaults,采购默认值,
Purchase Details,采购明细,
Purchase Invoice,采购费用清单,
Purchase Invoice Advance,采购费用清单预付,
Purchase Invoice Item,采购费用清单项,
Purchase Invoice Trends,采购费用清单趋势,
Purchase Manager,采购经理,
Purchase Master Manager,采购方面的主要经理,
Purchase Order,采购订单,
Purchase Order Analysis,采购订单分析,
Purchase Order Item,采购订单项,
Purchase Order Item Supplied,采购订单外发物料,
Purchase Order Pricing Rule,采购订单定价规则,
Purchase Order Trends,采购订单趋势,
Purchase Orders Items Overdue,采购订单项目逾期,
Purchase Orders to Bill,需要开具账单的采购订单,
Purchase Orders to Receive,要收货的采购订单,
Purchase Receipt,采购收货单,
Purchase Receipt (Draft) will be auto-created on submission of Subcontracting Receipt.,提交分包收货单时将自动创建采购收货单（草稿）,
Purchase Receipt Detail,采购收货明细,
Purchase Receipt Item,采购入库项,
Purchase Receipt Item Supplied,外包订单外发物料,
Purchase Receipt Items,采购收据项,
Purchase Receipt No,采购收据号码,
Purchase Receipt Trends,采购收货趋势,
Purchase Receipts,采购收货,
Purchase Register,采购台帐,
Purchase Tax Template,进项税模板,
Purchase Taxes and Charges,购置税/费,
Purchase Taxes and Charges Template,进项税/费模板,
Purchase User,购买用户,
Purchased,已采购,
Purchasing,采购,
Purple,紫色,
Purpose,目的,
Purposes,用途,
Putaway Rule,上架规则,
Qty,数量,
Qty (Company),数量（公司）,
Qty (Warehouse),数量（仓库）,
Qty After Transaction,交易后数量,
Qty As Per BOM,按物料清单数量,
Qty Change,数量变更,
Qty Consumed Per Unit,每单位消耗数量,
Qty In Stock,库存数量,
Qty To Manufacture,生产数量,
Qty To Produce,待生产数量,
Qty and Rate,数量与费率,
Qty as Per Stock UOM,按库存计量单位的数量,
Qty as per Stock UOM,按库存计量单位数量,
Qty for which recursion isn't applicable.,不适用递归的数量,
Qty in Stock UOM,库存计量单位数量,
Qty of Finished Goods Item,成品数量,
Qty of raw materials will be decided based on the qty of the Finished Goods Item,原材料的数量将根据成品的数量来确定,
Qty to Be Consumed,待消耗数量,
Qty to Transfer,转移数量,
Qualification,资历,
Qualification Status,资质状态,
Qualified,已认证,
Qualified By,认证人,
Qualified on,认证日期,
Quality,质量,
Quality Action,质量行动,
Quality Action Resolution,质量行动决议,
Quality Feedback,质量反馈,
Quality Feedback Parameter,质量反馈参数,
Quality Feedback Template,质量反馈模板,
Quality Feedback Template Parameter,质量反馈模板参数,
Quality Goal,质量目标,
Quality Goal Objective,质量目标,
Quality Inspection,质量检验,
Quality Inspection Parameter,质量检验参数,
Quality Inspection Parameter Group,质量检验参数组,
Quality Inspection Reading,质量检验报表,
Quality Inspection Required,需要质量检查,
Quality Inspection Settings,质量检验设置,
Quality Inspection Summary,质量检验总结,
Quality Inspection Template,质量检验模板,
Quality Inspection Template Name,质量检验模板名称,
Quality Management,质量管理,
Quality Manager,质量经理,
Quality Meeting,质量会议,
Quality Meeting Agenda,质量会议议程,
Quality Meeting Minutes,质量会议纪要,
Quality Procedure,质量程序,
Quality Procedure Process,质量程序流程,
Quality Review,质量审查,
Quality Review Objective,质量审查目标,
Quantity,数量,
Quantity  that must be bought or sold per UOM,每个UOM必须购买或出售的数量,
Quantity & Stock,数量和库存,
Quantity Difference,数量差异,
Quantity and Amount,数量和金额,
Quantity and Description,数量和描述,
Quantity and Rate,数量和价格,
Quantity and Warehouse,数量和仓库,
Quantity of item obtained after manufacturing / repacking from given quantities of raw materials,原材料被生产/重新打包后得到的物料数量,
Quarterly,季度,
Query Options,查询选项,
Query Route String,查询路由字符串,
Queued,排队,
Quick Stock Balance,快速库存平衡,
Quotation,报价,
Quotation Item,报价物料,
Quotation Lost Reason,报价遗失原因,
Quotation Lost Reason Detail,报价丢失原因明细,
Quotation Number,报价单编号,
Quotation To,报价对象,
Quotation Trends,报价趋势,
Quote Status,报价状态,
Raise Material Request When Stock Reaches Re-order Level,库存达到再订购水平时提高物料请求,
Raised By,提出,
Raised By (Email),提出（电子邮件）,
Random,随机,
Range,范围,
Rate,单价,
Rate & Amount,价格和金额,
Rate (Company Currency),单价（公司货币）,
Rate Of Materials Based On,基于以下的物料单价,
Rate Of TDS As Per Certificate,根据证书的TDS费率,
Rate Section,费率部分,
Rate With Margin,利率保证金,
Rate With Margin (Company Currency),利率保证金（公司货币）,
Rate and Amount,单价及小计,
Rate at which Customer Currency is converted to customer's base currency,客户货币转换为客户的本币后的单价,
Rate at which Price list currency is converted to company's base currency,价格清单货币转换为公司的本币后的单价,
Rate at which Price list currency is converted to customer's base currency,价格清单货币转换成客户的本币后的单价,
Rate at which customer's currency is converted to company's base currency,客户的货币转换为公司的本币后的单价,
Rate at which supplier's currency is converted to company's base currency,供应商的货币转换为公司的本币后的单价,
Rate at which this tax is applied,应用此税率的单价,
Rate of Depreciation,折旧率,
Rate of Depreciation (%),折旧率 (%),
Rate of Interest (%) Yearly,利息率的比例（％）年,
Rate of Stock UOM,库存计量单位费率,
Rate or Discount,价格或折扣,
Rates,价格,
Rating,评分,
Raw Material Cost,原材料成本,
Raw Material Cost (Company Currency),原材料成本（公司货币）,
Raw Material Cost Per Qty,单位数量原材料成本,
Raw Material Item Code,原材料物料编号,
Raw Materials,原材料,
Raw Materials Actions,原材料操作,
Raw Materials Consumed,原材料消耗,
Raw Materials Supplied,已提供的原材料,
Raw Materials Supplied Cost,已提供的原材料成本,
Raw Materials Warehouse,原材料仓库,
Re-order Level,重订货水平,
Re-order Qty,再订货数量,
Read Only,只读,
Reading 1,检验结果1,
Reading 10,检验结果10,
Reading 2,检验结果2,
Reading 3,检验结果3,
Reading 4,检验结果4,
Reading 5,检验结果5,
Reading 6,检验结果6,
Reading 7,检验结果7,
Reading 8,检验结果8,
Reading 9,检验结果9,
Reading Value,读数值,
Readings,检验结果,
Reason For Putting On Hold,搁置的理由,
Reason for Leaving,离职原因,
Recalculate Incoming/Outgoing Rate,重新计算进出汇率,
Receipt,收据,
Receipt Document,收到文件,
Receipt Document Type,收据凭证类型,
Receivable,应收账款,
Receivable / Payable Account,应收/应付账款,
Receivable/Payable Account,应收/应付账户,
Receivables,应收款,
Receive,收款,
Received,收到,
Received Amount,收到的金额,
Received Amount (Company Currency),收到的款项（公司币种）,
Received Amount After Tax,税后已收金额,
Received Amount After Tax (Company Currency),税后已收金额（公司货币）,
Received Items To Be Billed,待开费用清单已收货物料,
Received Qty,收到数量,
Received Qty in Stock UOM,以库存单位计的已收数量,
Received Quantity,收到的数量,
Received and Accepted,收到并接受,
Receiver List,接收人列表,
Receiving,接收,
Recipient,收件人,
Recipient Message And Payment Details,收件人邮件和付款细节,
Recipients,收件人,
Reconcile,核消（对帐）,
Reconcile All Serial Nos / Batches,对账所有序列号/批次,
Reconcile Effect On,对账生效时间,
Reconcile on Advance Payment Date,按预付款日期对账,
Reconciled,不甘心,
Reconciled Entries,已对账分录,
Reconciliation Date,对账日期,
Reconciliation Error Log,对账错误日志,
Reconciliation Queue Size,对账队列大小,
Reconciliation Takes Effect On,对账生效于,
Recording HTML,记录HTML,
Recording URL,录制网址,
Recurse Every (As Per Transaction UOM),递归周期（按交易单位）,
Red,红,
Redeem Against,兑换,
Redeem Loyalty Points,兑换忠诚度积分,
Redeemed Points,兑换积分,
Redemption,赎回,
Redemption Account,赎回账户,
Redemption Cost Center,赎回成本中心,
Redemption Date,赎回日期,
Ref Code,参考代码,
Reference,参考,
Reference Date,参考日期,
Reference Detail,参考明细,
Reference Detail No,参考详细信息,
Reference Doctype,参考文档类型,
Reference Document,参考文献,
Reference Document Name,参考文件名称,
Reference Document Type,参考文档类型,
Reference Due Date,参考到期日,
Reference Exchange Rate,参考汇率,
Reference Name,参考名称,
Reference No,参考号,
Reference Number,参考号码,
Reference Purchase Receipt,参考购买收据,
Reference Row,引用行,
Reference Row #,参考行＃,
Reference Type,参考类型,
Reference number of the invoice from the previous system,旧系统的发票参考号,
References,参考,
Referral Code,推荐码,
Referral Sales Partner,推荐销售合作伙伴,
Refresh Google Sheet,刷新Google表格,
Regional,区域性,
Registration Details,注册详细信息,
Regular,定期,
Rejected,拒绝,
Rejected Qty,拒收数量,
Rejected Quantity,拒收数量,
Rejected Serial No,拒收序列号,
Rejected Serial and Batch Bundle,拒收序列号和批次包,
Rejected Warehouse,拒收仓库,
Relation,关系,
Release Date,发布日期,
Relieving Date,离职日期,
Reload,重新加载,
Remark,备注,
Remarks,备注,
Remarks Column Length,备注栏长度,
Rename Attribute Value in Item Attribute.,在物料属性中重命名属性值。,
Rename Log,重命名日志,
Rename Tool,重命名工具,
Rent Cost,租金成本,
Rented,租,
Reorder level based on Warehouse,根据仓库订货点水平,
Repack,包装,
Repair Cost,修理费用,
Repair Details,维修详情,
Repair Status,维修状态,
Replace,更换,
Replace BOM,更换BOM,
"Replace a particular BOM in all other BOMs where it is used. It will replace the old BOM link, update cost and regenerate ""BOM Explosion Item"" table as per new BOM.
It also updates latest price in all the BOMs.","在使用BOM的所有其他BOM中替换BOM。 它将替换旧的 BOM 链接，更新成本，并按照新建BOM 重新生成“BOM Explosion item”表。
它也更新了所有BOMM的最新价格。",
Replied,回答,
Report,报告,
Report Date,报表日期,
Report Filters,报表筛选条件,
Report Type,报告类型,
Reports,报告,
Reports to,上级主管,
Repost Accounting Ledger,重新过账会计分类账,
Repost Accounting Ledger Items,重新过账会计分类账项目,
Repost Accounting Ledger Settings,重新过账会计分类账设置,
Repost Allowed Types,允许重新过账的类型,
Repost Error Log,重新过账错误日志,
Repost Item Valuation,重新过账物料估值,
Repost Payment Ledger,重新过账付款分类账,
Repost Payment Ledger Items,重新过账付款分类账项目,
Repost Status,重新过账状态,
Reposting Data File,重新过账数据文件,
Reposting Info,重新过账信息,
Represents Company,代表公司,
Represents a Financial Year. All accounting entries and other major transactions are tracked against the Fiscal Year.,表示一个财年。所有会计分录和主要交易均按财年跟踪,
Request Parameters,请求参数,
Request Type,需求类型,
Request for,需求目的,
Request for Information,索取资料,
Request for Quotation,询价,
Request for Quotation Item,询价项目,
Request for Quotation Supplier,询价供应商,
Requested,要求,
Requested Items To Be Transferred,已申请待移转物料,
Requested Items to Order and Receive,要求订购和接收的物品,
Requested Numbers,请求号码,
Requested Qty,需求数量,
Required By,必选,
Required Date,需求日期,
Required Items,所需物料,
Required Qty,需求数量,
Requirement,需求,
Requires Fulfilment,需要履行,
"Reselect, if the chosen address is edited after save",重新选择，如果所选地址在保存后被编辑,
"Reselect, if the chosen contact is edited after save",重新选择，如果所选联系人在保存后被编辑,
Reservation Based On,预留依据,
Reserve Stock,预留库存,
Reserve Warehouse,储备仓库,
Reserved,保留的,
Reserved Qty,预留数量,
Reserved Qty for Production,用于生产的预留数量,
Reserved Qty for Production Plan,生产计划预留数量,
Reserved Qty for Subcontract,外协预留数量,
Reserved Stock,预留库存,
Reset Company Default Values,重置公司默认值,
Reset Raw Materials Table,重置原材料表,
Reset Service Level Agreement,重置服务水平协议,
Resignation Letter Date,辞职信日期,
Resolution,决议,
Resolution By,分辨率,
Resolution Date,决议日期,
Resolution Details,详细解析,
Resolution Due,解决到期日,
Resolution Time,解决时间,
Resolutions,决议,
Resolved,解决,
Resolved By,议决,
Response By,回应,
Response Details,回应详情,
Response Key List,响应密钥列表,
Response Options,响应选项,
Response Result Key Path,响应结果关键路径,
Response and Resolution,响应与解决,
Responsible,负责任的,
Restrict,限制,
Restrict Items Based On,基于以下限制物料,
Restrict to Countries,限制到国家,
Result Key,结果键,
Result Preview Field,结果预览字段,
Result Route Field,结果路由字段,
Result Title Field,结果标题字段,
Retain Sample,保留样品,
Retried,已重试,
Return,回报,
Return Against,退货依据,
Return Against Delivery Note,基于销售出货单退货,
Return Against Purchase Invoice,基于采购费用清单退货,
Return Against Purchase Receipt,基于外购收货退货,
Return Against Subcontracting Receipt,依据外协收货单退货,
Return Issued,已发出退货,
Return Qty from Rejected Warehouse,从拒收仓库退货数量,
Returned,已退货,
Returned Against,退货依据,
Returned Qty,退货数量,
Returned Qty ,退货数量,
Returned Qty in Stock UOM,以库存单位计的退货数量,
Returns,退货,
Reversal Of,冲销依据,
Review,评论,
Review Date,评论日期,
Reviews,评测,
Rgt,Rgt,
Right Child,右子节点,
Right Index,正确的索引,
Ringing,铃声,
Role Allowed to Create/Edit Back-dated Transactions,允许创建/编辑倒签交易的角色,
Role Allowed to Edit Frozen Stock,允许角色编辑冻结库存,
Role Allowed to Over Bill ,允许超额开票的角色,
Role Allowed to Over Deliver/Receive,允许超额交付/接收的角色,
Role Allowed to Override Stop Action,允许覆盖停止操作的角色,
Role Allowed to Set Frozen Accounts and Edit Frozen Entries,允许角色设置冻结帐户和编辑冻结条目,
Role allowed to bypass Credit Limit,允许绕过信用额度的角色,
Root,根,
Root Type,根类型,
Round Free Qty,四舍五入免费数量,
Round Off,四舍五入,
Round Off Account,四舍五入科目,
Round Off Cost Center,四舍五入成本中心,
Round Off Tax Amount,四舍五入税额,
Round Off for Opening,期初四舍五入,
Round Tax Amount Row-wise,按行四舍五入税额,
Rounded Total,圆整后金额,
Rounded Total (Company Currency),圆整后金额（公司货币）,
Rounding Adjustment,舍入调整,
Rounding Adjustment (Company Currency,四舍五入调整（公司货币）,
Rounding Adjustment (Company Currency),四舍五入调整（公司货币）,
Rounding Loss Allowance,四舍五入损失允许值,
Route,路线,
Routing,路由,
Routing Name,路由名称,
Rows with Same Account heads will be merged on Ledger,具有相同帐户头的行将在分类帐上合并,
Rule Applied,适用规则,
Rule Description,规则说明,
Run parallel job cards in a workstation,在工作站中运行并行作业卡,
Running,运行中,
SAL-CAM-.YYYY.-,SAL-CAM-.YYYY.-,
SAL-ORD-.YYYY.-,SAL-ORD-.YYYY.-,
SAL-QTN-.YYYY.-,SAL-QTN-.YYYY.-,
SCO Supplied Item,SCO 提供的物品,
SER-WRN-.YYYY.-,SER-WRN-.YYYY.-,
SLA Fulfilled On,SLA 完成于,
SLA Fulfilled On Status,SLA 已完成状态,
SLA Paused On,SLA 暂停于,
SMS Center,短信中心,
SMS Log,短信日志,
STO-ITEM-.YYYY.-,STO-ITEM-.YYYY.-,
STO-PICK-.YYYY.-,STO-PICK-.YYYY.-,
SUP-.YYYY.-,SUP-.YYYY.-,
SWIFT Number,SWIFT号码,
SWIFT number,环球银行金融电信协会代码,
Safety Stock,安全库存,
Salary,工资,
Salary Currency,薪资货币,
Salary Mode,工资发放方式,
Sales,销售,
Sales Analytics,销售分析,
Sales Contributions and Incentives,销售贡献和激励,
Sales Defaults,销售默认值,
Sales Funnel,销售漏斗,
Sales Incoming Rate,销售收入率,
Sales Invoice,销售费用清单,
Sales Invoice Advance,销售费用清单预付款,
Sales Invoice Item,销售费用清单项目,
Sales Invoice No,销售发票编号,
Sales Invoice Payment,销售发票付款,
Sales Invoice Timesheet,销售费用清单工时单,
Sales Invoice Trends,销售费用清单趋势,
Sales Manager,销售经理,
Sales Master Manager,销售经理大师,
Sales Monthly History,销售月历,
Sales Order,销售订单,
Sales Order Analysis,销售订单分析,
Sales Order Date,销售订单日期,
Sales Order Item,销售订单物料,
Sales Order Packed Item,销售订单打包的物品,
Sales Order Reference,相关销售订单,
Sales Order Status,销售订单状态,
Sales Order Trends,销售订单趋势,
Sales Orders,销售订单,
Sales Orders to Bill,应开账单的的销售订单,
Sales Orders to Deliver,要交付的销售订单,
Sales Partner,销售合作伙伴,
Sales Partner ,销售合作伙伴,
Sales Partner Commission Summary,销售合作伙伴佣金摘要,
Sales Partner Item,销售合作伙伴项目,
Sales Partner Name,销售合作伙伴名称,
Sales Partner Target,销售合作伙伴目标,
Sales Partner Target Variance based on Item Group,销售合作伙伴基于项目组的目标差异,
Sales Partner Transaction Summary,销售合作伙伴交易摘要,
Sales Partner Type,销售伙伴类型,
Sales Partners Commission,销售合作伙伴佣金,
Sales Payment Summary,销售付款摘要,
Sales Person,销售人员,
Sales Person Commission Summary,销售人员委员会摘要,
Sales Person Name,销售人员姓名,
Sales Person Target Variance Based On Item Group,基于项目组的销售人员目标差异,
Sales Person Targets,销售人员目标,
Sales Person-wise Transaction Summary,各销售人员业务汇总,
Sales Pipeline Analytics,销售管道分析,
Sales Register,销售台帐,
Sales Stage,销售阶段,
Sales Tax Template,销售税模板,
Sales Taxes and Charges,销售税费,
Sales Taxes and Charges Template,销项税/费模板,
Sales Team,销售团队,
Sales Update Frequency in Company and Project,公司和项目的销售更新频率,
Sales User,销售用户,
Salutation,称呼,
Salvage Value Percentage,残值百分比,
Same Item,相同的项目,
Sample Quantity,样品数量,
Sample Retention Warehouse,样品保留仓库,
Sample Size,样本大小,
Sanctioned,核准,
Saturday,星期六,
Scan Barcode,扫条码,
Scan Mode,扫描模式,
Scanned Cheque,支票扫描,
Schedule,计划任务,
Schedule Date,计划任务日期,
Scheduled,已计划,
Scheduled Date,计划日期,
Scheduled Time,计划的时间,
Scheduled Time Logs,计划时间日志,
Schedules,计划任务,
Scheduling,计划调度,
School/University,学校/大学,
Score,得分了,
Scorecard Actions,记分卡操作,
"Scorecard variables can be used, as well as:
{total_score} (the total score from that period),
{period_number} (the number of periods to present day)
","可以使用记分卡变量，以及：
{total_score} （该期间的总分），
{period_number} （截至今天的期间数）",
Scoring Criteria,评分标准,
Scoring Setup,得分设置,
Scoring Standings,得分排名,
Scrap & Process Loss,废料和工艺损失,
Scrap Cost Per Qty,每个数量的废料成本,
Scrap Item Code,废品项目代码,
Scrap Item Name,废件项目名称,
Scrap Items,废品,
Scrap Material Cost,废料成本,
Scrap Material Cost(Company Currency),废料成本（公司货币）,
Scrap Warehouse,废料仓库,
Scrapped,报废,
Search APIs,搜索API,
Search Term Param Name,搜索字词Param Name,
Second Email,第二封邮件,
Secondary Party,二级方,
Secondary Role,次要角色,
Section Based On,基于的部分,
Section Cards,部分卡片,
Section HTML,部分HTML,
Section Order,部分顺序,
Select Billing Address,选择帐单地址,
Select Customers By,选择客户依据,
Select DocType,选择文档类型,
Select Items to Manufacture,选择待生产物料,
Select Job Worker Address,选择外协加工方地址,
Select Shipping Address,选择销售出货地址,
Select Supplier Address,选择供应商地址,
Select company name first.,请先选择公司名称。,
Select the Bank Account to reconcile.,选择要对帐的银行帐户。,
"Select, to make the customer searchable with these fields",选择，使客户可以使用这些字段进行搜索,
Selected Vouchers,已选凭证,
Self delivery,自提,
Selling,销售,
Selling Settings,销售设置,
Send After (days),发送后（天）,
Send Attached Files,发送附件,
Send Document Print,发送单据打印,
Send Email,发送电子邮件,
Send SMS,发送短信,
Send To,发送到,
Send To Primary Contact,发送给主要联系人,
Send regular summary reports via Email.,通过电子邮件发送定期汇总报表。,
Send to Subcontractor,发送给分包商,
Send with Attachment,发送附件,
Sender,发件人,
Sender Name,发件人名称,
Sent,已发送,
Sent On,发送日期,
Sent To,发给,
Sequence ID,序列号,
Sequence Id,序列编号,
Sequential,顺序,
Serial & Batch Item,序列号与批次物料,
Serial & Batch Item Settings,序列号批次物料设置,
Serial / Batch Bundle,序列号/批次组合,
Serial / Batch No,序列号/批次号,
Serial No,序列号,
Serial No / Batch,序列号/批次,
Serial No Ledger,序列号台账,
Serial No Service Contract Expiry,序列号/年度保养合同过期,
Serial No Status,序列号状态,
Serial No Warranty Expiry,序列号/保修到期,
Serial No and Batch,序列号和批次,
Serial No and Batch for Finished Good,产成品序列号与批次,
Serial Nos and Batches,序列号和批号,
Serial Number Series,序列号系列,
Serial and Batch,序列号与批次,
Serial and Batch Bundle,序列号批次组合,
Serial and Batch Details,序列号批次明细,
Serial and Batch Entry,序列号批次条目,
Serial and Batch No,序列号批次号,
Serial and Batch Nos will be auto-reserved based on <b>Pick Serial / Batch Based On</b>,序列号批次号将根据<b>拣配依据</b>自动预留,
Serial and Batch Reservation,序列号批次预留,
Serial and Batch Summary,序列号批次汇总,
Series,系列,
Series for Asset Depreciation Entry (Journal Entry),固定资产折旧凭证命名序列（手工凭证）,
Service Address,服务地址,
Service Cost Per Qty,单位服务成本,
Service Day,服务日,
Service End Date,服务结束日期,
Service Expense Total Amount,服务费用总额,
Service Expenses,服务费用,
Service Item,服务物料,
Service Item Qty,服务物料数量,
Service Item Qty / Finished Good Qty,服务物料数量/产成品数量,
Service Item UOM,服务物料单位,
Service Items,服务物料,
Service Level Agreement,服务水平协议,
Service Level Agreement Creation,服务水平协议创建,
Service Level Agreement Details,服务水平协议详细信息,
Service Level Agreement Status,服务水平协议状态,
Service Level Agreements,服务等级协定,
Service Level Name,服务级别名称,
Service Level Priority,服务水平优先,
Service Provider,服务提供商,
Service Received But Not Billed,服务已收到但未计费,
Service Start Date,服务开始日期,
Service Stop Date,服务停止日期,
Services,服务,
Session Defaults,会话默认值,
Set Accepted Warehouse,设置接受的仓库,
Set Advances and Allocate (FIFO),设置进度和分配（FIFO）,
Set Basic Rate Manually,手动设置基本费率,
Set From Warehouse,设置来源仓库,
Set Item Group-wise budgets on this Territory. You can also include seasonality by setting the Distribution.,为此区域设置物料群组特定的预算。你还可以设置“分布”，为预算启动季节性。,
Set Landed Cost Based on Purchase Invoice Rate,按采购发票汇率设置到岸成本,
Set Operating Cost / Scrap Items From Sub-assemblies,设置来自子件的运营成本/废品物料,
Set Operating Cost Based On BOM Quantity,根据物料清单数量设置运营成本,
Set Posting Date,设定过帐日期,
Set Reserve Warehouse,设置储备仓库,
Set Serial and Batch Bundle Naming Based on Naming Series,根据命名规则设置序列号批次组合名称,
Set Source Warehouse,设置源仓库（出货仓）,
Set Target Warehouse,设置目标仓库（收货仓）,
Set Valuation Rate Based on Source Warehouse,根据来源仓库设置计价汇率,
Set fieldname from which you want to fetch the data from the parent form.,设置从父表单获取数据的字段名称。,
Set rate of sub-assembly item based on BOM,基于BOM设置子组合项目的速率,
Set targets Item Group-wise for this Sales Person.,为该销售人员设置目标物料组别,
Set the status manually.,手动设置状态。,
Sets 'Accepted Warehouse' in each row of the Items table.,在物料表的每一行设置'验收仓库'。,
Sets 'Rejected Warehouse' in each row of the Items table.,在物料表的每一行设置'拒收仓库'。,
Sets 'Reserve Warehouse' in each row of the Supplied Items table.,在供应物料表的每一行设置'预留仓库'。,
Sets 'Source Warehouse' in each row of the items table.,在项目表的每一行中设置“源仓库”。,
Sets 'Target Warehouse' in each row of the items table.,在项目表的每一行中设置“目标仓库”。,
Sets 'Warehouse' in each row of the Items table.,在“项目”表的每一行中设置“仓库”。,
Setting Account Type helps in selecting this Account in transactions.,设置科目类型有助于在交易中选择该科目。,
Setting the account as a Company Account is necessary for Bank Reconciliation,将科目设为公司账户是银行对账的必要条件,
Settings,设置,
Settings for Selling Module,销售模块的设置,
Settled,安定,
Setup,设置,
Share Balance,份额平衡,
Share Ledger,Share Ledger,
Share Transfer,股份转让,
Share Type,分享类型,
Shareholder,股东,
Shelf Life In Days,保质期天数,
Shift,班次,
Shift Factor,班次系数,
Shift Name,班次名称,
Shipment,装运,
Shipment Amount,装运金额,
Shipment Delivery Note,装运交货单,
Shipment ID,装运ID,
Shipment Information,装运信息,
Shipment Parcel,装运包裹,
Shipment Parcel Template,装运包裹模板,
Shipment Type,装运类型,
Shipment details,装运明细,
Shipping Account,销售出货账户,
Shipping Address,销售出货地址,
Shipping Address Details,发货地址明细,
Shipping Address Name,销售出货地址,
Shipping Address Template,发货地址模板,
Shipping Amount,发货金额,
Shipping City,起运市,
Shipping Country,起运国家,
Shipping County,起运县,
Shipping Rule,配送规则,
Shipping Rule Condition,配送规则条件,
Shipping Rule Conditions,配送规则条件,
Shipping Rule Country,航运规则国家,
Shipping Rule Label,配送规则标签,
Shipping Rule Type,运输规则类型,
Shipping State,运输状态,
Shipping Zipcode,运输邮编,
Shopping Cart,购物车,
Short Name,简称,
Short Term Loan Account,短期贷款账户,
Short biography for website and other publications.,在网站或其他出版物使用的个人简介,
Show Balances in Chart Of Accounts,在科目表中显示余额,
Show Barcode Field in Stock Transactions,在库存事务中显示条码字段,
Show Failed Logs,显示失败日志,
Show In Website,在网站上展示,
Show Inclusive Tax in Print,在打印中显示含税,
Show Items,显示物料,
Show Latest Forum Posts,显示最新的论坛帖子,
Show Net Values in Party Account,在往来账户显示净值,
Show Operations,显示操作,
Show Pay Button in Purchase Order Portal,在采购订单门户显示支付按钮,
Show Payment Schedule in Print,在打印中显示付款工时单,
Show Remarks,显示备注,
Show Taxes as Table in Print,打印时以表格形式显示税费,
Show in Website,在网站上显示,
Signatory Position,签署的位置,
Signed,签,
Signed By (Company),签名人（公司）,
Signed On,签名,
Signee,签署人,
Signee (Company),签收人（公司）,
Signee Details,签名信息,
"Simple Python Expression, Example: doc.status == 'Open' and doc.issue_type == 'Bug'",简单Python表达式，示例：doc.status == 'Open' and doc.issue_type == 'Bug',
"Simple Python Expression, Example: territory != 'All Territories'",简单的Python表达式，例如：region！=&#39;All Territories&#39;,
"Simple Python formula applied on Reading fields.<br> Numeric eg. 1: <b>reading_1 &gt; 0.2 and reading_1 &lt; 0.5</b><br>
Numeric eg. 2: <b>mean &gt; 3.5</b> (mean of populated fields)<br>
Value based eg.:  <b>reading_value in (""A"", ""B"", ""C"")</b>","简单的 Python 公式应用于阅读字段。<br> 数字例如 1： <b>reading_1 &gt; 0.2 和 reading_1 &lt; 0.5</b><br>
数字例如 2： <b>平均值 &gt; 3.5</b> (填充字段的平均值)<br>
基于值例如：  <b>reading_value in (""A"", ""B"", ""C"")</b>",
Simultaneous,并行,
Single,单身,
Single Tier Program,单层计划,
Single Transaction Threshold,单一交易阈值,
Skip Available Sub Assembly Items,跳过可用子装配物料,
Skip Delivery Note,跳过交货单,
Skip Material Transfer to WIP Warehouse,跳过物料转移到WIP仓库,
Skipped,已跳过,
Skype ID,Skype帐号,
Slideshow,幻灯片,
Sold,出售,
Source,源,
Source DocType,源文件类型,
Source Document Name,源文档名称,
Source Document Type,源文档类型,
Source Exchange Rate,来源汇率,
Source Fieldname,来源字段名,
Source Location,来源地点,
Source Name,源名称,
Source Type,来源类型,
Source Warehouse,源仓库,
Source Warehouse Address,来源仓库地址,
Source Warehouse Address Link,来源仓库地址链接,
Sourced by Supplier,由供应商采购,
South Africa VAT Account,南非增值税科目,
South Africa VAT Settings,南非增值税设置,
Spacer,间隔符,
Specify Exchange Rate to convert one currency into another,指定外币汇率的汇率,
Specify conditions to calculate shipping amount,指定用来计算运费金额的条件,
Split Early Payment Discount Loss into Income and Tax Loss,将提前付款折扣损失拆分为收入和税费损失,
Split From,拆分自,
Stage,阶段,
Stage Name,艺名,
Stale Days,信用证有效期天数,
Standard Selling Rate,标准售价,
Standard Template,标准模板,
"Standard Terms and Conditions that can be added to Sales and Purchases. Examples: Validity of the offer, Payment Terms, Safety and Usage, etc.",可添加到销售和采购中的标准条款和条件。示例：报价有效期、付款条款、安全和使用等。,
"Standard tax template that can be applied to all Purchase Transactions. This template can contain a list of tax heads and also other expense heads like ""Shipping"", ""Insurance"", ""Handling"", etc.",可适用于所有购买交易的标准税模板。 此模板可以包含税头列表和其他支出项，如“发货”、“保险”、“处理”等等。,
"Standard tax template that can be applied to all Sales Transactions. This template can contain a list of tax heads and also other expense/income heads like ""Shipping"", ""Insurance"", ""Handling"" etc.",可应用于所有销售交易的标准税模板。 此模板可以包含税金列表和其他开支/收入项，如“发货”、“保险”、“处理”等。,
Standing Name,常务名称,
Start Date,开始日期,
Start Time,开始时间,
Start and End Dates,开始和结束日期,
Start date of current invoice's period,当前费用清单周期的起始日期,
Started Time,开始时间,
Starting location from left edge,从左边起始位置,
Starting position from top edge,起价顶边位置,
State/Province,州/省,
Status,状态,
Status Details,状态详情,
Status Illustration,状态图示,
Statutory info and other general information about your Supplier,你的供应商的注册信息和其他一般信息,
Stock,库存,
Stock Adjustment,库存调整,
Stock Adjustment Account,库存调整科目,
Stock Ageing,库存账龄,
Stock Analytics,库存分析,
Stock Balance,库存余额,
Stock Closing,库存结转,
Stock Consumed During Repair,维修消耗库存,
Stock Consumption Details,库存消耗明细,
Stock Details,库存详细信息,
Stock Entry,手工库存移动,
Stock Entry (Outward GIT),库存进入（外向GIT）,
Stock Entry Child,库存入境儿童,
Stock Entry Detail,手工库存移动信息,
Stock Entry Type,库存进入类型,
Stock Frozen Upto,库存冻结止,
Stock Items,库存产品,
Stock Ledger,库存总帐,
Stock Ledger Entry,库存分类帐分录,
Stock Ledger Invariant Check,库存分类账不变性检查,
Stock Ledger Variance,库存分类账差异,
Stock Manager,库存管理,
Stock Planning,库存计划,
Stock Projected Qty,预期可用库存,
Stock Qty,库存数量,
Stock Qty vs Serial No Count,库存数量vs序列号不计,
Stock Received But Not Billed,已收货未开票/在途物资:/GR/IR,
Stock Reconciliation,库存盘点,
Stock Reconciliation Item,库存盘点物料,
Stock Reposting Settings,库存重新过账设置,
Stock Reservation,库存预留,
Stock Reservation Entry,库存预留分录,
Stock Reserved Qty (in Stock UOM),已预留数量（库存单位）,
Stock Settings,库存设置,
Stock Summary,库存摘要,
Stock Transactions Settings,库存交易设置,
Stock UOM,库存计量单位,
Stock UOM Quantity,库存单位数量,
Stock Uom,库存计量单位,
Stock User,库存用户,
Stock Validations,库存验证,
Stock Value,库存值,
Stock and Account Value Comparison,库存和账户价值比较,
Stock and Manufacturing,库存与生产,
Stock transactions that are older than the mentioned days cannot be modified.,超过指定天数的库存交易不可修改,
Stock will be reserved on submission of <b>Purchase Receipt</b> created against Material Request for Sales Order.,针对销售订单的物料申请创建<b>采购收据</b>并提交时，将预留库存,
Stop,停止,
Stop Reason,停止原因,
Stopped,已停止,
Straight Line,直线,
Sub Assemblies & Raw Materials,子装配件与原材料,
Sub Assembly Item Code,子装配件物料编码,
Sub Assembly Items,子装配件物料,
Sub Assembly Warehouse,子装配件仓库,
Sub Operation,子工序,
Sub Operations,子工序,
Sub Procedure,子程序,
Subcontract,外包,
Subcontract BOM,外协物料清单,
Subcontract Order Summary,外协订单汇总,
Subcontracted Item,外包物料,
Subcontracted Item To Be Received,要转包的分包物品,
Subcontracted Quantity,外协数量,
Subcontracted Raw Materials To Be Transferred,分包原材料将被转让,
Subcontracting BOM,外协物料清单,
Subcontracting Conversion Factor,外协转换系数,
Subcontracting Order,外协订单,
Subcontracting Order (Draft) will be auto-created on submission of Purchase Order.,提交采购订单时将自动创建外协订单（草稿）,
Subcontracting Order Item,外协订单项,
Subcontracting Order Service Item,外协订单服务项,
Subcontracting Order Supplied Item,外协订单供应项,
Subcontracting Purchase Order,外协采购订单,
Subcontracting Receipt,外协收据,
Subcontracting Receipt Item,外协收据项,
Subcontracting Receipt Supplied Item,外协收据供应项,
Subcontracting Settings,外协设置,
Subdivision,细分,
Subject,主题,
Submit After Import,导入后提交,
Submit ERR Journals?,提交错误日记账？,
Submit Generated Invoices,提交生成的发票,
Submit Journal Entries,提交日记帐分录,
Submitted,已提交,
Subscription,循环分录系列/循环凭证,
Subscription End Date,订阅结束日期,
Subscription Invoice,订阅费用清单,
Subscription Period,订阅期,
Subscription Plan,订阅计划,
Subscription Plan Detail,订阅计划信息,
Subscription Plans,订阅计划,
Subscription Price Based On,订阅价格基于,
Subscription Section,重复,
Subscription Settings,订阅设置,
Subscription Start Date,订阅开始日期,
Subtitle,字幕,
Succeeded,成功,
Success,成功,
Success Redirect URL,成功重定向网址,
Success Settings,成功设定,
Successful,成功,
Suggestions,建议,
Sum of Repair Cost and Value of Consumed Stock Items.,维修成本与消耗库存价值之和,
Summary,概要,
Sunday,星期天,
Supplied Items,供应的物料,
Supplied Qty,供应的数量,
Supplier,供应商,
Supplier Address,供应商地址,
Supplier Address Details,供应商地址明细,
Supplier Contact,供应商联系人,
Supplier Delivery Note,供应商送货单,
Supplier Details,供应商信息,
Supplier Group,供应商群组,
Supplier Group Item,供应商组项,
Supplier Group Name,供应商群组名称,
Supplier Info,供应商信息,
Supplier Invoice,供应商发票,
Supplier Invoice Date,供应商费用清单日期,
Supplier Invoice No,供应商费用清单编号,
Supplier Item,供应商物料,
Supplier Items,供应商物料,
Supplier Lead Time (days),供应商交货时间（天）,
Supplier Ledger Summary,供应商分类帐摘要,
Supplier Name,供应商名称,
Supplier Naming By,供应商命名方式,
Supplier Part No,供应商部件号,
Supplier Part Number,供应商零件编号,
Supplier Portal Users,供应商门户用户,
Supplier Primary Address,供应商主要地址,
Supplier Primary Contact,供应商主要联系人,
Supplier Quotation,供应商报价,
Supplier Quotation Comparison,供应商报价比较,
Supplier Quotation Item,供应商报价物料,
Supplier Score,供应商分数,
Supplier Scorecard,供应商记分卡,
Supplier Scorecard Criteria,供应商记分卡标准,
Supplier Scorecard Period,供应商记分卡期,
Supplier Scorecard Scoring Criteria,供应商记分卡评分标准,
Supplier Scorecard Scoring Standing,供应商记分卡,
Supplier Scorecard Scoring Variable,供应商记分卡评分变量,
Supplier Scorecard Setup,供应商记分卡设置,
Supplier Scorecard Standing,供应商记分卡当前评分,
Supplier Scorecard Variable,供应商记分卡变数,
Supplier Type,供应商类型,
Supplier Warehouse,供应商仓库,
Supplier delivers to Customer,供应商直接出货给客户,
Supplier of Goods or Services.,提供商品或服务的供应商。,
Supplier-Wise Sales Analytics,供应商直出客户的贸易业务销售分析,
Suppliers,供应商,
Supply Raw Materials for Purchase,采购时提供原材料给供应商,
Support,支持,
Support Hour Distribution,支持小时分配,
Support Portal,支持门户,
Support Search Source,支持搜索源,
Support Settings,支持设置,
Support Team,支持团队,
Suspended,暂停,
Synchronize all accounts every hour,每小时同步所有帐户,
System Manager,系统管理员,
"System User (login) ID. If set, it will become default for all HR forms.",系统用户的（登录）ID，将作为人力资源表单的默认ID。,
System will automatically create the serial numbers / batch for the Finished Good on submission of work order,提交工单时系统将自动创建成品的序列号/批次,
System will fetch all the entries if limit value is zero.,如果限制值为零，系统将获取所有条目。,
System will notify to increase or decrease quantity or amount ,系统将通知增加或减少数量或金额,
TDS Computation Summary,TDS计算摘要,
TS-.YYYY.-,TS-.YYYY.-,
Table for Item that will be shown in Web Site,将在网站显示的物料表,
Tag Line,标语,
Target,目标,
Target  Amount,目标金额,
Target Asset,目标资产,
Target Asset Location,目标资产位置,
Target Batch No,目标批号,
Target Detail,目标详细信息,
Target Distribution,目标分布,
Target Exchange Rate,目标汇率,
Target Fieldname (Stock Ledger Entry),目标字段名（库存分类账分录）,
Target Fixed Asset Account,目标固定资产科目,
Target Has Batch No,目标有批号,
Target Has Serial No,目标有序列号,
Target Incoming Rate,目标入库汇率,
Target Is Fixed Asset,目标为固定资产,
Target Item Code,目标物料编码,
Target Item Name,目标物料名称,
Target Location,目标位置,
Target Qty,目标数量,
Target Serial No,目标序列号,
Target Warehouse,目标仓库,
Target Warehouse Address,目标仓库地址,
Target Warehouse Address Link,目标仓库地址链接,
Targets,目标,
Tariff Number,税则号,
Task,任务,
Task Assignee Email,任务分配人邮箱,
Task Completion,任务完成,
Task Depends On,前置任务,
Task Description,任务描述,
Task Name,任务名称,
Task Progress,任务进度,
Task Type,任务类型,
Task Weight,任务权重,
Tasks,任务,
Tax,税项,
Tax Account,税收科目,
Tax Amount After Discount Amount,税额折后金额,
Tax Amount After Discount Amount (Company Currency),扣除折扣后税额（公司货币）,
Tax Amount will be rounded on a row(items) level,税额将在行项目层级进行四舍五入,
Tax Breakup,税收分解,
Tax Category,税种,
Tax ID,纳税登记号,
Tax Id,税号,
Tax Rate,税率,
Tax Rates,税率,
Tax Rule,税务规则,
Tax Settings,税务设置,
Tax Type,税收类型,
Tax Withheld Vouchers,代扣税款凭证,
Tax Withholding Account,代扣税款科目,
Tax Withholding Category,预扣税类别,
Tax Withholding Details,代扣代缴明细,
Tax Withholding Net Total,代扣代缴净额,
Tax Withholding Rate,税收预扣税率,
Tax Withholding Rates,预扣税率,
"Tax detail table fetched from item master as a string and stored in this field.
Used for Taxes and Charges","税务细节表已作为字符串从项目主中获取并存储在此字段。
用于税收和费用",
Tax will be withheld only for amount exceeding the cumulative threshold,仅对超过累计起征点的金额进行税款代扣,
Taxable Amount,应税金额,
Taxes,税,
Taxes and Charges,税/费,
Taxes and Charges Added,已添加的税费,
Taxes and Charges Added (Company Currency),税/费已添加（公司货币）,
Taxes and Charges Calculation,税费计算,
Taxes and Charges Deducted,已扣除税费,
Taxes and Charges Deducted (Company Currency),已扣除税费（公司货币）,
Team,团队,
Team Member,团队成员,
Telephony Call Type,通话类型,
Template,模板,
Template Name,模板名称,
Template Options,模板选项,
Template Task,模板任务,
Template Title,模板标题,
Template Warnings,模板警告,
Temporary,临时,
Temporary Opening Account,临时开账科目,
Term Details,条款信息,
Terms,条款,
Terms & Conditions,条款与条件,
Terms Template,条款模板,
Terms and Conditions,条款和条件,
Terms and Conditions Content,条款和条件内容,
Terms and Conditions Details,条款和条件信息,
Terms and Conditions Help,条款和条件帮助,
Territory,区域,
Territory Item,区域物料,
Territory Manager,区域经理,
Territory Name,区域名称,
Territory Target Variance Based On Item Group,基于项目组的地域目标差异,
Territory Targets,区域目标,
Territory-wise Sales,区域销售,
The BOM which will be replaced,此物料清单将被替换,
"The account head under Liability or Equity, in which Profit/Loss will be booked",负债或权益下的科目，其中利润/亏损将被黄牌警告,
The gross weight of the package. Usually net weight + packaging material weight. (for print),包装的毛重。通常是净重+包装材料的重量。 （用于打印）,
The net weight of this package. (calculated automatically as sum of net weight of items),此包装的净重。（根据内容物料的净重自动计算）,
The new BOM after replacement,更换后的新物料清单,
"The percentage you are allowed to bill more against the amount ordered. For example, if the order value is $100 for an item and tolerance is set as 10%, then you are allowed to bill up to $110 ",您可以针对所订购的金额开具更多费用的百分比。例如，如果某商品的订单价值为$ 100且容差设置为10％，则您最多可收取$ 110的费用,
The percentage you are allowed to pick more items in the pick list than the ordered quantity.,允许拣货数量超出订单数量的百分比,
"The percentage you are allowed to receive or deliver more against the quantity ordered. For example, if you have ordered 100 units, and your Allowance is 10%, then you are allowed to receive 110 units.",相对于订购数量，您可以接收或交付更多的百分比。例如，如果您订购了100个单位，而您的津贴为10％，那么您将获得110个单位。,
"The percentage you are allowed to transfer more against the quantity ordered. For example, if you have ordered 100 units, and your Allowance is 10%, then you are allowed transfer 110 units.",允许转移数量超出订单数量的百分比。例如：订单100件，容差10%，最多可转移110件,
"The users with this Role are allowed to create/modify a stock transaction, even though the transaction is frozen.",具有此角色的用户可在交易冻结时创建/修改库存交易,
This Account has '0' balance in either Base Currency or Account Currency,该科目在本位币或科目币种下余额为0,
This filter will be applied to Journal Entry.,此筛选器将应用于日记账分录,
This is a location where final product stored.,这是存放最终产品的位置。,
This is a location where operations are executed.,这是执行操作的位置。,
This is a location where raw materials are available.,这是可获取原材料的地方。,
This is a location where scraped materials are stored.,这是存放刮擦材料的位置。,
"This section allows the user to set the Body and Closing text of the Dunning Letter for the Dunning Type based on language, which can be used in Print.",该部分允许用户根据语言设置催款类型的催款信的正文和关闭文本，可以在打印中使用。,
This tool helps you to update or fix the quantity and valuation of stock in the system. It is typically used to synchronise the system values and what actually exists in your warehouses.,此工具可帮助您更新或修复系统中的库存数量和价值。它通常被用于同步系统值和实际存在于您的仓库的库存。,
This value shall be used when no matching Common Code for a record is found.,无匹配通用代码时使用此值,
"This will be appended to the Item Code of the variant. For example, if your abbreviation is ""SM"", and the item code is ""T-SHIRT"", the item code of the variant will be ""T-SHIRT-SM""",这将追加到物料代码变量。例如，如果你的英文缩写为“SM”，而该物料代码是“T-SHIRT”，该变式的物料代码将是“T-SHIRT-SM”,
This will restrict user access to other employee records,这将限制用户访问其他员工记录,
Threshold for Suggestion,建议的门槛,
Threshold for Suggestion (In Percentage),建议阈值（百分比）,
Thumbnail,缩略图,
Thursday,星期四,
Tier Name,等级名称,
Time,时间,
Time (In Mins),时间（分钟）,
Time Between Operations (Mins),间隔时间（分钟）,
Time In Mins,分钟时间,
Time Logs,时间日志,
Time Sheet,时间表,
Time Sheet List,时间表列表,
Time Sheets,时间表,
Time at which materials were received,收到物料的时间,
Time in mins,分钟内的时间,
Time in mins.,分钟内的时间。,
Timeline,时间线,
Timesheet,时间表,
Timesheet Detail,时间表详细信息,
Timesheets,时间表,
Timeslots,时隙,
Title,标题,
To,至,
To Bill,待开费用清单,
To Currency,以货币,
To Date,至今,
To Deliver,待出货,
To Deliver and Bill,待出货与开票,
To Delivery Date,至交货日期,
To Doctype,到文档类型,
To Employee,给员工,
To Folio No,对开本No,
To Invoice Date,费用清单日期,
To No,至No,
To Package No.,以包号,
To Payment Date,至付款日期,
To Produce,以生产,
To Range,为了范围,
To Receive,等收货,
To Receive and Bill,待收货与开票,
To Reference Date,到参考日期,
To Rename,要重命名,
To Shareholder,给股东,
To Time,要时间,
To Track inbound purchase,跟踪入站购买,
To Value,To值,
To Warehouse (Optional),至仓库（可选）,
To apply condition on parent field use parent.field_name and to apply condition on child table use doc.field_name. Here field_name could be based on the actual column name of the respective field.,要对父级字段设置条件，可以使用 parent.field_name，要对子表字段设置条件，可以使用 doc.field_name。 这里的 field_name 应该根据实际字段名称来填写。,
To be Delivered to Customer,交付给客户,
"To include sub-assembly costs and scrap items in Finished Goods on a work order without using a job card, when the 'Use Multi-Level BOM' option is enabled.",启用'多层级BOM'选项时，允许工单直接归集子装配件成本和废品到产成品，无需作业卡。,
Toggle Full Width,切换全宽模式,
Toggle Theme,切换主题,
Tools,工具,
Total,总,
Total (Company Currency),总金额（公司货币）,
Total Additional Costs,总额外费用,
Total Advance,总预收额,
Total Allocated Amount,总已分配金额,
Total Allocated Amount (Company Currency),总拨款额（公司币种）,
Total Allocations,分配总额,
Total Amount,总金额,
Total Amount Currency,总金额币种,
Total Amount in Words,大写的总金额,
Total Asset Cost,总资产成本,
Total Billable Amount,总可结算金额,
Total Billable Amount (via Timesheet),总可计费用金额（通过工时单）,
Total Billable Hours,总可计费时间,
Total Billed Amount,总可开单金额,
Total Billed Amount (via Sales Invoice),总账单金额（通过销售费用清单）,
Total Billed Hours,帐单总时间,
Total Billing Amount,总结算金额,
Total Billing Hours,总计费小时数,
Total Characters,总字符,
Total Commission,总佣金,
Total Completed Qty,完成总数量,
Total Consumed Material Cost (via Stock Entry),总物料消耗成本（通过手工库存移动）,
Total Cost,总成本,
Total Cost (Company Currency),总成本（公司货币）,
Total Costing Amount,总成本计算金额,
Total Costing Amount (via Timesheet),总成本金额（通过工时单）,
Total Credit,总贷方金额,
Total Debit,总借方金额,
Total Estimated Distance,总估计距离,
Total Experience,总经验,
Total Gain/Loss,总收益/损失,
Total Hold Time,总保持时间,
Total Holidays,总假期,
Total Incoming Value (Receipt),入库总值（收据）,
Total Interest,总利息,
Total Message(s),总信息（s ）,
Total Monthly Sales,每月销售总额,
Total Net Weight,总净重,
Total Number of Booked Depreciations ,已计提折旧总数,
Total Number of Depreciations,折旧总数,
Total Operating Cost,总营运成本,
Total Operation Time,总作业时间,
Total Outgoing Value (Consumption),出库总值（消耗）,
Total Outstanding,总未付,
Total Planned Qty,总计划数量,
Total Produced Qty,总生产数量,
Total Projected Qty,预计总数量,
Total Purchase Cost (via Purchase Invoice),总采购成本（通过采购费用清单）,
Total Qty,总数量,
Total Quantity,总数量,
Total Repair Cost,维修总成本,
Total Reposting Count,重新过账总次数,
Total Sales Amount (via Sales Order),总销售额（通过销售订单）,
Total Stock Summary,总库存总结,
Total Supplied Qty,已供应总量,
Total Taxes and Charges,总税/费,
Total Taxes and Charges (Company Currency),总税/费（公司货币）,
Total Time in Mins,分钟总时间,
Total Value,总价值,
Total Value Difference (Incoming - Outgoing),价值差额合计（入库-出库）,
Total Weight,总重量,
Total Weight (kg),总重量（千克）,
Total Working Hours,总的工作时间,
Totals,总计,
Track Service Level Agreement,跟踪服务水平协议,
Track separate Income and Expense for product verticals or divisions.,跟踪独立收入和支出进行产品垂直或部门。,
Tracking Status,跟踪状态,
Tracking Status Info,跟踪状态信息,
Tracking URL,跟踪链接,
Transaction,交易,
Transaction Currency,交易货币,
Transaction Date,交易日期,
Transaction Deletion Record,交易删除记录,
Transaction Deletion Record Details,交易删除记录明细,
Transaction Deletion Record Item,交易删除记录项,
Transaction Details,交易明细,
Transaction Exchange Rate,交易汇率,
Transaction ID,交易ID,
Transaction Settings,交易设置,
Transaction Type,交易类型,
Transactions Annual History,交易年历,
Transfer,转移,
Transfer Material Against,转移材料,
Transfer Status,转移状态,
Transfer Type,转移类型,
Transferred,已转移,
Transferred Qty,已发料数量,
Transit,在途,
Transport Receipt Date,运输收货日期,
Transport Receipt No,运输收据编号,
Transporter,承运商,
Transporter Details,运输信息,
Transporter Info,承运商信息,
Transporter Name,承运商名称,
Tree Details,树详细信息,
Trial Balance,试算平衡表,
Trial Balance (Simple),试算结余（简单）,
Trial Balance for Party,往来单位试算平衡表,
Trial Period End Date,试用期结束日期,
Trial Period Start Date,试用期开始日期,
Trialling,试用,
Truncates 'Remarks' column to set character length,截断'备注'列以设置字符长度,
Tuesday,星期二,
Twice Daily,每天两次,
Two-way,双向,
Type,类型,
Type Of Call,通话类型,
Type of Payment,付款类型,
Type of Transaction,交易类型,
Type of document to rename.,需重命名的文件类型。,
UAE VAT 201,阿联酋增值税201,
UAE VAT Account,阿联酋增值税科目,
UAE VAT Accounts,阿联酋增值税科目,
UAE VAT Settings,阿联酋增值税设置,
UOM,计量单位,
UOM Category,UOM类别,
UOM Conversion Detail,计量单位换算信息,
UOM Conversion Factor,计量单位换算系数,
UOM Name,计量单位名称,
UOMs,计量单位,
UPC,通用产品代码,
UPC-A,UPC-A,
URL,网址,
Unallocated Amount,未分配金额,
Under AMC,在年度保养合同中,
Under Graduate,本科,
Under Warranty,在保修期内,
Unfulfilled,未完成的,
Units of Measure,计量单位,
Unlink Advance Payment on Cancellation of Order,取消订单时取消预付款链接,
Unlink Payment on Cancellation of Invoice,取消费用清单时去掉关联的付款,
Unlinked,已解除关联,
Unpaid,未付,
Unpaid and Discounted,无偿和折扣,
Unplanned machine maintenance,计划外的机器维护,
Unqualified,不合格,
Unrealized Exchange Gain/Loss Account,未实现汇兑损益科目,
Unrealized Profit / Loss Account,未实现损益科目,
Unrealized Profit / Loss account for intra-company transfers,公司内部调拨未实现损益科目,
Unrealized Profit/Loss account for intra-company transfers,公司内部调拨未实现损益科目,
Unreconcile Payment,取消付款对账,
Unreconcile Payment Entries,取消付款分录对账,
Unreconciled,未调节,
Unreconciled Amount,未对账金额,
Unreconciled Entries,未对账分录,
Unresolved,未解决,
Unscheduled,计划外,
Unsigned,无符号,
Unsubscribed,已退订,
Unverified,未验证,
Upcoming Calendar Events,即将进行的日历活动,
Update Auto Repeat Reference,更新自动重复参考,
Update BOM Cost Automatically,自动更新BOM成本,
"Update BOM cost automatically via scheduler, based on the latest Valuation Rate/Price List Rate/Last Purchase Rate of raw materials",根据最新的评估价/清单价格/原材料的最新购买价，通过计划程序自动更新BOM成本,
Update Billed Amount in Delivery Note,更新送货单中的已计费金额,
Update Billed Amount in Purchase Order,更新采购订单中的已计费金额,
Update Billed Amount in Purchase Receipt,更新采购收据中的已计费金额,
Update Billed Amount in Sales Order,更新销售订单中的结算金额,
Update Consumed Material Cost In Project,更新项目中的消耗材料成本,
Update Cost,更新成本,
Update Existing Price List Rate,更新现有价目表价格,
Update Existing Records,更新现有记录,
Update Outstanding for Self,更新自身未清金额,
Update Rate and Availability,更新存货评估价和可用数量,
Update Stock,更新库存,
Update Type,更新类型,
Update frequency of Project,更新项目频率,
Update latest price in all BOMs,更新所有BOM的最新价格,
Update the modified timestamp on new communications received in Lead & Opportunity.,更新线索与商机中收到新沟通的修改时间戳,
Update timestamp on new communication,新沟通时更新时间戳,
Updated via 'Time Log' (In Minutes),通过'工时记录'更新（分钟）,
Upload XML Invoices,上载XML发票,
Urgent,加急,
Use Batch-wise Valuation,使用批次计价,
Use Company Default Round Off Cost Center,使用公司默认的舍入成本中心,
Use Company default Cost Center for Round off,使用公司默认的成本中心进行舍入,
Use Google Maps Direction API to calculate estimated arrival times,使用Google Maps Direction API计算预计到达时间,
Use Google Maps Direction API to optimize route,使用Google Maps Direction API优化路线,
Use HTTP Protocol,使用HTTP协议,
Use Item based reposting,使用基于物料的重新过账,
Use Multi-Level BOM,采用多级物料清单,
Use Serial / Batch Fields,使用序列号/批次字段,
Use Serial No / Batch Fields,使用序列号/批次字段,
Use Transaction Date Exchange Rate,使用交易日汇率,
Use for Shopping Cart,使用的购物车,
Use this field to render any custom HTML in the section.,使用此字段在该部分中呈现任何自定义HTML。,
Used,用过的,
Used for Production Plan,用于生产计划,
User,用户,
User Details,使用者详细资料,
User ID,用户ID,
User Remark,用户备注,
User Resolution Time,用户解析时间,
Users,用户,
Users can enable the checkbox If they want to adjust the incoming rate (set using purchase receipt) based on the purchase invoice rate.,用户可勾选此复选框以根据采购发票价格调整入库价格（通过采购收据设置）,
Users with this role are allowed to over bill above the allowance percentage,此角色用户允许超规定比例开票,
Users with this role are allowed to over deliver/receive against orders above the allowance percentage,此角色用户允许超规定比例交付/接收订单,
Users with this role are allowed to set frozen accounts and create / modify accounting entries against frozen accounts,拥有此角色的用户可以设置冻结科目，创建/修改冻结科目的会计凭证,
Utilities,公用事业,
VAT Accounts,增值税科目,
VAT Audit Report,增值税审计报告,
Valid From,有效期自,
Valid Till,有效期至,
Valid Upto,有效期至,
Valid for Countries,有效的国家,
Validate Applied Rule,验证应用规则,
Validate Components and Quantities Per BOM,验证BOM组件及数量,
Validate Negative Stock,验证负库存,
Validate Pricing Rule,验证定价规则,
Validate Selling Price for Item Against Purchase Rate or Valuation Rate,根据购买率或评估率验证项目的售价,
Validate Stock on Save,保存时验证库存,
Validity,有效性,
Validity Details,有效性详细信息,
Validity and Usage,有效性和用法,
Validity in Days,有效天数,
Valuation,库存评估价,
Valuation Method,估值方法,
Valuation Rate,库存评估价,
Valuation and Total,库存评估价与总计,
Valuation rate for the item as per Sales Invoice (Only for Internal Transfers),按销售发票的物料计价单价（仅限内部调拨）,
Value,值,
Value After Depreciation,折旧后值,
Value Based Inspection,基于价值的检验,
Value Details,价值明细,
Value of Goods,货物价值,
Variable Name,变量名,
Variables,变量,
Variant Attributes,变量属性,
Variant Based On,变量基于,
Variant Field,变量字段,
Variant Of,的变体,
Variants,变量,
Vehicle,车辆,
Vehicle Date,车辆日期,
Vehicle No,车辆编号,
Vehicle Number,车号,
Vehicle Value,汽车价值,
Verified By,认证,
Version,版本,
Via Customer Portal,通过客户门户,
Via Landed Cost Voucher,通过到岸成本凭证,
Video,视频,
Video Settings,影片设定,
View Website,查看网站,
View attachments,查看附件,
Views,观看次数,
Vimeo,Vimeo的,
Visited,已访问,
Voice,语音,
Voice Call Settings,语音通话设置,
Voucher Detail No,凭证信息编号,
Voucher Name,凭证名称,
Voucher No,凭证编号,
Voucher Qty,凭证数量,
Voucher Subtype,凭证子类型,
Voucher Type,凭证类型,
Voucher-wise Balance,按凭证余额,
Vouchers,优惠券,
WIP Composite Asset,在制组合资产,
WIP Warehouse,在制品仓库,
Wages,工资,
Wages per hour,时薪,
Warehouse,仓库,
Warehouse Contact Info,仓库联系方式,
Warehouse Detail,仓库详细信息,
Warehouse Details,仓库详细信息,
Warehouse Name,仓库名称,
Warehouse Settings,仓库设置,
Warehouse Type,仓库类型,
Warehouse Wise Stock Balance,分仓库库存余额,
Warehouse and Reference,仓库及参考,
Warehouse wise Item Balance Age and Value,仓库级物料库龄和金额报表,
Warehouses,仓库,
Warn,警告,
Warn POs,警告PO,
Warn Purchase Orders,警告采购订单,
Warn RFQs,警告RFQs,
Warn for new Purchase Orders,警告新的采购订单,
Warn for new Request for Quotations,警告新的报价请求,
Warranty / AMC Details,保修/ 年度保养合同信息,
Warranty / AMC Status,保修/ 年度保养合同状态,
Warranty Claim,保修申请,
Warranty Expiry Date,保修到期日,
Warranty Period (Days),保修期限（天数）,
Warranty Period (in days),保修期限（天数）,
Website,网站,
Website Attribute,网站属性,
Website Description,显示在网站商的详细说明，可文字，图文，多媒体混排,
Website Filter Field,网站过滤字段,
Website Image,网站图片,
Website Item Group,网站物料组,
Website Manager,网站管理员,
Website Specifications,网站规格,
Wednesday,星期三,
Week,周,
Weekday,平日,
Weekly,每周,
Weekly Off,周末,
Weekly Time to send,每周发送时间,
Weight,重量,
Weight (kg),重量(公斤),
Weight Per Unit,每单位重量,
Weight UOM,重量计量单位,
Weighting Function,加权函数,
Welcome email sent,欢迎电子邮件已发送,
WhatsApp,WhatsApp的,
Wheels,车轮,
"When a parent warehouse is chosen, the system conducts stock checks against the associated child warehouses",选择父仓库时，系统会检查关联子仓库的库存,
"While making Purchase Invoice from Purchase Order, use Exchange Rate on Invoice's transaction date rather than inheriting it from Purchase Order. Only applies for Purchase Invoice.",根据采购订单生成采购发票时，使用发票交易日的汇率而非继承采购订单汇率（仅适用于采购发票）,
Widowed,丧偶,
Width (cm),宽度(厘米),
Width of amount in word,文字表示的金额输出宽度,
Will also apply for variants,会同时应用于变体,
Will also apply for variants unless overrridden,除非手动指定，否则会同时应用于变体,
With Operations,带工艺,
Withdrawal,提款,
Work Done,已完成工作,
Work In Progress,在制品,
Work Order,工单,
Work Order Consumed Materials,生产工单耗用物料,
Work Order Item,工单项,
Work Order Operation,工单操作,
Work Order Qty,工单数量,
Work Order Stock Report,工单库存报表,
Work Order Summary,工作单摘要,
Work Orders in Progress,工单正在进行中,
Work in Progress,在制品,
Work-in-Progress Warehouse,在制品仓库,
Workday,劳动日,
Working,工作,
Working Hours,工作时间,
Workstation,工作站,
Workstation / Machine,工作站/机器,
Workstation Dashboard,工作站看板,
Workstation Name,工作站名称,
Workstation Status,工作站状态,
Workstation Type,工作站类型,
Workstation Working Hour,工作站工作时间,
Workstations,工作站列表,
Write Off,内部销账,
Write Off Account,销帐科目,
Write Off Amount,冲销金额,
Write Off Amount (Company Currency),销帐金额（公司货币）,
Write Off Based On,销帐基于,
Write Off Cost Center,销帐成本中心,
Write Off Difference Amount,销帐差异金额,
Write Off Entry,销帐分录,
Write Off Limit,冲销限额,
Write Off Outstanding Amount,注销未付金额,
Writeoff,注销,
Written Down Value,账面净值,
Year,年,
Year End Date,年度结束日期,
Year Name,年度名称,
Year Start Date,年度起始日期,
Year of Passing,年份,
Yearly,每年,
Yellow,黄色,
Yes,是,
YouTube,YouTube的,
YouTube Interactions,YouTube互动,
Youtube ID,YouTube ID,
Youtube Statistics,YouTube统计,
Zero Balance,零余额,
Zip File,压缩文件,
description,描述,
development,发展,
"e.g. ""Summer Holiday 2019 Offer 20""",例如“ 2019年暑假特惠20”,
example: Next Day Shipping,例如：次日发货,
exchangerate.host,汇率服务商,
frankfurter.app,法兰克福应用,
image,图片,
lft,Lft,
material_request_item,材料_需求_物料,
old_parent,旧的_父系,
per hour,每小时,
product bundle item row's name in sales order. Also indicates that picked item is to be used for a product bundle,销售订单中产品套件行的名称，表示拣选的物料将用于产品套件,
production,生产,
quotation_item,报价单条目,
rgt,RGT,
sandbox,沙盒,
temporary name,临时名称,
title,标题,
unique e.g. SAVE20  To be used to get discount,独特的，例如SAVE20用于获得折扣,
